candidate_id,mhz,k,badness,quality_score,uncertainty,heatmap_mc_mse,p99_var,peak_loc_spread_px,pred_p99_mean,selected_reason
553,120.0,3,194.58262554632222,-194.58262554632222,194.58262554632222,194.58262554632222,470.0970807938129,32.6262505081755,22.69159245491028,worst_uncertainty_stratified_mhz
846,150.0,3,135.69318896307834,-135.69318896307834,135.69318896307834,135.69318896307834,535.0117018154459,37.038268498045824,19.300819277763367,worst_uncertainty_stratified_mhz
1484,150.0,3,134.97077705631423,-134.97077705631423,134.97077705631423,134.97077705631423,393.67736851320205,38.29744697031963,22.730384866396587,worst_uncertainty_stratified_mhz
1563,150.0,3,118.90832573617912,-118.90832573617912,118.90832573617912,118.90832573617912,540.3609948871956,41.00541969599195,22.162641286849976,worst_uncertainty_stratified_mhz
821,150.0,3,118.27403406232888,-118.27403406232888,118.27403406232888,118.27403406232888,449.0534446330027,42.53789160527614,16.82886787255605,worst_uncertainty_stratified_mhz
1476,150.0,3,110.24819602230828,-110.24819602230828,110.24819602230828,110.24819602230828,385.50549683621307,37.58434957975638,21.693660577138264,worst_uncertainty_stratified_mhz
1258,155.0,3,116.72388237980061,-116.72388237980061,116.72388237980061,116.72388237980061,313.5152257199442,42.68879634439619,18.239799340565998,worst_uncertainty_stratified_mhz
1498,155.0,3,113.10943026162255,-113.10943026162255,113.10943026162255,113.10943026162255,292.4166759663423,37.44477414955405,18.20856587092082,worst_uncertainty_stratified_mhz
1046,155.0,3,112.75130461066152,-112.75130461066152,112.75130461066152,112.75130461066152,498.13512275684957,31.337322441104916,18.566983620325725,worst_uncertainty_stratified_mhz
1067,155.0,3,100.14391770834287,-100.14391770834287,100.14391770834287,100.14391770834287,263.3756077596255,29.465610840812758,18.181521733601887,worst_uncertainty_stratified_mhz
157,155.0,3,98.38577851366539,-98.38577851366539,98.38577851366539,98.38577851366539,287.9527793431952,37.221932005502104,21.62999912103017,worst_uncertainty_stratified_mhz
1036,155.0,3,94.77288225499984,-94.77288225499984,94.77288225499984,94.77288225499984,188.31773025477347,37.399123578560555,20.679841597874958,worst_uncertainty_stratified_mhz
899,155.0,3,92.95719590091724,-92.95719590091724,92.95719590091724,92.95719590091724,321.6988529371443,38.89051583898345,18.724619070688885,worst_uncertainty_stratified_mhz
1034,155.0,3,92.91961831861109,-92.91961831861109,92.91961831861109,92.91961831861109,258.4067942129106,38.80327878471669,21.808301250139873,worst_uncertainty_stratified_mhz
1442,170.0,3,128.51784640345184,-128.51784640345184,128.51784640345184,128.51784640345184,606.5896297766263,32.78803982484399,21.57921576499939,worst_uncertainty_stratified_mhz
1423,170.0,3,106.12944552175334,-106.12944552175334,106.12944552175334,106.12944552175334,363.1869387005101,40.854756285053405,23.79691489537557,worst_uncertainty_stratified_mhz
984,170.0,3,104.13035298057048,-104.13035298057048,104.13035298057048,104.13035298057048,368.4893137797272,32.84010082539672,17.78830607732137,worst_uncertainty_stratified_mhz
705,180.0,3,125.69152837129691,-125.69152837129691,125.69152837129691,125.69152837129691,506.8672439625105,32.78803982484399,22.874278744061787,worst_uncertainty_stratified_mhz
1277,180.0,3,117.88711473486784,-117.88711473486784,117.88711473486784,117.88711473486784,534.7678039636795,42.77103121402512,18.85694686571757,worst_uncertainty_stratified_mhz
1154,180.0,3,112.10571680740492,-112.10571680740492,112.10571680740492,112.10571680740492,720.898528992558,23.481671339342284,17.61604328950246,worst_uncertainty_stratified_mhz
946,180.0,3,104.76147798988517,-104.76147798988517,104.76147798988517,104.76147798988517,423.67364861455434,22.83576629373804,24.987681945164997,worst_uncertainty_stratified_mhz
1016,180.0,3,102.10351353714738,-102.10351353714738,102.10351353714738,102.10351353714738,658.789336402972,29.700823033863706,16.127721707026165,worst_uncertainty_stratified_mhz
503,200.0,3,124.56226956615774,-124.56226956615774,124.56226956615774,124.56226956615774,509.77365119088444,36.99286718033927,25.43494939804077,worst_uncertainty_stratified_mhz
450,200.0,3,123.13300709133682,-123.13300709133682,123.13300709133682,123.13300709133682,713.265494873052,37.35453267156626,23.554927825927734,worst_uncertainty_stratified_mhz
451,200.0,3,105.31258436302392,-105.31258436302392,105.31258436302392,105.31258436302392,398.58647808010227,23.338689861353497,25.58426586786906,worst_uncertainty_stratified_mhz
79,200.0,3,103.57197712080327,-103.57197712080327,103.57197712080327,103.57197712080327,251.4201203736552,43.4923364897005,24.768396298090618,worst_uncertainty_stratified_mhz
1093,200.0,3,101.4407755747433,-101.4407755747433,101.4407755747433,101.4407755747433,470.4952887219766,31.33865203085658,28.022016604741413,worst_uncertainty_stratified_mhz
796,200.0,3,100.5529537393165,-100.5529537393165,100.5529537393165,100.5529537393165,609.2654009215131,31.50396800404673,31.34630032380422,worst_uncertainty_stratified_mhz
419,200.0,3,97.42393835713068,-97.42393835713068,97.42393835713068,97.42393835713068,527.7481355507485,39.826359222114306,19.565316041310627,worst_uncertainty_stratified_mhz
1164,200.0,3,96.01864660508606,-96.01864660508606,96.01864660508606,96.01864660508606,479.41491731126666,41.586923692697226,17.807959238688152,worst_uncertainty_stratified_mhz
6,230.0,3,99.16061358476914,-99.16061358476914,99.16061358476914,99.16061358476914,334.99648911781964,43.3813836160679,24.001750389734905,worst_uncertainty_stratified_mhz
1064,230.0,3,98.60082569785634,-98.60082569785634,98.60082569785634,98.60082569785634,301.7489906964024,41.486276177925525,22.412232796351116,worst_uncertainty_stratified_mhz
1123,230.0,3,90.47936537339406,-90.47936537339406,90.47936537339406,90.47936537339406,330.09680702035735,43.96115709729822,19.068552215894062,worst_uncertainty_stratified_mhz
13,230.0,3,88.59850072220884,-88.59850072220884,88.59850072220884,88.59850072220884,305.9220466426508,32.78888700628784,20.129099130630493,worst_uncertainty_stratified_mhz
7,230.0,3,84.48442725485577,-84.48442725485577,84.48442725485577,84.48442725485577,250.24293780972758,37.262209035727096,28.738903085390728,worst_uncertainty_stratified_mhz
721,230.0,3,83.06246181801674,-83.06246181801674,83.06246181801674,83.06246181801674,320.31109100710694,32.78803982484399,25.305206060409546,worst_uncertainty_stratified_mhz
683,230.0,3,81.94820157247791,-81.94820157247791,81.94820157247791,81.94820157247791,263.21019006800276,31.172013801556748,20.76667821407318,worst_uncertainty_stratified_mhz
696,230.0,3,74.25929401311737,-74.25929401311737,74.25929401311737,74.25929401311737,317.48403594743365,32.64157199373557,22.617559790611267,worst_uncertainty_stratified_mhz
1122,250.0,3,91.6749993895141,-91.6749993895141,91.6749993895141,91.6749993895141,314.16134938253595,42.569224668636956,20.80247175693512,worst_uncertainty_stratified_mhz
815,250.0,3,90.46951190975948,-90.46951190975948,90.46951190975948,90.46951190975948,304.9109247819999,37.30877168233289,15.87995175520579,worst_uncertainty_stratified_mhz
636,250.0,3,85.45203984176233,-85.45203984176233,85.45203984176233,85.45203984176233,456.12220340518996,42.009588852493614,16.630882223447163,worst_uncertainty_stratified_mhz
714,250.0,3,83.39519320338245,-83.39519320338245,83.39519320338245,83.39519320338245,190.99522037175555,32.31141869026765,14.61045773824056,worst_uncertainty_stratified_mhz
1297,250.0,3,82.84789022514016,-82.84789022514016,82.84789022514016,82.84789022514016,312.82193430891783,42.611944074141675,18.197788953781128,worst_uncertainty_stratified_mhz
366,250.0,3,81.03186770533465,-81.03186770533465,81.03186770533465,81.03186770533465,247.91845643171595,23.039820601153416,21.16929491360982,worst_uncertainty_stratified_mhz
1142,250.0,3,78.46513661221167,-78.46513661221167,78.46513661221167,78.46513661221167,318.71730210764485,31.33732244110492,19.03058608373006,worst_uncertainty_stratified_mhz
1401,250.0,3,76.37456985719787,-76.37456985719787,76.37456985719787,76.37456985719787,282.61531187591544,38.546148388075764,21.023148775100708,worst_uncertainty_stratified_mhz
1363,250.0,3,75.9315786431251,-75.9315786431251,75.9315786431251,75.9315786431251,164.40215050866516,37.42585262147603,24.778732856114704,worst_uncertainty_stratified_mhz
876,250.0,3,73.93594891325205,-73.93594891325205,73.93594891325205,73.93594891325205,363.75085519663884,23.109041039770077,18.729234019915264,worst_uncertainty_stratified_mhz
620,250.0,3,70.71351175314476,-70.71351175314476,70.71351175314476,70.71351175314476,306.3136491507076,42.53364681180196,20.732017199198406,worst_uncertainty_stratified_mhz
1087,270.0,3,70.60394507384815,-70.60394507384815,70.60394507384815,70.60394507384815,181.65046754024436,37.30839941174999,14.90885047117869,worst_uncertainty_stratified_mhz
1435,270.0,3,55.89278301770729,-55.89278301770729,55.89278301770729,55.89278301770729,184.98024661985846,22.88679871794121,22.927571773529053,worst_uncertainty_stratified_mhz
613,270.0,3,53.180511073385006,-53.180511073385006,53.180511073385006,53.180511073385006,192.22660769989685,41.58558778123872,12.28594477971395,worst_uncertainty_stratified_mhz
868,270.0,3,52.094104367823505,-52.094104367823505,52.094104367823505,52.094104367823505,174.02676099827195,29.34848093740685,16.895111441612244,worst_uncertainty_stratified_mhz
695,270.0,3,51.5075942154172,-51.5075942154172,51.5075942154172,51.5075942154172,225.15206720308905,23.346424898805292,17.951756914456684,worst_uncertainty_stratified_mhz
561,270.0,3,50.81557364222501,-50.81557364222501,50.81557364222501,50.81557364222501,304.6376312327047,32.671768309114285,13.330103874206543,worst_uncertainty_stratified_mhz
135,270.0,3,50.28504908539392,-50.28504908539392,50.28504908539392,50.28504908539392,158.6130714948042,36.9894879962162,19.302139679590862,worst_uncertainty_stratified_mhz
1559,280.0,3,51.77684513657088,-51.77684513657088,51.77684513657088,51.77684513657088,163.58684962686513,40.30853231981757,17.38045084476471,worst_uncertainty_stratified_mhz
1599,280.0,3,51.6515279356252,-51.6515279356252,51.6515279356252,51.6515279356252,220.29413605745216,28.746014216467184,14.860262592633566,worst_uncertainty_stratified_mhz
1175,280.0,3,50.48888580783446,-50.48888580783446,50.48888580783446,50.48888580783446,218.94660303920463,41.585587781238715,10.808159828186035,worst_uncertainty_stratified_mhz
1197,280.0,3,42.50374675520285,-42.50374675520285,42.50374675520285,42.50374675520285,188.2992958012101,23.015091667087585,16.916997750600178,worst_uncertainty_stratified_mhz
879,280.0,3,42.37941294395906,-42.37941294395906,42.37941294395906,42.37941294395906,105.99194827415839,31.17023152518013,11.52268954118093,worst_uncertainty_stratified_mhz
1145,280.0,3,41.667606608447365,-41.667606608447365,41.667606608447365,41.667606608447365,124.61304823143564,38.932990866073695,12.148633400599161,worst_uncertainty_stratified_mhz
1329,280.0,3,40.93050225795332,-40.93050225795332,40.93050225795332,40.93050225795332,95.6578896423091,41.33635741625578,16.162545482317608,worst_uncertainty_stratified_mhz
1553,300.0,3,48.75229396911269,-48.75229396911269,48.75229396911269,48.75229396911269,290.85760829818764,41.012531960094556,12.626243074735006,worst_uncertainty_stratified_mhz
355,300.0,3,47.0503090804867,-47.0503090804867,47.0503090804867,47.0503090804867,115.97216202275742,31.168449146889266,11.118803222974142,worst_uncertainty_stratified_mhz
137,300.0,3,29.466274105852325,-29.466274105852325,29.466274105852325,29.466274105852325,131.94748839695552,32.752014357050534,10.983816425005594,worst_uncertainty_stratified_mhz
286,300.0,3,27.71413919335505,-27.71413919335505,27.71413919335505,27.71413919335505,83.7278918866949,28.981795052143415,9.889251152674357,worst_uncertainty_stratified_mhz
1248,300.0,3,24.93852661945244,-24.93852661945244,24.93852661945244,24.93852661945244,46.65913920537178,37.62829904325851,8.85594622294108,worst_uncertainty_stratified_mhz
732,300.0,3,22.707105401476177,-22.707105401476177,22.707105401476177,22.707105401476177,72.67260337315436,0.37267799624996495,14.35762643814087,worst_uncertainty_stratified_mhz
84,120.0,3,127.57426516555375,-127.57426516555375,127.57426516555375,127.57426516555375,205.3527041397363,34.3939594179624,16.205013871192932,worst_uncertainty_stratified_mhz
771,140.0,3,113.41118583506139,-113.41118583506139,113.41118583506139,113.41118583506139,244.5401747085372,37.49296230257383,20.916741768519085,worst_uncertainty_stratified_mhz
922,160.0,3,111.80395559342762,-111.80395559342762,111.80395559342762,111.80395559342762,475.7832497863456,37.35453267156626,22.500016927719116,worst_uncertainty_stratified_mhz
959,130.0,3,108.05390270664078,-108.05390270664078,108.05390270664078,108.05390270664078,252.16872912692415,38.71441017961601,24.68439280986786,worst_uncertainty_stratified_mhz
1117,150.0,3,107.86384585193932,-107.86384585193932,107.86384585193932,107.86384585193932,272.4656504187742,40.772403521118164,16.139649430910747,worst_uncertainty_stratified_mhz
1172,150.0,3,105.32625564696983,-105.32625564696983,105.32625564696983,105.32625564696983,313.1473731042956,32.78888700628784,26.22573757171631,worst_uncertainty_stratified_mhz
1205,145.0,3,104.46862279840444,-104.46862279840444,104.46862279840444,104.46862279840444,388.1469770598401,41.58558778123872,16.003751079241436,worst_uncertainty_stratified_mhz
1265,150.0,3,103.54039729182412,-103.54039729182412,103.54039729182412,103.54039729182412,596.4893933762472,23.13847205173429,25.222665588061016,worst_uncertainty_stratified_mhz
1030,150.0,3,102.07847955400528,-102.07847955400528,102.07847955400528,102.07847955400528,336.0674245728539,38.35542841487876,26.79670238494873,worst_uncertainty_stratified_mhz
973,150.0,3,101.38391609027109,-101.38391609027109,101.38391609027109,101.38391609027109,366.1368311205039,42.410035499998244,23.591424504915874,worst_uncertainty_stratified_mhz
1052,150.0,3,99.80465921433193,-99.80465921433193,99.80465921433193,99.80465921433193,289.8618616368015,29.34848093740685,18.13167877991994,worst_uncertainty_stratified_mhz
2077,120.0,4,40.91529365511567,-40.91529365511567,40.91529365511567,40.91529365511567,81.77548730048677,37.62829904325851,12.991751194000244,worst_uncertainty_stratified_mhz
1812,150.0,4,74.64759592677565,-74.64759592677565,74.64759592677565,74.64759592677565,236.4155145251343,37.53701876518403,15.612505356470743,worst_uncertainty_stratified_mhz
2466,150.0,4,52.66393473303173,-52.66393473303173,52.66393473303173,52.66393473303173,158.97925411004468,38.84441901855257,14.492532889048258,worst_uncertainty_stratified_mhz
2526,150.0,4,51.328765192512556,-51.328765192512556,51.328765192512556,51.328765192512556,129.83208420458956,32.6262505081755,14.094218889872232,worst_uncertainty_stratified_mhz
2845,150.0,4,49.28506796814689,-49.28506796814689,49.28506796814689,49.28506796814689,125.43129502427924,38.75636148499438,10.422727346420288,worst_uncertainty_stratified_mhz
2725,150.0,4,48.379495135283456,-48.379495135283456,48.379495135283456,48.379495135283456,78.90070205256596,39.06582763604131,10.862093488375345,worst_uncertainty_stratified_mhz
2334,155.0,4,78.15453646792864,-78.15453646792864,78.15453646792864,78.15453646792864,364.6811467615515,37.320682380328115,14.987724781036377,worst_uncertainty_stratified_mhz
2919,155.0,4,74.5593706967345,-74.5593706967345,74.5593706967345,74.5593706967345,320.5683280418814,37.49296230257383,11.460659186045328,worst_uncertainty_stratified_mhz
2651,155.0,4,62.79328025271514,-62.79328025271514,62.79328025271514,62.79328025271514,168.22198911100972,32.6262505081755,14.530892848968506,worst_uncertainty_stratified_mhz
2164,155.0,4,60.06355305189092,-60.06355305189092,60.06355305189092,60.06355305189092,257.3607092736802,38.932990866073695,14.93454106648763,worst_uncertainty_stratified_mhz
1802,155.0,4,60.0323464368024,-60.0323464368024,60.0323464368024,60.0323464368024,284.9154574255033,28.992815201931208,15.097394943237305,worst_uncertainty_stratified_mhz
2062,155.0,4,58.25398391857393,-58.25398391857393,58.25398391857393,58.25398391857393,187.449166908993,34.64141708674427,15.10636055469513,worst_uncertainty_stratified_mhz
3073,155.0,4,55.74787233480579,-55.74787233480579,55.74787233480579,55.74787233480579,158.6467508989169,37.539608711629135,16.977310339609783,worst_uncertainty_stratified_mhz
2666,155.0,4,53.99558452437509,-53.99558452437509,53.99558452437509,53.99558452437509,116.28977726827672,32.89039035611736,10.121310512224833,worst_uncertainty_stratified_mhz
2222,170.0,4,61.50894633069492,-61.50894633069492,61.50894633069492,61.50894633069492,190.43111490823344,38.89051583898345,14.737528681755066,worst_uncertainty_stratified_mhz
2746,170.0,4,52.98940401322552,-52.98940401322552,52.98940401322552,52.98940401322552,218.42095422571757,31.34441293471968,14.177682161331177,worst_uncertainty_stratified_mhz
1849,170.0,4,48.78646457955507,-48.78646457955507,48.78646457955507,48.78646457955507,296.0640052751896,29.59213484094117,12.643041928609213,worst_uncertainty_stratified_mhz
2653,180.0,4,59.35199216770401,-59.35199216770401,59.35199216770401,59.35199216770401,204.1213438642449,37.53701876518402,11.038788676261902,worst_uncertainty_stratified_mhz
2696,180.0,4,56.76825819950041,-56.76825819950041,56.76825819950041,56.76825819950041,274.3592748430198,37.53701876518403,11.791935205459595,worst_uncertainty_stratified_mhz
2078,180.0,4,49.85077603657983,-49.85077603657983,49.85077603657983,49.85077603657983,250.68250473431291,29.46419672906236,15.408101439476013,worst_uncertainty_stratified_mhz
2311,180.0,4,47.719806848852514,-47.719806848852514,47.719806848852514,47.719806848852514,288.77086066126907,41.586923692697226,11.633100430170694,worst_uncertainty_stratified_mhz
2655,180.0,4,40.739817848356815,-40.739817848356815,40.739817848356815,40.739817848356815,102.37746255646202,23.142673426666448,13.54645605882009,worst_uncertainty_stratified_mhz
1971,200.0,4,93.99728173289631,-93.99728173289631,93.99728173289631,93.99728173289631,401.5851834022532,40.642410799010875,24.106115182240803,worst_uncertainty_stratified_mhz
1774,200.0,4,88.17900734976749,-88.17900734976749,88.17900734976749,88.17900734976749,581.3240927113791,23.40999311784986,16.827730735143025,worst_uncertainty_stratified_mhz
3055,200.0,4,76.81357069157204,-76.81357069157204,76.81357069157204,76.81357069157204,287.30202274089964,41.50435050824324,17.93580973148346,worst_uncertainty_stratified_mhz
1667,200.0,4,62.10548533342464,-62.10548533342464,62.10548533342464,62.10548533342464,241.29105537252744,38.63396605751645,10.66494389375051,worst_uncertainty_stratified_mhz
2804,200.0,4,57.20644116139513,-57.20644116139513,57.20644116139513,57.20644116139513,126.11542377199628,30.83873826500977,18.546693325042725,worst_uncertainty_stratified_mhz
2216,200.0,4,55.58136120061546,-55.58136120061546,55.58136120061546,55.58136120061546,157.02444558903068,23.336904488622977,18.439228852589924,worst_uncertainty_stratified_mhz
2731,200.0,4,54.64654434623767,-54.64654434623767,54.64654434623767,54.64654434623767,140.0460857825668,37.39912357856056,12.342731157938639,worst_uncertainty_stratified_mhz
3028,200.0,4,46.54232344066637,-46.54232344066637,46.54232344066637,46.54232344066637,151.5981258689682,31.503527139389046,15.48845624923706,worst_uncertainty_stratified_mhz
2346,230.0,4,93.3743577123587,-93.3743577123587,93.3743577123587,93.3743577123587,283.1326870708143,42.133386075916356,18.334960261980694,worst_uncertainty_stratified_mhz
3166,230.0,4,61.215170056052564,-61.215170056052564,61.215170056052564,61.215170056052564,289.6678663813812,32.74183528420143,19.162283341089886,worst_uncertainty_stratified_mhz
1825,230.0,4,58.230959889694645,-58.230959889694645,58.230959889694645,58.230959889694645,250.89824918025468,42.56955093334515,22.265337347984314,worst_uncertainty_stratified_mhz
2574,230.0,4,56.75364992894704,-56.75364992894704,56.75364992894704,56.75364992894704,247.14774531877947,41.585587781238715,11.659348448117575,worst_uncertainty_stratified_mhz
2692,230.0,4,55.59690913555155,-55.59690913555155,55.59690913555155,55.59690913555155,227.53926952229983,29.58509384432941,17.526297171910603,worst_uncertainty_stratified_mhz
2570,230.0,4,54.53739609239779,-54.53739609239779,54.53739609239779,54.53739609239779,154.74117123507963,37.79954438290964,17.534942587216694,worst_uncertainty_stratified_mhz
2165,230.0,4,53.019588397207585,-53.019588397207585,53.019588397207585,53.019588397207585,246.21866789523006,28.88530960732654,18.922022024790447,worst_uncertainty_stratified_mhz
1700,230.0,4,51.37556696907332,-51.37556696907332,51.37556696907332,51.37556696907332,225.72165312272804,31.17023152518013,13.96478013197581,worst_uncertainty_stratified_mhz
2587,250.0,4,84.53984252309357,-84.53984252309357,84.53984252309357,84.53984252309357,448.2167083780135,22.911666121093084,17.47901705900828,worst_uncertainty_stratified_mhz
2230,250.0,4,68.75493105643085,-68.75493105643085,68.75493105643085,68.75493105643085,329.17753449465215,28.996647315776965,22.374453624089558,worst_uncertainty_stratified_mhz
2042,250.0,4,63.73479703288993,-63.73479703288993,63.73479703288993,63.73479703288993,242.6122139693023,29.466553544277584,19.19083579381307,worst_uncertainty_stratified_mhz
3123,250.0,4,62.19585672956747,-62.19585672956747,62.19585672956747,62.19585672956747,242.87786057722528,38.580363456614094,20.10209369659424,worst_uncertainty_stratified_mhz
2988,250.0,4,52.77007656774485,-52.77007656774485,52.77007656774485,52.77007656774485,200.8644427397442,23.034394572754312,14.370224436124166,worst_uncertainty_stratified_mhz
1810,250.0,4,51.81403242863374,-51.81403242863374,51.81403242863374,51.81403242863374,201.40322183713624,29.229456223322238,11.833998640378317,worst_uncertainty_stratified_mhz
1828,250.0,4,51.1001600575834,-51.1001600575834,51.1001600575834,51.1001600575834,128.13978270691342,0.6009252125773316,16.014636675516766,worst_uncertainty_stratified_mhz
1866,250.0,4,50.7037262369805,-50.7037262369805,50.7037262369805,50.7037262369805,326.87703697133185,29.071272570854013,15.41554069519043,worst_uncertainty_stratified_mhz
1604,250.0,4,50.28013388147814,-50.28013388147814,50.28013388147814,50.28013388147814,298.37237270833896,42.849867107274804,13.155827760696411,worst_uncertainty_stratified_mhz
1709,250.0,4,46.47901386622918,-46.47901386622918,46.47901386622918,46.47901386622918,168.50329640764974,38.80041523260057,11.353214462598165,worst_uncertainty_stratified_mhz
1785,250.0,4,46.30451083998818,-46.30451083998818,46.30451083998818,46.30451083998818,122.15156572163238,32.78549814916481,15.572269002596537,worst_uncertainty_stratified_mhz
2179,265.0,4,9.102720208808938,-9.102720208808938,9.102720208808938,9.102720208808938,2.169426997605904,31.768695283250146,9.479077259699503,worst_uncertainty_stratified_mhz
3160,265.0,4,6.544996813170973,-6.544996813170973,6.544996813170973,6.544996813170973,8.538165284485457,42.40708798197668,8.905632813771566,worst_uncertainty_stratified_mhz
1927,265.0,4,6.373294283782878,-6.373294283782878,6.373294283782878,6.373294283782878,7.12509970208579,32.89039035611736,9.022101720174154,worst_uncertainty_stratified_mhz
2246,265.0,4,6.334313995928436,-6.334313995928436,6.334313995928436,6.334313995928436,5.785330253814241,37.867092133759975,9.569655021031698,worst_uncertainty_stratified_mhz
2534,265.0,4,6.052272908166483,-6.052272908166483,6.052272908166483,6.052272908166483,3.0778717116184566,37.62829904325851,8.025787115097046,worst_uncertainty_stratified_mhz
3190,265.0,4,5.991492198532351,-5.991492198532351,5.991492198532351,5.991492198532351,4.010918112501897,37.30839941174999,8.92415197690328,worst_uncertainty_stratified_mhz
2037,265.0,4,5.9746670763570355,-5.9746670763570355,5.9746670763570355,5.9746670763570355,3.49006544916276,42.278507805056485,9.019272645314535,worst_uncertainty_stratified_mhz
2486,270.0,4,53.4833130564169,-53.4833130564169,53.4833130564169,53.4833130564169,202.96119594158995,23.039217772215174,19.641266345977783,worst_uncertainty_stratified_mhz
2851,270.0,4,53.389641535184396,-53.389641535184396,53.389641535184396,53.389641535184396,267.6305357413556,30.258607590788664,15.127029101053873,worst_uncertainty_stratified_mhz
2110,270.0,4,45.360906682250125,-45.360906682250125,45.360906682250125,45.360906682250125,155.93695128608638,31.338652030856576,12.099985758463541,worst_uncertainty_stratified_mhz
2713,270.0,4,40.47277283140281,-40.47277283140281,40.47277283140281,40.47277283140281,125.17278944064599,23.333928563836444,13.72961139678955,worst_uncertainty_stratified_mhz
2968,270.0,4,38.708442487946726,-38.708442487946726,38.708442487946726,38.708442487946726,132.1450264539117,37.25736317979455,13.96435296535492,worst_uncertainty_stratified_mhz
1987,270.0,4,36.299556749946156,-36.299556749946156,36.299556749946156,36.299556749946156,134.25937490907492,37.53701876518403,11.21141747633616,worst_uncertainty_stratified_mhz
1926,270.0,4,33.22692303636617,-33.22692303636617,33.22692303636617,33.22692303636617,109.84892498659521,29.582746473052307,8.669304966926575,worst_uncertainty_stratified_mhz
1922,280.0,4,53.528820812884334,-53.528820812884334,53.528820812884334,53.528820812884334,232.08902125896375,29.46419672906236,16.50373907883962,worst_uncertainty_stratified_mhz
3077,280.0,4,37.24999061437071,-37.24999061437071,37.24999061437071,37.24999061437071,66.15339252515521,30.837387120903166,13.849997242291769,worst_uncertainty_stratified_mhz
2061,280.0,4,33.80579094935129,-33.80579094935129,33.80579094935129,33.80579094935129,122.40173844938947,31.335106332816057,9.705538551012674,worst_uncertainty_stratified_mhz
2621,280.0,4,33.585559805050806,-33.585559805050806,33.585559805050806,33.585559805050806,155.49297163162532,31.335106332816057,9.798613746960958,worst_uncertainty_stratified_mhz
3056,280.0,4,29.097064521809738,-29.097064521809738,29.097064521809738,29.097064521809738,80.38773270279317,37.53701876518402,10.148378332455954,worst_uncertainty_stratified_mhz
2978,280.0,4,28.32574744248686,-28.32574744248686,28.32574744248686,28.32574744248686,78.71913238706941,31.5,11.370882074038187,worst_uncertainty_stratified_mhz
3092,280.0,4,27.076479229539526,-27.076479229539526,27.076479229539526,27.076479229539526,124.3236834767734,37.320682380328115,11.263457973798117,worst_uncertainty_stratified_mhz
2212,300.0,4,15.894803248097976,-15.894803248097976,15.894803248097976,15.894803248097976,42.911461438934076,29.698484809834994,10.13116184870402,worst_uncertainty_stratified_mhz
1620,300.0,4,14.281830159272525,-14.281830159272525,14.281830159272525,14.281830159272525,67.21837076056262,37.78153576079782,9.46220568815867,worst_uncertainty_stratified_mhz
1704,300.0,4,14.027777847223089,-14.027777847223089,14.027777847223089,14.027777847223089,68.2268488246564,42.849867107274804,10.269500374794006,worst_uncertainty_stratified_mhz
2463,300.0,4,12.559362937362048,-12.559362937362048,12.559362937362048,12.559362937362048,40.38502501151904,32.89039035611736,7.85591181119283,worst_uncertainty_stratified_mhz
2438,300.0,4,12.335839765799713,-12.335839765799713,12.335839765799713,12.335839765799713,41.650850758678644,41.50133866649498,9.135190486907959,worst_uncertainty_stratified_mhz
2272,300.0,4,12.137839929757929,-12.137839929757929,12.137839929757929,12.137839929757929,46.765644245420866,37.44366138317376,8.23063838481903,worst_uncertainty_stratified_mhz
2953,130.0,4,112.27985793935734,-112.27985793935734,112.27985793935734,112.27985793935734,308.7793111156331,38.932990866073695,17.669840614000957,worst_uncertainty_stratified_mhz
2368,240.0,4,59.244449900447776,-59.244449900447776,59.244449900447776,59.244449900447776,342.4163116811538,42.69139908173022,18.73061927159627,worst_uncertainty_stratified_mhz
1631,175.0,4,53.46256090435373,-53.46256090435373,53.46256090435373,53.46256090435373,162.80706555969394,31.33732244110492,14.143124421437582,worst_uncertainty_stratified_mhz
1718,155.0,4,51.311041660203685,-51.311041660203685,51.311041660203685,51.311041660203685,250.02649465125037,30.40102337458761,16.140156030654907,worst_uncertainty_stratified_mhz
4031,120.0,5,11.548204648869001,-11.548204648869001,11.548204648869001,11.548204648869001,52.12886462755596,29.698484809834994,10.244892756144205,worst_uncertainty_stratified_mhz
3355,150.0,5,41.70064775269406,-41.70064775269406,41.70064775269406,41.70064775269406,127.10068218136739,23.01690200217609,9.001988649368286,worst_uncertainty_stratified_mhz
3672,150.0,5,35.459979361164216,-35.459979361164216,35.459979361164216,35.459979361164216,98.86592172449558,37.9418414594407,10.665392438570658,worst_uncertainty_stratified_mhz
3386,150.0,5,34.3866298402361,-34.3866298402361,34.3866298402361,34.3866298402361,135.94888175355348,37.12179653219626,11.908142367998758,worst_uncertainty_stratified_mhz
3258,150.0,5,29.61136888463104,-29.61136888463104,29.61136888463104,29.61136888463104,63.53022470229163,39.02349719506612,10.569482644399008,worst_uncertainty_stratified_mhz
3630,150.0,5,28.28510376306496,-28.28510376306496,28.28510376306496,28.28510376306496,64.32814029742156,23.10603576749783,9.000145872433981,worst_uncertainty_stratified_mhz
3270,155.0,5,40.821896708166804,-40.821896708166804,40.821896708166804,40.821896708166804,176.27878490835383,29.46419672906236,10.65855622291565,worst_uncertainty_stratified_mhz
3356,155.0,5,35.091850425583445,-35.091850425583445,35.091850425583445,35.091850425583445,77.17851654363027,41.585587781238715,9.36727488040924,worst_uncertainty_stratified_mhz
3461,155.0,5,32.71572095718433,-32.71572095718433,32.71572095718433,32.71572095718433,181.86975978780995,32.89039035611736,10.976988236109415,worst_uncertainty_stratified_mhz
3660,155.0,5,32.326285345881836,-32.326285345881836,32.326285345881836,32.326285345881836,142.31100101661283,32.89123490131274,10.670342326164246,worst_uncertainty_stratified_mhz
4593,155.0,5,31.11539953187074,-31.11539953187074,31.11539953187074,31.11539953187074,81.94130010265286,41.33669341181298,12.654523690541586,worst_uncertainty_stratified_mhz
4027,155.0,5,29.024957464243883,-29.024957464243883,29.024957464243883,29.024957464243883,91.58639712897549,29.0325487838889,9.155847827593485,worst_uncertainty_stratified_mhz
4642,155.0,5,27.931311288328608,-27.931311288328608,27.931311288328608,27.931311288328608,52.26731743153766,37.62829904325851,7.34106187025706,worst_uncertainty_stratified_mhz
4048,155.0,5,25.960672524519605,-25.960672524519605,25.960672524519605,25.960672524519605,59.27429917422464,38.88765871070152,9.344806631406149,worst_uncertainty_stratified_mhz
4529,170.0,5,46.82025390869128,-46.82025390869128,46.82025390869128,46.82025390869128,247.83656416672724,31.343969825860356,12.261648376782736,worst_uncertainty_stratified_mhz
3763,170.0,5,43.94365585255368,-43.94365585255368,43.94365585255368,43.94365585255368,149.91468882509952,37.49296230257383,13.907809853553772,worst_uncertainty_stratified_mhz
4055,170.0,5,29.049914755025974,-29.049914755025974,29.049914755025974,29.049914755025974,66.10958624676692,37.44366138317376,7.698056936264038,worst_uncertainty_stratified_mhz
4657,180.0,5,47.05769691521641,-47.05769691521641,47.05769691521641,47.05769691521641,141.27128317313142,31.502204508397327,9.252933303515116,worst_uncertainty_stratified_mhz
3843,180.0,5,37.04163996600653,-37.04163996600653,37.04163996600653,37.04163996600653,151.5739341085297,37.53701876518402,9.34909192721049,worst_uncertainty_stratified_mhz
4394,180.0,5,37.03944614317287,-37.03944614317287,37.03944614317287,37.03944614317287,213.0392794187276,37.58434957975638,12.254031300544739,worst_uncertainty_stratified_mhz
4473,180.0,5,32.22947412792094,-32.22947412792094,32.22947412792094,32.22947412792094,90.2813296619862,38.932990866073695,10.510647137959799,worst_uncertainty_stratified_mhz
4604,180.0,5,24.280346582235904,-24.280346582235904,24.280346582235904,24.280346582235904,78.73804662257608,39.06582763604131,8.805741747220358,worst_uncertainty_stratified_mhz
4030,200.0,5,59.05256107332199,-59.05256107332199,59.05256107332199,59.05256107332199,220.93846399816917,37.653389990514505,14.424698432286581,worst_uncertainty_stratified_mhz
4065,200.0,5,54.56023408449491,-54.56023408449491,54.56023408449491,54.56023408449491,270.61226373303606,31.337322441104916,15.671359181404114,worst_uncertainty_stratified_mhz
3914,200.0,5,46.17125407201901,-46.17125407201901,46.17125407201901,46.17125407201901,259.9181780768324,31.337322441104916,13.74826200803121,worst_uncertainty_stratified_mhz
4543,200.0,5,42.40391253433511,-42.40391253433511,42.40391253433511,42.40391253433511,122.86540651413515,23.034997527916325,9.89714022477468,worst_uncertainty_stratified_mhz
4762,200.0,5,41.05611993910448,-41.05611993910448,41.05611993910448,41.05611993910448,229.14269698687835,23.40999311784986,14.057483077049255,worst_uncertainty_stratified_mhz
3719,200.0,5,39.109560618888025,-39.109560618888025,39.109560618888025,39.109560618888025,141.60966143411974,31.168449146889266,14.420717716217041,worst_uncertainty_stratified_mhz
3906,200.0,5,32.813511772579425,-32.813511772579425,32.813511772579425,32.813511772579425,108.48944924563449,36.800513281444566,14.877985715866089,worst_uncertainty_stratified_mhz
4764,200.0,5,32.03016410420451,-32.03016410420451,32.03016410420451,32.03016410420451,144.24643985199637,32.31313802292945,15.824157953262329,worst_uncertainty_stratified_mhz
4038,230.0,5,24.61119280491757,-24.61119280491757,24.61119280491757,24.61119280491757,77.71774030139532,29.582746473052307,7.448679089546204,worst_uncertainty_stratified_mhz
4181,230.0,5,22.480919799953178,-22.480919799953178,22.480919799953178,22.480919799953178,59.92116507181779,37.53701876518402,7.364959716796875,worst_uncertainty_stratified_mhz
3280,230.0,5,20.778833610824645,-20.778833610824645,20.778833610824645,20.778833610824645,49.68162445868351,29.05024383144945,14.821667273839315,worst_uncertainty_stratified_mhz
3328,230.0,5,20.763972198395187,-20.763972198395187,20.763972198395187,20.763972198395187,88.8814953797223,37.53701876518402,10.791866978009542,worst_uncertainty_stratified_mhz
4193,230.0,5,20.252127095956993,-20.252127095956993,20.252127095956993,20.252127095956993,48.146095084093496,23.407026485414352,10.057347098986307,worst_uncertainty_stratified_mhz
4497,230.0,5,20.112025023260585,-20.112025023260585,20.112025023260585,20.112025023260585,111.49242800761355,36.12170784691357,9.977759540081024,worst_uncertainty_stratified_mhz
3982,230.0,5,20.030069395800158,-20.030069395800158,20.030069395800158,20.030069395800158,55.15878695522738,37.53701876518403,11.151408910751343,worst_uncertainty_stratified_mhz
4511,230.0,5,19.148718914033793,-19.148718914033793,19.148718914033793,19.148718914033793,48.12778048102399,29.702693480558292,11.59562341372172,worst_uncertainty_stratified_mhz
4239,250.0,5,27.890624394079282,-27.890624394079282,27.890624394079282,27.890624394079282,62.93675419045658,41.41926551202418,10.811469435691833,worst_uncertainty_stratified_mhz
4678,250.0,5,22.325415453963494,-22.325415453963494,22.325415453963494,22.325415453963494,57.66845669792062,23.481671339342284,8.465265472730001,worst_uncertainty_stratified_mhz
4504,250.0,5,21.854901237965766,-21.854901237965766,21.854901237965766,21.854901237965766,74.10235056019285,31.335106332816057,6.670585076014201,worst_uncertainty_stratified_mhz
4434,250.0,5,21.1204271228631,-21.1204271228631,21.1204271228631,21.1204271228631,71.26210799583544,42.72944600103722,9.478421409924826,worst_uncertainty_stratified_mhz
4508,250.0,5,19.629336572317705,-19.629336572317705,19.629336572317705,19.629336572317705,53.631632840183414,42.97059718251798,9.941596547762552,worst_uncertainty_stratified_mhz
3747,250.0,5,18.902833360182722,-18.902833360182722,18.902833360182722,18.902833360182722,40.23735116074932,38.84441901855257,9.515746792157492,worst_uncertainty_stratified_mhz
4708,250.0,5,17.683484439952984,-17.683484439952984,17.683484439952984,17.683484439952984,52.730348758887,39.02349719506612,7.799755493799846,worst_uncertainty_stratified_mhz
3733,250.0,5,17.4196580986244,-17.4196580986244,17.4196580986244,17.4196580986244,55.591045854735945,36.67802854268176,13.513187170028687,worst_uncertainty_stratified_mhz
4156,250.0,5,16.767969633379423,-16.767969633379423,16.767969633379423,16.767969633379423,43.346945477197245,37.49296230257383,8.61551547050476,worst_uncertainty_stratified_mhz
4790,250.0,5,16.474970972573498,-16.474970972573498,16.474970972573498,16.474970972573498,60.8286712171149,23.481671339342284,8.620304028193155,worst_uncertainty_stratified_mhz
4509,250.0,5,16.260230584984924,-16.260230584984924,16.260230584984924,16.260230584984924,46.41295007524521,32.69216691774618,7.619733194510142,worst_uncertainty_stratified_mhz
4575,265.0,5,5.644041868663832,-5.644041868663832,5.644041868663832,5.644041868663832,1.0798936549302818,41.667999978667346,7.676256100336711,worst_uncertainty_stratified_mhz
3983,265.0,5,5.628282204556589,-5.628282204556589,5.628282204556589,5.628282204556589,2.984093770649256,41.502342638030015,8.563631931940714,worst_uncertainty_stratified_mhz
4322,265.0,5,5.487935574496142,-5.487935574496142,5.487935574496142,5.487935574496142,4.908131869045778,36.95079310530575,9.552377621332804,worst_uncertainty_stratified_mhz
3540,265.0,5,5.413551496358699,-5.413551496358699,5.413551496358699,5.413551496358699,1.5938343076430153,42.97059718251798,7.123940149943034,worst_uncertainty_stratified_mhz
4638,265.0,5,5.252178774443591,-5.252178774443591,5.252178774443591,5.252178774443591,4.2579253975835565,40.578456243567366,9.150697151819864,worst_uncertainty_stratified_mhz
3539,265.0,5,5.180119715563661,-5.180119715563661,5.180119715563661,5.180119715563661,0.9276244537838477,37.62829904325851,8.71287719408671,worst_uncertainty_stratified_mhz
3907,265.0,5,5.099328137730906,-5.099328137730906,5.099328137730906,5.099328137730906,2.4290029631004777,38.84441901855257,8.880266189575195,worst_uncertainty_stratified_mhz
3776,265.0,5,5.059091338087078,-5.059091338087078,5.059091338087078,5.059091338087078,3.3340515603492364,29.698484809834994,7.640118996302287,worst_uncertainty_stratified_mhz
4478,265.0,5,5.001272866767911,-5.001272866767911,5.001272866767911,5.001272866767911,4.301474712649634,41.667999978667346,8.508084853490194,worst_uncertainty_stratified_mhz
4024,265.0,5,4.854167115722206,-4.854167115722206,4.854167115722206,4.854167115722206,7.15575872493845,26.745716167890016,7.612382729848226,worst_uncertainty_stratified_mhz
3765,265.0,5,4.73511819908165,-4.73511819908165,4.73511819908165,4.73511819908165,3.534609938629577,37.62829904325851,8.401988506317139,worst_uncertainty_stratified_mhz
3616,270.0,5,27.32955181098081,-27.32955181098081,27.32955181098081,27.32955181098081,70.74146290032733,37.44366138317376,9.249103625615438,worst_uncertainty_stratified_mhz
3327,270.0,5,15.624139486542772,-15.624139486542772,15.624139486542772,15.624139486542772,45.519708645628356,32.84010082539672,10.181110243002573,worst_uncertainty_stratified_mhz
4682,270.0,5,12.95341426143869,-12.95341426143869,12.95341426143869,12.95341426143869,28.195289028572986,42.97059718251798,7.406629880269368,worst_uncertainty_stratified_mhz
3711,270.0,5,12.79827461336301,-12.79827461336301,12.79827461336301,12.79827461336301,31.544022170754328,38.932990866073695,10.481857419013977,worst_uncertainty_stratified_mhz
3790,270.0,5,12.796359029991974,-12.796359029991974,12.796359029991974,12.796359029991974,29.390510959704926,29.698484809834994,7.107041001319885,worst_uncertainty_stratified_mhz
3624,270.0,5,12.670246374919031,-12.670246374919031,12.670246374919031,12.670246374919031,33.89910081543715,37.62829904325851,7.678929666678111,worst_uncertainty_stratified_mhz
3603,270.0,5,12.660079473683156,-12.660079473683156,12.660079473683156,12.660079473683156,39.27765036150918,32.84010082539672,9.41960366566976,worst_uncertainty_stratified_mhz
4576,280.0,5,20.608815169627132,-20.608815169627132,20.608815169627132,20.608815169627132,46.678685866341304,23.407026485414352,7.743651747703552,worst_uncertainty_stratified_mhz
4186,280.0,5,18.91223954197407,-18.91223954197407,18.91223954197407,18.91223954197407,69.49122879745254,41.585587781238715,8.922490497430166,worst_uncertainty_stratified_mhz
4387,280.0,5,18.553706354189785,-18.553706354189785,18.553706354189785,18.553706354189785,109.05000499112174,32.89123490131274,8.695298552513123,worst_uncertainty_stratified_mhz
3787,280.0,5,18.152250467302824,-18.152250467302824,18.152250467302824,18.152250467302824,84.23472071791355,37.44366138317376,9.377994457880655,worst_uncertainty_stratified_mhz
3859,280.0,5,17.020619405751688,-17.020619405751688,17.020619405751688,17.020619405751688,75.66074048136323,38.80041523260057,9.164912223815918,worst_uncertainty_stratified_mhz
4591,280.0,5,16.747787810067365,-16.747787810067365,16.747787810067365,16.747787810067365,49.76575788085676,23.106035767497826,7.785786032676697,worst_uncertainty_stratified_mhz
3980,280.0,5,11.939187949746277,-11.939187949746277,11.939187949746277,11.939187949746277,44.61905523862802,32.89039035611736,6.579507986704509,worst_uncertainty_stratified_mhz
3240,300.0,5,13.07693425928227,-13.07693425928227,13.07693425928227,13.07693425928227,58.58562722294078,29.46419672906236,6.797263582547505,worst_uncertainty_stratified_mhz
3217,300.0,5,9.060678009833657,-9.060678009833657,9.060678009833657,9.060678009833657,23.5207522008803,32.53246242003687,8.943836688995361,worst_uncertainty_stratified_mhz
3278,300.0,5,7.024150294619148,-7.024150294619148,7.024150294619148,7.024150294619148,16.05208637473409,37.214841722684305,8.875151753425598,worst_uncertainty_stratified_mhz
3651,300.0,5,6.1888288492060575,-6.1888288492060575,6.1888288492060575,6.1888288492060575,25.684711963522506,32.941446369109066,6.203184604644775,worst_uncertainty_stratified_mhz
4388,300.0,5,6.0868328931487685,-6.0868328931487685,6.0868328931487685,6.0868328931487685,7.044281556635998,39.06582763604131,5.208952943483989,worst_uncertainty_stratified_mhz
3666,300.0,5,6.072997945667368,-6.072997945667368,6.072997945667368,6.072997945667368,21.83139030039793,32.89039035611736,6.70508074760437,worst_uncertainty_stratified_mhz
5682,120.0,6,5.491489863640413,-5.491489863640413,5.491489863640413,5.491489863640413,11.832104994754369,32.941446369109066,6.430315971374512,worst_uncertainty_stratified_mhz
5762,150.0,6,37.639733202672375,-37.639733202672375,37.639733202672375,37.639733202672375,145.2568379918269,32.89039035611736,10.951374212900797,worst_uncertainty_stratified_mhz
5136,150.0,6,17.45015449250456,-17.45015449250456,17.45015449250456,17.45015449250456,21.048485391515893,37.62829904325851,9.853326678276062,worst_uncertainty_stratified_mhz
5399,150.0,6,17.19300510835452,-17.19300510835452,17.19300510835452,17.19300510835452,47.67890111642037,37.62829904325851,8.758065025011698,worst_uncertainty_stratified_mhz
5343,150.0,6,16.787096285126502,-16.787096285126502,16.787096285126502,16.787096285126502,53.131419055589554,23.481671339342284,10.052860935529074,worst_uncertainty_stratified_mhz
5692,150.0,6,13.04323364461322,-13.04323364461322,13.04323364461322,13.04323364461322,25.89933665173371,37.62829904325851,5.844425082206726,worst_uncertainty_stratified_mhz
6264,155.0,6,44.79373175060943,-44.79373175060943,44.79373175060943,44.79373175060943,173.3308290630805,38.932990866073695,11.561759750048319,worst_uncertainty_stratified_mhz
5836,155.0,6,28.126717999599734,-28.126717999599734,28.126717999599734,28.126717999599734,92.98069482386147,38.932990866073695,9.435245394706726,worst_uncertainty_stratified_mhz
5720,155.0,6,22.616878789470995,-22.616878789470995,22.616878789470995,22.616878789470995,100.97668765989816,38.20267588068203,8.637064019838968,worst_uncertainty_stratified_mhz
5616,155.0,6,20.588623187120376,-20.588623187120376,20.588623187120376,20.588623187120376,32.524104798619376,32.941446369109066,11.335256179173788,worst_uncertainty_stratified_mhz
5361,155.0,6,17.49445651326458,-17.49445651326458,17.49445651326458,17.49445651326458,35.66961390814094,39.02349719506612,7.360042254130046,worst_uncertainty_stratified_mhz
5781,155.0,6,15.140167810952766,-15.140167810952766,15.140167810952766,15.140167810952766,41.536975733166486,36.166666666666664,11.354833642641703,worst_uncertainty_stratified_mhz
5193,155.0,6,14.825747212085004,-14.825747212085004,14.825747212085004,14.825747212085004,32.11470599867979,31.335106332816057,8.690904140472412,worst_uncertainty_stratified_mhz
5933,155.0,6,14.431711115769211,-14.431711115769211,14.431711115769211,14.431711115769211,54.84213323963036,29.700823033863706,6.680641492207845,worst_uncertainty_stratified_mhz
5556,170.0,6,23.05684511696499,-23.05684511696499,23.05684511696499,23.05684511696499,100.81030954525805,37.53701876518403,9.438677867253622,worst_uncertainty_stratified_mhz
5737,170.0,6,17.589819065944642,-17.589819065944642,17.589819065944642,17.589819065944642,68.7835450956379,23.481671339342284,6.976328412691752,worst_uncertainty_stratified_mhz
5679,170.0,6,9.68269688246042,-9.68269688246042,9.68269688246042,9.68269688246042,33.98901948023288,37.53701876518402,5.8804789781570435,worst_uncertainty_stratified_mhz
5681,180.0,6,23.162103728324986,-23.162103728324986,23.162103728324986,23.162103728324986,85.31136392257987,38.932990866073695,8.203070799509684,worst_uncertainty_stratified_mhz
6373,180.0,6,20.311205922707764,-20.311205922707764,20.311205922707764,20.311205922707764,41.0594749678298,29.34848093740685,10.37192932764689,worst_uncertainty_stratified_mhz
4900,180.0,6,13.96005945660093,-13.96005945660093,13.96005945660093,13.96005945660093,53.89574075734594,32.89123490131274,8.557259917259216,worst_uncertainty_stratified_mhz
5573,180.0,6,12.812122984043024,-12.812122984043024,12.812122984043024,12.812122984043024,35.93163758920783,29.700823033863706,8.077003518740336,worst_uncertainty_stratified_mhz
6021,180.0,6,8.905962349256335,-8.905962349256335,8.905962349256335,8.905962349256335,23.63854800752161,37.027392262725954,5.965189218521118,worst_uncertainty_stratified_mhz
5117,200.0,6,36.55670399664823,-36.55670399664823,36.55670399664823,36.55670399664823,139.1307949313207,41.585587781238715,12.668069442113241,worst_uncertainty_stratified_mhz
5235,200.0,6,21.66328144253513,-21.66328144253513,21.66328144253513,21.66328144253513,108.9243979701857,37.58434957975638,7.868996957937877,worst_uncertainty_stratified_mhz
5226,200.0,6,15.963210467573814,-15.963210467573814,15.963210467573814,15.963210467573814,75.32343636334745,37.44366138317376,8.226075251897177,worst_uncertainty_stratified_mhz
6204,200.0,6,13.650153511337775,-13.650153511337775,13.650153511337775,13.650153511337775,50.3113929472741,38.932990866073695,7.13868510723114,worst_uncertainty_stratified_mhz
5118,200.0,6,12.503004771985967,-12.503004771985967,12.503004771985967,12.503004771985967,64.83435806032948,29.585093844329407,9.37655512491862,worst_uncertainty_stratified_mhz
5921,200.0,6,11.983257156795178,-11.983257156795178,11.983257156795178,11.983257156795178,27.946227755529396,43.962420821019904,5.568480809529622,worst_uncertainty_stratified_mhz
6191,200.0,6,11.574055079239994,-11.574055079239994,11.574055079239994,11.574055079239994,46.835072271953834,37.53701876518403,9.679287672042847,worst_uncertainty_stratified_mhz
6080,200.0,6,10.51281992621215,-10.51281992621215,10.51281992621215,10.51281992621215,33.00489621510436,41.667999978667346,7.950136661529541,worst_uncertainty_stratified_mhz
4801,230.0,6,22.35046805550162,-22.35046805550162,22.35046805550162,22.35046805550162,92.33162837548979,38.932990866073695,8.990972797075907,worst_uncertainty_stratified_mhz
5846,230.0,6,15.249270763316616,-15.249270763316616,15.249270763316616,15.249270763316616,56.09125386652017,31.0201547384922,7.224841634432475,worst_uncertainty_stratified_mhz
5491,230.0,6,13.176925202033688,-13.176925202033688,13.176925202033688,13.176925202033688,47.91502259193782,23.10603576749783,7.374077200889587,worst_uncertainty_stratified_mhz
5322,230.0,6,11.00202894269523,-11.00202894269523,11.00202894269523,11.00202894269523,35.003870261124575,39.02349719506612,7.695015748341878,worst_uncertainty_stratified_mhz
5274,230.0,6,10.11403096670813,-10.11403096670813,10.11403096670813,10.11403096670813,36.13286613555531,32.89039035611736,7.6395556926727295,worst_uncertainty_stratified_mhz
5431,230.0,6,8.08271349378367,-8.08271349378367,8.08271349378367,8.08271349378367,36.7527312041106,29.700823033863706,6.922752857208252,worst_uncertainty_stratified_mhz
4919,230.0,6,7.989389187315145,-7.989389187315145,7.989389187315145,7.989389187315145,20.197914565787993,37.62829904325851,5.626089533170064,worst_uncertainty_stratified_mhz
6169,230.0,6,7.6652822358731845,-7.6652822358731845,7.6652822358731845,7.6652822358731845,23.037236851016246,41.345428337900245,7.18426775932312,worst_uncertainty_stratified_mhz
4909,250.0,6,19.46983736670442,-19.46983736670442,19.46983736670442,19.46983736670442,56.24968704570505,41.42127740934871,8.025217652320862,worst_uncertainty_stratified_mhz
5223,250.0,6,18.312134566863516,-18.312134566863516,18.312134566863516,18.312134566863516,77.48894415383076,32.83840908313177,11.654398719469706,worst_uncertainty_stratified_mhz
5271,250.0,6,14.513925397418566,-14.513925397418566,14.513925397418566,14.513925397418566,42.97901255593674,37.44477414955404,7.769391218821208,worst_uncertainty_stratified_mhz
6354,250.0,6,13.522484325841154,-13.522484325841154,13.522484325841154,13.522484325841154,56.731860476182895,42.68879634439619,9.111379504203796,worst_uncertainty_stratified_mhz
5976,250.0,6,12.844411550802528,-12.844411550802528,12.844411550802528,12.844411550802528,29.393136037354214,31.335106332816054,7.830853343009949,worst_uncertainty_stratified_mhz
6214,250.0,6,10.997976205201635,-10.997976205201635,10.997976205201635,10.997976205201635,63.55371512461445,32.793969635352845,8.623212258021036,worst_uncertainty_stratified_mhz
5698,250.0,6,10.515109365532545,-10.515109365532545,10.515109365532545,10.515109365532545,29.540289897277802,43.96494815949026,10.046764334042868,worst_uncertainty_stratified_mhz
6072,250.0,6,8.656273405826868,-8.656273405826868,8.656273405826868,8.656273405826868,35.74300443663566,32.941446369109066,7.599744876225789,worst_uncertainty_stratified_mhz
6098,250.0,6,7.884682681824917,-7.884682681824917,7.884682681824917,7.884682681824917,43.868203114990166,29.700823033863706,6.839789032936096,worst_uncertainty_stratified_mhz
5442,250.0,6,7.703172876748152,-7.703172876748152,7.703172876748152,7.703172876748152,34.918475322426694,40.26750826935064,5.6286864678064985,worst_uncertainty_stratified_mhz
4954,250.0,6,7.4789240311691465,-7.4789240311691465,7.4789240311691465,7.4789240311691465,22.381868588234564,42.18741255134969,7.801405588785808,worst_uncertainty_stratified_mhz
5378,265.0,6,7.574395481736858,-7.574395481736858,7.574395481736858,7.574395481736858,3.1727201290669256,7.080881928749334,7.337523142496745,worst_uncertainty_stratified_mhz
5040,265.0,6,6.189982498678409,-6.189982498678409,6.189982498678409,6.189982498678409,4.066037466349403,37.087359332017996,9.825355609258017,worst_uncertainty_stratified_mhz
4885,265.0,6,5.521751472823426,-5.521751472823426,5.521751472823426,5.521751472823426,7.007719379466128,29.700823033863706,7.709087530771892,worst_uncertainty_stratified_mhz
5884,265.0,6,5.517628877083635,-5.517628877083635,5.517628877083635,5.517628877083635,6.088247273141891,38.932990866073695,8.67525871594747,worst_uncertainty_stratified_mhz
6233,265.0,6,5.3812339181029465,-5.3812339181029465,5.3812339181029465,5.3812339181029465,8.162097844671715,42.128770850018086,9.338151216506958,worst_uncertainty_stratified_mhz
4927,265.0,6,5.202761957921217,-5.202761957921217,5.202761957921217,5.202761957921217,3.9359243737237204,23.143273560823477,8.477510849634806,worst_uncertainty_stratified_mhz
5055,265.0,6,5.045979264896075,-5.045979264896075,5.045979264896075,5.045979264896075,4.264673016940656,31.5,8.099045594533285,worst_uncertainty_stratified_mhz
5502,265.0,6,4.862737151514953,-4.862737151514953,4.862737151514953,4.862737151514953,4.352159782446336,37.489628195305194,8.050029993057251,worst_uncertainty_stratified_mhz
5416,265.0,6,4.637353024009907,-4.637353024009907,4.637353024009907,4.637353024009907,2.5588930846162348,29.698484809834994,7.69093918800354,worst_uncertainty_stratified_mhz
5541,265.0,6,4.566558512899146,-4.566558512899146,4.566558512899146,4.566558512899146,0.93640531357687,41.05720940887781,9.362507820129395,worst_uncertainty_stratified_mhz
6088,265.0,6,4.565887941757247,-4.565887941757247,4.565887941757247,4.565887941757247,1.5668963812916494,32.941446369109066,8.444043477376303,worst_uncertainty_stratified_mhz
5139,270.0,6,19.705472391353723,-19.705472391353723,19.705472391353723,19.705472391353723,106.50805710987667,37.0794941832934,9.751835346221924,worst_uncertainty_stratified_mhz
5629,270.0,6,17.28261174042841,-17.28261174042841,17.28261174042841,17.28261174042841,104.57071982570466,30.422944557612357,8.82417873541514,worst_uncertainty_stratified_mhz
6346,270.0,6,11.048003947875477,-11.048003947875477,11.048003947875477,11.048003947875477,19.023679765171135,42.849867107274804,7.262228965759277,worst_uncertainty_stratified_mhz
5200,270.0,6,8.018510560577937,-8.018510560577937,8.018510560577937,8.018510560577937,31.223424020558824,37.36494197625481,7.840697964032491,worst_uncertainty_stratified_mhz
6196,270.0,6,7.850959289195383,-7.850959289195383,7.850959289195383,7.850959289195383,15.342980313421522,37.44366138317376,7.3477851549784345,worst_uncertainty_stratified_mhz
6379,270.0,6,7.691838685696259,-7.691838685696259,7.691838685696259,7.691838685696259,10.07128302535291,29.227080289043965,5.191692193349202,worst_uncertainty_stratified_mhz
5035,270.0,6,7.679644025344237,-7.679644025344237,7.679644025344237,7.679644025344237,50.57598009862903,26.878843394428678,6.646475334962209,worst_uncertainty_stratified_mhz
5219,280.0,6,7.843992404675498,-7.843992404675498,7.843992404675498,7.843992404675498,30.008488526453956,32.941446369109066,5.526705344518025,worst_uncertainty_stratified_mhz
5869,280.0,6,7.1225345052652225,-7.1225345052652225,7.1225345052652225,7.1225345052652225,30.264515209305213,37.10495624276867,7.015135685602824,worst_uncertainty_stratified_mhz
5221,280.0,6,7.029224712236701,-7.029224712236701,7.029224712236701,7.029224712236701,31.320780583386565,29.46419672906236,8.616809169451395,worst_uncertainty_stratified_mhz
5841,280.0,6,6.70622218976764,-6.70622218976764,6.70622218976764,6.70622218976764,28.233572130034148,32.89123490131274,5.755790670712789,worst_uncertainty_stratified_mhz
5213,280.0,6,6.401267968425566,-6.401267968425566,6.401267968425566,6.401267968425566,20.85988871809822,37.62829904325851,6.340849320093791,worst_uncertainty_stratified_mhz
5027,280.0,6,6.245359596587558,-6.245359596587558,6.245359596587558,6.245359596587558,20.440397497291688,37.489628195305194,4.959608395894368,worst_uncertainty_stratified_mhz
5939,280.0,6,6.130201354063627,-6.130201354063627,6.130201354063627,6.130201354063627,10.443318109413983,42.930175867331364,5.6393989721934,worst_uncertainty_stratified_mhz
5514,300.0,6,8.221569860647527,-8.221569860647527,8.221569860647527,8.221569860647527,34.05683237882429,37.53701876518402,7.677409410476685,worst_uncertainty_stratified_mhz
5154,300.0,6,7.225167276309741,-7.225167276309741,7.225167276309741,7.225167276309741,23.17800293718156,37.003002881147665,6.504943490028381,worst_uncertainty_stratified_mhz
5166,300.0,6,4.663246548674934,-4.663246548674934,4.663246548674934,4.663246548674934,9.248803766851786,23.127665011602208,4.849631826082866,worst_uncertainty_stratified_mhz
5539,300.0,6,4.583155859157676,-4.583155859157676,4.583155859157676,4.583155859157676,17.345042067703023,39.06582763604131,5.573497494061788,worst_uncertainty_stratified_mhz
6250,300.0,6,4.417577040258798,-4.417577040258798,4.417577040258798,4.417577040258798,9.114645195755081,37.10495624276867,5.960270802179973,worst_uncertainty_stratified_mhz
5749,300.0,6,3.565344825193593,-3.565344825193593,3.565344825193593,3.565344825193593,5.179708704912432,31.5,5.563239018122355,worst_uncertainty_stratified_mhz
6436,120.0,7,3.400843641144544,-3.400843641144544,3.400843641144544,3.400843641144544,8.644452277012457,31.5,7.339038848876953,worst_uncertainty_stratified_mhz
6657,150.0,7,7.985817762778195,-7.985817762778195,7.985817762778195,7.985817762778195,24.021235503737838,32.63135846935514,6.801415801048279,worst_uncertainty_stratified_mhz
6538,150.0,7,4.9036044762635775,-4.9036044762635775,4.9036044762635775,4.9036044762635775,25.61516701069192,31.502204508397327,7.587642590204875,worst_uncertainty_stratified_mhz
7231,150.0,7,4.226812984578312,-4.226812984578312,4.226812984578312,4.226812984578312,18.635537692095195,37.10495624276867,6.092577735582988,worst_uncertainty_stratified_mhz
6704,150.0,7,4.164049627247375,-4.164049627247375,4.164049627247375,4.164049627247375,20.29696754194352,31.502204508397327,5.416706800460815,worst_uncertainty_stratified_mhz
6918,150.0,7,3.6450195099588063,-3.6450195099588063,3.6450195099588063,3.6450195099588063,12.349138722134315,37.58434957975638,6.014457066853841,worst_uncertainty_stratified_mhz
6675,155.0,7,8.849039043200483,-8.849039043200483,8.849039043200483,8.849039043200483,28.976373313644064,39.06582763604131,6.107234239578247,worst_uncertainty_stratified_mhz
6500,155.0,7,7.509863633668415,-7.509863633668415,7.509863633668415,7.509863633668415,31.738236504337902,29.700823033863706,6.034424424171448,worst_uncertainty_stratified_mhz
7036,155.0,7,6.725470663635907,-6.725470663635907,6.725470663635907,6.725470663635907,25.816745909423606,30.835135082492435,7.334749341011047,worst_uncertainty_stratified_mhz
7290,155.0,7,6.4357851539345265,-6.4357851539345265,6.4357851539345265,6.4357851539345265,38.54607442806283,31.502204508397327,6.642194509506226,worst_uncertainty_stratified_mhz
6566,155.0,7,5.369393132710297,-5.369393132710297,5.369393132710297,5.369393132710297,20.25475063567897,37.62829904325851,6.675879001617432,worst_uncertainty_stratified_mhz
6708,155.0,7,5.169537724804785,-5.169537724804785,5.169537724804785,5.169537724804785,24.391685377540934,23.481671339342284,7.28225306669871,worst_uncertainty_stratified_mhz
7788,155.0,7,4.724595605771853,-4.724595605771853,4.724595605771853,4.724595605771853,8.024297147375371,37.62829904325851,6.7504022518793745,worst_uncertainty_stratified_mhz
7518,155.0,7,4.024743990717079,-4.024743990717079,4.024743990717079,4.024743990717079,10.455543164802314,37.62829904325851,5.149655322233836,worst_uncertainty_stratified_mhz
6731,170.0,7,11.427614710981219,-11.427614710981219,11.427614710981219,11.427614710981219,50.43417545764811,37.44477414955405,8.904523611068726,worst_uncertainty_stratified_mhz
7697,170.0,7,5.424937507854653,-5.424937507854653,5.424937507854653,5.424937507854653,23.557888182708098,29.698484809834994,6.2861950397491455,worst_uncertainty_stratified_mhz
7588,170.0,7,4.445281406559582,-4.445281406559582,4.445281406559582,4.445281406559582,10.640888417184488,42.8498671072748,5.371619979540507,worst_uncertainty_stratified_mhz
7855,180.0,7,13.31555952005085,-13.31555952005085,13.31555952005085,13.31555952005085,74.28384265712405,29.582746473052307,8.573075890541077,worst_uncertainty_stratified_mhz
7155,180.0,7,11.281507900974686,-11.281507900974686,11.281507900974686,11.281507900974686,29.435518399018758,41.585587781238715,7.361616810162862,worst_uncertainty_stratified_mhz
6663,180.0,7,11.005083034223492,-11.005083034223492,11.005083034223492,11.005083034223492,72.24828463423869,41.22162323613933,7.433018406232198,worst_uncertainty_stratified_mhz
7302,180.0,7,6.469442686804569,-6.469442686804569,6.469442686804569,6.469442686804569,38.145724536695184,31.502204508397327,6.144616723060608,worst_uncertainty_stratified_mhz
6934,180.0,7,5.797177821999644,-5.797177821999644,5.797177821999644,5.797177821999644,21.050805745749198,39.06582763604131,5.871321360270183,worst_uncertainty_stratified_mhz
7297,200.0,7,9.57217701679873,-9.57217701679873,9.57217701679873,9.57217701679873,53.441537603449945,42.849867107274804,7.362565835316976,worst_uncertainty_stratified_mhz
7783,200.0,7,9.566701456934128,-9.566701456934128,9.566701456934128,9.566701456934128,54.28827397355459,41.586923692697226,6.941322644551595,worst_uncertainty_stratified_mhz
6885,200.0,7,9.271556127650419,-9.271556127650419,9.271556127650419,9.271556127650419,61.94237936152209,37.44366138317376,6.563459972540538,worst_uncertainty_stratified_mhz
7979,200.0,7,6.730017650593178,-6.730017650593178,6.730017650593178,6.730017650593178,33.338344228655274,41.667999978667346,5.178309321403503,worst_uncertainty_stratified_mhz
6818,200.0,7,6.265715013546731,-6.265715013546731,6.265715013546731,6.265715013546731,14.855744133379408,37.35899415729022,5.674013415972392,worst_uncertainty_stratified_mhz
7197,200.0,7,5.769863539957168,-5.769863539957168,5.769863539957168,5.769863539957168,25.239944717745704,42.36252274514979,6.707284490267436,worst_uncertainty_stratified_mhz
7627,200.0,7,5.398593399529622,-5.398593399529622,5.398593399529622,5.398593399529622,14.462055281779968,41.667999978667346,6.7982016404469805,worst_uncertainty_stratified_mhz
7576,200.0,7,5.122299007678469,-5.122299007678469,5.122299007678469,5.122299007678469,16.215306400646686,29.698484809834994,4.791974584261577,worst_uncertainty_stratified_mhz
6443,230.0,7,21.026195193971315,-21.026195193971315,21.026195193971315,21.026195193971315,114.46832776648428,38.932990866073695,7.886735677719116,worst_uncertainty_stratified_mhz
7005,230.0,7,15.58083239934825,-15.58083239934825,15.58083239934825,15.58083239934825,101.31676555549602,32.84010082539672,10.563643137613932,worst_uncertainty_stratified_mhz
6831,230.0,7,9.633987275322516,-9.633987275322516,9.633987275322516,9.633987275322516,65.89171624875928,30.835135082492435,7.173439542452495,worst_uncertainty_stratified_mhz
7184,230.0,7,9.301776787805359,-9.301776787805359,9.301776787805359,9.301776787805359,25.802465672909467,41.710976439728135,9.883484641710917,worst_uncertainty_stratified_mhz
7867,230.0,7,8.789670339173743,-8.789670339173743,8.789670339173743,8.789670339173743,38.243432376047714,41.50133866649498,6.259565532207489,worst_uncertainty_stratified_mhz
7361,230.0,7,7.770493606381868,-7.770493606381868,7.770493606381868,7.770493606381868,39.344530412578585,42.891983192925714,6.364226122697194,worst_uncertainty_stratified_mhz
6733,230.0,7,7.752261428757778,-7.752261428757778,7.752261428757778,7.752261428757778,30.459000860723734,37.44922488442778,5.7073555787404375,worst_uncertainty_stratified_mhz
7118,230.0,7,6.992341138484184,-6.992341138484184,6.992341138484184,6.992341138484184,34.16684291538162,39.02349719506612,6.692641218503316,worst_uncertainty_stratified_mhz
7193,250.0,7,13.146827198064795,-13.146827198064795,13.146827198064795,13.146827198064795,52.31461312105905,41.585587781238715,7.091594199339549,worst_uncertainty_stratified_mhz
7377,250.0,7,10.166124825025243,-10.166124825025243,10.166124825025243,10.166124825025243,21.368192099858064,41.667999978667346,6.166163285573323,worst_uncertainty_stratified_mhz
7905,250.0,7,9.030317393704356,-9.030317393704356,9.030317393704356,9.030317393704356,45.60361058430737,38.932990866073695,6.52845283349355,worst_uncertainty_stratified_mhz
6995,250.0,7,8.503576812132911,-8.503576812132911,8.503576812132911,8.503576812132911,34.32385555217333,33.945217303440224,6.965776602427165,worst_uncertainty_stratified_mhz
7938,250.0,7,7.984604597544814,-7.984604597544814,7.984604597544814,7.984604597544814,33.55317317106518,37.44366138317376,5.819717387358348,worst_uncertainty_stratified_mhz
7451,250.0,7,7.409541680648223,-7.409541680648223,7.409541680648223,7.409541680648223,43.789932610903094,40.82653004549316,6.957954049110413,worst_uncertainty_stratified_mhz
6969,250.0,7,6.638417795437259,-6.638417795437259,6.638417795437259,6.638417795437259,23.63155691326627,36.18202438903729,8.077274322509766,worst_uncertainty_stratified_mhz
6690,250.0,7,6.243478674672352,-6.243478674672352,6.243478674672352,6.243478674672352,25.347806116388515,37.02926770362421,7.750250895818074,worst_uncertainty_stratified_mhz
6480,250.0,7,5.970661271872081,-5.970661271872081,5.970661271872081,5.970661271872081,28.64965402141713,42.8498671072748,5.831570704778035,worst_uncertainty_stratified_mhz
6958,250.0,7,5.960601257516962,-5.960601257516962,5.960601257516962,5.960601257516962,28.82297467129204,41.1140013999016,7.857523202896118,worst_uncertainty_stratified_mhz
7161,250.0,7,5.714292221686836,-5.714292221686836,5.714292221686836,5.714292221686836,32.18821847094918,37.25288952252936,5.966630061467488,worst_uncertainty_stratified_mhz
7256,265.0,7,7.456117995640304,-7.456117995640304,7.456117995640304,7.456117995640304,5.572252993772641,41.42630672518235,8.995898962020874,worst_uncertainty_stratified_mhz
7664,265.0,7,7.222213240011343,-7.222213240011343,7.222213240011343,7.222213240011343,5.61399924888691,42.849867107274804,8.860961755116781,worst_uncertainty_stratified_mhz
6691,265.0,7,6.610099103371045,-6.610099103371045,6.610099103371045,6.610099103371045,2.865902542278219,41.667999978667346,7.937831004460652,worst_uncertainty_stratified_mhz
7007,265.0,7,6.137608039255599,-6.137608039255599,6.137608039255599,6.137608039255599,4.027628437221488,37.62829904325851,9.150977770487467,worst_uncertainty_stratified_mhz
7028,265.0,7,5.72215224687325,-5.72215224687325,5.72215224687325,5.72215224687325,7.640205780786952,41.667999978667346,8.358561038970947,worst_uncertainty_stratified_mhz
6627,265.0,7,5.490064884828994,-5.490064884828994,5.490064884828994,5.490064884828994,3.6475846858155534,39.06582763604131,9.175702969233194,worst_uncertainty_stratified_mhz
6712,265.0,7,5.165690306791945,-5.165690306791945,5.165690306791945,5.165690306791945,7.81083975717399,40.56133900923665,9.065075794855753,worst_uncertainty_stratified_mhz
7038,265.0,7,5.010423150206191,-5.010423150206191,5.010423150206191,5.010423150206191,3.0567510625826846,29.006704205905383,8.95617643992106,worst_uncertainty_stratified_mhz
6589,265.0,7,4.9064123900942525,-4.9064123900942525,4.9064123900942525,4.9064123900942525,4.209219099153188,37.53701876518403,7.302669525146484,worst_uncertainty_stratified_mhz
7165,265.0,7,4.840706039866985,-4.840706039866985,4.840706039866985,4.840706039866985,2.385202263010626,34.50040257414075,8.766985654830933,worst_uncertainty_stratified_mhz
7233,265.0,7,4.829082251822188,-4.829082251822188,4.829082251822188,4.829082251822188,1.1476555181710575,37.489628195305194,8.067052443822226,worst_uncertainty_stratified_mhz
7966,270.0,7,23.894530361637745,-23.894530361637745,23.894530361637745,23.894530361637745,144.78010899758442,37.20700352233584,9.03192687034607,worst_uncertainty_stratified_mhz
6786,270.0,7,15.553442119918872,-15.553442119918872,15.553442119918872,15.553442119918872,89.00580426291465,32.61049592454007,7.6108540296554565,worst_uncertainty_stratified_mhz
6794,270.0,7,10.60923816136671,-10.60923816136671,10.60923816136671,10.60923816136671,31.755550986996138,32.89123490131274,8.642319957415262,worst_uncertainty_stratified_mhz
6647,270.0,7,9.073773815141433,-9.073773815141433,9.073773815141433,9.073773815141433,29.452844272947853,34.53661503068559,7.790281852086385,worst_uncertainty_stratified_mhz
7670,270.0,7,7.856309942791671,-7.856309942791671,7.856309942791671,7.856309942791671,34.610383432923435,37.53701876518403,7.332583665847778,worst_uncertainty_stratified_mhz
7358,270.0,7,6.942339492056567,-6.942339492056567,6.942339492056567,6.942339492056567,33.741240704137276,37.53701876518402,5.275868773460388,worst_uncertainty_stratified_mhz
7678,270.0,7,5.8582009015004255,-5.8582009015004255,5.8582009015004255,5.8582009015004255,26.561366852931485,42.891983192925714,6.339337905248006,worst_uncertainty_stratified_mhz
7930,280.0,7,10.183754267220102,-10.183754267220102,10.183754267220102,10.183754267220102,55.37845902141569,31.016124838541646,6.837093909581502,worst_uncertainty_stratified_mhz
7837,280.0,7,7.156669678970871,-7.156669678970871,7.156669678970871,7.156669678970871,48.1245541865268,38.75636148499438,6.680020372072856,worst_uncertainty_stratified_mhz
6702,280.0,7,7.113492489927809,-7.113492489927809,7.113492489927809,7.113492489927809,37.64740288530109,42.187412551349695,6.371734778086345,worst_uncertainty_stratified_mhz
6884,280.0,7,5.6363065002542605,-5.6363065002542605,5.6363065002542605,5.6363065002542605,10.629005829166612,38.88765871070152,4.7097798983256025,worst_uncertainty_stratified_mhz
7204,280.0,7,5.576779404622235,-5.576779404622235,5.576779404622235,5.576779404622235,21.756235766699124,38.932990866073695,5.8910969495773315,worst_uncertainty_stratified_mhz
6848,280.0,7,5.4496524628777925,-5.4496524628777925,5.4496524628777925,5.4496524628777925,19.76988255282169,41.50133866649498,7.043016632397969,worst_uncertainty_stratified_mhz
7663,280.0,7,5.251018473671804,-5.251018473671804,5.251018473671804,5.251018473671804,23.97912518690948,37.58434957975638,6.340434233347575,worst_uncertainty_stratified_mhz
7873,300.0,7,4.896569353841969,-4.896569353841969,4.896569353841969,4.896569353841969,12.509530621852251,38.932990866073695,4.434105674425761,worst_uncertainty_stratified_mhz
7045,300.0,7,4.315713261499283,-4.315713261499283,4.315713261499283,4.315713261499283,15.356341681320052,31.335106332816054,4.918865919113159,worst_uncertainty_stratified_mhz
6938,300.0,7,4.275093870856838,-4.275093870856838,4.275093870856838,4.275093870856838,20.884090819134435,29.47362285916756,5.439793388048808,worst_uncertainty_stratified_mhz
7957,300.0,7,3.6636121139967703,-3.6636121139967703,3.6636121139967703,3.6636121139967703,11.502177427197152,28.600699292150182,4.608092347780864,worst_uncertainty_stratified_mhz
7901,300.0,7,3.3279610485526514,-3.3279610485526514,3.3279610485526514,3.3279610485526514,21.90399867260253,32.89039035611736,5.007449825604756,worst_uncertainty_stratified_mhz
6650,300.0,7,3.022833526438407,-3.022833526438407,3.022833526438407,3.022833526438407,10.463497155545964,37.62829904325851,4.560514589150746,worst_uncertainty_stratified_mhz
8433,120.0,8,8.934529922432038,-8.934529922432038,8.934529922432038,8.934529922432038,21.79486655607263,42.97059718251798,6.815029223759969,worst_uncertainty_stratified_mhz
8019,150.0,8,19.243347089606754,-19.243347089606754,19.243347089606754,19.243347089606754,43.37009689175022,37.62829904325851,8.229150692621866,worst_uncertainty_stratified_mhz
8845,150.0,8,12.941382071690038,-12.941382071690038,12.941382071690038,12.941382071690038,41.222391540183146,32.941446369109066,7.475126306215922,worst_uncertainty_stratified_mhz
8818,150.0,8,10.726400786464328,-10.726400786464328,10.726400786464328,10.726400786464328,37.78313105099466,38.23356582318154,6.8048116366068525,worst_uncertainty_stratified_mhz
8182,150.0,8,8.72314676651107,-8.72314676651107,8.72314676651107,8.72314676651107,20.23329386466678,37.44477414955405,6.870927770932515,worst_uncertainty_stratified_mhz
8687,150.0,8,8.719763857552318,-8.719763857552318,8.719763857552318,8.719763857552318,30.109915199522096,29.700823033863706,6.857559124628703,worst_uncertainty_stratified_mhz
8289,155.0,8,16.732158740310286,-16.732158740310286,16.732158740310286,16.732158740310286,26.31609083325593,36.8936158283366,6.5594050486882525,worst_uncertainty_stratified_mhz
9143,155.0,8,15.096488833909033,-15.096488833909033,15.096488833909033,15.096488833909033,32.85327882763277,29.464196729062362,9.29274602731069,worst_uncertainty_stratified_mhz
8183,155.0,8,9.624291938849273,-9.624291938849273,9.624291938849273,9.624291938849273,24.869099993557285,31.5,5.417291601498921,worst_uncertainty_stratified_mhz
9538,155.0,8,8.825818976490693,-8.825818976490693,8.825818976490693,8.825818976490693,34.32948786410804,37.62829904325851,7.254912734031677,worst_uncertainty_stratified_mhz
8781,155.0,8,8.022500861606597,-8.022500861606597,8.022500861606597,8.022500861606597,36.30612463937561,23.407026485414352,7.099954287211101,worst_uncertainty_stratified_mhz
8362,155.0,8,7.24659234949466,-7.24659234949466,7.24659234949466,7.24659234949466,22.757212214168025,28.995210332436326,5.304576814174652,worst_uncertainty_stratified_mhz
9119,155.0,8,7.007499998452091,-7.007499998452091,7.007499998452091,7.007499998452091,18.699795525724507,41.667999978667346,7.8381409247716265,worst_uncertainty_stratified_mhz
9104,155.0,8,6.937473060267858,-6.937473060267858,6.937473060267858,6.937473060267858,12.973958565931405,39.06582763604131,6.655046780904134,worst_uncertainty_stratified_mhz
9127,170.0,8,34.8474551438917,-34.8474551438917,34.8474551438917,34.8474551438917,80.21577294881384,37.44366138317376,7.067601005236308,worst_uncertainty_stratified_mhz
9042,170.0,8,23.03785528080619,-23.03785528080619,23.03785528080619,23.03785528080619,117.9447793998245,31.002240062435632,10.002100030581156,worst_uncertainty_stratified_mhz
9425,170.0,8,17.551641102088183,-17.551641102088183,17.551641102088183,17.551641102088183,92.29151409365528,29.582746473052314,9.216498812039694,worst_uncertainty_stratified_mhz
8031,180.0,8,23.014516102818206,-23.014516102818206,23.014516102818206,23.014516102818206,109.46192820622299,37.58434957975638,10.88662032286326,worst_uncertainty_stratified_mhz
8464,180.0,8,14.434545564842308,-14.434545564842308,14.434545564842308,14.434545564842308,81.78920643722049,40.66154339312652,7.406108260154724,worst_uncertainty_stratified_mhz
9194,180.0,8,12.432614153598102,-12.432614153598102,12.432614153598102,12.432614153598102,35.39800961392124,41.42127740934872,10.495214064915976,worst_uncertainty_stratified_mhz
8308,180.0,8,11.100095627986637,-11.100095627986637,11.100095627986637,11.100095627986637,65.16981718743541,37.58434957975638,9.58154527346293,worst_uncertainty_stratified_mhz
8099,180.0,8,10.86764152097448,-10.86764152097448,10.86764152097448,10.86764152097448,53.87862010890816,32.62965590447506,7.500230431556702,worst_uncertainty_stratified_mhz
9084,200.0,8,18.74195068073204,-18.74195068073204,18.74195068073204,18.74195068073204,100.44628749618164,43.8520238985614,9.22575338681539,worst_uncertainty_stratified_mhz
8914,200.0,8,14.442162688567054,-14.442162688567054,14.442162688567054,14.442162688567054,71.87935846612517,38.768543949960254,7.331298271814982,worst_uncertainty_stratified_mhz
9547,200.0,8,13.652152095388535,-13.652152095388535,13.652152095388535,13.652152095388535,29.04627097772818,36.65984785080872,10.700042128562927,worst_uncertainty_stratified_mhz
8013,200.0,8,12.988729526367079,-12.988729526367079,12.988729526367079,12.988729526367079,43.4782218209638,29.034940636718684,5.641977787017822,worst_uncertainty_stratified_mhz
8789,200.0,8,12.935702368509961,-12.935702368509961,12.935702368509961,12.935702368509961,27.233727536312347,41.81340826949068,8.73928153514862,worst_uncertainty_stratified_mhz
8695,200.0,8,12.637099946024176,-12.637099946024176,12.637099946024176,12.637099946024176,33.48859340494482,38.932990866073695,6.5625059604644775,worst_uncertainty_stratified_mhz
8816,200.0,8,11.747043001609557,-11.747043001609557,11.747043001609557,11.747043001609557,67.23170023197831,37.53701876518403,8.214775244394938,worst_uncertainty_stratified_mhz
8414,200.0,8,11.643028082481603,-11.643028082481603,11.643028082481603,11.643028082481603,48.2529999197151,36.153991634549996,9.181333661079407,worst_uncertainty_stratified_mhz
8702,230.0,8,21.591325587459096,-21.591325587459096,21.591325587459096,21.591325587459096,115.80313886639478,35.91347626974835,10.677241961161295,worst_uncertainty_stratified_mhz
9220,230.0,8,21.27796929275333,-21.27796929275333,21.27796929275333,21.27796929275333,87.84900096032094,37.44366138317376,10.934068282445272,worst_uncertainty_stratified_mhz
9245,230.0,8,20.363984194349396,-20.363984194349396,20.363984194349396,20.363984194349396,77.95893492676122,36.32798125718276,11.399819254875183,worst_uncertainty_stratified_mhz
8285,230.0,8,14.585915511583023,-14.585915511583023,14.585915511583023,14.585915511583023,81.01827631287486,37.36494197625481,7.970807194709778,worst_uncertainty_stratified_mhz
8391,230.0,8,13.316494628811174,-13.316494628811174,13.316494628811174,13.316494628811174,36.18906982542611,29.582746473052307,7.746280670166016,worst_uncertainty_stratified_mhz
9056,230.0,8,10.359713187188355,-10.359713187188355,10.359713187188355,10.359713187188355,33.187962243850855,38.80041523260057,6.513416945934296,worst_uncertainty_stratified_mhz
9551,230.0,8,9.374762612846421,-9.374762612846421,9.374762612846421,9.374762612846421,46.85767990903694,41.08291074833374,6.301450530687968,worst_uncertainty_stratified_mhz
8510,230.0,8,9.331743928042345,-9.331743928042345,9.331743928042345,9.331743928042345,31.504235994275906,32.89123490131274,7.801003098487854,worst_uncertainty_stratified_mhz
9556,250.0,8,18.187958219963622,-18.187958219963622,18.187958219963622,18.187958219963622,112.23777798026003,42.769407550517016,10.362868984540304,worst_uncertainty_stratified_mhz
8636,250.0,8,17.744998771662402,-17.744998771662402,17.744998771662402,17.744998771662402,89.10692666757326,29.004310024546353,8.920055508613586,worst_uncertainty_stratified_mhz
8194,250.0,8,14.578203933764678,-14.578203933764678,14.578203933764678,14.578203933764678,37.47322157398811,37.59580354832763,7.4364027579625445,worst_uncertainty_stratified_mhz
8681,250.0,8,14.576251067078447,-14.576251067078447,14.576251067078447,14.576251067078447,46.55018472905394,37.25736317979456,7.111884315808614,worst_uncertainty_stratified_mhz
8822,250.0,8,12.761408798670864,-12.761408798670864,12.761408798670864,12.761408798670864,60.92329569126852,40.331267164708706,7.460186680157979,worst_uncertainty_stratified_mhz
8310,250.0,8,9.392658306455044,-9.392658306455044,9.392658306455044,9.392658306455044,34.19186703896785,42.7281458109809,7.22014053662618,worst_uncertainty_stratified_mhz
9208,250.0,8,7.729808752518518,-7.729808752518518,7.729808752518518,7.729808752518518,44.57436398572208,37.88176048941994,7.55208146572113,worst_uncertainty_stratified_mhz
9046,250.0,8,7.651130989298433,-7.651130989298433,7.651130989298433,7.651130989298433,31.0141774030229,43.962420821019904,8.069557468096415,worst_uncertainty_stratified_mhz
9527,250.0,8,6.58042718905176,-6.58042718905176,6.58042718905176,6.58042718905176,31.094289285412177,41.585587781238715,6.642952720324199,worst_uncertainty_stratified_mhz
8299,250.0,8,6.392028408021565,-6.392028408021565,6.392028408021565,6.392028408021565,12.662121216910085,29.698484809834994,7.113280534744263,worst_uncertainty_stratified_mhz
8300,250.0,8,5.733560530652511,-5.733560530652511,5.733560530652511,5.733560530652511,24.920920169816895,31.502204508397327,5.770957787831624,worst_uncertainty_stratified_mhz
9403,265.0,8,9.73709107670181,-9.73709107670181,9.73709107670181,9.73709107670181,4.970417580573698,41.35751980528383,10.009729782740274,worst_uncertainty_stratified_mhz
8806,265.0,8,8.3077636342865,-8.3077636342865,8.3077636342865,8.3077636342865,7.488839494704236,36.54601361449851,8.43104370435079,worst_uncertainty_stratified_mhz
9115,265.0,8,7.463951606332504,-7.463951606332504,7.463951606332504,7.463951606332504,3.601255662162083,30.606825673005975,7.814026912053426,worst_uncertainty_stratified_mhz
8163,265.0,8,6.916480903168761,-6.916480903168761,6.916480903168761,6.916480903168761,2.527981367829246,43.84442191811102,9.34515380859375,worst_uncertainty_stratified_mhz
8009,265.0,8,6.562204652771953,-6.562204652771953,6.562204652771953,6.562204652771953,9.081023176265598,37.90192020934501,8.491804202397665,worst_uncertainty_stratified_mhz
8598,265.0,8,6.468089098030633,-6.468089098030633,6.468089098030633,6.468089098030633,4.574495222940464,33.01598939234679,8.364554246266684,worst_uncertainty_stratified_mhz
8680,265.0,8,6.344932030344178,-6.344932030344178,6.344932030344178,6.344932030344178,4.041081062039489,39.06582763604131,8.973893960316977,worst_uncertainty_stratified_mhz
8497,265.0,8,5.469015337966557,-5.469015337966557,5.469015337966557,5.469015337966557,4.654810322957928,37.27078092971907,8.140017032623291,worst_uncertainty_stratified_mhz
8029,265.0,8,5.40147546794653,-5.40147546794653,5.40147546794653,5.40147546794653,4.686332823836362,41.50133866649498,7.844536781311035,worst_uncertainty_stratified_mhz
8355,265.0,8,5.3989246329177325,-5.3989246329177325,5.3989246329177325,5.3989246329177325,3.45072878410553,38.488815114119696,8.809038241704306,worst_uncertainty_stratified_mhz
9549,265.0,8,5.319700617374656,-5.319700617374656,5.319700617374656,5.319700617374656,2.28700942962698,37.62829904325851,8.696670691172281,worst_uncertainty_stratified_mhz
9240,270.0,8,16.175398212812432,-16.175398212812432,16.175398212812432,16.175398212812432,65.09065341662588,41.50133866649498,7.720417380332947,worst_uncertainty_stratified_mhz
8482,270.0,8,7.342316430022481,-7.342316430022481,7.342316430022481,7.342316430022481,39.55494776385214,37.082865165584074,6.057499368985494,worst_uncertainty_stratified_mhz
8074,270.0,8,5.692173568446555,-5.692173568446555,5.692173568446555,5.692173568446555,15.383465649844913,42.97059718251798,5.842510342597961,worst_uncertainty_stratified_mhz
9048,270.0,8,5.3649289883163656,-5.3649289883163656,5.3649289883163656,5.3649289883163656,20.432317437902878,40.952547065000864,6.54056457678477,worst_uncertainty_stratified_mhz
8453,270.0,8,4.827667854914192,-4.827667854914192,4.827667854914192,4.827667854914192,16.476049601674713,37.05139073713099,5.750664472579956,worst_uncertainty_stratified_mhz
8283,270.0,8,4.489668487590008,-4.489668487590008,4.489668487590008,4.489668487590008,7.832950338078905,37.40060902653264,4.49831348657608,worst_uncertainty_stratified_mhz
9243,270.0,8,4.267014749322371,-4.267014749322371,4.267014749322371,4.267014749322371,20.37040130209539,32.89123490131274,6.1426494518915815,worst_uncertainty_stratified_mhz
8990,280.0,8,12.782449994606369,-12.782449994606369,12.782449994606369,12.782449994606369,48.331785324081615,27.618934728833324,8.170947035153707,worst_uncertainty_stratified_mhz
8840,280.0,8,6.872426314191711,-6.872426314191711,6.872426314191711,6.872426314191711,20.00051641882743,38.932990866073695,5.22881293296814,worst_uncertainty_stratified_mhz
8705,280.0,8,6.665997767235135,-6.665997767235135,6.665997767235135,6.665997767235135,31.58952756589932,38.84191607586377,7.114941716194153,worst_uncertainty_stratified_mhz
8176,280.0,8,5.945488118446183,-5.945488118446183,5.945488118446183,5.945488118446183,15.8353187091558,23.47871376374779,4.924665093421936,worst_uncertainty_stratified_mhz
8921,280.0,8,5.865247253136558,-5.865247253136558,5.865247253136558,5.865247253136558,13.111967438889087,41.42127740934872,4.440125644207001,worst_uncertainty_stratified_mhz
8027,280.0,8,5.7869295710145225,-5.7869295710145225,5.7869295710145225,5.7869295710145225,14.439912472673251,23.40702648541435,4.339866042137146,worst_uncertainty_stratified_mhz
8924,280.0,8,4.653059197603649,-4.653059197603649,4.653059197603649,4.653059197603649,24.184297608524528,29.582746473052307,5.315894881884257,worst_uncertainty_stratified_mhz
8135,300.0,8,8.097886623541822,-8.097886623541822,8.097886623541822,8.097886623541822,39.76820850103084,28.56231005285734,6.6629718542099,worst_uncertainty_stratified_mhz
8088,300.0,8,6.624139888259331,-6.624139888259331,6.624139888259331,6.624139888259331,32.81841114233229,32.941446369109066,6.790535569190979,worst_uncertainty_stratified_mhz
8668,300.0,8,5.336641687399275,-5.336641687399275,5.336641687399275,5.336641687399275,30.245581847392987,31.502204508397327,4.76533309618632,worst_uncertainty_stratified_mhz
9058,300.0,8,3.793453392785455,-3.793453392785455,3.793453392785455,3.793453392785455,13.871114909809963,37.36494197625481,4.447486122449239,worst_uncertainty_stratified_mhz
8252,300.0,8,3.35221643054036,-3.35221643054036,3.35221643054036,3.35221643054036,9.441035241560025,42.930175867331364,4.713800549507141,worst_uncertainty_stratified_mhz
8711,300.0,8,3.0489513791585834,-3.0489513791585834,3.0489513791585834,3.0489513791585834,5.209842347638959,23.47871376374779,4.013773798942566,worst_uncertainty_stratified_mhz
10749,120.0,9,7.945408739751093,-7.945408739751093,7.945408739751093,7.945408739751093,14.131100203798491,23.127665011602208,6.652415116628011,worst_uncertainty_stratified_mhz
10397,150.0,9,15.651247373139833,-15.651247373139833,15.651247373139833,15.651247373139833,70.78535771618566,38.932990866073695,8.97327466805776,worst_uncertainty_stratified_mhz
11106,150.0,9,15.266290555244217,-15.266290555244217,15.266290555244217,15.266290555244217,46.82215092005925,37.06038615856859,8.593003114064535,worst_uncertainty_stratified_mhz
10937,150.0,9,15.164394398661154,-15.164394398661154,15.164394398661154,15.164394398661154,65.05722165149272,36.402075642895845,9.532546361287435,worst_uncertainty_stratified_mhz
10968,150.0,9,14.007359476791779,-14.007359476791779,14.007359476791779,14.007359476791779,48.12350770813392,37.307282577713075,8.664669116338095,worst_uncertainty_stratified_mhz
10256,150.0,9,11.754065852870514,-11.754065852870514,11.754065852870514,11.754065852870514,34.5920676160054,43.40634874198832,9.523474057515463,worst_uncertainty_stratified_mhz
10364,155.0,9,14.499049407865355,-14.499049407865355,14.499049407865355,14.499049407865355,64.34931067099508,23.481671339342284,10.269951343536377,worst_uncertainty_stratified_mhz
10138,155.0,9,12.440488564917183,-12.440488564917183,12.440488564917183,12.440488564917183,49.27241521487891,37.39949494608479,6.92318852742513,worst_uncertainty_stratified_mhz
9715,155.0,9,11.22808051195001,-11.22808051195001,11.22808051195001,11.22808051195001,28.915152055185747,44.1955880150949,9.856211185455322,worst_uncertainty_stratified_mhz
11142,155.0,9,10.44520962946323,-10.44520962946323,10.44520962946323,10.44520962946323,46.06336283916462,41.586923692697226,7.914217432339986,worst_uncertainty_stratified_mhz
9919,155.0,9,9.846663790958134,-9.846663790958134,9.846663790958134,9.846663790958134,44.155591247028916,31.168449146889266,8.799163381258646,worst_uncertainty_stratified_mhz
10789,155.0,9,8.041205713823329,-8.041205713823329,8.041205713823329,8.041205713823329,29.446557423683135,37.149098987129626,7.949221293131511,worst_uncertainty_stratified_mhz
9685,155.0,9,7.451547527997719,-7.451547527997719,7.451547527997719,7.451547527997719,16.54801847223198,37.62829904325851,6.097855011622111,worst_uncertainty_stratified_mhz
10170,155.0,9,7.229971391498689,-7.229971391498689,7.229971391498689,7.229971391498689,25.605955251994242,39.06582763604131,6.420051097869873,worst_uncertainty_stratified_mhz
10997,170.0,9,24.032197081372793,-24.032197081372793,24.032197081372793,24.032197081372793,68.66009261212977,43.743253448071535,12.97178856531779,worst_uncertainty_stratified_mhz
9682,170.0,9,13.321735713482907,-13.321735713482907,13.321735713482907,13.321735713482907,66.06504352637567,42.61715877697881,7.3773521184921265,worst_uncertainty_stratified_mhz
11122,170.0,9,8.163722323716085,-8.163722323716085,8.163722323716085,8.163722323716085,30.939849029363558,37.62829904325851,5.862042347590129,worst_uncertainty_stratified_mhz
10975,180.0,9,43.36119560661698,-43.36119560661698,43.36119560661698,43.36119560661698,273.1505487804631,29.700823033863706,10.6539915005366,worst_uncertainty_stratified_mhz
10396,180.0,9,27.51169600404105,-27.51169600404105,27.51169600404105,27.51169600404105,163.9331386134305,29.700823033863706,10.7098388671875,worst_uncertainty_stratified_mhz
10357,180.0,9,20.37279240609111,-20.37279240609111,20.37279240609111,20.37279240609111,125.7014893790511,37.53701876518403,8.994892239570618,worst_uncertainty_stratified_mhz
10941,180.0,9,19.542092667312776,-19.542092667312776,19.542092667312776,19.542092667312776,101.18527271330902,36.79258681371078,12.341381390889486,worst_uncertainty_stratified_mhz
9668,180.0,9,16.980108677657604,-16.980108677657604,16.980108677657604,16.980108677657604,41.367873480071665,42.77103121402512,11.697072347005209,worst_uncertainty_stratified_mhz
9656,200.0,9,59.928555925270096,-59.928555925270096,59.928555925270096,59.928555925270096,289.31590785125746,36.484776124966004,14.596460898717245,worst_uncertainty_stratified_mhz
9718,200.0,9,57.33068670211705,-57.33068670211705,57.33068670211705,57.33068670211705,229.29458231132006,37.90631726887867,13.269639531771341,worst_uncertainty_stratified_mhz
9653,200.0,9,33.60287237006083,-33.60287237006083,33.60287237006083,33.60287237006083,129.25052533072008,42.10073897477599,16.648517727851868,worst_uncertainty_stratified_mhz
9641,200.0,9,29.55561436846648,-29.55561436846648,29.55561436846648,29.55561436846648,170.39449936785653,42.112283771418106,11.708147605260214,worst_uncertainty_stratified_mhz
10434,200.0,9,26.559783384496995,-26.559783384496995,26.559783384496995,26.559783384496995,112.73349770864418,36.93838713918685,12.066267013549805,worst_uncertainty_stratified_mhz
10175,200.0,9,24.419184216079575,-24.419184216079575,24.419184216079575,24.419184216079575,79.14512229124412,41.33669341181298,13.44814932346344,worst_uncertainty_stratified_mhz
10784,200.0,9,23.291698515298794,-23.291698515298794,23.291698515298794,23.291698515298794,99.64572257673632,42.642245615247695,9.67408780256907,worst_uncertainty_stratified_mhz
10949,200.0,9,22.95022216257282,-22.95022216257282,22.95022216257282,22.95022216257282,85.82445722722166,21.356757972855128,11.972843448321024,worst_uncertainty_stratified_mhz
10097,230.0,9,20.282988213982872,-20.282988213982872,20.282988213982872,20.282988213982872,78.47959278784977,35.4440090534039,9.575806339581808,worst_uncertainty_stratified_mhz
9990,230.0,9,15.812339146611748,-15.812339146611748,15.812339146611748,15.812339146611748,82.01356913237852,30.56550343115585,8.332537055015564,worst_uncertainty_stratified_mhz
10314,230.0,9,15.337950643491519,-15.337950643491519,15.337950643491519,15.337950643491519,98.09531735086414,38.36810017594188,10.462822397549948,worst_uncertainty_stratified_mhz
9868,230.0,9,14.912559927820954,-14.912559927820954,14.912559927820954,14.912559927820954,75.07619447351745,39.57622743235866,8.96573801835378,worst_uncertainty_stratified_mhz
10404,230.0,9,14.90643761052129,-14.90643761052129,14.90643761052129,14.90643761052129,62.313250878081384,40.51817150640219,9.134518225987753,worst_uncertainty_stratified_mhz
10624,230.0,9,11.664946584808467,-11.664946584808467,11.664946584808467,11.664946584808467,40.150639454367926,32.93132584974711,9.398648659388224,worst_uncertainty_stratified_mhz
9651,230.0,9,10.367362086219869,-10.367362086219869,10.367362086219869,10.367362086219869,23.573153547020166,32.941446369109066,6.79801066716512,worst_uncertainty_stratified_mhz
10226,230.0,9,9.901519985136082,-9.901519985136082,9.901519985136082,9.901519985136082,38.209599543080735,39.06582763604131,8.927631894747416,worst_uncertainty_stratified_mhz
10690,250.0,9,23.1283707483981,-23.1283707483981,23.1283707483981,23.1283707483981,84.89444259318107,35.31367377596892,10.587120731671652,worst_uncertainty_stratified_mhz
10025,250.0,9,13.837642471053838,-13.837642471053838,13.837642471053838,13.837642471053838,31.195297470725865,37.09821798655264,10.434942245483398,worst_uncertainty_stratified_mhz
10462,250.0,9,12.700981087305301,-12.700981087305301,12.700981087305301,12.700981087305301,37.75922061048999,36.711336426534814,8.683523654937744,worst_uncertainty_stratified_mhz
9636,250.0,9,11.79756249031282,-11.79756249031282,11.79756249031282,11.79756249031282,53.341711919344135,37.684730181983376,7.135564923286438,worst_uncertainty_stratified_mhz
10029,250.0,9,10.329963043178605,-10.329963043178605,10.329963043178605,10.329963043178605,42.25916575763674,36.97934859110179,8.016228159268698,worst_uncertainty_stratified_mhz
10082,250.0,9,10.14986736478962,-10.14986736478962,10.14986736478962,10.14986736478962,39.62717694183506,28.128672599719707,8.354093392690023,worst_uncertainty_stratified_mhz
10080,250.0,9,10.02650544650562,-10.02650544650562,10.02650544650562,10.02650544650562,38.07237233390397,40.42036065593126,6.337180932362874,worst_uncertainty_stratified_mhz
10795,250.0,9,9.85004095922252,-9.85004095922252,9.85004095922252,9.85004095922252,44.697084373094015,36.832202094242355,7.5400993426640825,worst_uncertainty_stratified_mhz
11068,250.0,9,9.578187820660427,-9.578187820660427,9.578187820660427,9.578187820660427,32.251904671882336,40.66154339312652,6.745923280715942,worst_uncertainty_stratified_mhz
9807,250.0,9,8.897997816842015,-8.897997816842015,8.897997816842015,8.897997816842015,44.30109665959649,29.700823033863706,7.379214962323506,worst_uncertainty_stratified_mhz
10241,250.0,9,8.857589817708918,-8.857589817708918,8.857589817708918,8.857589817708918,35.33875441068916,41.41926551202418,6.866288383801778,worst_uncertainty_stratified_mhz
11002,265.0,9,7.760636668306997,-7.760636668306997,7.760636668306997,7.760636668306997,4.946540809445044,36.51065293551702,7.89788818359375,worst_uncertainty_stratified_mhz
10258,265.0,9,7.725164128611744,-7.725164128611744,7.725164128611744,7.725164128611744,3.22645486953704,36.95079310530575,8.196762720743815,worst_uncertainty_stratified_mhz
11061,265.0,9,7.5740832669786995,-7.5740832669786995,7.5740832669786995,7.5740832669786995,7.095556802523536,36.26943923225478,8.022844155629477,worst_uncertainty_stratified_mhz
10112,265.0,9,7.530274816325174,-7.530274816325174,7.530274816325174,7.530274816325174,3.0403815837083243,41.44373696149194,9.34685492515564,worst_uncertainty_stratified_mhz
10199,265.0,9,7.443875034406428,-7.443875034406428,7.443875034406428,7.443875034406428,7.769384768401223,41.33770138209859,8.645344893137613,worst_uncertainty_stratified_mhz
10479,265.0,9,7.353586645565216,-7.353586645565216,7.353586645565216,7.353586645565216,3.5786644159075287,34.348297709719986,9.897313038508097,worst_uncertainty_stratified_mhz
9793,265.0,9,7.338050418237836,-7.338050418237836,7.338050418237836,7.338050418237836,4.913812367778038,37.83737129699507,9.470721562703451,worst_uncertainty_stratified_mhz
10751,265.0,9,7.290312597997029,-7.290312597997029,7.290312597997029,7.290312597997029,5.178762755859332,38.932990866073695,6.876812060674031,worst_uncertainty_stratified_mhz
11170,265.0,9,7.289007597333181,-7.289007597333181,7.289007597333181,7.289007597333181,0.8842823972799022,42.242027518679656,10.03473154703776,worst_uncertainty_stratified_mhz
10218,265.0,9,7.228267608266429,-7.228267608266429,7.228267608266429,7.228267608266429,4.858798086572563,36.51065293551702,8.410941362380981,worst_uncertainty_stratified_mhz
10932,265.0,9,6.797684057740944,-6.797684057740944,6.797684057740944,6.797684057740944,3.3050385618929,42.849867107274804,8.048696279525757,worst_uncertainty_stratified_mhz
10834,270.0,9,9.444857707928172,-9.444857707928172,9.444857707928172,9.444857707928172,36.21411257474028,38.91086680550249,7.940345327059428,worst_uncertainty_stratified_mhz
10095,270.0,9,8.6504780687066,-8.6504780687066,8.6504780687066,8.6504780687066,43.515211360225436,41.585587781238715,6.7883602778116865,worst_uncertainty_stratified_mhz
9661,270.0,9,8.081830343596964,-8.081830343596964,8.081830343596964,8.081830343596964,22.38797853154062,42.60803262818461,7.868171850840251,worst_uncertainty_stratified_mhz
10039,270.0,9,7.784921054834779,-7.784921054834779,7.784921054834779,7.784921054834779,24.914130784942813,38.74166577041657,6.803503751754761,worst_uncertainty_stratified_mhz
9696,270.0,9,7.562196492229558,-7.562196492229558,7.562196492229558,7.562196492229558,55.01472090231142,34.719911034192215,8.392677704493204,worst_uncertainty_stratified_mhz
11067,270.0,9,7.1663093262467275,-7.1663093262467275,7.1663093262467275,7.1663093262467275,24.324127636420325,37.127782349909104,7.134904781977336,worst_uncertainty_stratified_mhz
10375,270.0,9,7.127807625551755,-7.127807625551755,7.127807625551755,7.127807625551755,17.768153361074564,40.337809668955614,6.677996317545573,worst_uncertainty_stratified_mhz
9938,280.0,9,8.89450514432632,-8.89450514432632,8.89450514432632,8.89450514432632,27.6951140026147,32.36167143053303,5.662280420462291,worst_uncertainty_stratified_mhz
10628,280.0,9,5.158151705805778,-5.158151705805778,5.158151705805778,5.158151705805778,17.853172577900654,32.941446369109066,5.2248969078063965,worst_uncertainty_stratified_mhz
10088,280.0,9,4.079041382593952,-4.079041382593952,4.079041382593952,4.079041382593952,20.134765637309414,38.917291215545255,5.400182167689006,worst_uncertainty_stratified_mhz
10918,280.0,9,4.035917028484692,-4.035917028484692,4.035917028484692,4.035917028484692,14.711142284150212,36.87403482729337,6.06069012482961,worst_uncertainty_stratified_mhz
11113,280.0,9,3.7713377277084303,-3.7713377277084303,3.7713377277084303,3.7713377277084303,11.858611657032478,41.585587781238715,6.631207227706909,worst_uncertainty_stratified_mhz
10157,280.0,9,3.6155983087935977,-3.6155983087935977,3.6155983087935977,3.6155983087935977,14.989533634798434,31.5,4.724927306175232,worst_uncertainty_stratified_mhz
9911,280.0,9,3.4217078632389826,-3.4217078632389826,3.4217078632389826,3.4217078632389826,17.007730719275628,38.88765871070152,5.598821401596069,worst_uncertainty_stratified_mhz
9997,300.0,9,5.705714137902572,-5.705714137902572,5.705714137902572,5.705714137902572,26.027558808516165,37.33221724522191,6.085375746091207,worst_uncertainty_stratified_mhz
10868,300.0,9,4.073032300965524,-4.073032300965524,4.073032300965524,4.073032300965524,42.46975845180736,38.495309959641695,5.843622088432312,worst_uncertainty_stratified_mhz
9870,300.0,9,3.9587002458437754,-3.9587002458437754,3.9587002458437754,3.9587002458437754,12.673453655770127,38.71297514328296,7.4472646315892534,worst_uncertainty_stratified_mhz
9904,300.0,9,3.9267684907538127,-3.9267684907538127,3.9267684907538127,3.9267684907538127,25.605208701755775,41.585587781238715,4.633642474810283,worst_uncertainty_stratified_mhz
10293,300.0,9,3.505745077081635,-3.505745077081635,3.505745077081635,3.505745077081635,7.133664023350594,34.07874867290627,5.826053341229756,worst_uncertainty_stratified_mhz
10197,300.0,9,2.5823221131648144,-2.5823221131648144,2.5823221131648144,2.5823221131648144,10.875233815451617,42.49705872175156,4.693511128425598,worst_uncertainty_stratified_mhz
12749,120.0,10,12.41476390214707,-12.41476390214707,12.41476390214707,12.41476390214707,51.090150764382564,36.275948567121496,7.580272197723389,worst_uncertainty_stratified_mhz
12469,150.0,10,23.697477081848238,-23.697477081848238,23.697477081848238,23.697477081848238,143.27440917277931,39.02349719506612,9.319488962491354,worst_uncertainty_stratified_mhz
11996,150.0,10,10.88235806263895,-10.88235806263895,10.88235806263895,10.88235806263895,41.76474513969001,32.843484048505644,7.963524142901103,worst_uncertainty_stratified_mhz
12208,150.0,10,9.690058807194026,-9.690058807194026,9.690058807194026,9.690058807194026,33.37444058316242,41.667999978667346,9.241914550463358,worst_uncertainty_stratified_mhz
11870,150.0,10,8.542818183273273,-8.542818183273273,8.542818183273273,8.542818183273273,43.55179135471422,41.58558778123872,8.609845678011576,worst_uncertainty_stratified_mhz
12480,150.0,10,8.402286475400867,-8.402286475400867,8.402286475400867,8.402286475400867,43.373256848067825,37.62829904325851,8.043977936108908,worst_uncertainty_stratified_mhz
11761,155.0,10,18.673979971690553,-18.673979971690553,18.673979971690553,18.673979971690553,66.21922131986787,24.741440719749708,12.296549638112387,worst_uncertainty_stratified_mhz
11909,155.0,10,16.670637609577103,-16.670637609577103,16.670637609577103,16.670637609577103,61.591258911153524,42.61715877697881,9.783599177996317,worst_uncertainty_stratified_mhz
11312,155.0,10,15.472184779067025,-15.472184779067025,15.472184779067025,15.472184779067025,79.16492071064414,29.702225879927283,12.74430775642395,worst_uncertainty_stratified_mhz
12128,155.0,10,12.140657942069673,-12.140657942069673,12.140657942069673,12.140657942069673,35.95410428929744,37.25288952252936,10.210715651512146,worst_uncertainty_stratified_mhz
12151,155.0,10,11.920626468141402,-11.920626468141402,11.920626468141402,11.920626468141402,60.83864474253516,37.90961472883744,8.211359858512878,worst_uncertainty_stratified_mhz
12477,155.0,10,11.857845260878603,-11.857845260878603,11.857845260878603,11.857845260878603,43.9202037924307,31.5,8.777373512585958,worst_uncertainty_stratified_mhz
11708,155.0,10,11.625838404035603,-11.625838404035603,11.625838404035603,11.625838404035603,58.505947333094376,42.891983192925714,8.514318545659384,worst_uncertainty_stratified_mhz
12657,155.0,10,8.976232167710748,-8.976232167710748,8.976232167710748,8.976232167710748,45.48078331635312,38.84656426964366,6.112361629803975,worst_uncertainty_stratified_mhz
11649,170.0,10,31.784836668783857,-31.784836668783857,31.784836668783857,31.784836668783857,175.4847015540287,39.02349719506612,10.751568675041199,worst_uncertainty_stratified_mhz
12374,170.0,10,17.063629074677156,-17.063629074677156,17.063629074677156,17.063629074677156,61.42511151474476,44.07821331325589,9.085702379544577,worst_uncertainty_stratified_mhz
12111,170.0,10,13.777024746472659,-13.777024746472659,13.777024746472659,13.777024746472659,45.08675782230522,38.63396605751645,11.036720871925354,worst_uncertainty_stratified_mhz
11789,180.0,10,54.897857371869584,-54.897857371869584,54.897857371869584,54.897857371869584,216.49137740663232,41.678998175206765,17.325724919637043,worst_uncertainty_stratified_mhz
11527,180.0,10,46.812609503572595,-46.812609503572595,46.812609503572595,46.812609503572595,141.81095831178308,42.999354000315456,13.398067474365234,worst_uncertainty_stratified_mhz
12296,180.0,10,39.571106326040635,-39.571106326040635,39.571106326040635,39.571106326040635,182.33659028051372,42.537891605276144,13.472548286120096,worst_uncertainty_stratified_mhz
11408,180.0,10,39.260121739895325,-39.260121739895325,39.260121739895325,39.260121739895325,203.69411429370416,40.94847711182649,13.129018485546112,worst_uncertainty_stratified_mhz
11756,180.0,10,39.11689604187515,-39.11689604187515,39.11689604187515,39.11689604187515,183.0925673793378,38.619583403012285,14.323569655418396,worst_uncertainty_stratified_mhz
11692,200.0,10,74.31290322638385,-74.31290322638385,74.31290322638385,74.31290322638385,318.5132559177545,38.847279327014796,16.837228000164032,worst_uncertainty_stratified_mhz
11237,200.0,10,58.16755636611985,-58.16755636611985,58.16755636611985,58.16755636611985,262.40285167161255,40.616430720146305,15.179373423258463,worst_uncertainty_stratified_mhz
12295,200.0,10,51.74370275815925,-51.74370275815925,51.74370275815925,51.74370275815925,273.910193524426,23.28566559543064,13.074988961219788,worst_uncertainty_stratified_mhz
12761,200.0,10,46.312231568098845,-46.312231568098845,46.312231568098845,46.312231568098845,161.45508271682272,37.77749182898316,14.938171943028768,worst_uncertainty_stratified_mhz
12564,200.0,10,40.801259992511625,-40.801259992511625,40.801259992511625,40.801259992511625,167.6118542300668,36.166666666666664,13.686261971791586,worst_uncertainty_stratified_mhz
11404,200.0,10,35.98191107878729,-35.98191107878729,35.98191107878729,35.98191107878729,128.6185735039726,32.53288934123265,17.341079155604046,worst_uncertainty_stratified_mhz
11665,200.0,10,34.79364010482293,-34.79364010482293,34.79364010482293,34.79364010482293,163.40865976085743,25.521777193430538,12.55570658047994,worst_uncertainty_stratified_mhz
12146,200.0,10,30.627551224586608,-30.627551224586608,30.627551224586608,30.627551224586608,124.81506288803888,43.382664228416814,12.089963992436727,worst_uncertainty_stratified_mhz
12489,230.0,10,21.43198405752783,-21.43198405752783,21.43198405752783,21.43198405752783,85.4932185610886,42.13371571556442,10.432440280914307,worst_uncertainty_stratified_mhz
11353,230.0,10,19.827050371655606,-19.827050371655606,19.827050371655606,19.827050371655606,88.8368266526578,42.49738554049858,10.304650147755941,worst_uncertainty_stratified_mhz
12199,230.0,10,19.447431366066095,-19.447431366066095,19.447431366066095,19.447431366066095,78.852127249423,41.25429270593143,10.896270235379538,worst_uncertainty_stratified_mhz
11520,230.0,10,15.752849295877713,-15.752849295877713,15.752849295877713,15.752849295877713,85.57929204043079,37.44477414955405,9.14514140288035,worst_uncertainty_stratified_mhz
11265,230.0,10,15.667845961856814,-15.667845961856814,15.667845961856814,15.667845961856814,103.59347605535429,38.433203237709854,8.993254860242208,worst_uncertainty_stratified_mhz
11430,230.0,10,15.000465352524214,-15.000465352524214,15.000465352524214,15.000465352524214,64.09836830306233,37.94330566047777,8.342584689458212,worst_uncertainty_stratified_mhz
11337,230.0,10,14.422872949937435,-14.422872949937435,14.422872949937435,14.422872949937435,44.035530606501574,31.07875301373736,12.359273155530294,worst_uncertainty_stratified_mhz
12178,230.0,10,13.645498512297122,-13.645498512297122,13.645498512297122,13.645498512297122,51.386833972182636,29.162856894039415,12.041272640228271,worst_uncertainty_stratified_mhz
11458,250.0,10,28.223023701351565,-28.223023701351565,28.223023701351565,28.223023701351565,101.92709668523902,34.50966048321349,12.981215357780457,worst_uncertainty_stratified_mhz
12790,250.0,10,20.879082197262143,-20.879082197262143,20.879082197262143,20.879082197262143,97.28682694671771,36.2759485671215,12.045023957888285,worst_uncertainty_stratified_mhz
11758,250.0,10,20.645834491127324,-20.645834491127324,20.645834491127324,20.645834491127324,74.64525494555724,31.050585966916774,12.289331754048666,worst_uncertainty_stratified_mhz
12075,250.0,10,17.7895231587385,-17.7895231587385,17.7895231587385,17.7895231587385,81.61013061936791,41.50234263803002,10.778315583864847,worst_uncertainty_stratified_mhz
12604,250.0,10,17.686703423113954,-17.686703423113954,17.686703423113954,17.686703423113954,47.06462441982277,41.534791306673114,11.882148742675781,worst_uncertainty_stratified_mhz
12424,250.0,10,16.506225353282435,-16.506225353282435,16.506225353282435,16.506225353282435,77.74678225568412,37.11880326136008,9.117891232172648,worst_uncertainty_stratified_mhz
12403,250.0,10,16.12830701526154,-16.12830701526154,16.12830701526154,16.12830701526154,64.01220040425018,22.551176367443794,9.81650580962499,worst_uncertainty_stratified_mhz
12157,250.0,10,15.212682367199534,-15.212682367199534,15.212682367199534,15.212682367199534,60.230015051885125,38.91086680550249,7.595588604609172,worst_uncertainty_stratified_mhz
12584,250.0,10,14.99095479397203,-14.99095479397203,14.99095479397203,14.99095479397203,39.99006163873179,38.932990866073695,9.426685194174448,worst_uncertainty_stratified_mhz
11486,250.0,10,14.908689446224962,-14.908689446224962,14.908689446224962,14.908689446224962,52.032173648171074,41.50234263803002,9.226670145988464,worst_uncertainty_stratified_mhz
11871,250.0,10,14.44802949985478,-14.44802949985478,14.44802949985478,14.44802949985478,62.262266534188875,41.01795000024041,8.93090053399404,worst_uncertainty_stratified_mhz
11827,265.0,10,9.899131615129896,-9.899131615129896,9.899131615129896,9.899131615129896,5.118354524504393,41.73461126903877,9.920117616653442,worst_uncertainty_stratified_mhz
11749,265.0,10,9.627311450780729,-9.627311450780729,9.627311450780729,9.627311450780729,3.591210445322051,36.79900360969936,10.708243052164713,worst_uncertainty_stratified_mhz
11546,265.0,10,8.96656992895051,-8.96656992895051,8.96656992895051,8.96656992895051,4.357192716213256,35.02102543076405,9.619614203770956,worst_uncertainty_stratified_mhz
11418,265.0,10,8.75656244105662,-8.75656244105662,8.75656244105662,8.75656244105662,9.714300084013757,35.59845502265512,8.329155445098877,worst_uncertainty_stratified_mhz
11549,265.0,10,8.553582752722978,-8.553582752722978,8.553582752722978,8.553582752722978,6.186506532881928,40.88737919918294,9.869026263554892,worst_uncertainty_stratified_mhz
11295,265.0,10,8.51643703812199,-8.51643703812199,8.51643703812199,8.51643703812199,3.3896064568733606,44.07821331325589,9.157128731409708,worst_uncertainty_stratified_mhz
11540,265.0,10,8.50493476565294,-8.50493476565294,8.50493476565294,8.50493476565294,4.412825203213718,36.98272870168211,10.17070976893107,worst_uncertainty_stratified_mhz
11249,265.0,10,8.314222943464488,-8.314222943464488,8.314222943464488,8.314222943464488,4.179234367820937,27.725840333923554,9.497046073277792,worst_uncertainty_stratified_mhz
12250,265.0,10,8.127913334237157,-8.127913334237157,8.127913334237157,8.127913334237157,3.7276165685560865,36.711336426534814,9.698856035868326,worst_uncertainty_stratified_mhz
11542,265.0,10,8.07829672510534,-8.07829672510534,8.07829672510534,8.07829672510534,5.311168925593525,38.060259238913936,9.908841848373413,worst_uncertainty_stratified_mhz
11406,265.0,10,7.929976089129959,-7.929976089129959,7.929976089129959,7.929976089129959,4.007557953944544,42.97059718251798,9.316366831461588,worst_uncertainty_stratified_mhz
11867,270.0,10,20.44776509369421,-20.44776509369421,20.44776509369421,20.44776509369421,114.80061723871154,37.21148269613083,10.1292484998703,worst_uncertainty_stratified_mhz
11589,270.0,10,17.415972719834144,-17.415972719834144,17.415972719834144,17.415972719834144,86.98012005722332,32.65178232331106,11.827042857805887,worst_uncertainty_stratified_mhz
12544,270.0,10,13.793701413045905,-13.793701413045905,13.793701413045905,13.793701413045905,55.25548509366117,38.176490729825396,8.801563064257303,worst_uncertainty_stratified_mhz
12351,270.0,10,12.755020954010453,-12.755020954010453,12.755020954010453,12.755020954010453,63.80869703846752,40.13172754262587,7.612974842389424,worst_uncertainty_stratified_mhz
11498,270.0,10,10.854008106348141,-10.854008106348141,10.854008106348141,10.854008106348141,47.69893254282328,38.537860172389784,5.802655895551045,worst_uncertainty_stratified_mhz
11336,270.0,10,10.747193201955957,-10.747193201955957,10.747193201955957,10.747193201955957,56.06455424282897,41.50234263803002,7.112658540407817,worst_uncertainty_stratified_mhz
11830,270.0,10,10.1573950865266,-10.1573950865266,10.1573950865266,10.1573950865266,28.902327662597504,36.704525909242065,6.51230788230896,worst_uncertainty_stratified_mhz
11526,280.0,10,14.547875092861252,-14.547875092861252,14.547875092861252,14.547875092861252,39.407838662402064,41.41993615532394,7.201488693555196,worst_uncertainty_stratified_mhz
12628,280.0,10,8.733285477685289,-8.733285477685289,8.733285477685289,8.733285477685289,37.20770152495569,37.53701876518403,6.733917474746704,worst_uncertainty_stratified_mhz
12102,280.0,10,8.654096962017872,-8.654096962017872,8.654096962017872,8.654096962017872,27.616672672033804,39.49542870876184,8.260071674982706,worst_uncertainty_stratified_mhz
12414,280.0,10,7.94403839846411,-7.94403839846411,7.94403839846411,7.94403839846411,15.507605418604756,39.771919183709954,8.154887278874716,worst_uncertainty_stratified_mhz
12010,280.0,10,7.409274666207121,-7.409274666207121,7.409274666207121,7.409274666207121,21.077680670153047,39.90022277854821,5.654667377471924,worst_uncertainty_stratified_mhz
11221,280.0,10,7.3498739643442175,-7.3498739643442175,7.3498739643442175,7.3498739643442175,35.16379227401142,32.800745248986175,6.818146427472432,worst_uncertainty_stratified_mhz
11274,280.0,10,7.081104765231242,-7.081104765231242,7.081104765231242,7.081104765231242,33.81347311566005,41.585587781238715,5.461155931154887,worst_uncertainty_stratified_mhz
12581,300.0,10,9.192767157992348,-9.192767157992348,9.192767157992348,9.192767157992348,54.49790027848598,32.89039035611736,5.665903230508168,worst_uncertainty_stratified_mhz
11568,300.0,10,6.817806452939647,-6.817806452939647,6.817806452939647,6.817806452939647,37.28251618654027,34.47261392919184,6.510198175907135,worst_uncertainty_stratified_mhz
12595,300.0,10,6.141737824573945,-6.141737824573945,6.141737824573945,6.141737824573945,22.068950718571305,28.26904471128957,4.688535988330841,worst_uncertainty_stratified_mhz
11800,300.0,10,4.366019247877693,-4.366019247877693,4.366019247877693,4.366019247877693,19.131274519944665,32.89039035611736,5.331909735997518,worst_uncertainty_stratified_mhz
11552,300.0,10,3.6563064433767987,-3.6563064433767987,3.6563064433767987,3.6563064433767987,35.391937087244386,38.63396605751645,5.516781946023305,worst_uncertainty_stratified_mhz
11618,180.0,10,32.24874499959371,-32.24874499959371,32.24874499959371,32.24874499959371,117.27710750137152,38.15938795223122,11.505053142706553,worst_uncertainty_stratified_mhz
