candidate_id,mhz,k,badness,quality_score,uncertainty,heatmap_mc_mse,decoder_mc_rce,peak_bias_score,p99_var,peak_loc_spread_px,pred_p99_mean,selected_reason
743,120.0,3,29.325597750309687,-29.325597750309687,29.325597750309687,17.507028569186215,5.951394157129662,0.0,37.41409627582057,29.268156757814456,9.939548969268799,worst_uncertainty_stratified_mhz
1277,150.0,3,4.333058160904353,-4.333058160904353,4.333058160904353,0.02611558289570166,0.011356931263079819,0.0,0.08649845522326327,42.79219408957666,4.404133468866348,worst_uncertainty_stratified_mhz
1406,150.0,3,4.3206574666549615,-4.3206574666549615,4.3206574666549615,0.005538243933976134,0.008792324796141828,0.0,0.07675717005596638,42.79219408957666,4.4212846159935,worst_uncertainty_stratified_mhz
15,150.0,3,3.908021730720421,-3.908021730720421,3.908021730720421,0.049611434782795956,0.013971233793320695,0.0,0.1348909305954713,38.27450195626326,4.651910960674286,worst_uncertainty_stratified_mhz
531,150.0,3,3.138542493036129,-3.138542493036129,3.138542493036129,0.04384276467721828,0.028625120119631812,0.0,0.09905639014010248,30.499743851383407,4.573066413402557,worst_uncertainty_stratified_mhz
499,155.0,3,96.2931318266609,-96.2931318266609,96.0431318266609,0.0077588189849828815,0.011813517938208147,80.00011380989396,0.0666722089559606,0.0,4.605717718601227,worst_uncertainty_stratified_mhz
1553,155.0,3,94.5450387566072,-94.5450387566072,94.2950387566072,0.00921892327844386,0.007466205194840734,78.56141635638025,0.022385972397241716,0.0,4.662845194339752,worst_uncertainty_stratified_mhz
1542,155.0,3,92.78881262131885,-92.78881262131885,92.53881262131885,0.033868381074788664,0.018146257177538913,77.03473393489001,0.17555833833099754,0.0,4.724041402339935,worst_uncertainty_stratified_mhz
762,155.0,3,92.74384362614035,-92.74384362614035,92.49384362614035,0.027440071114851732,0.014762853160128616,77.02854454940717,0.08738819809381937,0.0,4.724290728569031,worst_uncertainty_stratified_mhz
62,155.0,3,91.8652600040127,-91.8652600040127,91.6152600040127,0.03408166278749828,0.009115508259345621,76.28356097766837,0.1508375792135972,0.0,4.754374325275421,worst_uncertainty_stratified_mhz
1411,155.0,3,90.21787824252581,-90.21787824252581,89.96787824252581,0.011066670406064514,0.009873831561881596,74.94654824855249,0.04126551233854059,0.0,4.808735728263855,worst_uncertainty_stratified_mhz
1124,155.0,3,89.52130019568921,-89.52130019568921,89.27130019568921,0.06637914412063495,0.01307196928514122,74.33721737554846,0.08696172878050845,0.0,4.83367121219635,worst_uncertainty_stratified_mhz
626,155.0,3,89.50540291615837,-89.50540291615837,89.25540291615837,0.014348234009628027,0.01851277407393868,74.3085649663115,0.15362496277504079,0.0,4.834846258163452,worst_uncertainty_stratified_mhz
1200,155.0,3,89.12623882196644,-89.12623882196644,88.87623882196644,0.023157828901467243,0.025369175919206698,71.45860765496973,0.09169151360070771,30.499743851383407,4.95287811756134,worst_uncertainty_stratified_mhz
876,155.0,3,88.78007151062305,-88.78007151062305,88.53007151062305,0.005095406415167218,0.008915398263084219,73.7461199924065,0.05737305924807501,0.0,4.857958376407623,worst_uncertainty_stratified_mhz
51,170.0,3,4.352221235141277,-4.352221235141277,4.352221235141277,0.022341481867406945,0.014002874518212367,0.0,0.13260612554125828,42.79219408957666,5.157172203063965,worst_uncertainty_stratified_mhz
1260,170.0,3,4.3316029556655335,-4.3316029556655335,4.3316029556655335,0.01357297345136211,0.011861880073676542,0.0,0.08913566638431902,42.79219408957666,4.3631317019462585,worst_uncertainty_stratified_mhz
471,180.0,3,4.472064329763986,-4.472064329763986,4.472064329763986,0.020578070441903545,0.04427564000044716,0.0,0.34653412341478074,42.79219408957666,5.044608056545258,worst_uncertainty_stratified_mhz
948,180.0,3,4.404761305739636,-4.404761305739636,4.404761305739636,0.0365632148232161,0.0212103302515865,0.0,0.24167313628224463,42.79219408957666,5.277673363685608,worst_uncertainty_stratified_mhz
1535,180.0,3,3.4331996378183813,-3.4331996378183813,3.4331996378183813,0.04985474398666099,0.07243482818386178,0.0,1.1109152462592213,29.23263373355196,6.001886427402496,worst_uncertainty_stratified_mhz
48,180.0,3,3.328107012483076,-3.328107012483076,3.328107012483076,0.032856553233786355,0.05899973172520449,0.0,0.5183396898528052,30.499743851383407,5.898794233798981,worst_uncertainty_stratified_mhz
68,200.0,3,5.632448601489496,-5.632448601489496,5.382448601489496,0.33285290195839007,0.12148308510630641,0.0,2.393689541093636,42.79219408957666,6.7614905834198,worst_uncertainty_stratified_mhz
216,200.0,3,4.960338617924487,-4.960338617924487,4.710338617924487,0.09189092422856686,0.0628794529226445,0.0,0.5208062178527362,44.1076453123492,5.222779184579849,worst_uncertainty_stratified_mhz
152,200.0,3,4.827839904014377,-4.827839904014377,4.577839904014377,0.04754734068857975,0.09599490609384755,0.0,0.40783228783941183,42.79219408957666,5.578947424888611,worst_uncertainty_stratified_mhz
592,200.0,3,4.778009226905673,-4.778009226905673,4.528009226905673,0.053953366062580305,0.023921052193051986,0.0,0.16880144454559964,44.1955880150949,4.65189716219902,worst_uncertainty_stratified_mhz
337,200.0,3,4.67832390185184,-4.67832390185184,4.42832390185184,0.28030571477691074,0.046161706275759405,0.0,0.27323476051844864,41.933727475625155,5.184953689575195,worst_uncertainty_stratified_mhz
949,200.0,3,4.515381415022181,-4.515381415022181,4.265381415022181,0.05113758219838239,0.07532697915852879,0.0,0.23883570715628366,40.56014053230092,6.257358551025391,worst_uncertainty_stratified_mhz
18,200.0,3,4.492663045538282,-4.492663045538282,4.242663045538282,0.07653498057840297,0.3381321323546825,0.0,2.7379277742917765,27.580563808595358,7.640024781227112,worst_uncertainty_stratified_mhz
954,230.0,3,5.0726253858916674,-5.0726253858916674,4.8226253858916674,0.2512334696195674,0.1728521562965661,0.0,1.2494516586437925,40.632307035165994,6.002247214317322,worst_uncertainty_stratified_mhz
1135,230.0,3,4.759964044956315,-4.759964044956315,4.509964044956315,0.14018231168776443,0.10099270345446744,0.0,0.7640438817788002,40.56014053230092,5.61722856760025,worst_uncertainty_stratified_mhz
846,230.0,3,4.736141761308631,-4.736141761308631,4.486141761308631,0.04138177658791401,0.07343257404136146,0.0,0.4922134529631279,41.933727475625155,4.9815434217453,worst_uncertainty_stratified_mhz
1589,230.0,3,4.6313991809440855,-4.6313991809440855,4.3813991809440855,0.2138607457240106,0.08376802585546711,0.0,0.39728929203795005,40.632307035165994,6.291843235492706,worst_uncertainty_stratified_mhz
170,230.0,3,4.512312746549307,-4.512312746549307,4.262312746549307,0.06197520540689635,0.01719078107289296,0.0,0.07902864578779312,41.933727475625155,3.8442878425121307,worst_uncertainty_stratified_mhz
145,230.0,3,4.5104929887276075,-4.5104929887276075,4.2604929887276075,0.0869028215541112,0.10301166751455883,0.0,0.5909462343400236,38.77418600048233,5.392958045005798,worst_uncertainty_stratified_mhz
153,230.0,3,4.486351804783618,-4.486351804783618,4.236351804783618,0.037989478364019565,0.05131410507971854,0.0,0.058547645417430516,41.293916016769344,3.9157909750938416,worst_uncertainty_stratified_mhz
904,250.0,3,772.8137844602702,-772.8137844602702,772.5637844602702,0.00659897368240616,0.008807920894154941,640.772568920811,0.03645343737222273,36.09081427454914,2.0107519924640656,worst_uncertainty_stratified_mhz
804,250.0,3,755.5419665406008,-755.5419665406008,755.2919665406008,0.010943372355090894,0.005443870747634571,629.3955849768512,0.01817976905473606,0.0,2.1410762518644333,worst_uncertainty_stratified_mhz
1163,250.0,3,739.0249383779835,-739.0249383779835,738.7749383779835,0.0371836795518484,0.004709794224578667,615.6204466532137,0.04011937972073465,0.0,2.3004583418369293,worst_uncertainty_stratified_mhz
1199,250.0,3,732.5676080854329,-732.5676080854329,732.3176080854329,0.003577220597230668,0.004913520768094068,610.2536465014074,0.014193421264437234,0.0,2.363035798072815,worst_uncertainty_stratified_mhz
4,250.0,3,718.0755540805751,-718.0755540805751,717.8255540805751,0.014271763164340917,0.003778793370392061,595.8266209959417,0.01283870340712312,28.198792084059203,2.5326338410377502,worst_uncertainty_stratified_mhz
682,250.0,3,705.7013764482256,-705.7013764482256,705.4513764482256,0.006372978929413862,0.005370147681437453,587.1755750933837,0.02375353232982036,8.227241335952167,2.6353179216384888,worst_uncertainty_stratified_mhz
987,250.0,3,689.0419119971509,-689.0419119971509,688.7919119971509,0.013552341319863574,0.0177669392474478,572.4251501611037,0.08704093989797101,18.21228980661136,2.8121591210365295,worst_uncertainty_stratified_mhz
72,250.0,3,687.9470520164156,-687.9470520164156,687.6970520164156,0.05066853759427905,0.012712287761113642,570.7588900558691,0.07619531831866766,27.279800219209818,2.832278251647949,worst_uncertainty_stratified_mhz
1339,250.0,3,648.5014621270054,-648.5014621270054,648.2514621270054,0.021267638641403463,0.016350561505246452,540.1778324027565,0.023487119369804077,0.0,3.2068830728530884,worst_uncertainty_stratified_mhz
1027,250.0,3,628.1695737105808,-628.1695737105808,627.9195737105808,0.03208636936275834,0.013125308186736805,520.6719789362503,0.10147156377567157,30.499743851383407,3.451384127140045,worst_uncertainty_stratified_mhz
603,250.0,3,608.2466062667387,-608.2466062667387,607.9966062667387,0.004452807741496489,0.005145127417746983,506.64228393580953,0.048670430586553515,0.0,3.6300868093967438,worst_uncertainty_stratified_mhz
1266,250.0,3,606.2299530690412,-606.2299530690412,605.9799530690412,0.019300412895675755,0.03717159907648749,502.4455728725324,0.17548499088135827,29.23263373355196,3.6840217113494873,worst_uncertainty_stratified_mhz
1508,265.0,3,223.29227002913765,-223.29227002913765,223.04227002913765,0.22270859726740402,0.16784463255569304,184.33942338247715,0.20672757408327413,14.551632210855248,8.77636206150055,worst_uncertainty_stratified_mhz
1023,265.0,3,219.4873352769627,-219.4873352769627,219.2373352769627,1.2570456393708278,0.05679730154778565,182.32015830941964,0.1533941242707897,0.0,8.823522567749023,worst_uncertainty_stratified_mhz
889,265.0,3,219.35908873018812,-219.35908873018812,219.10908873018812,0.08357991557834571,0.0696470740473843,182.36631583226466,0.41184040429956426,0.0,8.822441637516022,worst_uncertainty_stratified_mhz
502,265.0,3,212.79386146691746,-212.79386146691746,212.54386146691746,0.24160635375986153,0.1097729082017842,176.83399036107357,0.33717737967582195,0.0,8.952988743782043,worst_uncertainty_stratified_mhz
183,265.0,3,210.1027199173872,-210.1027199173872,209.8527199173872,0.11779826040316355,0.03469830105047249,174.72768953822563,0.27998701382830404,0.0,9.003227233886719,worst_uncertainty_stratified_mhz
854,265.0,3,207.5691572579399,-207.5691572579399,207.3191572579399,0.2201163039623122,0.1265834480122448,172.38403879022536,0.6097327476015693,0.0,9.059484124183655,worst_uncertainty_stratified_mhz
253,265.0,3,207.0359498921499,-207.0359498921499,206.7859498921499,0.23940085598739058,0.09397012539378706,169.55853833690853,0.18549743038225586,30.499743851383407,9.12781822681427,worst_uncertainty_stratified_mhz
1349,265.0,3,203.16332711188562,-203.16332711188562,202.91332711188562,0.10641864299144571,0.06639160124856151,168.91177705316144,0.2657216727748164,0.0,9.143539905548096,worst_uncertainty_stratified_mhz
10,265.0,3,187.78880641244191,-187.78880641244191,187.53880641244191,0.3008517488143555,0.0783889162636603,155.33541182856814,0.0676638909623648,9.198335447242615,9.480792760848999,worst_uncertainty_stratified_mhz
830,265.0,3,175.0449785883644,-175.0449785883644,174.7949785883644,0.15689970126378752,0.07322661869020182,143.1037836364787,0.029492084196462542,29.11051141769928,9.797503352165222,worst_uncertainty_stratified_mhz
1039,265.0,3,168.81470950751208,-168.81470950751208,168.56470950751208,0.03837085449204558,0.08862931218387364,139.62300275258443,0.14812968261922776,8.227241335952167,9.890083193778992,worst_uncertainty_stratified_mhz
1290,270.0,3,5.265447436121782,-5.265447436121782,5.265447436121782,0.034944879848307936,0.1638863199322081,0.0,1.7647195985938424,43.932298767535485,5.901138544082642,worst_uncertainty_stratified_mhz
961,270.0,3,5.050772940948502,-5.050772940948502,5.050772940948502,0.073484979580586,0.10973282384848596,0.0,1.2806961679175322,44.1955880150949,4.430588275194168,worst_uncertainty_stratified_mhz
1094,270.0,3,5.04413255677249,-5.04413255677249,5.04413255677249,0.12471295776861768,0.177627365231279,0.0,1.8302613684206186,41.059217905362004,5.661419212818146,worst_uncertainty_stratified_mhz
1083,270.0,3,4.939107110560164,-4.939107110560164,4.939107110560164,0.044704112439527564,0.11281696344675214,0.0,1.3893282367529727,42.724407544166134,4.4558490216732025,worst_uncertainty_stratified_mhz
527,270.0,3,4.917031563983091,-4.917031563983091,4.917031563983091,0.158089822848498,0.09550122233713682,0.0,1.3443698449729276,42.63727829024737,7.305559575557709,worst_uncertainty_stratified_mhz
1232,270.0,3,4.91380045309208,-4.91380045309208,4.91380045309208,0.06395194271314796,0.1519940804515819,0.0,1.1160055365107233,42.79219408957666,5.410636723041534,worst_uncertainty_stratified_mhz
1498,280.0,3,4.819994828091327,-4.819994828091327,4.819994828091327,0.028672279773252294,0.048947785490037865,0.0,0.9389729962229643,44.1076453123492,3.5162186324596405,worst_uncertainty_stratified_mhz
226,280.0,3,4.808355541654445,-4.808355541654445,4.808355541654445,0.05456472435637306,0.07947725851409444,0.0,1.3142716926104034,42.155033803805686,5.017697483301163,worst_uncertainty_stratified_mhz
1095,280.0,3,4.6353325198845985,-4.6353325198845985,4.6353325198845985,0.057071098009156725,0.04445609759755344,0.0,0.38520513564711223,44.1955880150949,3.181350588798523,worst_uncertainty_stratified_mhz
1354,280.0,3,4.517853372319259,-4.517853372319259,4.517853372319259,0.17030480681511276,0.10964062042518147,0.0,0.5316070269922477,41.24753780530421,3.795322060585022,worst_uncertainty_stratified_mhz
207,280.0,3,4.516147873254082,-4.516147873254082,4.516147873254082,0.04179871444484535,0.05021846267624901,0.0,0.46440073041291097,42.67830244983978,3.1027130782604218,worst_uncertainty_stratified_mhz
710,280.0,3,4.429588796549169,-4.429588796549169,4.429588796549169,0.043177370021674454,0.042127128755767816,0.0,0.3713046317769191,42.25647139788177,3.359218180179596,worst_uncertainty_stratified_mhz
805,300.0,3,4.461371148033289,-4.461371148033289,4.461371148033289,0.027186254893641997,0.029143184929853395,0.0,0.336328099960034,42.93144971929087,3.0180096328258514,worst_uncertainty_stratified_mhz
628,300.0,3,4.426989689153919,-4.426989689153919,4.426989689153919,0.013525909723493832,0.021865402149662053,0.0,0.31883057011681615,42.79219408957666,3.8094213008880615,worst_uncertainty_stratified_mhz
1314,300.0,3,4.347744170560952,-4.347744170560952,4.347744170560952,0.04659706012397252,0.01818597091588169,0.0,0.11710201192045044,42.67830244983978,2.7352966368198395,worst_uncertainty_stratified_mhz
1435,300.0,3,4.123414742727125,-4.123414742727125,4.123414742727125,0.01991741233388086,0.04072911906818523,0.0,0.6221296516907975,38.39596332949598,3.227464348077774,worst_uncertainty_stratified_mhz
1297,300.0,3,4.031694814712059,-4.031694814712059,4.031694814712059,0.06652958657117687,0.037373756970130734,0.0,0.37586167710783425,38.27450195626326,3.3533969819545746,worst_uncertainty_stratified_mhz
188,250.0,3,588.196223774815,-588.196223774815,587.946223774815,0.06123194055698194,0.01934825835688095,488.17931774549004,0.10358526136384594,20.504572660750576,3.869072526693344,worst_uncertainty_stratified_mhz
1322,250.0,3,580.8189462365671,-580.8189462365671,580.5689462365671,0.012596361878060252,0.007379286837258803,480.62928615659183,0.05304935169335945,37.81017554838909,3.9681003987789154,worst_uncertainty_stratified_mhz
248,250.0,3,578.4871109532553,-578.4871109532553,578.2371109532553,0.015392466746478484,0.013182067782675062,481.78355149795783,0.20922267812968354,0.0,3.95291069149971,worst_uncertainty_stratified_mhz
1519,250.0,3,577.7304198852642,-577.7304198852642,577.4804198852642,0.057474119409179146,0.02283387139174071,481.09004087391895,0.3535757132043207,0.0,3.9620348513126373,worst_uncertainty_stratified_mhz
672,250.0,3,577.2599903664432,-577.2599903664432,577.0099903664432,0.013096995385735952,0.022424310754137287,480.0322292332158,0.31908696574692996,8.227241335952167,3.975964605808258,worst_uncertainty_stratified_mhz
3161,120.0,4,21.678202116476548,-21.678202116476548,21.678202116476548,1.4849121399969907,3.342349861567994,0.0,35.61714026713996,38.27450195626326,7.911380916833878,worst_uncertainty_stratified_mhz
2673,150.0,4,4.38619757207077,-4.38619757207077,4.38619757207077,0.02277986466321834,0.019969602920691183,0.0,0.20379655018932308,42.79219408957666,4.0787127912044525,worst_uncertainty_stratified_mhz
2162,150.0,4,4.353105231202842,-4.353105231202842,4.353105231202842,0.017327864632085115,0.013295273897069382,0.0,0.14174555783300136,42.79219408957666,3.9214364886283875,worst_uncertainty_stratified_mhz
2563,150.0,4,4.340767912241921,-4.340767912241921,4.340767912241921,0.01042607333828724,0.014961466884484916,0.0,0.10428509892272952,42.79219408957666,3.9771369993686676,worst_uncertainty_stratified_mhz
2424,150.0,4,4.237720344894137,-4.237720344894137,4.237720344894137,0.034554683068575565,0.007544041220423238,0.0,0.0696938992395495,41.933727475625155,3.0044718384742737,worst_uncertainty_stratified_mhz
2484,155.0,4,96.336838083312,-96.336838083312,96.086838083312,0.033809151684354354,0.006826502905648457,80.04103872299991,0.05399878123580493,0.0,4.604100227355957,worst_uncertainty_stratified_mhz
2307,155.0,4,95.82356356738124,-95.82356356738124,95.57356356738124,0.3500182729663501,0.008597177666220977,79.5235159403813,0.12841172623647878,0.0,4.624585032463074,worst_uncertainty_stratified_mhz
2820,155.0,4,94.77571418075316,-94.77571418075316,94.52571418075316,0.021054223707315134,0.009916911343204956,78.73200233981875,0.07763557151147538,0.0,4.65604442358017,worst_uncertainty_stratified_mhz
2924,155.0,4,93.26010887466873,-93.26010887466873,93.01010887466873,0.015525332718041464,0.008340392899011785,77.48694130642701,0.026821098366550444,0.0,4.705852210521698,worst_uncertainty_stratified_mhz
2340,155.0,4,92.51870907302877,-92.51870907302877,92.26870907302877,0.019981559916809267,0.007447874398269569,76.81905868718988,0.199061276640915,0.0,4.732735335826874,worst_uncertainty_stratified_mhz
2580,155.0,4,91.9285833133309,-91.9285833133309,91.6785833133309,0.026247790002283406,0.010846674096186684,76.37354094304571,0.02143492294628402,0.0,4.750733017921448,worst_uncertainty_stratified_mhz
1944,155.0,4,91.79462794798084,-91.79462794798084,91.54462794798084,0.06826051228847857,0.01763562983199745,76.21118073001244,0.13626428327370022,0.0,4.7573049664497375,worst_uncertainty_stratified_mhz
1932,155.0,4,91.67389539689854,-91.67389539689854,91.42389539689854,0.03163137931721285,0.016072822795725562,74.41663115864307,0.023976485830289107,20.83529157463365,4.830415606498718,worst_uncertainty_stratified_mhz
1902,155.0,4,90.71776438303489,-90.71776438303489,90.46776438303489,0.05276544314427975,0.007554250714086474,75.36600401749413,0.011533786242125643,0.0,4.791629314422607,worst_uncertainty_stratified_mhz
1632,155.0,4,89.38565107645894,-89.38565107645894,89.13565107645894,0.06351581433659458,0.007607881090244176,72.50078889763765,0.06824133317399728,20.83529157463365,4.909447491168976,worst_uncertainty_stratified_mhz
1607,170.0,4,3.9241238237560707,-3.9241238237560707,3.9241238237560707,0.017858477869705732,0.026481355518425318,0.0,0.14996278681337216,38.27450195626326,4.456244647502899,worst_uncertainty_stratified_mhz
3198,170.0,4,3.8799539100040725,-3.8799539100040725,3.8799539100040725,0.022048735735630074,0.011723443616945045,0.0,0.08401818576691866,38.27450195626326,4.3723995089530945,worst_uncertainty_stratified_mhz
3183,180.0,4,4.468033689891881,-4.468033689891881,4.468033689891881,0.016016112919101835,0.011829957939428152,0.0,0.0763597806956362,44.1955880150949,4.621394217014313,worst_uncertainty_stratified_mhz
2945,180.0,4,4.076906407163387,-4.076906407163387,4.076906407163387,0.005476639011758281,0.006449784878409207,0.0,0.02813861960783015,40.56014053230092,3.427019476890564,worst_uncertainty_stratified_mhz
2865,180.0,4,3.944683133533072,-3.944683133533072,3.944683133533072,0.05814981925003274,0.02540335740631237,0.0,0.1845441342421985,38.27450195626326,5.018363535404205,worst_uncertainty_stratified_mhz
1792,180.0,4,3.8909947768536037,-3.8909947768536037,3.8909947768536037,0.012987547837570083,0.020483857194610752,0.0,0.08449116707419702,38.27450195626326,3.860108643770218,worst_uncertainty_stratified_mhz
1716,200.0,4,5.122107410309476,-5.122107410309476,4.872107410309476,0.1097090779787741,0.08537918614876097,0.0,0.8487216002347173,44.1955880150949,4.657571345567703,worst_uncertainty_stratified_mhz
2863,200.0,4,4.8240155056977185,-4.8240155056977185,4.5740155056977185,0.12771865038011324,0.023295803734169455,0.0,0.25023810283413184,44.1955880150949,5.070743918418884,worst_uncertainty_stratified_mhz
1891,200.0,4,4.806445215923874,-4.806445215923874,4.556445215923874,0.03528090998131114,0.05085197605434332,0.0,0.5489360439696149,42.79219408957666,4.734441816806793,worst_uncertainty_stratified_mhz
2707,200.0,4,4.757764983681878,-4.757764983681878,4.507764983681878,0.044338470927253716,0.020238061310483453,0.0,0.1336127784995682,44.1955880150949,3.986304521560669,worst_uncertainty_stratified_mhz
2751,200.0,4,4.39738460755554,-4.39738460755554,4.14738460755554,0.09293904834720908,0.0964889768012332,0.0,0.4341890989730324,38.27450195626326,5.88345068693161,worst_uncertainty_stratified_mhz
3181,200.0,4,4.320816221763828,-4.320816221763828,4.070816221763828,1.3146462065246516,0.1075366992644436,0.0,1.2309989178171428,31.5,6.600762665271759,worst_uncertainty_stratified_mhz
2923,200.0,4,4.276782066702876,-4.276782066702876,4.026782066702876,0.07633665507392552,0.05802838252146587,0.0,0.12353351172560778,38.77418600048233,5.2356502413749695,worst_uncertainty_stratified_mhz
1732,230.0,4,5.236986048048586,-5.236986048048586,4.986986048048586,0.017884476898777178,0.10546908532908424,0.0,1.377619466765367,43.42144487462387,4.259358882904053,worst_uncertainty_stratified_mhz
2651,230.0,4,4.82387437652725,-4.82387437652725,4.57387437652725,0.062514594817882,0.18236751251595043,0.0,0.6327535872350118,40.632307035165994,5.184458434581757,worst_uncertainty_stratified_mhz
2499,230.0,4,4.7897403152281965,-4.7897403152281965,4.5397403152281965,0.03798769939309098,0.11483158900173145,0.0,0.8628055818492406,40.56014053230092,6.104731619358063,worst_uncertainty_stratified_mhz
2391,230.0,4,4.776781021536376,-4.776781021536376,4.526781021536376,0.07409966466395809,0.14891759805396462,0.0,0.48480864013427194,41.151966842424436,5.395357549190521,worst_uncertainty_stratified_mhz
3158,230.0,4,4.756785783830221,-4.756785783830221,4.506785783830221,0.1233091959567747,0.21245014428294037,0.0,0.9423802079722599,38.27450195626326,5.73734050989151,worst_uncertainty_stratified_mhz
2387,230.0,4,4.674283186769948,-4.674283186769948,4.424283186769948,0.12675508733232435,0.06469482335535014,0.0,0.06603264424922539,42.724407544166134,4.3556422889232635,worst_uncertainty_stratified_mhz
3060,230.0,4,4.6716496988833045,-4.6716496988833045,4.4216496988833045,0.07677573947114913,0.05943835183164034,0.0,0.10696972687854611,42.75858831860565,6.345275044441223,worst_uncertainty_stratified_mhz
1830,250.0,4,788.2549421085278,-788.2549421085278,788.0049421085278,0.0033951022429957577,0.005472617880312756,656.6549565543768,0.02839011684096615,0.0,1.8307377994060516,worst_uncertainty_stratified_mhz
3154,250.0,4,774.7732350000061,-774.7732350000061,774.5232350000061,0.005400317551521047,0.007499284584689923,643.8291019981742,0.029879164589654117,19.05255888325765,1.9759367406368256,worst_uncertainty_stratified_mhz
2819,250.0,4,774.3178201720292,-774.3178201720292,774.0678201720292,0.005200957318883893,0.004725564101640797,642.5429335993509,0.01814049718609545,30.01562093310748,1.9905766695737839,worst_uncertainty_stratified_mhz
1969,250.0,4,772.126437051234,-772.126437051234,771.876437051234,0.01482255941569028,0.009431931739472264,643.2094560952404,0.02067485566421734,0.0,1.9829880893230438,worst_uncertainty_stratified_mhz
2806,250.0,4,768.8490839809631,-768.8490839809631,768.5990839809631,0.0019089079896783415,0.005493230226641998,638.3845947969471,0.0414835556340023,25.14333907817337,2.0380098819732666,worst_uncertainty_stratified_mhz
2276,250.0,4,765.2107587901249,-765.2107587901249,764.9607587901249,0.010973107239813562,0.012394295378104807,635.7224201656654,0.017599563301327947,20.663600242939275,2.068457841873169,worst_uncertainty_stratified_mhz
1710,250.0,4,762.8986705679785,-762.8986705679785,762.6486705679785,0.00424861336611099,0.006819014352608905,633.752499977133,0.01211165752656651,21.301408404140794,2.0910293757915497,worst_uncertainty_stratified_mhz
1857,250.0,4,753.2460752672981,-753.2460752672981,752.9960752672981,0.012853328618922142,0.003289678327785003,624.7422485099544,0.014838175514764629,32.920358442763046,2.1947197318077087,worst_uncertainty_stratified_mhz
2019,250.0,4,748.9056781539812,-748.9056781539812,748.6556781539812,0.0017204650820572358,0.0028588419295939244,621.5237714649037,0.0072994529308365586,28.198792084059203,2.2319391667842865,worst_uncertainty_stratified_mhz
2734,250.0,4,748.6816334774533,-748.6816334774533,748.4316334774533,0.017570467388379092,0.009560155080518625,623.6691318241074,0.028406968733349025,0.0,2.207118898630142,worst_uncertainty_stratified_mhz
2647,250.0,4,744.8054817842318,-744.8054817842318,744.5554817842318,0.04166396920290299,0.02239647277142406,618.4883734788245,0.03431693100536726,23.134119823325893,2.267129823565483,worst_uncertainty_stratified_mhz
2886,250.0,4,741.1252714809922,-741.1252714809922,740.8752714809922,0.030380951785034537,0.007610895444081205,617.3622341645072,0.06165400706052515,0.0,2.2802075892686844,worst_uncertainty_stratified_mhz
3194,265.0,4,226.83334742460536,-226.83334742460536,226.58334742460536,0.19166194580169083,0.09500010124491985,188.5605265320118,0.343714136781184,0.0,8.678604185581207,worst_uncertainty_stratified_mhz
1964,265.0,4,224.7968930717255,-224.7968930717255,224.5468930717255,0.037856689837930134,0.08127883661416993,186.93442334036203,0.26915038831519666,0.0,8.716132760047913,worst_uncertainty_stratified_mhz
3063,265.0,4,223.95068256132802,-223.95068256132802,223.70068256132802,0.16441378081404373,0.11594051170100947,186.1146563104227,0.4230879316164611,0.0,8.73511391878128,worst_uncertainty_stratified_mhz
2919,265.0,4,216.03419859205385,-216.03419859205385,215.78419859205385,0.05182185978055396,0.04629958826116745,179.61508625471447,0.4676863973131695,0.0,8.887111485004425,worst_uncertainty_stratified_mhz
3124,265.0,4,212.58910896601597,-212.58910896601597,212.33910896601597,0.05789713571049828,0.11836759680059245,176.58043380075495,0.715893502804331,0.0,8.959020555019379,worst_uncertainty_stratified_mhz
2082,265.0,4,212.2894016393604,-212.2894016393604,212.0394016393604,0.0772327331058311,0.0490185941381086,176.5533267428188,0.2359242099835086,0.0,8.959665656089783,worst_uncertainty_stratified_mhz
1677,265.0,4,211.28370961422786,-211.28370961422786,211.03370961422786,0.1810008474778186,0.20719715082549214,173.79808478104326,0.1040936611568668,20.83529157463365,9.025496006011963,worst_uncertainty_stratified_mhz
2739,265.0,4,205.25966134173265,-205.25966134173265,205.00966134173265,0.14391256500624114,0.11957308010236214,170.49511958703758,0.5719430739498961,0.0,9.105104565620422,worst_uncertainty_stratified_mhz
2762,265.0,4,204.35295842374737,-204.35295842374737,204.10295842374737,0.19787191458407957,0.1189768743695086,169.20380015923277,0.5774257316855902,6.283659363778403,9.136437594890594,worst_uncertainty_stratified_mhz
1695,265.0,4,201.6833904656835,-201.6833904656835,201.4333904656835,0.20972676452237257,0.20765695203877735,167.0713629471236,1.6681080284183736,0.0,9.188442707061768,worst_uncertainty_stratified_mhz
2211,265.0,4,200.51335379355035,-200.51335379355035,200.26335379355035,0.1832462665535398,0.10389246992251026,164.874817528737,0.36683808594414913,20.83529157463365,9.242359459400177,worst_uncertainty_stratified_mhz
2140,270.0,4,5.2653543456452825,-5.2653543456452825,5.2653543456452825,0.0871218465377418,0.1383891853386098,0.0,2.033929463423738,43.24114793804623,4.699901789426804,worst_uncertainty_stratified_mhz
1993,270.0,4,4.953502551165352,-4.953502551165352,4.953502551165352,0.04538481685883844,0.12952974536835432,0.0,1.038816708514375,43.84275880918079,7.788389325141907,worst_uncertainty_stratified_mhz
2971,270.0,4,4.8356099992965484,-4.8356099992965484,4.8356099992965484,0.03301321506582732,0.1143252085411411,0.0,0.8963554150171227,43.42144487462387,5.014645755290985,worst_uncertainty_stratified_mhz
2125,270.0,4,4.651405062731417,-4.651405062731417,4.651405062731417,0.14283943959497658,0.10098462564170528,0.0,1.2071491410854236,40.417160649902165,4.525386452674866,worst_uncertainty_stratified_mhz
1991,270.0,4,4.647127507514587,-4.647127507514587,4.647127507514587,0.08796582157178297,0.0910764593754102,0.0,1.1022239376466807,41.027429848821875,4.010339915752411,worst_uncertainty_stratified_mhz
2323,270.0,4,4.60154781532282,-4.60154781532282,4.60154781532282,0.161189001577161,0.1350262472347247,0.0,0.7220379847471143,41.059978994149525,6.074923455715179,worst_uncertainty_stratified_mhz
3119,280.0,4,5.38922950643815,-5.38922950643815,5.38922950643815,0.1741972608311179,0.16144086397077786,0.0,1.9541716964706097,44.1955880150949,6.272923231124878,worst_uncertainty_stratified_mhz
2357,280.0,4,4.896693366559408,-4.896693366559408,4.896693366559408,0.06613563205920503,0.11565787938784151,0.0,1.2212949443005092,42.79219408957666,4.347290188074112,worst_uncertainty_stratified_mhz
3026,280.0,4,4.860412336600421,-4.860412336600421,4.860412336600421,0.03617416498710668,0.10184114327341814,0.0,1.2957131497617302,42.45107478026911,5.606539219617844,worst_uncertainty_stratified_mhz
2767,280.0,4,4.766970251255829,-4.766970251255829,4.766970251255829,0.01901089398465546,0.08017477839059028,0.0,1.0363884320460377,42.79219408957666,3.6816698610782623,worst_uncertainty_stratified_mhz
1766,280.0,4,4.63146843853908,-4.63146843853908,4.63146843853908,0.1117908691977197,0.048004085265953615,0.0,0.7369199678613176,42.73592604589258,3.853685826063156,worst_uncertainty_stratified_mhz
2656,280.0,4,4.626220735173599,-4.626220735173599,4.626220735173599,0.13409339121860184,0.07429243547764774,0.0,0.5117582085409884,43.02143361163131,5.149713486433029,worst_uncertainty_stratified_mhz
2752,300.0,4,4.736258785610822,-4.736258785610822,4.736258785610822,0.0294162719313892,0.037712877446531935,0.0,0.8204818369756017,43.85166758516716,2.9882117211818695,worst_uncertainty_stratified_mhz
2951,300.0,4,4.362252011570103,-4.362252011570103,4.362252011570103,0.007492611862321152,0.015336191225384356,0.0,0.1661576080250846,42.79219408957666,3.2283820509910583,worst_uncertainty_stratified_mhz
2433,300.0,4,4.355037343458916,-4.355037343458916,4.355037343458916,0.03339080176592675,0.028530003030969666,0.0,0.2943442099730076,42.00874164980427,2.3236967027187347,worst_uncertainty_stratified_mhz
3176,300.0,4,4.239902421151776,-4.239902421151776,4.239902421151776,0.050171848955787385,0.05537532037227955,0.0,0.8438623365752523,38.489446605530716,2.8646441251039505,worst_uncertainty_stratified_mhz
1933,300.0,4,4.180509654135901,-4.180509654135901,4.180509654135901,0.04417711671755958,0.0794133046230053,0.0,0.6368434925590769,38.27450195626326,3.9187055230140686,worst_uncertainty_stratified_mhz
1775,250.0,4,733.4905539644697,-733.4905539644697,733.2405539644697,0.005995973841683984,0.005168051117682073,609.8003335252706,0.044969836921083584,14.551632210855248,2.3683340549468994,worst_uncertainty_stratified_mhz
1628,250.0,4,733.4630779615932,-733.4630779615932,733.2130779615932,0.02147310768764299,0.017893770924008404,610.969360758999,0.05038890710431687,0.0,2.3546746373176575,worst_uncertainty_stratified_mhz
2156,250.0,4,728.8287780158498,-728.8287780158498,728.5787780158498,0.030582376025820538,0.005155368924124853,607.1294468264571,0.0230376477394989,0.0,2.3995910584926605,worst_uncertainty_stratified_mhz
3127,250.0,4,725.5621466803647,-725.5621466803647,725.3121466803647,0.002997124135304497,0.006376593874740131,604.4102073600457,0.027381932754135363,0.0,2.431484639644623,worst_uncertainty_stratified_mhz
1887,250.0,4,723.9041411825689,-723.9041411825689,723.6541411825689,0.009427165906713783,0.0077217332835067464,603.0235756915007,0.034031318189042814,0.0,2.4477758705615997,worst_uncertainty_stratified_mhz
4237,120.0,5,34.26053161093346,-34.26053161093346,34.26053161093346,1.8390540713674692,6.1958496577521585,0.0,61.05526916465683,31.376493988334644,14.172647416591644,worst_uncertainty_stratified_mhz
3206,150.0,5,4.900662400484828,-4.900662400484828,4.900662400484828,0.06538469830205591,0.20685435451893092,0.0,1.4594399731837657,40.632307035165994,3.30891115963459,worst_uncertainty_stratified_mhz
3220,150.0,5,4.1375187203252475,-4.1375187203252475,4.1375187203252475,0.035399224445155524,0.010025658460963375,0.0,0.14399920858832616,40.632307035165994,3.566057801246643,worst_uncertainty_stratified_mhz
3718,150.0,5,4.044835459157923,-4.044835459157923,4.044835459157923,0.012035838970896077,0.008378052161837896,0.0,0.16154271307482926,39.72719471596252,3.123531848192215,worst_uncertainty_stratified_mhz
3439,150.0,5,3.858259756452549,-3.858259756452549,3.858259756452549,0.054558133446908,0.1628233272165395,0.0,1.2868149493314638,31.5,3.9682154953479767,worst_uncertainty_stratified_mhz
3305,155.0,5,109.9013601919362,-109.9013601919362,109.6513601919362,0.021967711165743243,0.009232170762594544,91.33346749227513,0.09102576363063974,0.0,4.172560930252075,worst_uncertainty_stratified_mhz
4786,155.0,5,100.4255102113219,-100.4255102113219,100.1755102113219,0.13782877271837127,0.012558403112795276,83.41404122352654,0.07247412926078312,0.0,4.472180247306824,worst_uncertainty_stratified_mhz
4134,155.0,5,99.35124889560021,-99.35124889560021,99.10124889560021,0.14879157831307407,0.029540109474302096,82.47287640337298,0.14939757932259212,0.0,4.508717119693756,worst_uncertainty_stratified_mhz
4454,155.0,5,97.97053257057532,-97.97053257057532,97.72053257057532,0.05022698045717202,0.020955107732286867,81.38526724510236,0.04063562782789276,0.0,4.551199734210968,worst_uncertainty_stratified_mhz
4750,155.0,5,96.51261313111355,-96.51261313111355,96.26261313111355,0.05843769291886894,0.009879889416862422,80.19272566278639,0.005465938328242714,0.0,4.598108649253845,worst_uncertainty_stratified_mhz
4135,155.0,5,95.03109520162829,-95.03109520162829,94.78109520162829,0.07801635521877377,0.016662076164353848,78.88356811311962,0.21804646523864246,0.0,4.650008112192154,worst_uncertainty_stratified_mhz
3361,155.0,5,94.5708428593606,-94.5708428593606,94.3208428593606,0.8703338242109829,0.08603926867525362,78.28921084992604,0.07756422966781074,0.0,4.6737125515937805,worst_uncertainty_stratified_mhz
4614,155.0,5,93.3997260194591,-93.3997260194591,93.1497260194591,0.0306593261815845,0.009879459832229808,77.58728749682186,0.06427714851181676,0.0,4.701823174953461,worst_uncertainty_stratified_mhz
3491,155.0,5,92.70495641167892,-92.70495641167892,92.45495641167892,0.14924371217713772,0.019705412416522055,76.87146955652285,0.40663970623552004,0.0,4.730621516704559,worst_uncertainty_stratified_mhz
3966,155.0,5,92.67512247527807,-92.67512247527807,92.42512247527807,0.00676667575551831,0.009180138251205026,76.99609688528844,0.040983818903598035,0.0,4.725597977638245,worst_uncertainty_stratified_mhz
3215,170.0,5,4.456814369361513,-4.456814369361513,4.456814369361513,0.00871743411265999,0.008784003785731785,0.0,0.06257201041503091,44.1955880150949,3.035800725221634,worst_uncertainty_stratified_mhz
3945,170.0,5,4.146860997170508,-4.146860997170508,4.146860997170508,0.011793989117682676,0.019233191195178675,0.0,0.16871045676636154,40.56014053230092,3.752801090478897,worst_uncertainty_stratified_mhz
4551,180.0,5,4.425970542336925,-4.425970542336925,4.425970542336925,0.013474791418570345,0.027531863517849225,0.0,0.2916704007081199,42.79219408957666,3.677001267671585,worst_uncertainty_stratified_mhz
4296,180.0,5,4.402911145827397,-4.402911145827397,4.402911145827397,0.018443729491793678,0.014174041475595403,0.0,0.27948497795254124,42.79219408957666,3.2250902950763702,worst_uncertainty_stratified_mhz
3448,180.0,5,4.323719660962473,-4.323719660962473,4.323719660962473,0.016246165116885904,0.007506658983652756,0.0,0.08336777785744598,42.79219408957666,4.21733745932579,worst_uncertainty_stratified_mhz
3639,180.0,5,4.177412131663862,-4.177412131663862,4.177412131663862,0.007638187008304378,0.007280548382619036,0.0,0.07354670006537756,41.38840417314975,3.504114955663681,worst_uncertainty_stratified_mhz
4798,200.0,5,5.048679462223826,-5.048679462223826,4.798679462223826,0.029951444644115602,0.06868564910434731,0.0,0.7674409311336738,44.1955880150949,5.058532297611237,worst_uncertainty_stratified_mhz
4061,200.0,5,4.79669945421239,-4.79669945421239,4.54669945421239,0.10768376514260808,0.03378122000496089,0.0,0.1919699627695195,44.019171959499644,5.102472305297852,worst_uncertainty_stratified_mhz
3770,200.0,5,4.728586226115754,-4.728586226115754,4.478586226115754,0.07254299389342402,0.04142039423989821,0.0,0.34028707807109626,42.79219408957666,4.794776022434235,worst_uncertainty_stratified_mhz
3522,200.0,5,4.723477591585109,-4.723477591585109,4.473477591585109,0.047637988529692865,0.03014517984538487,0.0,0.39180261636269265,42.79219408957666,4.367030680179596,worst_uncertainty_stratified_mhz
4449,200.0,5,4.699198367290337,-4.699198367290337,4.449198367290337,0.016697072126819524,0.009735614480564909,0.0,0.031033931509411694,44.1955880150949,3.6892694532871246,worst_uncertainty_stratified_mhz
3480,200.0,5,4.639887455091068,-4.639887455091068,4.389887455091068,0.11529642614373971,0.08828177353949655,0.0,0.25657220265975056,41.38840417314975,5.366824805736542,worst_uncertainty_stratified_mhz
4234,200.0,5,4.467973154115372,-4.467973154115372,4.217973154115372,0.025732633560674772,0.030977141410828524,0.0,0.2909816574067463,40.632307035165994,5.212209701538086,worst_uncertainty_stratified_mhz
3627,230.0,5,5.063849286423887,-5.063849286423887,4.813849286423887,0.14227891464281367,0.12380635899310838,0.0,1.1623546228667259,41.85745901270167,6.473239481449127,worst_uncertainty_stratified_mhz
4097,230.0,5,4.856033340956818,-4.856033340956818,4.606033340956818,0.07536025115698218,0.10160553436529833,0.0,1.793248840050694,38.071478826018826,6.088977575302124,worst_uncertainty_stratified_mhz
4196,230.0,5,4.798231117745341,-4.798231117745341,4.548231117745341,0.0523161678504411,0.04706295231077992,0.0,0.5295378238825554,42.79219408957666,4.230912655591965,worst_uncertainty_stratified_mhz
3659,230.0,5,4.653049519986266,-4.653049519986266,4.403049519986266,0.19089196612221346,0.12603994998318516,0.0,0.310220411281648,40.57689459532358,5.9762489795684814,worst_uncertainty_stratified_mhz
4717,230.0,5,4.554838348554599,-4.554838348554599,4.304838348554599,0.06862721517477216,0.09802957041519554,0.0,1.413201505944965,36.460166620573744,4.2964189648628235,worst_uncertainty_stratified_mhz
4700,230.0,5,4.487795551838443,-4.487795551838443,4.237795551838443,0.1390722765743255,0.05815767348899016,0.0,0.17079119780366625,40.56014053230092,5.597784876823425,worst_uncertainty_stratified_mhz
3860,230.0,5,4.473792113428929,-4.473792113428929,4.223792113428929,0.05983650096124915,0.1296293485677866,0.0,2.750787607166899,30.516133028285218,4.917501926422119,worst_uncertainty_stratified_mhz
4539,250.0,5,810.0370980849167,-810.0370980849167,809.7870980849167,0.014708499164548394,0.009801889203715714,674.8060064169765,0.004315502709085983,0.0,1.6276555359363556,worst_uncertainty_stratified_mhz
3702,250.0,5,809.1284105505339,-809.1284105505339,808.8784105505339,0.000919049347796202,0.002064913426723735,671.5189830391711,0.006655388323854927,30.499743851383407,1.6642278581857681,worst_uncertainty_stratified_mhz
3223,250.0,5,805.3840105681516,-805.3840105681516,805.1340105681516,0.03557435465670348,0.020388293894092517,670.9095926928812,0.00863802053925844,0.0,1.6710179299116135,worst_uncertainty_stratified_mhz
3240,250.0,5,803.5385305715654,-803.5385305715654,803.2885305715654,0.02002254899629773,0.012771924839822455,668.6974151712985,0.013556308294649488,8.227241335952167,1.695692852139473,worst_uncertainty_stratified_mhz
4105,250.0,5,795.6346077484476,-795.6346077484476,795.3846077484476,0.032159682794653525,0.024986325857185333,660.2165123138451,0.03612483974389047,30.666298684386415,1.790670245885849,worst_uncertainty_stratified_mhz
3533,250.0,5,791.5732265271264,-791.5732265271264,791.3232265271264,0.0030071249370394264,0.0030032803873382744,658.9031122473305,0.016769120390941472,6.283659363778403,1.8054334074258804,worst_uncertainty_stratified_mhz
3570,250.0,5,790.6625259284116,-790.6625259284116,790.4125259284116,0.04825976031342799,0.015907275948913006,656.1406630798602,0.01783510076229944,30.01562093310748,1.8365325778722763,worst_uncertainty_stratified_mhz
4294,250.0,5,786.5397719085819,-786.5397719085819,786.2897719085819,0.010738650452036544,0.0048019646195943365,655.2220250366595,0.03844072870892368,0.0,1.8468889445066452,worst_uncertainty_stratified_mhz
4188,250.0,5,786.3526814573003,-786.3526814573003,786.1026814573003,0.003892610922434038,0.00272326269500147,655.0784354909072,0.010002346967562081,0.0,1.8485083729028702,worst_uncertainty_stratified_mhz
3583,250.0,5,783.1992383321839,-783.1992383321839,782.9492383321839,0.03662302917018917,0.02176326214139527,651.2007332135385,0.03255601242151851,14.551632210855248,1.8923090994358063,worst_uncertainty_stratified_mhz
3334,250.0,5,781.7772882818626,-781.7772882818626,781.5272882818626,0.017080980635049547,0.01765411106402726,651.2365866149602,0.03609409187359347,0.0,1.8919035196304321,worst_uncertainty_stratified_mhz
4277,250.0,5,776.3131461975178,-776.3131461975178,776.0631461975178,0.006737784495924707,0.015039359356951611,643.8465561516265,0.029643079311796328,34.126602526474855,1.9757381677627563,worst_uncertainty_stratified_mhz
3483,265.0,5,245.60690509494282,-245.60690509494282,245.35690509494282,0.06086918615945482,0.09200078420702949,204.0051713272335,1.1356600840348356,0.0,8.329929172992706,worst_uncertainty_stratified_mhz
3769,265.0,5,213.0552702500542,-213.0552702500542,212.8052702500542,0.08386447362664927,0.06818377521966064,177.15212951289578,0.2842087238374802,0.0,8.94542670249939,worst_uncertainty_stratified_mhz
4343,265.0,5,208.9897130091299,-208.9897130091299,208.7397130091299,0.13563207499865623,0.13639631910872876,173.53819070964306,0.7296618861299606,0.0,9.031732439994812,worst_uncertainty_stratified_mhz
3520,265.0,5,201.88325974418683,-201.88325974418683,201.63325974418683,0.08092696177073011,0.13726093935077938,166.49795320172748,0.4412272330271172,14.551632210855248,9.202483355998993,worst_uncertainty_stratified_mhz
4526,265.0,5,198.68538273224843,-198.68538273224843,198.43538273224843,0.09768770075128408,0.059601205725754836,162.69254754154161,0.11579303852487044,30.499743851383407,9.296282649040222,worst_uncertainty_stratified_mhz
4053,265.0,5,197.8014414175543,-197.8014414175543,197.5514414175543,0.11966354868167343,0.11012983695689411,162.28884598801673,0.3199939459988741,24.97717708228854,9.306297540664673,worst_uncertainty_stratified_mhz
3653,265.0,5,194.17672911255266,-194.17672911255266,193.92672911255266,0.09983722707586057,0.1212911637442909,161.34193386528824,0.3128926337753768,0.0,9.329837203025818,worst_uncertainty_stratified_mhz
3356,265.0,5,192.96164915925368,-192.96164915925368,192.71164915925368,0.12155644016945238,0.08744719992060333,159.126724649153,0.40816128360368964,14.551632210855248,9.385177254676819,worst_uncertainty_stratified_mhz
4267,265.0,5,192.29186687623428,-192.29186687623428,192.04186687623428,0.140184724168574,0.11022059456381157,159.77192576520022,0.3290825288746504,0.0,9.369019389152527,worst_uncertainty_stratified_mhz
3257,265.0,5,190.05717679277072,-190.05717679277072,189.80717679277072,0.06656291335017082,0.03558771501081524,157.54585339525542,0.15361280352180984,6.283659363778403,9.424906253814697,worst_uncertainty_stratified_mhz
3385,265.0,5,186.70550104379703,-186.70550104379703,186.45550104379703,0.22225554166180841,0.061427289800869096,155.21226431045403,0.15165443181552973,0.0,9.483917951583862,worst_uncertainty_stratified_mhz
3694,270.0,5,5.457657815042488,-5.457657815042488,5.457657815042488,0.041508052729734325,0.17677755374020146,0.0,2.7421172209153672,42.223734439293736,5.007854491472244,worst_uncertainty_stratified_mhz
3938,270.0,5,4.930065061046054,-4.930065061046054,4.930065061046054,0.06522152053977,0.08375786997761304,0.0,1.642199561676346,42.13353029357972,4.239467561244965,worst_uncertainty_stratified_mhz
4029,270.0,5,4.889227707061716,-4.889227707061716,4.889227707061716,0.10393892425632151,0.14666579875897162,0.0,1.1047146536487844,42.56594149082104,7.337655305862427,worst_uncertainty_stratified_mhz
3882,270.0,5,4.765653835976384,-4.765653835976384,4.765653835976384,0.13080973847330654,0.19426130233610825,0.0,2.4460202015372223,35.85452377315867,5.226968616247177,worst_uncertainty_stratified_mhz
3826,270.0,5,4.694867143187678,-4.694867143187678,4.694867143187678,0.1829154934257983,0.053030950943784516,0.0,0.4286658340173197,44.1955880150949,4.822221338748932,worst_uncertainty_stratified_mhz
3205,270.0,5,4.655329374580133,-4.655329374580133,4.655329374580133,0.04877021430046743,0.07191645000664272,0.0,0.5053800099134342,43.583791425253494,5.684254348278046,worst_uncertainty_stratified_mhz
4177,280.0,5,5.234084519727778,-5.234084519727778,5.234084519727778,0.11762020327604217,0.3282619885205694,0.0,3.3606982392005555,35.36042102407719,5.421620428562164,worst_uncertainty_stratified_mhz
3450,280.0,5,5.095699517777643,-5.095699517777643,5.095699517777643,0.03654714196927809,0.1682179893538361,0.0,3.0759934102051822,37.57638054682755,5.49590128660202,worst_uncertainty_stratified_mhz
4239,280.0,5,4.875045611869083,-4.875045611869083,4.875045611869083,0.14892291708892483,0.10501366826378825,0.0,1.2357166723207023,42.47793544888923,5.633619248867035,worst_uncertainty_stratified_mhz
4160,280.0,5,4.866256443237605,-4.866256443237605,4.866256443237605,0.22087403816011794,0.09082035831668969,0.0,1.2284502158785813,42.44849820665037,7.365509748458862,worst_uncertainty_stratified_mhz
4438,280.0,5,4.6462512794487205,-4.6462512794487205,4.6462512794487205,0.054849870788396406,0.11510917429252399,0.0,1.8356590028215924,38.17394399325278,5.290930241346359,worst_uncertainty_stratified_mhz
4004,280.0,5,4.625466984972907,-4.625466984972907,4.625466984972907,0.09799257388764944,0.11882485582177993,0.0,1.7729495960587052,38.021991991477776,4.736828505992889,worst_uncertainty_stratified_mhz
4512,300.0,5,4.575402162058622,-4.575402162058622,4.575402162058622,0.014762523532985466,0.07189544845380644,0.0,0.713003551412057,42.14317115500446,3.5665853917598724,worst_uncertainty_stratified_mhz
4745,300.0,5,4.498646503715702,-4.498646503715702,4.498646503715702,0.05014280701007918,0.058737833830342014,0.0,0.3212977233766594,42.855498480358385,3.13862144947052,worst_uncertainty_stratified_mhz
4721,300.0,5,4.477686448594101,-4.477686448594101,4.477686448594101,0.07079011898211704,0.02269117819504327,0.0,0.4192364074238304,42.79219408957666,4.020919054746628,worst_uncertainty_stratified_mhz
4565,300.0,5,4.378341422921782,-4.378341422921782,4.378341422921782,0.020256308398647057,0.04915394677430046,0.0,0.8344941101054069,40.074734871237766,4.298745214939117,worst_uncertainty_stratified_mhz
4450,300.0,5,4.368664345320216,-4.368664345320216,4.368664345320216,0.04407034740155993,0.01727395210424555,0.0,0.1500469181594033,42.79219408957666,4.138449281454086,worst_uncertainty_stratified_mhz
3339,250.0,5,773.675836707876,-773.675836707876,773.425836707876,0.007730283943592503,0.004075587824492424,641.8801359452746,0.03322177378249691,31.5,1.998126745223999,worst_uncertainty_stratified_mhz
3582,250.0,5,773.2099012912724,-773.2099012912724,772.9599012912724,0.004394005273073554,0.0020317988348307735,641.502278454623,0.008631274726876859,31.5,2.0024327486753464,worst_uncertainty_stratified_mhz
4500,250.0,5,770.4265825972041,-770.4265825972041,770.1765825972041,0.007641586281256853,0.0032017159756934054,641.8026321656677,0.01917436534004735,0.0,1.9990098625421524,worst_uncertainty_stratified_mhz
3834,250.0,5,769.2542984892617,-769.2542984892617,769.0042984892617,0.03273516836870901,0.015693801943454388,640.7985194568266,0.04100184589253697,0.0,2.0104560554027557,worst_uncertainty_stratified_mhz
3370,250.0,5,766.2577105396778,-766.2577105396778,766.0077105396778,0.04937361885417191,0.023389631359827332,638.2882398115989,0.04112832573102221,0.0,2.0391108095645905,worst_uncertainty_stratified_mhz
5863,120.0,6,10.15656824527219,-10.15656824527219,10.15656824527219,0.759563298031407,2.1723739252184555,0.0,19.071556118709566,0.33071891388307384,16.340389490127563,worst_uncertainty_stratified_mhz
4955,150.0,6,8.713523832810106,-8.713523832810106,8.713523832810106,0.7501075115461292,0.9835357856176808,0.0,11.144341914771237,31.50173606327118,7.5159633457660675,worst_uncertainty_stratified_mhz
6332,150.0,6,7.346567195116416,-7.346567195116416,7.346567195116416,0.5696183128767239,0.8870011442801413,0.0,7.781888287077209,31.5,6.128044009208679,worst_uncertainty_stratified_mhz
5796,150.0,6,6.413272022197414,-6.413272022197414,6.413272022197414,0.7962203691664689,0.7671985714515278,0.0,6.114730569638025,29.23263373355196,5.587919324636459,worst_uncertainty_stratified_mhz
5204,150.0,6,6.354433942621492,-6.354433942621492,6.354433942621492,0.807526930756921,0.41014570355016955,0.0,3.2183640767355164,44.10906227749577,4.627828493714333,worst_uncertainty_stratified_mhz
5282,155.0,6,115.08845349928339,-115.08845349928339,114.83845349928339,1.2010291563021342,0.0665008437641506,95.32065463919983,0.1533125072052286,0.0,4.026631593704224,worst_uncertainty_stratified_mhz
6164,155.0,6,102.57431182445407,-102.57431182445407,102.32431182445407,0.8404002441416522,0.3112827288265989,82.05768565711442,0.7280043093893163,29.23263373355196,4.524901449680328,worst_uncertainty_stratified_mhz
5781,155.0,6,98.87440736162173,-98.87440736162173,98.62440736162173,0.4683647486011095,0.16998808100587134,80.43447953492449,0.7879868284792613,14.551632210855248,4.588571161031723,worst_uncertainty_stratified_mhz
5510,155.0,6,95.40425779290796,-95.40425779290796,95.15425779290796,0.48242455416752966,0.1599115860559761,75.54253011546959,0.2478116671100814,40.56014053230092,4.7844443917274475,worst_uncertainty_stratified_mhz
4987,155.0,6,94.84779118627446,-94.84779118627446,94.59779118627446,0.052494345974955094,0.06545929671229157,78.7187732113072,0.06843086041044089,0.0,4.656571567058563,worst_uncertainty_stratified_mhz
5508,155.0,6,92.25101162358492,-92.25101162358492,92.00101162358492,0.030782826325026675,0.12632105873174973,76.49613924023828,0.024192116057431434,0.0,4.7457751631736755,worst_uncertainty_stratified_mhz
5368,155.0,6,91.0111048950415,-91.0111048950415,90.7611048950415,0.01899113959576436,0.024301252642483704,75.51829777982641,0.27985112967752457,0.0,4.785430192947388,worst_uncertainty_stratified_mhz
5113,155.0,6,90.99235746686641,-90.99235746686641,90.74235746686641,0.32278287619313645,0.022662982240011394,75.47695984665795,0.15804416705304902,0.0,4.787112236022949,worst_uncertainty_stratified_mhz
5297,155.0,6,90.28339776688175,-90.28339776688175,90.03339776688175,0.16097659802204414,0.4260103246327323,74.28466069519408,0.6072722748407244,0.0,4.835826754570007,worst_uncertainty_stratified_mhz
5670,155.0,6,90.26241527173833,-90.26241527173833,90.01241527173833,0.010651880392376361,0.03233151974072793,74.9447924932075,0.07858294337185256,0.0,4.80880743265152,worst_uncertainty_stratified_mhz
6193,170.0,6,4.345784322374551,-4.345784322374551,4.345784322374551,0.01154861345041295,0.006088465627632806,0.0,0.1558430331795222,42.79219408957666,3.1405043601989746,worst_uncertainty_stratified_mhz
6384,170.0,6,3.8789202749439466,-3.8789202749439466,3.8789202749439466,0.015612852797910054,0.010735703567357568,0.0,0.08989517362030508,38.27450195626326,3.55939444899559,worst_uncertainty_stratified_mhz
5620,180.0,6,4.451510227067414,-4.451510227067414,4.451510227067414,0.00907559586965606,0.007432918153312431,0.0,0.052951855315831686,44.1955880150949,3.7610898315906525,worst_uncertainty_stratified_mhz
5133,180.0,6,4.344005947602176,-4.344005947602176,4.344005947602176,0.0035253358771450325,0.009822326104856673,0.0,0.14049061576553967,42.79219408957666,3.1118271946907043,worst_uncertainty_stratified_mhz
5848,180.0,6,4.321610854800743,-4.321610854800743,4.321610854800743,0.005094932797306172,0.01033887007954241,0.0,0.0731697357841048,42.79219408957666,3.450695127248764,worst_uncertainty_stratified_mhz
5824,180.0,6,4.312855759770618,-4.312855759770618,4.312855759770618,0.05398473970610823,0.008196633808884864,0.0,0.02241490049456374,42.79219408957666,2.7594417929649353,worst_uncertainty_stratified_mhz
5135,200.0,6,4.76435973524894,-4.76435973524894,4.51435973524894,0.015328376664608748,0.03527023370071267,0.0,0.5097225187830077,42.79219408957666,4.225644588470459,worst_uncertainty_stratified_mhz
6354,200.0,6,4.471704569764479,-4.471704569764479,4.221704569764479,0.039806444995039554,0.06754710912000764,0.0,0.8085202834553762,38.27450195626326,5.272837936878204,worst_uncertainty_stratified_mhz
5474,200.0,6,4.405261770076516,-4.405261770076516,4.155261770076516,0.1456939466052022,0.012030699274625316,0.0,0.10731865999050783,40.632307035165994,2.826731860637665,worst_uncertainty_stratified_mhz
4802,200.0,6,4.372793152443016,-4.372793152443016,4.122793152443016,0.015723995267725468,0.023987963784672824,0.0,0.07676044205423604,40.56014053230092,3.304197460412979,worst_uncertainty_stratified_mhz
6074,200.0,6,4.308079970042686,-4.308079970042686,4.058079970042686,0.01697108156401973,0.046740833871677157,0.0,0.5791668400150192,37.81017554838909,3.8975132405757904,worst_uncertainty_stratified_mhz
5021,200.0,6,4.288926353869937,-4.288926353869937,4.038926353869937,0.07021658886889563,0.03408187202595991,0.0,0.40799772282127833,38.27450195626326,6.1204142570495605,worst_uncertainty_stratified_mhz
4972,200.0,6,4.234650811257494,-4.234650811257494,3.9846508112574943,0.027984120668602005,0.05798123076441057,0.0,0.3133296574423383,37.81017554838909,4.386609315872192,worst_uncertainty_stratified_mhz
5982,230.0,6,4.993880566888829,-4.993880566888829,4.743880566888829,0.1608835579791265,0.13590771692069933,0.0,2.0957148141705764,37.662979170532964,4.508132308721542,worst_uncertainty_stratified_mhz
5424,230.0,6,4.96378190809421,-4.96378190809421,4.71378190809421,0.1674592903738874,0.07368408628595531,0.0,0.4052347273208987,44.1955880150949,5.692714273929596,worst_uncertainty_stratified_mhz
5897,230.0,6,4.9007032151855165,-4.9007032151855165,4.6507032151855165,0.08994802367647477,0.12628204786671257,0.0,1.0730355255706563,40.632307035165994,4.279362976551056,worst_uncertainty_stratified_mhz
5551,230.0,6,4.900637843981357,-4.900637843981357,4.650637843981357,0.025350515691625487,0.08791551360527236,0.0,0.26533755183157837,44.1955880150949,4.784173011779785,worst_uncertainty_stratified_mhz
5627,230.0,6,4.835378036957703,-4.835378036957703,4.585378036957703,0.0613080969038737,0.08737531707026841,0.0,0.8843990802391026,41.29448359042646,3.9115089774131775,worst_uncertainty_stratified_mhz
6270,230.0,6,4.719022812290972,-4.719022812290972,4.469022812290972,0.06409336393579342,0.04940477181196431,0.0,0.25830988987633585,42.884838521323594,4.220048874616623,worst_uncertainty_stratified_mhz
5247,230.0,6,4.703504757591596,-4.703504757591596,4.453504757591596,0.08984165251393013,0.05284418952445594,0.0,0.22636454961283548,42.72550467811937,6.214074552059174,worst_uncertainty_stratified_mhz
5161,250.0,6,831.7385072771312,-831.7385072771312,831.4885072771312,0.018713091802529693,0.004578231842834471,692.8933949942937,0.013964752182938689,0.0,1.4279848039150238,worst_uncertainty_stratified_mhz
5636,250.0,6,814.4112495046027,-814.4112495046027,814.1612495046027,0.03228649515437198,0.009682292999767904,676.7042616969811,0.028603564211033605,20.83529157463365,1.6065755933523178,worst_uncertainty_stratified_mhz
5047,250.0,6,806.2170181491483,-806.2170181491483,805.9670181491483,0.0034420668703018767,0.002902814102067621,669.3539315593093,0.026015766244113614,27.279800219209818,1.6883657276630402,worst_uncertainty_stratified_mhz
5774,250.0,6,802.9351637577763,-802.9351637577763,802.6851637577763,0.019787920963150116,0.025917015029852664,666.3754334309812,0.19302218416616745,29.23263373355196,1.721636489033699,worst_uncertainty_stratified_mhz
5597,250.0,6,800.5313772347956,-800.5313772347956,800.2813772347956,0.020171102756596473,0.013231702888804197,665.1343557426047,0.03351673195519367,20.83529157463365,1.7355216592550278,worst_uncertainty_stratified_mhz
6321,250.0,6,785.9164355633483,-785.9164355633483,785.6664355633483,0.0011209127399565626,0.0024667742899926186,653.4910898445571,0.05138325478367256,14.551632210855248,1.8664225786924362,worst_uncertainty_stratified_mhz
6089,250.0,6,783.8247600123279,-783.8247600123279,783.5747600123279,0.08211891808419562,0.03740717852121301,652.8939611430017,0.07247469549473262,0.0,1.8731671869754791,worst_uncertainty_stratified_mhz
5211,250.0,6,782.2572171347927,-782.2572171347927,782.0072171347927,0.005774832933932084,0.017785417418870103,649.2060182659145,0.014450587291601202,29.268156757814456,1.9148912727832794,worst_uncertainty_stratified_mhz
6207,250.0,6,774.7877393047013,-774.7877393047013,774.5377393047013,0.013231717700595192,0.0113001102293093,645.426943823024,0.014710349438317394,0.0,1.957769513130188,worst_uncertainty_stratified_mhz
5266,250.0,6,774.0192102096856,-774.0192102096856,773.7692102096856,0.022947128837748854,0.007725845068200895,644.7916194126385,0.00554675630783108,0.0,1.9649903625249863,worst_uncertainty_stratified_mhz
5801,250.0,6,772.098565749329,-772.098565749329,771.848565749329,0.08703475579356552,0.04229247329976985,641.3867901908644,0.1393224437673728,20.504572660750576,2.0037490874528885,worst_uncertainty_stratified_mhz
5181,250.0,6,771.2502662471908,-771.2502662471908,771.0002662471908,0.10590529278100906,0.022999769295395243,642.4193878159725,0.1029282596724812,0.0,1.991983711719513,worst_uncertainty_stratified_mhz
5035,265.0,6,256.9219647785708,-256.9219647785708,256.6719647785708,0.29899166966775015,0.21591530384896032,212.23662665014044,0.38351058321818243,14.551632210855248,8.149486184120178,worst_uncertainty_stratified_mhz
4933,265.0,6,249.60441372731816,-249.60441372731816,249.35441372731816,0.29585253627184244,0.09394778873127534,207.49979801344335,0.3993465543464616,0.0,8.252886354923248,worst_uncertainty_stratified_mhz
5178,265.0,6,240.44942535342696,-240.44942535342696,240.19942535342696,0.6533124935745573,0.1343040911180498,199.8222221516443,0.13707003252312333,0.0,8.423019707202911,worst_uncertainty_stratified_mhz
5355,265.0,6,234.11115684300282,-234.11115684300282,233.86115684300282,0.45276820677653423,0.10758023034930975,193.7807837316254,0.37091549459989537,9.198335447242615,8.559207737445831,worst_uncertainty_stratified_mhz
6005,265.0,6,231.53821534580786,-231.53821534580786,231.28821534580786,0.07187745048914762,0.08354771159875746,192.06760869557965,0.10122298489727655,6.283659363778403,8.598211765289307,worst_uncertainty_stratified_mhz
5432,265.0,6,226.4802856767419,-226.4802856767419,226.2302856767419,0.36983699814230037,0.33985065024313693,185.8649847282667,0.24030610330310864,25.05961641765492,8.740903198719025,worst_uncertainty_stratified_mhz
6260,265.0,6,222.7111832561151,-222.7111832561151,222.4611832561151,0.09769328673728876,0.053883861775387315,185.15588357529774,0.4824967183155735,0.0,8.75736677646637,worst_uncertainty_stratified_mhz
5515,265.0,6,214.7056771597943,-214.7056771597943,214.4556771597943,0.3232124197159876,0.1823709923083809,178.33490953655445,0.2840746358211703,0.0,8.91737186908722,worst_uncertainty_stratified_mhz
5725,265.0,6,212.92319971704168,-212.92319971704168,212.67319971704168,0.3655374561476891,0.18993499913996806,176.848503135724,0.2248831183600828,0.0,8.952643632888794,worst_uncertainty_stratified_mhz
5491,265.0,6,212.29400789733714,-212.29400789733714,212.04400789733714,0.4307848602162762,0.0893815234089293,175.7033689828332,0.023418907913864473,9.5,8.979918360710144,worst_uncertainty_stratified_mhz
5940,265.0,6,211.29933734671306,-211.29933734671306,211.04933734671306,0.1636093001011688,0.03939342026654462,175.71738055317644,0.25282350707492185,0.0,8.979584097862244,worst_uncertainty_stratified_mhz
5476,270.0,6,5.258920715022868,-5.258920715022868,5.258920715022868,0.28115721563011054,0.13587873255477115,0.0,1.7164321969331127,43.840620433565945,8.440895557403564,worst_uncertainty_stratified_mhz
5719,270.0,6,4.9109858021059125,-4.9109858021059125,4.9109858021059125,0.19404371949143062,0.12275361871840815,0.0,1.294688704812855,42.252033974709434,4.477737754583359,worst_uncertainty_stratified_mhz
6346,270.0,6,4.860133851297402,-4.860133851297402,4.860133851297402,0.1742121134780775,0.3032486106016977,0.0,3.6522413854800515,30.834234221073174,7.201612323522568,worst_uncertainty_stratified_mhz
6004,270.0,6,4.854457263803477,-4.854457263803477,4.854457263803477,0.11491395460374187,0.08633093730015871,0.0,0.866331126169186,43.93016475043088,5.980808615684509,worst_uncertainty_stratified_mhz
5199,270.0,6,4.775938269442884,-4.775938269442884,4.775938269442884,0.08911053995209976,0.23850090377740468,0.0,4.432562909464144,28.445122604763018,7.957506686449051,worst_uncertainty_stratified_mhz
5479,270.0,6,4.597690876547501,-4.597690876547501,4.597690876547501,0.1557637724603343,0.09961301649649874,0.0,0.4562802047130248,42.49632337038111,6.931730151176453,worst_uncertainty_stratified_mhz
6309,280.0,6,5.301475416409983,-5.301475416409983,5.301475416409983,0.08556080685464944,0.16136064506540043,0.0,1.9180058296356526,43.66742206725742,5.30609729886055,worst_uncertainty_stratified_mhz
5973,280.0,6,5.1556887391537725,-5.1556887391537725,5.1556887391537725,0.01976059596170879,0.1515367451198637,0.0,2.0844260025714894,41.938943715835286,3.438150316476822,worst_uncertainty_stratified_mhz
5957,280.0,6,5.147492321755756,-5.147492321755756,5.147492321755756,0.055801230658889124,0.09302236211110004,0.0,1.6664112562556106,44.1076453123492,4.99342280626297,worst_uncertainty_stratified_mhz
5399,280.0,6,4.749718038630018,-4.749718038630018,4.749718038630018,0.10854388660968083,0.08047610743564787,0.0,1.038206992936093,42.38495458296493,7.088763654232025,worst_uncertainty_stratified_mhz
6252,280.0,6,4.718968993965443,-4.718968993965443,4.718968993965443,0.12544709532246545,0.09204401774093642,0.0,0.5222828194219424,43.66742206725742,6.865497887134552,worst_uncertainty_stratified_mhz
5167,280.0,6,4.559190756646968,-4.559190756646968,4.559190756646968,0.15169786759554207,0.15631222593778735,0.0,1.8620735342235513,36.35072213863158,6.537638366222382,worst_uncertainty_stratified_mhz
4800,300.0,6,4.72371137043993,-4.72371137043993,4.72371137043993,0.06532966657817664,0.052146588750159685,0.0,1.224043111271441,42.00743981725142,3.9950550496578217,worst_uncertainty_stratified_mhz
6045,300.0,6,4.590786733891689,-4.590786733891689,4.590786733891689,0.034167003854345325,0.08601790496345024,0.0,1.114249777046651,40.632307035165994,4.309980720281601,worst_uncertainty_stratified_mhz
6208,300.0,6,4.580388015924486,-4.580388015924486,4.580388015924486,0.22449352736253336,0.02321299349292678,0.0,0.19967526381420608,44.1955880150949,3.894473284482956,worst_uncertainty_stratified_mhz
5581,300.0,6,4.476512228478211,-4.476512228478211,4.476512228478211,0.007528297081932127,0.014875745967209081,0.0,0.09359352499264162,44.1955880150949,2.6902459859848022,worst_uncertainty_stratified_mhz
5187,300.0,6,4.414062812336558,-4.414062812336558,4.414062812336558,0.03517035477247979,0.1354242414048496,0.0,1.114293519542315,38.12131129696354,3.4162299633026123,worst_uncertainty_stratified_mhz
5193,250.0,6,768.475031008599,-768.475031008599,768.225031008599,0.0074579120808406655,0.0029248986839142503,636.4946372317705,0.01615915119626976,44.1955880150949,2.0596192479133606,worst_uncertainty_stratified_mhz
5011,250.0,6,767.6077665153916,-767.6077665153916,767.3577665153916,0.030150080370567,0.01699227616334522,637.6848100614121,0.05554099970336068,20.83529157463365,2.0460073351860046,worst_uncertainty_stratified_mhz
6142,250.0,6,767.361670893701,-767.361670893701,767.111670893701,0.14096711155762323,0.013692195805818907,639.2095410505464,0.012690175563147,0.0,2.028587654232979,worst_uncertainty_stratified_mhz
6199,250.0,6,764.5265208806168,-764.5265208806168,764.2765208806168,0.012100538130578072,0.005709139663300911,634.4395459762073,0.0261907779169972,29.283100928692644,2.083153158426285,worst_uncertainty_stratified_mhz
4964,250.0,6,764.2173927053128,-764.2173927053128,763.9673927053128,0.008558916003489072,0.018413100112309132,636.0841183747324,0.02378668596229594,6.283659363778403,2.0643172711133957,worst_uncertainty_stratified_mhz
7648,120.0,7,19.41867865937957,-19.41867865937957,19.41867865937957,5.077740868469511,3.662304536379195,0.0,30.300941061766693,20.504572660750576,20.501416563987732,worst_uncertainty_stratified_mhz
7345,150.0,7,38.96551631373364,-38.96551631373364,38.96551631373364,1.4417015227313115,7.333616439023153,0.0,78.77598395179362,0.33071891388307384,13.55217370390892,worst_uncertainty_stratified_mhz
7793,150.0,7,13.584188783080743,-13.584188783080743,13.584188783080743,1.7171204818599832,2.1286997278325406,0.0,27.789545785283508,2.3551804601770967,14.958338737487793,worst_uncertainty_stratified_mhz
6812,150.0,7,12.768494399606418,-12.768494399606418,12.768494399606418,1.7166508292893994,1.4853901414597022,0.0,23.044013316274167,20.458418193985576,8.207141607999802,worst_uncertainty_stratified_mhz
6624,150.0,7,12.516737741695474,-12.516737741695474,12.516737741695474,9.016069195288352,1.4963993733966603,0.0,16.955977786614376,20.83529157463365,9.45890811085701,worst_uncertainty_stratified_mhz
7856,155.0,7,107.9606930385559,-107.9606930385559,107.7106930385559,3.055346048255488,0.27993070344555404,88.56677260073596,0.7052381441158664,0.0,4.275701195001602,worst_uncertainty_stratified_mhz
7476,155.0,7,96.64288588631389,-96.64288588631389,96.39288588631389,0.3451759457427069,0.20642045925224764,78.13245551102813,0.4904416384919159,20.663600242939275,4.67997932434082,worst_uncertainty_stratified_mhz
7443,155.0,7,95.53283360552746,-95.53283360552746,95.28283360552746,0.44436768760417644,0.19967177921848736,77.25203176967236,0.24647638208142553,20.83529157463365,4.715294361114502,worst_uncertainty_stratified_mhz
6757,155.0,7,93.41185821120368,-93.41185821120368,93.16185821120368,0.5152594841081776,0.5003429881540552,74.97510149728821,0.6539368678181177,20.83529157463365,4.807569742202759,worst_uncertainty_stratified_mhz
7496,155.0,7,93.23341996464964,-93.23341996464964,92.98341996464964,0.14974594047446635,0.1350693537681407,77.27163086900474,0.049778303066077,0.0,4.714506030082703,worst_uncertainty_stratified_mhz
7365,155.0,7,92.77822114680059,-92.77822114680059,92.52822114680059,0.14874625404045924,0.2065586683366115,75.99910193314729,0.4558575068959918,8.227241335952167,4.765899956226349,worst_uncertainty_stratified_mhz
7875,155.0,7,91.3928942198001,-91.3928942198001,91.1428942198001,0.09718870881761722,0.2425406230035444,75.56216175770757,0.22911999668940553,0.0,4.783645868301392,worst_uncertainty_stratified_mhz
6581,155.0,7,86.33762691523346,-86.33762691523346,86.08762691523346,4.501150050466629,0.5121442902340576,69.61649081061063,1.8695256986655895,0.0,5.030426234006882,worst_uncertainty_stratified_mhz
7373,155.0,7,85.54304754304212,-85.54304754304212,85.29304754304212,0.18505073559533292,0.0716411504794641,70.93770031838268,0.04023643247103337,0.0,4.9747045040130615,worst_uncertainty_stratified_mhz
7598,155.0,7,84.20366094126824,-84.20366094126824,83.95366094126824,0.44390639533681125,0.20195334090145,69.53123340361832,0.29221213354255937,0.0,5.034040033817291,worst_uncertainty_stratified_mhz
6877,170.0,7,5.011727469310019,-5.011727469310019,5.011727469310019,0.7468938981980898,0.20456718548609856,0.0,1.9734372025857772,38.27450195626326,3.3998014628887177,worst_uncertainty_stratified_mhz
7239,170.0,7,5.0100828866861224,-5.0100828866861224,5.0100828866861224,0.38873841863466624,0.497429267939081,0.0,5.952072064729915,20.83529157463365,5.595890700817108,worst_uncertainty_stratified_mhz
7862,180.0,7,4.365403618822281,-4.365403618822281,4.365403618822281,0.012129358032121828,0.017478888403118106,0.0,0.16266725071973465,42.79219408957666,3.0165227949619293,worst_uncertainty_stratified_mhz
7002,180.0,7,4.354874900062455,-4.354874900062455,4.354874900062455,0.009395216676452406,0.010623098013747277,0.0,0.1639201140430151,42.79219408957666,3.1237206161022186,worst_uncertainty_stratified_mhz
7799,180.0,7,4.203505558866899,-4.203505558866899,4.203505558866899,0.034776327204985864,0.0056576585514759165,0.0,0.03021872379718271,41.75748435909424,3.6117458045482635,worst_uncertainty_stratified_mhz
7170,180.0,7,3.7808326426258367,-3.7808326426258367,3.7808326426258367,0.016107405898217735,0.004546807198335316,0.0,0.032605850710353046,37.585735326051555,2.5268081724643707,worst_uncertainty_stratified_mhz
7672,200.0,7,4.755610878030693,-4.755610878030693,4.505610878030693,0.025054185501270854,0.029723694758052574,0.0,0.10057996573944816,44.1955880150949,3.383021801710129,worst_uncertainty_stratified_mhz
7555,200.0,7,4.601187450481135,-4.601187450481135,4.351187450481135,0.021235966456891575,0.026639472038956055,0.0,0.07628526243089251,42.79219408957666,3.7320323288440704,worst_uncertainty_stratified_mhz
6810,200.0,7,4.588458072959943,-4.588458072959943,4.338458072959943,0.06451495724844243,0.08104955592329074,0.0,1.0665851546759164,38.27450195626326,5.446958839893341,worst_uncertainty_stratified_mhz
7896,200.0,7,4.574146846400167,-4.574146846400167,4.324146846400167,0.018383016241887876,0.007872352152444372,0.0,0.08149472900960575,42.79219408957666,2.9996836185455322,worst_uncertainty_stratified_mhz
7525,200.0,7,4.484677105282642,-4.484677105282642,4.234677105282642,0.026554263125216682,0.03474355116425858,0.0,0.3425975986424481,40.56014053230092,3.2985603511333466,worst_uncertainty_stratified_mhz
7558,200.0,7,4.135520123389618,-4.135520123389618,3.8855201233896186,0.021474943634588784,0.012949876415018284,0.0,0.09507536352033696,38.27450195626326,3.7529451847076416,worst_uncertainty_stratified_mhz
7630,200.0,7,4.128026116535541,-4.128026116535541,3.8780261165355414,0.12581881712212542,0.04932442853490064,0.0,0.04003210527858059,37.585735326051555,5.184687554836273,worst_uncertainty_stratified_mhz
7829,230.0,7,5.487425219684225,-5.487425219684225,5.237425219684225,0.17916089788607806,0.09952733625831758,0.0,2.2411986782801385,42.58924453427179,5.7330127358436584,worst_uncertainty_stratified_mhz
6670,230.0,7,5.400692663699454,-5.400692663699454,5.150692663699454,0.1332465680003774,0.11902287195025579,0.0,1.9576862814059837,42.53656515281882,6.1029486656188965,worst_uncertainty_stratified_mhz
7902,230.0,7,5.254791875076858,-5.254791875076858,5.004791875076858,0.033044618457389104,0.25610175813009617,0.0,2.7387107325229594,36.538293268843304,5.3391803205013275,worst_uncertainty_stratified_mhz
7434,230.0,7,5.161872805111493,-5.161872805111493,4.911872805111493,0.06561852330524819,0.1290520147963384,0.0,1.2076306946657347,42.79219408957666,6.785775363445282,worst_uncertainty_stratified_mhz
7082,230.0,7,4.848590765972648,-4.848590765972648,4.598590765972648,0.09300086830523459,0.05989263922354692,0.0,0.3840689636897672,43.51077452769601,3.5680447220802307,worst_uncertainty_stratified_mhz
7684,230.0,7,4.835585985455068,-4.835585985455068,4.585585985455068,0.060102739344623686,0.0659027129476562,0.0,0.5499623492564609,42.79219408957666,5.015413403511047,worst_uncertainty_stratified_mhz
7338,230.0,7,4.820474996763173,-4.820474996763173,4.570474996763173,0.0400245549529043,0.033897202361658545,0.0,0.2573264370656254,44.1955880150949,4.09384948015213,worst_uncertainty_stratified_mhz
6887,250.0,7,818.8189326523418,-818.8189326523418,818.5689326523418,0.0640380764607097,0.012644585880622911,682.1081086605273,0.0120738907797735,0.0,1.5467277467250824,worst_uncertainty_stratified_mhz
7958,250.0,7,812.3128019893938,-812.3128019893938,812.0628019893938,0.01348508289030175,0.0082554206594175,674.7284288548927,0.02319794266362063,23.648136818785535,1.6285176575183868,worst_uncertainty_stratified_mhz
7317,250.0,7,786.9996883131965,-786.9996883131965,786.7496883131965,0.0197486316660045,0.004375860155034082,655.6086645604669,0.022256835677954,0.0,1.8425292372703552,worst_uncertainty_stratified_mhz
6849,250.0,7,785.2310942943417,-785.2310942943417,784.9810942943417,0.038524801298919165,0.03132990491915751,654.0904809782764,0.04540303630417397,0.0,1.8596555143594742,worst_uncertainty_stratified_mhz
6584,250.0,7,784.5148414225151,-784.5148414225151,784.2648414225151,0.023097484240250335,0.006774662974305085,652.7690878560652,0.017617385688956766,9.198335447242615,1.8745780289173126,worst_uncertainty_stratified_mhz
6929,250.0,7,781.8716098229224,-781.8716098229224,781.6216098229224,0.02762360416708759,0.021247679849001725,651.3000958466761,0.06490681741686877,0.0,1.8911851197481155,worst_uncertainty_stratified_mhz
7974,250.0,7,769.8317541300652,-769.8317541300652,769.5817541300652,0.03122137576559145,0.01396495925921856,638.6558172581156,0.04577324998964882,31.5,2.034911409020424,worst_uncertainty_stratified_mhz
7507,250.0,7,764.3061696028565,-764.3061696028565,764.0561696028565,0.028225895781436045,0.03652284360391519,636.5924274301638,0.23833127802492626,0.0,2.058500349521637,worst_uncertainty_stratified_mhz
7274,250.0,7,755.2679296449232,-755.2679296449232,755.0179296449232,0.1020194576315215,0.017842798098696842,627.9140125818809,0.0390921829276889,14.551632210855248,2.158134177327156,worst_uncertainty_stratified_mhz
6705,250.0,7,753.9255473041449,-753.9255473041449,753.6755473041449,0.03344394881939203,0.04388913975017294,627.9347938563873,0.2274285132860283,0.0,2.1578947752714157,worst_uncertainty_stratified_mhz
7026,250.0,7,750.5134559636882,-750.5134559636882,750.2634559636882,0.049801299965264646,0.019086042693050795,622.7464724843285,0.009560628880205257,29.23263373355196,2.2177881598472595,worst_uncertainty_stratified_mhz
6673,250.0,7,750.0731567393948,-750.0731567393948,749.8231567393948,0.1994985701133886,0.035495550322347906,622.913123844149,0.49666540665447556,20.504572660750576,2.2158604860305786,worst_uncertainty_stratified_mhz
6442,265.0,7,251.13190039567604,-251.13190039567604,250.88190039567604,0.1598626037922921,0.14378707569794413,207.01373179430277,0.36070520158381214,20.83529157463365,8.26356315612793,worst_uncertainty_stratified_mhz
6554,265.0,7,248.84911680221418,-248.84911680221418,248.59911680221418,0.050698717066288694,0.040954896563284424,207.00665912163552,0.3343395204001922,0.0,8.263718605041504,worst_uncertainty_stratified_mhz
6428,265.0,7,240.01861350298202,-240.01861350298202,239.76861350298202,0.5567763619877971,0.4141596191543718,199.04674641073387,0.4345265453510727,0.0,8.440384447574615,worst_uncertainty_stratified_mhz
7694,265.0,7,238.06178437527169,-238.06178437527169,237.81178437527169,0.9183166069405891,0.47885810949340696,197.26025312109715,0.433183754228164,0.0,8.480517446994781,worst_uncertainty_stratified_mhz
6517,265.0,7,230.6814869502991,-230.6814869502991,230.4314869502991,0.1456126236962178,0.048361737643374765,191.8529663866817,0.2828043539770988,0.0,8.603110790252686,worst_uncertainty_stratified_mhz
6631,265.0,7,228.64437515929325,-228.64437515929325,228.39437515929325,0.08232653254764714,0.07651112278680249,190.1401220050626,0.259658388288571,0.0,8.642303586006165,worst_uncertainty_stratified_mhz
7219,265.0,7,221.11443857128944,-221.11443857128944,220.86443857128944,0.5720269143561959,0.18019165301283183,183.6586180317575,0.1737220716347565,0.0,8.79223346710205,worst_uncertainty_stratified_mhz
7624,265.0,7,216.7820604534634,-216.7820604534634,216.5320604534634,0.14827618593231914,0.1573748558596195,178.33183870320767,0.5062672053665978,20.83529157463365,8.917444586753845,worst_uncertainty_stratified_mhz
6941,265.0,7,213.81005506223417,-213.81005506223417,213.56005506223417,0.9924840093876016,0.0872982870754108,177.08606585581248,0.14097618834665582,6.283659363778403,8.946996450424194,worst_uncertainty_stratified_mhz
7520,265.0,7,209.85854524626885,-209.85854524626885,209.60854524626885,0.058769485917151386,0.036403385790259424,174.57822650436376,0.12964568819334943,0.0,9.006803631782532,worst_uncertainty_stratified_mhz
7600,265.0,7,209.000558960198,-209.000558960198,208.750558960198,0.376236399742194,0.25230920832890824,171.14864535252352,0.4045864110895394,27.580563808595358,9.089292407035828,worst_uncertainty_stratified_mhz
7044,270.0,7,4.499056965675693,-4.499056965675693,4.499056965675693,0.09494238196633932,0.06487864357746935,0.0,0.31478045666835897,42.67830244983978,6.370731592178345,worst_uncertainty_stratified_mhz
7130,270.0,7,4.492866297740718,-4.492866297740718,4.492866297740718,0.029380193376766634,0.016920753523498432,0.0,0.1159466217193943,44.1955880150949,2.6789269745349884,worst_uncertainty_stratified_mhz
7529,270.0,7,4.422017775552445,-4.422017775552445,4.422017775552445,0.03871052462883446,0.024269345266470194,0.0,0.27633347867961433,42.79219408957666,4.2043333649635315,worst_uncertainty_stratified_mhz
7689,270.0,7,4.3890811516167565,-4.3890811516167565,4.3890811516167565,0.03251560839332172,0.02760599825687182,0.0,0.1723538376441489,42.79219408957666,2.9942463040351868,worst_uncertainty_stratified_mhz
7286,270.0,7,4.277948500470294,-4.277948500470294,4.277948500470294,0.12764078700380552,0.08641943218334522,0.0,0.4207163196996042,39.69158443549463,6.506989061832428,worst_uncertainty_stratified_mhz
6655,270.0,7,4.223003155126612,-4.223003155126612,4.223003155126612,0.022845447955604045,0.007469273044561627,0.0,0.036328960023865875,41.933727475625155,2.2342792749404907,worst_uncertainty_stratified_mhz
7104,280.0,7,5.007112034898666,-5.007112034898666,5.007112034898666,0.1561633225563516,0.15166187478892432,0.0,1.0179053502243356,43.84311519497674,6.184908211231232,worst_uncertainty_stratified_mhz
7725,280.0,7,4.405803055590332,-4.405803055590332,4.405803055590332,0.0639931775164694,0.16810711811615528,0.0,1.7770426222502624,35.156791662493895,4.640826791524887,worst_uncertainty_stratified_mhz
6993,280.0,7,4.357933749379114,-4.357933749379114,4.357933749379114,0.1860340753258728,0.05043347506732012,0.0,0.44829759152656834,40.788708609123674,7.285836219787598,worst_uncertainty_stratified_mhz
6795,280.0,7,4.317687339464742,-4.317687339464742,4.317687339464742,0.012086637698584106,0.00900827941654421,0.0,0.06266814845032442,42.79219408957666,2.510237991809845,worst_uncertainty_stratified_mhz
7224,280.0,7,4.009688954616383,-4.009688954616383,4.009688954616383,0.03721924891271249,0.02517382617784168,0.0,0.38620916427176155,38.27450195626326,3.717512369155884,worst_uncertainty_stratified_mhz
7021,280.0,7,3.887296438943667,-3.887296438943667,3.887296438943667,0.04245494752880535,0.010173124164900226,0.0,0.09706520053654,38.27450195626326,3.5906141102313995,worst_uncertainty_stratified_mhz
7531,300.0,7,4.957540333647136,-4.957540333647136,4.957540333647136,0.23557095972186873,0.11727369442211288,0.0,1.3188387797773338,42.61143479161433,5.567521035671234,worst_uncertainty_stratified_mhz
7915,300.0,7,4.594705106547864,-4.594705106547864,4.594705106547864,0.01230316890392467,0.045207547173538386,0.0,0.6988530988683124,42.79219408957666,4.256467580795288,worst_uncertainty_stratified_mhz
7007,300.0,7,4.53242845138929,-4.53242845138929,4.53242845138929,0.0408472056074571,0.11073093803177521,0.0,0.8368272554947529,40.632307035165994,4.204458862543106,worst_uncertainty_stratified_mhz
7509,300.0,7,4.426634352396467,-4.426634352396467,4.426634352396467,0.02465169672253577,0.04073664648803354,0.0,0.4836932074823812,41.900738358649484,3.2668648064136505,worst_uncertainty_stratified_mhz
7182,300.0,7,4.380463438939658,-4.380463438939658,4.380463438939658,0.005798514947223137,0.018279396722471693,0.0,0.20678658903279423,42.79219408957666,3.0765281021595,worst_uncertainty_stratified_mhz
6819,250.0,7,748.5940252923765,-748.5940252923765,748.3440252923765,0.09389184362406529,0.011333051339936394,621.4833356343416,0.02633167266673908,25.14333907817337,2.2324073910713196,worst_uncertainty_stratified_mhz
6935,250.0,7,748.2900373349181,-748.2900373349181,748.0400373349181,0.16790676509075844,0.025971083047641768,623.286917007739,0.042296027963232063,0.0,2.211537718772888,worst_uncertainty_stratified_mhz
7720,250.0,7,747.7302034506625,-747.7302034506625,747.4802034506625,0.015088285733726373,0.0316532835903765,621.169497589563,0.026770945720869355,20.161845153655953,2.2360419780015945,worst_uncertainty_stratified_mhz
7776,250.0,7,747.3817454477422,-747.3817454477422,747.1317454477422,0.03954996321279352,0.02316164900300786,622.5647123527712,0.02703045745498045,0.0,2.2198908925056458,worst_uncertainty_stratified_mhz
6885,250.0,7,744.2140283591937,-744.2140283591937,743.9640283591937,0.005045225654623464,0.005370803857226938,619.9591593067953,0.010627653828080064,0.0,2.2500676214694977,worst_uncertainty_stratified_mhz
8484,120.0,8,5.707055367225749,-5.707055367225749,5.707055367225749,1.5609379086926944,0.9354742239768203,0.0,11.1817415831067,0.0,15.562536597251892,worst_uncertainty_stratified_mhz
9207,150.0,8,20.00983637265602,-20.00983637265602,20.00983637265602,5.2611832346893594,3.0947730475074056,0.0,40.02594206438101,0.4330127018922193,19.366056203842163,worst_uncertainty_stratified_mhz
9114,150.0,8,18.731546708106187,-18.731546708106187,18.731546708106187,20.046919172503415,1.9970256232811499,0.0,29.865705142517072,2.7128168017763383,23.726511001586914,worst_uncertainty_stratified_mhz
9155,150.0,8,10.141720747704044,-10.141720747704044,10.141720747704044,4.518812961592778,1.3677175423452803,0.0,19.306686381920088,2.03100960115899,18.213170289993286,worst_uncertainty_stratified_mhz
8203,150.0,8,9.884853543366178,-9.884853543366178,9.884853543366178,6.699437330057738,1.0978781944652367,0.0,17.971105086544128,2.732901388634431,16.741516828536987,worst_uncertainty_stratified_mhz
8372,155.0,8,113.42979968989903,-113.42979968989903,113.17979968989903,0.3178655018128517,0.10379327869570039,94.09637142400368,0.08285053599388448,0.0,4.0711095333099365,worst_uncertainty_stratified_mhz
9411,155.0,8,105.70276773805575,-105.70276773805575,105.45276773805575,0.07463837893513914,0.07992010724018409,85.95303463742516,0.11555879182116868,21.301408404140794,4.3746297955513,worst_uncertainty_stratified_mhz
9225,155.0,8,97.01774540468723,-97.01774540468723,96.76774540468723,0.08674909930632728,0.07571473505567315,80.39135380179228,0.46531847178972896,0.0,4.590271472930908,worst_uncertainty_stratified_mhz
9152,155.0,8,96.1255395628614,-96.1255395628614,95.8755395628614,0.0927292169135739,0.08223142054562245,76.55339447364533,0.10710446803960849,38.27450195626326,4.7434611320495605,worst_uncertainty_stratified_mhz
8583,155.0,8,93.98687210229716,-93.98687210229716,93.73687210229716,0.38020527495579765,0.956000967512603,73.92230307177877,4.050075681975505,20.83529157463365,4.850709170103073,worst_uncertainty_stratified_mhz
8119,155.0,8,86.35460995846563,-86.35460995846563,86.10460995846563,0.05285878758459169,0.05432617225312952,69.92288476519896,0.10309788759171568,20.663600242939275,5.017457365989685,worst_uncertainty_stratified_mhz
9461,155.0,8,77.51379475254497,-77.51379475254497,77.26379475254497,1.5851647722832543,0.3532822681505978,61.88955270010546,0.05617043156186341,20.504572660750576,5.367474615573883,worst_uncertainty_stratified_mhz
9349,155.0,8,72.04136550454528,-72.04136550454528,71.79136550454528,0.7132937430993108,0.6774297508272715,56.30291790373359,0.3146645276973139,29.23263373355196,5.624482691287994,worst_uncertainty_stratified_mhz
9073,155.0,8,71.2312868415802,-71.2312868415802,70.9812868415802,0.33157774131457846,0.1953789886167903,55.40769714972041,0.8246775658158434,38.27450195626326,5.666832983493805,worst_uncertainty_stratified_mhz
9464,155.0,8,68.92228071097057,-68.92228071097057,68.67228071097057,0.6963676984596368,0.2564125661102825,54.87540702302495,0.49877507133490084,20.8851023459307,5.692176401615143,worst_uncertainty_stratified_mhz
8607,170.0,8,20.012734135872183,-20.012734135872183,20.012734135872183,3.9853575085348734,2.738295293008671,0.0,41.54843960807965,3.6699795639757995,17.334210753440857,worst_uncertainty_stratified_mhz
8201,170.0,8,16.45877216049511,-16.45877216049511,16.45877216049511,1.5512536589510433,2.260553594731963,0.0,27.51384744107964,30.502817492815314,9.264793425798416,worst_uncertainty_stratified_mhz
9458,180.0,8,7.298719157834636,-7.298719157834636,7.298719157834636,0.3260124833705254,0.9137867030954736,0.0,8.218581041950818,29.70032617666008,4.989959746599197,worst_uncertainty_stratified_mhz
9426,180.0,8,6.008278267374935,-6.008278267374935,6.008278267374935,0.12874063385797038,0.6797297871916904,0.0,6.777803210963491,25.84267304285685,3.569177195429802,worst_uncertainty_stratified_mhz
9525,180.0,8,5.033668335804839,-5.033668335804839,5.033668335804839,1.8408518495986073,0.28071092524290997,0.0,4.193457810883032,26.846787517317598,3.820186734199524,worst_uncertainty_stratified_mhz
8120,180.0,8,4.83068672433069,-4.83068672433069,4.83068672433069,0.25536058651819854,0.23301548769771901,0.0,1.9881385831601412,37.21474842048512,3.224063739180565,worst_uncertainty_stratified_mhz
8538,200.0,8,4.743935049118509,-4.743935049118509,4.493935049118509,0.030466857983456403,0.018324339984761052,0.0,0.11220863753146659,44.1955880150949,2.9150400161743164,worst_uncertainty_stratified_mhz
8944,200.0,8,4.697924861402231,-4.697924861402231,4.447924861402231,0.0294894631947155,0.049226506559690054,0.0,0.2499809337324299,42.79219408957666,3.3046418726444244,worst_uncertainty_stratified_mhz
9009,200.0,8,4.6248727779525725,-4.6248727779525725,4.3748727779525725,0.041032766510552626,0.016129844015359267,0.0,0.17485831812636832,42.79219408957666,5.123055815696716,worst_uncertainty_stratified_mhz
9247,200.0,8,4.614894017925937,-4.614894017925937,4.364894017925937,0.007218622634442527,0.004630145965625281,0.0,0.014476258712251555,43.51077452769601,2.004563584923744,worst_uncertainty_stratified_mhz
9597,200.0,8,4.467132297743746,-4.467132297743746,4.217132297743746,0.036795023077341935,0.019389296062818234,0.0,0.14130856058071029,41.293916016769344,3.393247276544571,worst_uncertainty_stratified_mhz
8552,200.0,8,4.153630112323636,-4.153630112323636,3.903630112323636,0.13624064266607006,0.05105588805827758,0.0,0.3975908362439178,36.538293268843304,5.242219269275665,worst_uncertainty_stratified_mhz
9442,200.0,8,4.111129101089323,-4.111129101089323,3.8611291010893227,0.009169147992498499,0.0032902645932466473,0.0,0.014162161852161681,38.489446605530716,2.439571350812912,worst_uncertainty_stratified_mhz
9010,230.0,8,5.026270941026869,-5.026270941026869,4.776270941026869,0.06362388514901282,0.06897619475813856,0.0,1.1179599423218605,42.65614697789757,6.548439145088196,worst_uncertainty_stratified_mhz
8875,230.0,8,4.954848587077084,-4.954848587077084,4.704848587077084,0.3332582678657918,0.05987860724850457,0.0,0.516110447052224,43.51077452769601,4.922794282436371,worst_uncertainty_stratified_mhz
8530,230.0,8,4.935561389145844,-4.935561389145844,4.685561389145844,0.026888370657215072,0.04048047006725593,0.0,0.5673136853461891,44.1955880150949,4.3235785365104675,worst_uncertainty_stratified_mhz
8279,230.0,8,4.8244123032464215,-4.8244123032464215,4.5744123032464215,0.03238442494919905,0.06588175144335368,0.0,0.6599693201286589,42.365043077990606,3.922378271818161,worst_uncertainty_stratified_mhz
8358,230.0,8,4.760750667175395,-4.760750667175395,4.510750667175395,0.06593903832460056,0.023607675146617903,0.0,0.1626777112124378,44.019171959499644,3.9962457716464996,worst_uncertainty_stratified_mhz
9234,230.0,8,4.75210884141762,-4.75210884141762,4.50210884141762,0.03461376254622348,0.020990373924453402,0.0,0.12117439538540964,44.1955880150949,4.898944020271301,worst_uncertainty_stratified_mhz
8730,230.0,8,4.702689459020592,-4.702689459020592,4.452689459020592,0.06948186592619714,0.03427250051594615,0.0,0.29911666516416346,42.79219408957666,3.847895383834839,worst_uncertainty_stratified_mhz
8996,250.0,8,828.5748877639132,-828.5748877639132,828.3248877639132,0.03362958254643839,0.006973718762878088,690.2524075443738,0.00894496252474375,0.0,1.4569753855466843,worst_uncertainty_stratified_mhz
9074,250.0,8,803.5777400133579,-803.5777400133579,803.3277400133579,0.011516732195804293,0.01384234406835891,669.4107549326856,0.03197541423909467,0.0,1.6877317130565643,worst_uncertainty_stratified_mhz
8946,250.0,8,794.2263942677305,-794.2263942677305,793.9763942677305,0.0032078742868142714,0.006597839102423771,661.6338957729201,0.014344608574474726,0.0,1.7747547328472137,worst_uncertainty_stratified_mhz
9243,250.0,8,787.484129678702,-787.484129678702,787.234129678702,0.03809150933299101,0.0701674022530707,654.1680049404234,0.6614054287073969,18.86257869433551,1.8587805032730103,worst_uncertainty_stratified_mhz
9049,250.0,8,765.0887314018885,-765.0887314018885,764.8387314018885,0.06663983395892782,0.011074145940639244,637.3260451341803,0.04058875277548579,0.0,2.050109162926674,worst_uncertainty_stratified_mhz
9377,250.0,8,754.6305250686146,-754.6305250686146,754.3805250686146,0.18292530087842598,0.01995552074424012,628.575117660605,0.042055055864540725,0.0,2.1505201309919357,worst_uncertainty_stratified_mhz
8052,250.0,8,752.0075020441627,-752.0075020441627,751.7575020441627,0.00533814874453421,0.027552635287962514,625.6431244454318,0.06644478514912833,9.198335447242615,2.1843189150094986,worst_uncertainty_stratified_mhz
8854,250.0,8,749.8545728996359,-749.8545728996359,749.6045728996359,0.184850357342786,0.025241328355747578,622.1495620169426,0.050744354514921985,29.23263373355196,2.2246948033571243,worst_uncertainty_stratified_mhz
8002,250.0,8,749.8308385590267,-749.8308385590267,749.5808385590267,0.006646902922304528,0.01516677469384894,623.4143510313324,0.011549178774174607,14.551632210855248,2.2100642919540405,worst_uncertainty_stratified_mhz
8545,250.0,8,747.7494490189707,-747.7494490189707,747.4994490189707,0.10864394670722814,0.025472641274843156,622.8424343246512,0.06616537371489684,0.0,2.2166781276464462,worst_uncertainty_stratified_mhz
9256,250.0,8,746.8063279522431,-746.8063279522431,746.5563279522431,0.12502047081225048,0.01799923860552658,620.0706583838391,0.1384863832751,23.648136818785535,2.248774975538254,worst_uncertainty_stratified_mhz
9572,250.0,8,745.0032620765369,-745.0032620765369,744.7532620765369,0.10839784216128161,0.07370179643535561,617.518445567721,0.5166142498027335,34.126602526474855,2.278392806649208,worst_uncertainty_stratified_mhz
9311,265.0,8,291.4790881409543,-291.4790881409543,291.2290881409543,0.31173718857547067,0.5525588982310528,241.89255891037004,0.14641372577088063,0.0,7.526800692081451,worst_uncertainty_stratified_mhz
8073,265.0,8,260.4311968155206,-260.4311968155206,260.1811968155206,0.8094351583359005,0.357000941256574,216.03490012479068,0.5755898980084417,0.0,8.067404568195343,worst_uncertainty_stratified_mhz
8524,265.0,8,237.74458073158374,-237.74458073158374,237.49458073158374,1.9873109363521027,0.2509183390663072,197.0655699019632,0.40769030440122833,0.0,8.484901905059814,worst_uncertainty_stratified_mhz
8422,265.0,8,232.58433190619536,-232.58433190619536,232.33433190619536,0.2361646080336599,0.4128120815498898,192.86859424116955,0.6107415498818476,0.0,8.579954087734222,worst_uncertainty_stratified_mhz
8700,265.0,8,222.96022183419117,-222.96022183419117,222.71022183419117,1.8452848586143868,0.22268710428560412,184.89583006839123,0.11392537439905936,0.0,8.763412475585938,worst_uncertainty_stratified_mhz
9448,265.0,8,222.85665175296896,-222.85665175296896,222.60665175296896,0.10709723746146792,0.03244555102568398,185.408307264595,0.11782971300294776,0.0,8.751502513885498,worst_uncertainty_stratified_mhz
8908,265.0,8,220.25067764252125,-220.25067764252125,220.00067764252125,0.6576725007466558,0.18440112726477045,182.8996030839258,0.22895464493284123,0.0,8.80996286869049,worst_uncertainty_stratified_mhz
8348,265.0,8,216.92295657085964,-216.92295657085964,216.67295657085964,0.4456842722153784,0.11604286167385998,180.2291380847152,0.32144431039078825,0.0,8.872635006904602,worst_uncertainty_stratified_mhz
9437,265.0,8,213.89186204875784,-213.89186204875784,213.64186204875784,0.1860364056467861,0.09979233622214412,176.028467245916,0.23246544999902596,21.301408404140794,8.972166180610657,worst_uncertainty_stratified_mhz
9509,265.0,8,209.94196369610185,-209.94196369610185,209.69196369610185,0.6871174949082235,0.20417563911380796,174.0751058229164,0.9251253605840155,0.0,9.018853724002838,worst_uncertainty_stratified_mhz
8164,265.0,8,208.65369241735038,-208.65369241735038,208.40369241735038,0.3389859386994758,0.3697773191213261,172.38179668797085,0.23828512809512858,8.227241335952167,9.059538125991821,worst_uncertainty_stratified_mhz
9251,270.0,8,5.126137381272242,-5.126137381272242,5.126137381272242,0.1530665705161966,0.3435663545243702,0.0,3.1129978170497368,34.82971970889229,5.512634485960007,worst_uncertainty_stratified_mhz
8814,270.0,8,4.50265373380505,-4.50265373380505,4.50265373380505,0.4929206214601523,0.07615449835019211,0.0,0.25555255715799774,41.75748435909424,5.1757084131240845,worst_uncertainty_stratified_mhz
9100,270.0,8,4.4974195368876195,-4.4974195368876195,4.4974195368876195,0.10714176363821337,0.10551999032008585,0.0,0.8552241257040372,40.13025666501524,6.505554735660553,worst_uncertainty_stratified_mhz
8044,270.0,8,4.358670928976033,-4.358670928976033,4.358670928976033,0.41253283692038517,0.3282521602935662,0.0,3.0489328971505074,26.960329653029095,7.795519113540649,worst_uncertainty_stratified_mhz
8113,270.0,8,4.3340644967944915,-4.3340644967944915,4.3340644967944915,0.12921187460140635,0.21195020336610024,0.0,1.07716218166712,36.06829459511497,6.477414608001709,worst_uncertainty_stratified_mhz
9522,270.0,8,4.304117876471306,-4.304117876471306,4.304117876471306,0.019131094572719286,0.006107214725667083,0.0,0.03129963366274069,42.79219408957666,2.627819061279297,worst_uncertainty_stratified_mhz
9041,280.0,8,5.001941822595063,-5.001941822595063,5.001941822595063,0.32371086585549314,0.13261065374255787,0.0,1.2282843825321486,42.921985916311,3.354879915714264,worst_uncertainty_stratified_mhz
8527,280.0,8,4.792510304864818,-4.792510304864818,4.792510304864818,0.2256367750302317,0.1364988118398502,0.0,0.7565835131848608,42.66548663732783,6.245589435100555,worst_uncertainty_stratified_mhz
8788,280.0,8,4.775945350050201,-4.775945350050201,4.775945350050201,0.0875909840594971,0.10039537397418292,0.0,1.4847001343642852,40.838094960465526,3.990914285182953,worst_uncertainty_stratified_mhz
8758,280.0,8,4.697621423951594,-4.697621423951594,4.697621423951594,0.1479566803927234,0.07825357950505457,0.0,0.4536062187011929,43.84489708050413,5.6576356291770935,worst_uncertainty_stratified_mhz
9319,280.0,8,4.4981574375187305,-4.4981574375187305,4.4981574375187305,0.035758254176208266,0.027408880303344228,0.0,0.48252898446284576,42.79219408957666,3.0192103385925293,worst_uncertainty_stratified_mhz
8994,280.0,8,4.326134291864757,-4.326134291864757,4.326134291864757,0.01240500705133317,0.020435539555192353,0.0,0.037600919461339366,42.79219408957666,2.5182903707027435,worst_uncertainty_stratified_mhz
8623,300.0,8,4.737720185893053,-4.737720185893053,4.737720185893053,0.02938317797814614,0.07159371845443113,0.0,1.3045728286214988,41.66383323699345,4.5473122000694275,worst_uncertainty_stratified_mhz
8922,300.0,8,4.605763754026201,-4.605763754026201,4.605763754026201,0.09872757141989598,0.039358843936317,0.0,0.48847469284900225,43.51077452769601,3.978067845106125,worst_uncertainty_stratified_mhz
9018,300.0,8,4.430221286463057,-4.430221286463057,4.430221286463057,0.17113614288062318,0.020532884350532517,0.0,0.2068595074386188,42.84237096613585,4.736015737056732,worst_uncertainty_stratified_mhz
9222,300.0,8,4.416061870851971,-4.416061870851971,4.416061870851971,0.08661700235553611,0.04449325776706099,0.0,0.5663410701995701,41.29448359042646,3.7470595836639404,worst_uncertainty_stratified_mhz
8448,300.0,8,4.33046969677265,-4.33046969677265,4.33046969677265,0.03581739758632423,0.020288138681316598,0.0,0.03389637256122224,42.79219408957666,2.490827113389969,worst_uncertainty_stratified_mhz
9413,250.0,8,737.7979331675045,-737.7979331675045,737.5479331675045,0.03924364444771429,0.035082745011518326,612.7960515944754,0.13344876583251497,20.83529157463365,2.3333569318056107,worst_uncertainty_stratified_mhz
8140,250.0,8,737.5871832303288,-737.5871832303288,737.3371832303288,0.18478133156617274,0.0427690577186597,614.2345745789391,0.4152709032352495,0.0,2.3165915459394455,worst_uncertainty_stratified_mhz
8378,250.0,8,734.7000372204037,-734.7000372204037,734.4500372204037,0.06803324732885234,0.048308308766311266,610.4842382724969,0.3259129517518069,16.654109853126347,2.360341429710388,worst_uncertainty_stratified_mhz
9129,250.0,8,733.8463902503363,-733.8463902503363,733.5963902503363,0.06508075362363362,0.05916512702130093,608.578509572026,0.4205328566544446,30.499743851383407,2.3826243728399277,worst_uncertainty_stratified_mhz
8821,250.0,8,731.1833326280155,-731.1833326280155,730.9333326280155,0.05737286049962583,0.07150572936886125,605.803935274077,0.551940465887454,36.538293268843304,2.415128856897354,worst_uncertainty_stratified_mhz
10648,120.0,9,4.681845238120741,-4.681845238120741,4.681845238120741,0.1828043636928728,0.09990267017342853,0.0,0.591630665656325,42.79219408957666,7.068839907646179,worst_uncertainty_stratified_mhz
10658,150.0,9,23.93192172129116,-23.93192172129116,23.93192172129116,8.93370942669836,3.3788121633290786,0.0,47.37675379370103,0.4841229182759271,29.92559814453125,worst_uncertainty_stratified_mhz
11035,150.0,9,12.338183625508238,-12.338183625508238,12.338183625508238,3.2620925800800626,1.647677204196742,0.0,23.583925279054128,7.967708265241644,20.733307719230652,worst_uncertainty_stratified_mhz
9939,150.0,9,12.214019359796225,-12.214019359796225,12.214019359796225,1.6466766376101738,1.6699584717986555,0.0,16.143784609442285,36.47087879390898,11.432303488254547,worst_uncertainty_stratified_mhz
10593,150.0,9,7.661788968760333,-7.661788968760333,7.661788968760333,2.4041751206804034,1.317477806064959,0.0,14.388903393329144,0.4841229182759271,23.922905683517456,worst_uncertainty_stratified_mhz
10990,155.0,9,133.39771175578107,-133.39771175578107,133.14771175578107,0.030505523809109463,0.041642124913444406,108.32772755410382,0.09821353541632671,30.499743851383407,3.5706672370433807,worst_uncertainty_stratified_mhz
10575,155.0,9,109.08741210877619,-109.08741210877619,108.83741210877619,0.03496134538584645,0.0723268054197855,87.93703585010863,0.1306815547705602,31.5,4.299401432275772,worst_uncertainty_stratified_mhz
9797,155.0,9,102.42210052442142,-102.42210052442142,102.17210052442142,0.03169368803763884,0.042140043768908585,85.0017770231256,0.2823845971655281,0.0,4.411006987094879,worst_uncertainty_stratified_mhz
10161,155.0,9,97.34393242808538,-97.34393242808538,97.09393242808538,0.04106119639709731,0.02100544565715213,79.12155300235965,0.06504628630124998,20.83529157463365,4.640541732311249,worst_uncertainty_stratified_mhz
11195,155.0,9,85.99243113554753,-85.99243113554753,85.74243113554753,0.044633566460677294,0.029089571953602802,71.35243982106658,0.18488743063445767,0.0,4.957320153713226,worst_uncertainty_stratified_mhz
10143,155.0,9,79.79497187842276,-79.79497187842276,79.54497187842276,0.04208335364344429,0.07271968790563871,66.13940242003812,0.16596744030765365,0.0,5.179651379585266,worst_uncertainty_stratified_mhz
9820,155.0,9,78.65206542199027,-78.65206542199027,78.40206542199027,0.07344951115097612,0.09998037709982939,63.432248007039135,0.18450744008787012,20.504572660750576,5.298570513725281,worst_uncertainty_stratified_mhz
9909,155.0,9,76.34089703471129,-76.34089703471129,76.09089703471129,1.4923231828227541,0.48889982719574127,62.29331995358158,0.664235868325985,0.0,5.349358260631561,worst_uncertainty_stratified_mhz
10735,155.0,9,73.26959363280439,-73.26959363280439,73.01959363280439,0.06639778220976955,0.05472006425771201,60.07409668947527,0.5818060774777756,6.283659363778403,5.449670970439911,worst_uncertainty_stratified_mhz
10778,155.0,9,69.228882614117,-69.228882614117,68.978882614117,0.23227730287991658,0.10435068570706672,53.64155140045369,0.32916048666947617,42.79219408957666,5.7513996958732605,worst_uncertainty_stratified_mhz
10403,170.0,9,11.701194568775867,-11.701194568775867,11.701194568775867,1.3850579181576943,1.7510017243804794,0.0,22.76242912022667,7.615773105863909,17.707192420959473,worst_uncertainty_stratified_mhz
10710,170.0,9,9.359789901761117,-9.359789901761117,9.359789901761117,0.4483673937063251,1.2014265107496063,0.0,13.380893782352855,27.622454633866266,7.04047504067421,worst_uncertainty_stratified_mhz
10738,180.0,9,12.266895397314995,-12.266895397314995,12.266895397314995,0.2777290847414051,1.5447906203903436,0.0,20.23582329437545,27.977390425127215,10.789232015609741,worst_uncertainty_stratified_mhz
10011,180.0,9,8.585867058112687,-8.585867058112687,8.585867058112687,0.5482579373634399,0.7644326663601637,0.0,12.755051822441999,28.37885436376881,10.768616437911987,worst_uncertainty_stratified_mhz
9840,180.0,9,8.525640538805273,-8.525640538805273,8.525640538805273,0.05715762255705886,0.6304047593394586,0.0,9.829019756348407,41.25587079434877,6.0700399577617645,worst_uncertainty_stratified_mhz
10489,180.0,9,7.612386564390274,-7.612386564390274,7.612386564390274,0.3151943808250984,0.7322873331149317,0.0,6.8893242516243856,40.238934814430664,5.847860664129257,worst_uncertainty_stratified_mhz
10711,200.0,9,5.476015020690877,-5.476015020690877,5.226015020690877,0.16257760108955377,0.23060970035638348,0.0,2.1035888546553707,41.03199970754533,3.5836174488067627,worst_uncertainty_stratified_mhz
9849,200.0,9,5.156355792740905,-5.156355792740905,4.906355792740905,0.23428565920319047,0.1135885428638282,0.0,0.9323546024993297,43.51077452769601,3.045751005411148,worst_uncertainty_stratified_mhz
9629,200.0,9,4.8469980352454,-4.8469980352454,4.5969980352454,0.19130689509850762,0.02818660909088935,0.0,0.24952170378556726,44.1955880150949,3.150107353925705,worst_uncertainty_stratified_mhz
10275,200.0,9,4.688517256147018,-4.688517256147018,4.438517256147018,0.8152468689887451,0.02652204656570508,0.0,0.18723104964097015,41.293916016769344,3.8707567751407623,worst_uncertainty_stratified_mhz
9877,200.0,9,4.624084357367705,-4.624084357367705,4.374084357367705,0.004798551143846023,0.004378282617392904,0.0,0.043542408245868636,43.51077452769601,2.385002762079239,worst_uncertainty_stratified_mhz
10732,200.0,9,4.622895418695356,-4.622895418695356,4.372895418695356,0.054701678169479,0.027377626445066222,0.0,0.11124043007920292,42.79219408957666,2.68019300699234,worst_uncertainty_stratified_mhz
10665,200.0,9,4.586141854308642,-4.586141854308642,4.336141854308642,0.05927238345168532,0.031756466935937595,0.0,0.38528183064811117,41.38840417314975,2.736814260482788,worst_uncertainty_stratified_mhz
10071,230.0,9,4.947138993810601,-4.947138993810601,4.697138993810601,0.019111441582565548,0.06940313541173028,0.0,0.9023305025164312,42.724407544166134,5.780412137508392,worst_uncertainty_stratified_mhz
10298,230.0,9,4.872769258152699,-4.872769258152699,4.622769258152699,0.1049078934279769,0.08710680215065984,0.0,0.5526895061517187,42.724407544166134,6.034897863864899,worst_uncertainty_stratified_mhz
9601,230.0,9,4.848262559903215,-4.848262559903215,4.598262559903215,0.05232670972639623,0.06387782855815569,0.0,0.6004135162191915,42.79219408957666,4.429370403289795,worst_uncertainty_stratified_mhz
10184,230.0,9,4.82623041810999,-4.82623041810999,4.57623041810999,0.1873501437268514,0.10424566394142436,0.0,1.0008456857590176,40.22728396250485,6.19563090801239,worst_uncertainty_stratified_mhz
10380,230.0,9,4.707469443268392,-4.707469443268392,4.457469443268392,0.09213087188052399,0.03846029557341286,0.0,0.2786482085156443,42.79219408957666,4.986275136470795,worst_uncertainty_stratified_mhz
10476,230.0,9,4.307978109577102,-4.307978109577102,4.057978109577102,0.07440481625013562,0.06711314617920568,0.0,0.37588372469679143,38.071478826018826,5.697220087051392,worst_uncertainty_stratified_mhz
9926,230.0,9,4.2753778871203645,-4.2753778871203645,4.0253778871203645,0.07878039340820601,0.0794562139562744,0.0,0.18300692871215674,38.22446042784646,6.203391015529633,worst_uncertainty_stratified_mhz
10712,250.0,9,783.7310319539303,-783.7310319539303,783.4810319539303,0.01698283028094812,0.011746539301002445,652.3536233065222,0.01843580915446097,6.283659363778403,1.879272997379303,worst_uncertainty_stratified_mhz
10685,250.0,9,778.390273675576,-778.390273675576,778.140273675576,0.016393920191515084,0.007014311413804588,648.4318465073824,0.021251198710333874,0.0,1.9236650168895721,worst_uncertainty_stratified_mhz
9864,250.0,9,764.1071749471828,-764.1071749471828,763.8571749471828,0.017522400220613157,0.005574518487204068,636.5331856353114,0.013170877209340404,0.0,2.0591781735420227,worst_uncertainty_stratified_mhz
11083,250.0,9,762.2223702459752,-762.2223702459752,761.9723702459752,0.043398846969129094,0.037653550379878595,634.8822484778045,0.13240581513626903,0.0,2.078080326318741,worst_uncertainty_stratified_mhz
9630,250.0,9,758.5941746747562,-758.5941746747562,758.3441746747562,0.022145514393806697,0.021112518066449256,631.9124818684169,0.03426079130831261,0.0,2.112144187092781,worst_uncertainty_stratified_mhz
10688,250.0,9,757.7085056341278,-757.7085056341278,757.4585056341278,0.11166153441885324,0.02681251508414847,628.5214964113493,0.041645097936622966,31.5,2.1511375457048416,worst_uncertainty_stratified_mhz
10039,250.0,9,755.8498263301045,-755.8498263301045,755.5998263301045,0.004658631490341569,0.004152986700536924,629.6579667710762,0.008205905399214508,0.0,2.138057440519333,worst_uncertainty_stratified_mhz
11142,250.0,9,753.6737940451196,-753.6737940451196,753.4237940451196,0.15941870198051294,0.04031098962736763,625.29023662808,0.14835873752073336,29.23263373355196,2.1883921921253204,worst_uncertainty_stratified_mhz
10125,250.0,9,749.6198368302302,-749.6198368302302,749.3698368302302,0.007938176650095441,0.01493073322408701,622.4748957116485,0.030764715356091266,23.648136818785535,2.2209300696849823,worst_uncertainty_stratified_mhz
11106,250.0,9,745.7817181624446,-745.7817181624446,745.5317181624446,0.02099662163810472,0.01377673708250831,621.249890827812,0.016956880105126082,0.0,2.2351108491420746,worst_uncertainty_stratified_mhz
10160,250.0,9,745.0738718677205,-745.0738718677205,744.8238718677205,0.03097124893505338,0.01954239814432628,620.6438244679209,0.04064599075790176,0.0,2.2421319037675858,worst_uncertainty_stratified_mhz
11127,250.0,9,740.2503845323372,-740.2503845323372,740.0003845323372,0.05516258092280358,0.029649818337312197,614.8685381372475,0.04669782125799227,20.83529157463365,2.3092091977596283,worst_uncertainty_stratified_mhz
9772,265.0,9,284.17864960396986,-284.17864960396986,283.92864960396986,2.899026404957134,0.29949324063943544,235.5480143154773,0.2772456091390154,0.0,7.656657695770264,worst_uncertainty_stratified_mhz
11188,265.0,9,249.5587232521671,-249.5587232521671,249.3087232521671,0.34989472872329325,0.36175574181452086,207.16254084381276,0.23876269911197312,0.0,8.260293126106262,worst_uncertainty_stratified_mhz
9956,265.0,9,243.176562932575,-243.176562932575,242.926562932575,0.5762302450853304,0.371480253311988,200.16598092017492,0.2580062180485214,19.358057108088094,8.415332913398743,worst_uncertainty_stratified_mhz
10814,265.0,9,241.9105972637746,-241.9105972637746,241.6605972637746,0.09512247892858457,0.06795813761129567,201.26949817731432,0.032804642423784,0.0,8.390701651573181,worst_uncertainty_stratified_mhz
10765,265.0,9,236.85986138164571,-236.85986138164571,236.60986138164571,0.32442986571360527,0.3517020421409556,195.20902628339303,0.24273807606180853,16.654109853126347,8.52682238817215,worst_uncertainty_stratified_mhz
9932,265.0,9,229.6354907222486,-229.6354907222486,229.3854907222486,0.2069687175657211,0.14277395686181824,190.85366407886661,0.27197346549857215,0.0,8.625955164432526,worst_uncertainty_stratified_mhz
10240,265.0,9,229.34399315339607,-229.34399315339607,229.09399315339607,1.1868396386990199,0.22539020051678496,190.02486578607522,1.2267399990167718,0.0,8.644947171211243,worst_uncertainty_stratified_mhz
9692,265.0,9,226.90044128460437,-226.90044128460437,226.65044128460437,0.23866912904274706,0.20157957941799198,188.44392339087423,0.44484732619320866,0.0,8.681289851665497,worst_uncertainty_stratified_mhz
9627,265.0,9,220.6349163829602,-220.6349163829602,220.3849163829602,0.2037152391781566,0.11833621631421423,180.7761789411552,0.2144814837374156,31.5,8.859759092330933,worst_uncertainty_stratified_mhz
11044,265.0,9,210.84750785621563,-210.84750785621563,210.59750785621563,0.15531088166184723,0.12549908673509985,172.7044231209508,0.2147125011949811,30.499743851383407,9.05177116394043,worst_uncertainty_stratified_mhz
10199,265.0,9,206.68045569777766,-206.68045569777766,206.43045569777766,0.1951388133383705,0.15952367358970257,169.4290214597053,0.08544132616076183,27.976552682559014,9.130964159965515,worst_uncertainty_stratified_mhz
9755,270.0,9,4.555634767798414,-4.555634767798414,4.555634767798414,0.06986462435853079,0.13963139298427718,0.0,0.6232590372427715,41.105808591973954,6.5588831305503845,worst_uncertainty_stratified_mhz
10821,270.0,9,4.35282903519578,-4.35282903519578,4.35282903519578,0.06891923984224427,0.07803054234295115,0.0,0.22047288658333386,41.413879014166255,5.991793692111969,worst_uncertainty_stratified_mhz
9669,270.0,9,4.297652334609929,-4.297652334609929,4.297652334609929,0.06976908906824707,0.1772032182112335,0.0,3.0576691443562884,29.442210345013162,5.2875756919384,worst_uncertainty_stratified_mhz
10464,270.0,9,4.2941226938072115,-4.2941226938072115,4.2941226938072115,0.060655575662471865,0.03576195101387481,0.0,0.4837194861162537,40.56014053230092,2.432194232940674,worst_uncertainty_stratified_mhz
10514,270.0,9,4.16242128195709,-4.16242128195709,4.16242128195709,0.007026224769487316,0.024768833751688233,0.0,0.20650598670358988,40.512343797909296,3.034743070602417,worst_uncertainty_stratified_mhz
9941,270.0,9,3.9999298621235098,-3.9999298621235098,3.9999298621235098,0.020717431373318922,0.019637658562945255,0.0,0.14410998707031908,39.1485552096115,3.35116046667099,worst_uncertainty_stratified_mhz
9631,280.0,9,4.931560259556121,-4.931560259556121,4.931560259556121,0.17441349728478203,0.22852958376364677,0.0,2.2076213707761587,37.724950298177994,5.99639967083931,worst_uncertainty_stratified_mhz
10119,280.0,9,4.72400269824653,-4.72400269824653,4.72400269824653,0.13502474454098798,0.0748183966334184,0.0,0.45274318757618826,44.1955880150949,4.923558562994003,worst_uncertainty_stratified_mhz
9863,280.0,9,4.536662401078701,-4.536662401078701,4.536662401078701,0.01720364788023651,0.04355751851326901,0.0,0.3312793101975364,43.51077452769601,2.9671516120433807,worst_uncertainty_stratified_mhz
9625,280.0,9,4.535545448217668,-4.535545448217668,4.535545448217668,0.09950475758292703,0.24200940351290498,0.0,1.8113615019300617,35.13678627877057,5.933237612247467,worst_uncertainty_stratified_mhz
10018,280.0,9,4.319386835762836,-4.319386835762836,4.319386835762836,0.018052665156609273,0.013335822350501817,0.0,0.04471579140075832,42.79219408957666,2.770422399044037,worst_uncertainty_stratified_mhz
10757,280.0,9,4.298964328492028,-4.298964328492028,4.298964328492028,0.0378233148518726,0.06520088763730118,0.0,1.055031787252748,38.22446042784646,2.5194650888442993,worst_uncertainty_stratified_mhz
10785,300.0,9,4.811784421287921,-4.811784421287921,4.811784421287921,0.06562067657101973,0.09347271088979221,0.0,1.8884446277604627,39.942145660943154,4.5403099954128265,worst_uncertainty_stratified_mhz
10602,300.0,9,4.795055267013891,-4.795055267013891,4.795055267013891,0.06531035304000961,0.07294474757532517,0.0,1.0597939067286566,42.9838269003587,3.9289513528347015,worst_uncertainty_stratified_mhz
11154,300.0,9,4.747829556907815,-4.747829556907815,4.747829556907815,0.06428095816295688,0.0820343824837137,0.0,1.2532879702685582,41.7005695404751,4.640862852334976,worst_uncertainty_stratified_mhz
9828,300.0,9,4.548788260958372,-4.548788260958372,4.548788260958372,0.02331874242827037,0.0358526003353948,0.0,0.1989167809677772,44.1955880150949,3.9761203229427338,worst_uncertainty_stratified_mhz
10158,300.0,9,4.499834437779904,-4.499834437779904,4.499834437779904,0.05590491099393582,0.03538273343680081,0.0,0.4824944374615674,42.639110567646696,3.726856142282486,worst_uncertainty_stratified_mhz
10028,250.0,9,737.5383862221262,-737.5383862221262,737.2883862221262,0.019122262681211064,0.008108926759307656,612.2432354539711,0.017536785885923223,25.734218464915543,2.339805006980896,worst_uncertainty_stratified_mhz
10398,250.0,9,734.1136360018985,-734.1136360018985,733.8636360018985,0.025963596777787933,0.012763054387738776,608.9029380282295,0.012785392134410323,31.5,2.3788284957408905,worst_uncertainty_stratified_mhz
9911,250.0,9,733.2891391252435,-733.2891391252435,733.0391391252435,0.00741967029181607,0.007179521146402622,609.1151813830216,0.013623168176323475,20.83529157463365,2.3763457536697388,worst_uncertainty_stratified_mhz
9960,250.0,9,731.7501480385216,-731.7501480385216,731.5001480385216,0.036212268330742155,0.03406950394056928,609.5060393055592,0.09355299673433648,0.0,2.3717747777700424,worst_uncertainty_stratified_mhz
10692,250.0,9,727.7688880475987,-727.7688880475987,727.5188880475987,0.01727793668605397,0.005834117552717817,604.5091790655038,0.0322095743721027,20.83529157463365,2.4303225576877594,worst_uncertainty_stratified_mhz
11375,120.0,10,4.347334937027265,-4.347334937027265,4.347334937027265,0.006349123088538887,0.03083037915255396,0.0,0.4860299595696125,41.293916016769344,5.0732254683971405,worst_uncertainty_stratified_mhz
12518,150.0,10,35.945981466984485,-35.945981466984485,35.945981466984485,12.977584940838511,5.678504131413318,0.0,68.27755831750113,2.8668362352949286,34.886396646499634,worst_uncertainty_stratified_mhz
12263,150.0,10,19.137321702368542,-19.137321702368542,19.137321702368542,0.8385484418388257,2.938185543696742,0.0,41.392383957072624,0.33071891388307384,23.302845120429993,worst_uncertainty_stratified_mhz
11615,150.0,10,17.56112992954673,-17.56112992954673,17.56112992954673,40.87617662860368,0.9644156063337644,0.0,16.705857345907347,0.4841229182759271,22.946935057640076,worst_uncertainty_stratified_mhz
12298,150.0,10,12.521344061552423,-12.521344061552423,12.521344061552423,0.8060089120366314,1.6689133183819602,0.0,27.908741611836376,0.4841229182759271,23.781757354736328,worst_uncertainty_stratified_mhz
11951,155.0,10,126.02335542181544,-126.02335542181544,125.77335542181544,0.10056003254534725,0.028633569796500242,104.7310834908321,0.07989962853094479,0.0,3.6938736140727997,worst_uncertainty_stratified_mhz
12099,155.0,10,122.48807456411316,-122.48807456411316,122.23807456411316,0.011322181900309989,0.01188997924922031,101.8350645181431,0.043804651407267414,0.0,3.7946253418922424,worst_uncertainty_stratified_mhz
12198,155.0,10,118.70256326193126,-118.70256326193126,118.45256326193126,0.02858716340716498,0.026076427585738016,96.11385286410486,0.05629716467631507,30.499743851383407,3.9979672133922577,worst_uncertainty_stratified_mhz
11756,155.0,10,109.06825780112932,-109.06825780112932,108.81825780112932,0.011742007837615155,0.033855257969657535,88.91864048967585,0.1313894549680299,20.161845153655953,4.262495279312134,worst_uncertainty_stratified_mhz
12680,155.0,10,108.43742557681068,-108.43742557681068,108.18742557681068,0.03357447238154785,0.024480888357142468,89.57131825827918,0.08103651390494804,6.283659363778403,4.238068699836731,worst_uncertainty_stratified_mhz
12127,155.0,10,107.20561840644923,-107.20561840644923,106.95561840644923,0.03162352283239124,0.04474212043936786,89.05615061624627,0.0377674445330598,0.0,4.257341504096985,worst_uncertainty_stratified_mhz
12531,155.0,10,105.97627724594224,-105.97627724594224,105.72627724594224,0.017161918351788496,0.07196539235437066,85.65590210431279,0.08371681254714858,27.976552682559014,4.385970771312714,worst_uncertainty_stratified_mhz
12450,155.0,10,94.19173173538775,-94.19173173538775,93.94173173538775,0.0538409633809348,0.03263904634753779,74.63488957354913,0.1092172222988097,42.79219408957666,4.821476936340332,worst_uncertainty_stratified_mhz
11828,155.0,10,93.43369291634349,-93.43369291634349,93.18369291634349,0.2549913002527774,0.0757187870598704,75.86228138897405,0.18963815884529467,19.05255888325765,4.77145129442215,worst_uncertainty_stratified_mhz
12184,155.0,10,93.21970747921543,-93.21970747921543,92.96970747921543,0.019972161964103192,0.015145381766464195,77.42110197076408,0.10478286045086804,0.0,4.708497166633606,worst_uncertainty_stratified_mhz
12583,170.0,10,29.332874714980978,-29.332874714980978,29.332874714980978,10.574090904713008,4.083832693231132,0.0,58.02823045665349,2.537222891273055,22.62333035469055,worst_uncertainty_stratified_mhz
12372,170.0,10,24.140417726586044,-24.140417726586044,24.140417726586044,17.195498139562904,3.0349575421205426,0.0,42.96265390283315,2.521780125229002,23.63453960418701,worst_uncertainty_stratified_mhz
12280,180.0,10,22.29125992951602,-22.29125992951602,22.29125992951602,5.159628469258139,2.8065954136242497,0.0,47.16118810140093,2.850438562747845,15.471302568912506,worst_uncertainty_stratified_mhz
12429,180.0,10,8.12703764906447,-8.12703764906447,8.12703764906447,1.2700557735947353,0.471374077942943,0.0,8.096230174437348,42.68782027698299,9.26406854391098,worst_uncertainty_stratified_mhz
12185,180.0,10,7.7260417361500915,-7.7260417361500915,7.7260417361500915,0.5684177359471385,0.5274258482820579,0.0,8.48672139130164,38.22446042784646,9.405511319637299,worst_uncertainty_stratified_mhz
11769,180.0,10,7.218341727081649,-7.218341727081649,7.218341727081649,3.336878983761832,1.1497310665795009,0.0,12.966666813818662,1.2119199643540823,9.663015723228455,worst_uncertainty_stratified_mhz
12547,200.0,10,5.603076805991915,-5.603076805991915,5.353076805991915,0.22216977171387856,0.18687629858636062,0.0,1.7076031819268955,44.1955880150949,4.762965023517609,worst_uncertainty_stratified_mhz
11252,200.0,10,5.576788410717912,-5.576788410717912,5.326788410717912,0.22087065538740425,0.32672315945836977,0.0,2.072777012724038,40.56014053230092,4.238033503293991,worst_uncertainty_stratified_mhz
12187,200.0,10,5.340493128289857,-5.340493128289857,5.090493128289857,0.22110708270069557,0.20622628683331778,0.0,1.0708556417003043,43.51077452769601,3.529392808675766,worst_uncertainty_stratified_mhz
11902,200.0,10,5.31697755778868,-5.31697755778868,5.06697755778868,0.12985202424684916,0.14290442232792036,0.0,1.1949734922432071,44.019171959499644,4.077464699745178,worst_uncertainty_stratified_mhz
11648,200.0,10,5.254454268822232,-5.254454268822232,5.004454268822232,0.46471501419616623,0.21152472957655208,0.0,1.5126485604620967,40.41561424746629,4.219220876693726,worst_uncertainty_stratified_mhz
11616,200.0,10,5.2013070348108705,-5.2013070348108705,4.9513070348108705,0.8616878607113825,0.1104110046671318,0.0,0.8315690104990301,42.79219408957666,2.9561249911785126,worst_uncertainty_stratified_mhz
12588,200.0,10,5.126753943192799,-5.126753943192799,4.876753943192799,0.4182759638221684,0.5200961349565553,0.0,7.248221510619713,14.551632210855248,6.668893903493881,worst_uncertainty_stratified_mhz
11559,230.0,10,5.102651078619,-5.102651078619,4.852651078619,0.4040748248606986,0.10428596152814444,0.0,0.8359655613669332,43.02615483633182,6.807779669761658,worst_uncertainty_stratified_mhz
12027,230.0,10,4.842216658968132,-4.842216658968132,4.592216658968132,0.0760385745263091,0.05620869821813723,0.0,0.5990701687190949,42.79219408957666,6.407932281494141,worst_uncertainty_stratified_mhz
12172,230.0,10,4.836029048469216,-4.836029048469216,4.586029048469216,0.36876590805771964,0.08876766250704898,0.0,0.23276191067584673,42.79219408957666,3.5318240225315094,worst_uncertainty_stratified_mhz
11832,230.0,10,4.8003560982544995,-4.8003560982544995,4.5503560982544995,0.04509657475032964,0.05899556533026338,0.0,0.13906117320444977,44.019171959499644,5.691749155521393,worst_uncertainty_stratified_mhz
11679,230.0,10,4.672915786574542,-4.672915786574542,4.422915786574542,0.027699750151813706,0.02456686313401404,0.0,0.2854889867940038,42.79219408957666,4.819668114185333,worst_uncertainty_stratified_mhz
11638,230.0,10,4.608611007644679,-4.608611007644679,4.358611007644679,0.04885254778366436,0.055287803622482076,0.0,0.3829080177782691,41.29448359042646,4.321924954652786,worst_uncertainty_stratified_mhz
11855,230.0,10,4.541413269711415,-4.541413269711415,4.291413269711415,0.01902469440582993,0.04596823999638293,0.0,0.3271564724595697,41.03199970754533,3.28400519490242,worst_uncertainty_stratified_mhz
11213,250.0,10,793.3116624495339,-793.3116624495339,793.0616624495339,0.045967651990987346,0.03767012434274337,659.0333665495205,0.20027523752582166,20.83529157463365,1.8039686381816864,worst_uncertainty_stratified_mhz
11806,250.0,10,779.7741094373342,-779.7741094373342,779.5241094373342,0.008935331248627209,0.002962141753592366,647.3240707898711,0.0016212060726417121,27.279800219209818,1.936228632926941,worst_uncertainty_stratified_mhz
11555,250.0,10,756.332615808322,-756.332615808322,756.082615808322,0.005258478913434043,0.004378846116157328,630.0569510590359,0.018261853075481005,0.0,2.1334681659936905,worst_uncertainty_stratified_mhz
11820,250.0,10,755.1809910797853,-755.1809910797853,754.9309910797853,0.011590444549567994,0.010293911542807689,629.084729409861,0.03136374143004783,0.0,2.1446535885334015,worst_uncertainty_stratified_mhz
11293,250.0,10,747.9367849351813,-747.9367849351813,747.6867849351813,0.05689916559893985,0.015445396298057489,622.5092230425952,0.028452748121637228,6.283659363778403,2.2205328941345215,worst_uncertainty_stratified_mhz
12517,250.0,10,747.7292784215373,-747.7292784215373,747.4792784215373,0.017186076190524098,0.009050927310920089,620.6031459407751,0.027572459063157417,27.279800219209818,2.2426032721996307,worst_uncertainty_stratified_mhz
11887,250.0,10,740.1132542622095,-740.1132542622095,739.8632542622095,0.04272541198579102,0.011027821522759138,613.9442412410581,0.008404821883096325,31.0,2.3199736773967743,worst_uncertainty_stratified_mhz
11460,250.0,10,737.4225105302065,-737.4225105302065,737.1725105302065,0.14559593503279164,0.019513418623276487,614.2446031787736,0.038050297100564734,0.0,2.316474735736847,worst_uncertainty_stratified_mhz
11607,250.0,10,736.6588346659527,-736.6588346659527,736.4088346659527,0.004192461472777339,0.0055572668179662025,611.2232756019631,0.023590156132853757,29.23263373355196,2.3517095148563385,worst_uncertainty_stratified_mhz
12469,250.0,10,736.0674442695835,-736.0674442695835,735.8174442695835,0.020313323422856213,0.008518203735686087,613.1603244931713,0.0205692609107897,0.0,2.329109624028206,worst_uncertainty_stratified_mhz
12491,250.0,10,735.7887941825194,-735.7887941825194,735.5387941825194,0.18625261356997638,0.07096847294932286,610.7664719982931,0.8279742858897272,21.762209216897077,2.3570443391799927,worst_uncertainty_stratified_mhz
11775,250.0,10,735.2020152346993,-735.2020152346993,734.9520152346993,0.0070652276247017394,0.004769190942651523,612.446502182212,0.020835779213381755,0.0,2.3374337553977966,worst_uncertainty_stratified_mhz
11400,265.0,10,290.9519589268566,-290.9519589268566,290.7019589268566,0.12277482585793792,0.11124948426983629,242.0316702532784,0.18967625729526105,0.0,7.5239726305007935,worst_uncertainty_stratified_mhz
12236,265.0,10,284.43665146015957,-284.43665146015957,284.18665146015957,0.44433898674957645,0.32229420511878515,235.60811915840165,0.11330937747663938,8.227241335952167,7.65541934967041,worst_uncertainty_stratified_mhz
12666,265.0,10,283.34492911290306,-283.34492911290306,283.09492911290306,0.16445450127559638,0.10209436896435269,235.7141863377303,0.12471522531776813,0.0,7.653234422206879,worst_uncertainty_stratified_mhz
11484,265.0,10,281.1819448702383,-281.1819448702383,280.9319448702383,0.5635891622643378,0.287610958366377,232.947215247286,0.5560197400043876,6.283659363778403,7.710394382476807,worst_uncertainty_stratified_mhz
12689,265.0,10,274.95774562545716,-274.95774562545716,274.70774562545716,0.06840241307963567,0.07050749205464839,228.75851263359027,0.21333892513428054,0.0,7.797574281692505,worst_uncertainty_stratified_mhz
12435,265.0,10,239.31749298700757,-239.31749298700757,239.06749298700757,0.09715842520526714,0.10862487008558268,199.04218052067296,0.08471271648669187,0.0,8.440486788749695,worst_uncertainty_stratified_mhz
11886,265.0,10,235.47111775893825,-235.47111775893825,235.22111775893825,1.3310225504792026,0.28773718700356216,193.62400234106534,0.06978392591814497,20.83529157463365,8.562770009040833,worst_uncertainty_stratified_mhz
12089,265.0,10,233.34786510983986,-233.34786510983986,233.09786510983986,0.34343006096472234,0.22954725751457786,192.07412358877934,0.27202641236634406,20.83529157463365,8.598063111305237,worst_uncertainty_stratified_mhz
11709,265.0,10,232.11616006468319,-232.11616006468319,231.86616006468319,0.3198298022091081,0.16678791433438708,192.78651360728992,0.549155468232609,0.0,8.581823289394379,worst_uncertainty_stratified_mhz
12705,265.0,10,219.28546658287013,-219.28546658287013,219.03546658287013,0.5788988304833145,0.4219845897825621,181.82794107545354,0.1835305715177924,0.0,8.835057973861694,worst_uncertainty_stratified_mhz
11547,265.0,10,216.97106223946955,-216.97106223946955,216.72106223946955,0.3423672005143346,0.4717298255674776,179.72931217178336,0.7220031281420773,0.0,8.884416699409485,worst_uncertainty_stratified_mhz
12792,270.0,10,4.935344061194254,-4.935344061194254,4.935344061194254,0.30203691778455216,0.23321951191026616,0.0,0.8581789024019599,42.096429480420305,6.72841739654541,worst_uncertainty_stratified_mhz
12272,270.0,10,4.696005042787029,-4.696005042787029,4.696005042787029,0.6175768730438772,0.17047041639233784,0.0,0.9851306948521277,39.41109456739308,7.0587915778160095,worst_uncertainty_stratified_mhz
11821,270.0,10,4.580066918777335,-4.580066918777335,4.580066918777335,0.0958246707048201,0.06188362388079436,0.0,1.3653218825665965,39.85422656381629,4.836689740419388,worst_uncertainty_stratified_mhz
11264,270.0,10,4.541652334475985,-4.541652334475985,4.541652334475985,0.2019769825291183,0.04506974989207876,0.0,0.44492348291888256,42.67830244983978,3.4317965656518936,worst_uncertainty_stratified_mhz
11659,270.0,10,4.516832504949285,-4.516832504949285,4.516832504949285,0.14493499707106025,0.07683746112986958,0.0,0.5940377715116618,41.57429343957634,8.110378324985504,worst_uncertainty_stratified_mhz
11489,270.0,10,4.5163913101116995,-4.5163913101116995,4.5163913101116995,0.027843554885427127,0.03548597000699808,0.0,0.3841546702018235,43.21747331809207,5.201191782951355,worst_uncertainty_stratified_mhz
12668,280.0,10,4.661630641975099,-4.661630641975099,4.661630641975099,0.04438967490933762,0.03965422820139239,0.0,0.685436021365148,43.51149273467873,4.863031476736069,worst_uncertainty_stratified_mhz
11430,280.0,10,4.532922970343578,-4.532922970343578,4.532922970343578,0.022816192659442222,0.07797347323544014,0.0,0.9392728929797363,40.81513199782649,3.3793781101703644,worst_uncertainty_stratified_mhz
12613,280.0,10,4.416904603228454,-4.416904603228454,4.416904603228454,0.09227416305425407,0.142585927823038,0.0,1.3241742999570505,37.16496165745365,7.64628541469574,worst_uncertainty_stratified_mhz
11711,280.0,10,4.321408025640891,-4.321408025640891,4.321408025640891,0.019336690358052865,0.01503391822533684,0.0,0.04229590501630298,42.79219408957666,2.13974267244339,worst_uncertainty_stratified_mhz
12406,280.0,10,4.173309808457483,-4.173309808457483,4.173309808457483,0.008759375090810434,0.024109120488283044,0.0,0.20493022981644682,40.632307035165994,3.433588534593582,worst_uncertainty_stratified_mhz
11857,280.0,10,4.052831267630237,-4.052831267630237,4.052831267630237,0.08661729281160131,0.07225906080020339,0.0,0.7757266642921914,36.51284020724764,2.377058044075966,worst_uncertainty_stratified_mhz
12665,300.0,10,4.80056302964179,-4.80056302964179,4.80056302964179,0.042719918486538055,0.08617091298529266,0.0,0.9099491230852266,43.42144487462387,4.002037405967712,worst_uncertainty_stratified_mhz
12434,300.0,10,4.453563389373334,-4.453563389373334,4.453563389373334,0.31580619630763884,0.03647328726423666,0.0,0.3059088420950644,42.12833814666797,4.088723182678223,worst_uncertainty_stratified_mhz
12076,300.0,10,4.307566509687714,-4.307566509687714,4.307566509687714,0.001733136544307386,0.011034273917867423,0.0,0.03246401633477003,42.79219408957666,2.7953220903873444,worst_uncertainty_stratified_mhz
12638,300.0,10,4.299349229365068,-4.299349229365068,4.299349229365068,0.03554330280379247,0.03525971162805259,0.0,0.12628882474149972,41.933727475625155,3.700403183698654,worst_uncertainty_stratified_mhz
12035,300.0,10,4.02374751147988,-4.02374751147988,4.02374751147988,0.011368117154822365,0.025666246625064938,0.0,0.02453009288340624,39.73820579744385,2.483264744281769,worst_uncertainty_stratified_mhz
12672,250.0,10,734.4412125702125,-734.4412125702125,734.1912125702125,0.22813038126273988,0.007404820203128788,611.7654082584482,0.013093812726544307,0.0,2.3453807532787323,worst_uncertainty_stratified_mhz
12216,250.0,10,733.6861001418056,-733.6861001418056,733.4361001418056,0.006380959021342318,0.012784320142804778,611.1568473253968,0.07746180388548396,0.0,2.352485179901123,worst_uncertainty_stratified_mhz
12631,250.0,10,732.6618760991898,-732.6618760991898,732.4118760991898,0.019438551697766936,0.02252444263168629,609.7598576920099,0.0943846586520598,6.283659363778403,2.368807226419449,worst_uncertainty_stratified_mhz
11898,250.0,10,729.9098378371534,-729.9098378371534,729.6598378371534,0.016533694384561017,0.009009466229267864,608.0249469255854,0.03501115288852841,0.0,2.389103502035141,worst_uncertainty_stratified_mhz
12477,250.0,10,729.8677432416631,-729.8677432416631,729.6177432416631,0.009007378821736878,0.00615226673833708,606.4819322886774,0.019186485074950355,18.21228980661136,2.4071791768074036,worst_uncertainty_stratified_mhz
