candidate_id,mhz,k,badness,quality_score,uncertainty,heatmap_mc_mse,decoder_mc_rce,epistemic_score,disagreement_score,prior_tension_score,peak_bias_score,p99_var,p99_mc_range,peak_loc_spread_px,pred_p99_mean,selected_reason
774,120.0,3,26.521573049741335,-26.521573049741335,26.521573049741335,0.051751501400544415,0.043080436915936396,0.09483193831648082,21.327370647304917,14.439081503626582,0.0,0.2623776621526863,1.56984543800354,40.56014053230092,2.802617698907852,worst_uncertainty_stratified_mhz
1395,120.0,3,24.60981941736682,-24.60981941736682,24.60981941736682,0.019418641063246995,0.0040178205242613835,0.023436461587508377,19.431489430279672,14.674324885291057,0.0,0.02538311881979549,0.5377106666564941,38.27450195626326,2.1096710860729218,worst_uncertainty_stratified_mhz
894,120.0,3,23.886305718828673,-23.886305718828673,23.886305718828673,0.007128095303590355,0.019076886242818537,0.026204981546408893,18.888532485377556,14.088359164605466,0.0,0.1276691084403394,0.9834334850311279,36.538293268843304,2.1978701651096344,worst_uncertainty_stratified_mhz
808,150.0,3,26.44349988189953,-26.44349988189953,26.44349988189953,0.004639964757536112,0.003903646964308453,0.008543611721844565,21.887866310827047,12.946729352379212,0.0,0.07396502485829615,0.8356084823608398,42.79219408957666,4.321108102798462,worst_uncertainty_stratified_mhz
1242,150.0,3,23.703026858966357,-23.703026858966357,23.703026858966357,0.0027000831998735962,0.009083749907996203,0.011783833107869799,19.511599177969867,11.905817669080136,0.0,0.04327193545682917,0.6621525287628174,38.27450195626326,4.124853730201721,worst_uncertainty_stratified_mhz
987,150.0,3,20.985322182508824,-20.985322182508824,20.985322182508824,0.004757505222181781,0.0080913385328551,0.012848843755036882,17.47615465232537,9.95562113887019,0.0,0.046590476337698306,0.7325258255004883,34.126602526474855,4.553266167640686,worst_uncertainty_stratified_mhz
55,150.0,3,19.47072883451237,-19.47072883451237,19.47072883451237,0.008180554532074781,0.006566502381133819,0.0147470569132086,15.981146379592403,9.903539309449155,0.0,0.019164963843806504,0.4239628314971924,31.5,4.02592134475708,worst_uncertainty_stratified_mhz
60,155.0,3,26.264688124035743,-26.264688124035743,26.264688124035743,0.006353066819682095,0.01125112136707342,0.017604188186755514,22.57068978768379,10.472481978147469,0.0,0.06690827899193152,0.8119750022888184,44.1955880150949,5.865207552909851,worst_uncertainty_stratified_mhz
245,155.0,3,25.63744808350847,-25.63744808350847,25.63744808350847,0.012260710284899988,0.008159277336708386,0.020419987621608376,22.12103009163887,9.946603266292616,0.0,0.1252132840484137,1.199439525604248,42.79219408957666,6.023324012756348,worst_uncertainty_stratified_mhz
583,155.0,3,25.54352531977211,-25.54352531977211,25.54352531977211,0.004589001964480245,0.010284573218625028,0.014873575183105274,22.14496334142354,9.624426029450525,0.0,0.1403436430554983,1.2170453071594238,42.79219408957666,6.186297357082367,worst_uncertainty_stratified_mhz
1142,155.0,3,23.84577974899113,-23.84577974899113,23.84577974899113,0.0016867396997677813,0.012000443467177695,0.013687183166945477,20.30388199508591,10.012845325949554,0.0,0.27715996287713196,1.7789421081542969,38.27450195626326,5.549929916858673,worst_uncertainty_stratified_mhz
1575,155.0,3,22.911522569972977,-22.911522569972977,22.911522569972977,0.0024592516940947916,0.006652936934488392,0.009112188628583184,19.725709466483902,9.040440625769225,0.0,0.08846111095664355,0.9999947547912598,38.27450195626326,5.926343679428101,worst_uncertainty_stratified_mhz
713,155.0,3,22.645788622009636,-22.645788622009636,22.645788622009636,0.005949887648607016,0.004368470539608976,0.010318358188215991,19.4880446521234,8.969531679074805,0.0,0.036500527858347454,0.6285862922668457,38.27450195626326,5.904275476932526,worst_uncertainty_stratified_mhz
214,155.0,3,20.37104662901667,-20.37104662901667,20.37104662901667,0.013953709941943388,0.009411720263057824,0.02336543020500121,17.484919959259418,8.15364398716211,0.0,0.04410171108241556,0.7550339698791504,34.126602526474855,5.842636287212372,worst_uncertainty_stratified_mhz
701,155.0,3,20.265900007291652,-20.265900007291652,20.265900007291652,0.003209826039682442,0.010554506140314338,0.01376433217999678,17.446308791096488,7.9832739246576185,0.0,0.07692428616667257,0.755547046661377,33.983221963198254,5.935965061187744,worst_uncertainty_stratified_mhz
743,170.0,3,26.397111052364146,-26.397111052364146,26.397111052364146,0.0033063757675566,0.0057189288896757964,0.009025304657232397,21.74030955567238,13.252197414539074,0.0,0.031671502888443115,0.6250820159912109,42.79219408957666,4.679790616035461,worst_uncertainty_stratified_mhz
1427,170.0,3,19.864555743767205,-19.864555743767205,19.864555743767205,0.004349698819673837,0.0051253508240824905,0.009475049643756329,16.208486187831678,10.380545894269657,0.0,0.053516018764295126,0.8099403381347656,31.5,4.314848244190216,worst_uncertainty_stratified_mhz
1364,170.0,3,19.425418816804495,-19.425418816804495,19.425418816804495,0.016283446689477447,0.009416904587219924,0.02570035127669737,16.082345501260136,9.453412268117528,0.0,0.029516235665653312,0.6056585311889648,31.5,4.948998212814331,worst_uncertainty_stratified_mhz
1420,180.0,3,26.728734932220537,-26.728734932220537,26.728734932220537,0.0026967496558250067,0.006442347688235687,0.009139097344060694,21.689150471317955,14.342181341783784,0.0,0.033449210907676274,0.5192084312438965,42.79219408957666,4.280403256416321,worst_uncertainty_stratified_mhz
927,180.0,3,22.83895723523434,-22.83895723523434,22.83895723523434,0.02346661427507842,0.015344379128098572,0.038810993403176994,18.935533099547374,11.000066663126848,0.0,0.09591350942198673,1.1409459114074707,36.538293268843304,5.306769907474518,worst_uncertainty_stratified_mhz
1574,180.0,3,19.340560886366976,-19.340560886366976,19.340560886366976,0.0028512016479315346,0.0024477673750495058,0.00529896902298104,15.468280092664049,11.024188489782121,0.0,0.015306293574517404,0.4062037467956543,30.499743851383407,3.632008522748947,worst_uncertainty_stratified_mhz
618,180.0,3,19.303618162343753,-19.303618162343753,19.303618162343753,0.0013706808504464344,0.004866714238271567,0.0062373950887180014,15.52002371574995,10.76328334408698,0.0,0.025037701999774953,0.49022817611694336,30.499743851383407,3.8752670884132385,worst_uncertainty_stratified_mhz
85,200.0,3,28.2832312985501,-28.2832312985501,28.2832312985501,0.029260504484451246,0.025556762046396196,0.05481726653084744,23.349682247817764,13.868560353135937,0.0,0.31044598906487053,1.8828845024108887,44.1955880150949,5.631311118602753,worst_uncertainty_stratified_mhz
314,200.0,3,27.919725742402576,-27.919725742402576,27.919725742402576,0.008942018863957749,0.0060775147142709965,0.015019533578228744,22.42366053170325,15.630762403134625,0.0,0.02969700473136072,0.592339038848877,44.1955880150949,4.191335201263428,worst_uncertainty_stratified_mhz
273,200.0,3,27.88037402793735,-27.88037402793735,27.88037402793735,0.010182840793606316,0.006757659195414588,0.016940499989020905,22.28662281832743,15.91363189207455,0.0,0.012413486568860321,0.3528306484222412,44.1955880150949,3.956782341003418,worst_uncertainty_stratified_mhz
1176,200.0,3,27.32945729473055,-27.32945729473055,27.32945729473055,0.013752729832062839,0.010418051629752947,0.024170781461815786,22.356267930053445,14.118058689025313,0.0,0.024638940587660585,0.4676699638366699,44.1955880150949,5.097658574581146,worst_uncertainty_stratified_mhz
1490,200.0,3,27.274300738770958,-27.274300738770958,27.274300738770958,0.0056568090769121004,0.015719609264386057,0.021376418341298158,22.105595744202528,14.651520436960457,0.0,0.12994056533521814,1.159116268157959,42.79219408957666,4.670200943946838,worst_uncertainty_stratified_mhz
333,200.0,3,27.27030367452674,-27.27030367452674,27.27030367452674,0.002151279043256133,0.004484038548678789,0.006635317591934922,21.66970239780877,15.951519482961674,0.0,0.025481111191520966,0.4962484836578369,42.79219408957666,3.6497620940208435,worst_uncertainty_stratified_mhz
230,200.0,3,26.817334744127788,-26.817334744127788,26.817334744127788,0.004349386108820975,0.014820135917838395,0.01916952202665937,21.96826652746709,13.76049325752633,0.0,0.08053845164238282,0.9832620620727539,42.79219408957666,5.1688737869262695,worst_uncertainty_stratified_mhz
202,200.0,3,24.315256980043607,-24.315256980043607,24.315256980043607,0.0011252441899529803,0.005693678603326978,0.006818922793279959,19.38365589021746,14.041106366801355,0.0,0.0251287480309621,0.4425523281097412,38.27450195626326,3.812444269657135,worst_uncertainty_stratified_mhz
1543,230.0,3,28.74198690640167,-28.74198690640167,28.74198690640167,0.002845400493402608,0.004631086788161722,0.0074764872815643296,22.402673608660464,18.053125285989793,0.0,0.025838310829811917,0.5580825805664062,44.1955880150949,3.034498929977417,worst_uncertainty_stratified_mhz
16,230.0,3,28.653853061061312,-28.653853061061312,28.653853061061312,0.0031377902375907935,0.005262218200299676,0.00840000843789047,22.46410333161716,17.616637810876266,0.0,0.043876329227180655,0.6448659896850586,44.1955880150949,3.372732847929001,worst_uncertainty_stratified_mhz
1401,230.0,3,28.651593636819086,-28.651593636819086,28.651593636819086,0.009261239835567427,0.00458188970503713,0.013843129540604557,22.366595076463792,17.882474091678453,0.0,0.02376494373323723,0.49007225036621094,44.1955880150949,3.135986864566803,worst_uncertainty_stratified_mhz
1340,230.0,3,27.8054897135165,-27.8054897135165,27.8054897135165,0.001537464296380149,0.0061449181030634355,0.007682382399443585,21.748051432364395,17.240006069926373,0.0,0.041701721102675116,0.6205053329467773,42.79219408957666,3.2406518757343292,worst_uncertainty_stratified_mhz
402,230.0,3,27.60883047159927,-27.60883047159927,27.60883047159927,0.009617255748972658,0.005733460050814177,0.015350715799786835,21.599006663012258,17.09563347668362,0.0,0.020596414412280772,0.364626407623291,42.79219408957666,3.2612854540348053,worst_uncertainty_stratified_mhz
1324,230.0,3,27.445204989331234,-27.445204989331234,27.445204989331234,0.005160566151100954,0.01696543334225002,0.02212599949335097,21.558881585746693,16.695652168221052,0.0,0.0858846491960179,1.0122663974761963,41.933727475625155,3.5361114740371704,worst_uncertainty_stratified_mhz
457,230.0,3,27.22797249576937,-27.22797249576937,27.22797249576937,0.001716615428293166,0.003065684734692855,0.004782300162986021,21.17374984997264,17.254753690516047,0.0,0.014120280212736702,0.3855316638946533,41.933727475625155,2.890774130821228,worst_uncertainty_stratified_mhz
630,230.0,3,27.154401582821908,-27.154401582821908,27.154401582821908,0.010932846424279483,0.007820111529413611,0.018752957953693094,21.24541806614071,16.791546833844077,0.0,0.02998901212787697,0.4971306324005127,41.933727475625155,3.282492369413376,worst_uncertainty_stratified_mhz
1519,250.0,3,26.88427194160409,-26.88427194160409,26.88427194160409,0.00879038196891944,0.04451323486258532,0.05330361683150476,21.15418807157971,16.09890622189238,0.0,0.4619244091202708,2.3949453830718994,38.98958194184698,4.029889911413193,worst_uncertainty_stratified_mhz
1332,250.0,3,26.629238802497422,-26.629238802497422,26.629238802497422,0.012739668393787934,0.012505681386423557,0.025245349780211493,20.940890499283537,16.145572452428386,0.0,0.03466170365978982,0.5185415744781494,41.293916016769344,3.829974949359894,worst_uncertainty_stratified_mhz
1507,250.0,3,26.565156238290196,-26.565156238290196,26.565156238290196,0.03313874664994826,0.024322098440106632,0.05746084509005489,21.073027096897928,15.48585400079556,0.0,0.06770593696296245,0.7167263031005859,41.293916016769344,4.449630558490753,worst_uncertainty_stratified_mhz
242,250.0,3,26.552460641276603,-26.552460641276603,26.552460641276603,0.005155017291855497,0.019326312264762946,0.024481329556618442,21.165494303116624,15.277107933420503,0.0,0.0830140511658577,1.1329607963562012,41.03199970754533,4.647952497005463,worst_uncertainty_stratified_mhz
1306,250.0,3,25.982629926212017,-25.982629926212017,25.982629926212017,0.0033150971599626073,0.013066943045424021,0.01638204020538663,20.560255731683768,15.421043832221384,0.0,0.020714138272217575,0.4467761516571045,40.632307035165994,4.170835465192795,worst_uncertainty_stratified_mhz
1410,250.0,3,25.951617476309483,-25.951617476309483,25.951617476309483,0.01985173604564233,0.01840885749724558,0.03826059354288791,20.778687068260844,14.631302903031948,0.0,0.07366688769872098,0.777733325958252,40.632307035165994,4.947871446609497,worst_uncertainty_stratified_mhz
558,250.0,3,25.75907046421318,-25.75907046421318,25.75907046421318,0.030109710802756078,0.013837978027572176,0.043947688830328256,20.64402749457597,14.460891959871029,0.0,0.03843334512651708,0.5788812637329102,40.632307035165994,5.009770572185516,worst_uncertainty_stratified_mhz
511,250.0,3,25.33738522568339,-25.33738522568339,25.33738522568339,0.009381493598758388,0.013556609130590102,0.02293810272934849,19.931538308985026,15.336426917793696,0.0,0.054708711858435066,0.652228593826294,39.10143060042689,3.857326924800873,worst_uncertainty_stratified_mhz
493,250.0,3,25.03696858547614,-25.03696858547614,25.03696858547614,0.006281442271166498,0.020864357006947012,0.02714579927811351,19.76053303562087,14.947092067288798,0.0,0.08439002677329821,1.0777840614318848,38.27450195626326,4.078326195478439,worst_uncertainty_stratified_mhz
1496,250.0,3,24.788301330034578,-24.788301330034578,24.788301330034578,0.010842470682412488,0.014843661210326872,0.02568613189273936,19.53554713791698,14.891715564167614,0.0,0.056733741290961426,0.7454314231872559,38.21219537006478,3.9783975780010223,worst_uncertainty_stratified_mhz
405,250.0,3,24.73564254793174,-24.73564254793174,24.73564254793174,0.0035087166809437942,0.006314862167003507,0.0098235788479473,19.534305298942197,14.794937170794528,0.0,0.046289092539083754,0.7015304565429688,38.27450195626326,4.048519134521484,worst_uncertainty_stratified_mhz
1084,250.0,3,24.53212531246404,-24.53212531246404,24.53212531246404,0.014365807879273605,0.01372574435837775,0.028091552237651356,19.74781443823631,13.548697292061124,0.0,0.0883891017367624,1.0443487167358398,38.27450195626326,5.243340194225311,worst_uncertainty_stratified_mhz
1282,265.0,3,31.060929165586643,-31.060929165586643,31.060929165586643,0.18055209827738836,0.49456818551800374,0.6751202837953921,27.450583801952693,8.273438008054944,0.0,3.7581956386335236,5.451048851013184,41.933727475625155,12.262901425361633,worst_uncertainty_stratified_mhz
169,265.0,3,30.335036235033368,-30.335036235033368,30.335036235033368,0.07658919617239925,0.31649064366047647,0.3930798398328757,26.986917593930023,8.32838507497913,0.0,3.7610841866680715,5.81935977935791,40.632307035165994,12.08950650691986,worst_uncertainty_stratified_mhz
1301,265.0,3,29.904903857929575,-29.904903857929575,29.904903857929575,0.05541307603090342,0.19058029294116385,0.24599336897206728,26.594890988071267,8.660335033495397,0.0,2.3986284896725465,4.284879684448242,44.1076453123492,11.767820835113525,worst_uncertainty_stratified_mhz
1514,265.0,3,29.902456756277733,-29.902456756277733,29.902456756277733,0.09896189092025658,0.2194128343185301,0.3183747252387867,26.175816257173746,9.608833071769515,0.0,4.006142259632938,6.064846038818359,38.27450195626326,11.076759696006775,worst_uncertainty_stratified_mhz
183,265.0,3,29.01986794607328,-29.01986794607328,29.01986794607328,0.05536076107912252,0.3478017142050275,0.40316247528415,25.92167814913891,7.5899461326503905,0.0,3.634404187456255,6.300045967102051,38.27450195626326,12.36446499824524,worst_uncertainty_stratified_mhz
436,265.0,3,28.362029751070324,-28.362029751070324,28.362029751070324,0.07074956024998234,0.1887045695837895,0.25945412983377186,25.395530521931587,7.653691940790361,0.0,1.8975009515084906,4.203865051269531,42.79219408957666,12.18898856639862,worst_uncertainty_stratified_mhz
1458,265.0,3,27.663673377422338,-27.663673377422338,27.663673377422338,0.12169089015209163,0.23013409973681298,0.3518249898889046,24.69074621294946,7.416117684788889,0.0,1.5505252324616663,3.488247871398926,42.79219408957666,12.226558446884155,worst_uncertainty_stratified_mhz
1034,265.0,3,27.108196358916572,-27.108196358916572,27.108196358916572,0.06487826843456317,0.17425595630539326,0.23913422473995644,24.94614285075292,5.439475645918027,0.0,1.0824730268602565,3.5317516326904297,44.1955880150949,13.61605679988861,worst_uncertainty_stratified_mhz
410,265.0,3,26.60628948310857,-26.60628948310857,26.60628948310857,0.14982486842186613,0.132476572695391,0.28230144111725713,24.05293203794572,6.441648220252974,0.0,0.7085801306724875,2.5810585021972656,44.1076453123492,12.770276308059692,worst_uncertainty_stratified_mhz
347,265.0,3,26.434071931163675,-26.434071931163675,26.434071931163675,0.049173073835032166,0.14585863471998692,0.19503170855501908,24.248375742508838,5.629078930984449,0.0,1.2000722768220697,3.304412841796875,42.79219408957666,13.368061423301697,worst_uncertainty_stratified_mhz
326,265.0,3,26.292287669914987,-26.292287669914987,26.292287669914987,0.1811943855034658,0.16837318585131872,0.34956757135478456,23.743047081977476,6.24176831131308,0.0,0.6003917517232225,2.7745361328125,43.51077452769601,12.86774218082428,worst_uncertainty_stratified_mhz
1584,270.0,3,30.208071407585948,-30.208071407585948,30.208071407585948,0.025363173743485148,0.017537550657990217,0.04290072440147537,23.142937580924446,19.91139669678491,0.0,0.2880962262661759,1.6905107498168945,44.019171959499644,2.5202058255672455,worst_uncertainty_stratified_mhz
81,270.0,3,29.718580504417453,-29.718580504417453,29.718580504417453,0.021577970895303885,0.014320556636766162,0.03589852753207005,22.783400220461882,19.59008789833107,0.0,0.1855341425419823,1.0880868434906006,44.1076453123492,2.5188698768615723,worst_uncertainty_stratified_mhz
1053,270.0,3,29.283973832033553,-29.283973832033553,29.283973832033553,0.004140742564505616,0.01873185214595373,0.022872594710459344,22.314015794613653,19.687647732187273,0.0,0.2302210412186021,1.37539541721344,42.79219408957666,2.1265037059783936,worst_uncertainty_stratified_mhz
1259,270.0,3,28.88963096222914,-28.88963096222914,28.88963096222914,0.01683596388888549,0.024571825381111016,0.041407789269996505,22.302481486241202,18.591645699567675,0.0,0.21255158624196824,1.5015573501586914,42.67830244983978,2.980893075466156,worst_uncertainty_stratified_mhz
1094,270.0,3,28.888440729092295,-28.888440729092295,28.888440729092295,0.037376805993776706,0.015928799379885002,0.053305605373661705,22.87368047354827,16.972719164679543,0.0,0.14822838851014453,1.3432588577270508,44.1076453123492,4.582743585109711,worst_uncertainty_stratified_mhz
802,270.0,3,28.883106480403054,-28.883106480403054,28.883106480403054,0.0440791109957424,0.025402981177890385,0.06948209217363278,22.90780938349988,16.81214521390829,0.0,0.1667701557681056,1.2864904403686523,44.1955880150949,4.734413981437683,worst_uncertainty_stratified_mhz
1426,270.0,3,28.869225625082933,-28.869225625082933,28.869225625082933,0.010244045943006421,0.010409856305023425,0.02065390224802985,22.275842532722102,18.675906738834072,0.0,0.17376256442608096,1.4119658470153809,42.79219408957666,2.881825625896454,worst_uncertainty_stratified_mhz
447,280.0,3,28.95399419613492,-28.95399419613492,28.95399419613492,0.008843668962645036,0.018254637807410753,0.02709830677005579,22.33646679008375,18.713259933130445,0.0,0.23307030785553806,1.4708669185638428,42.73592604589258,2.959032714366913,worst_uncertainty_stratified_mhz
877,280.0,3,28.84504362786397,-28.84504362786397,28.84504362786397,0.022300916473201194,0.027765796258621418,0.050066712731822616,22.445015994734124,18.046482739137268,0.0,0.23192738233409838,1.6339831352233887,42.79219408957666,3.573466569185257,worst_uncertainty_stratified_mhz
185,280.0,3,26.961045272073832,-26.961045272073832,26.961045272073832,0.016980822455450274,0.013656453046055297,0.03063727550150557,20.775641507988126,17.514137894333388,0.0,0.08060680435292422,0.8299288749694824,40.56014053230092,2.859928220510483,worst_uncertainty_stratified_mhz
980,280.0,3,26.53515622314201,-26.53515622314201,26.53515622314201,0.007306396404095372,0.02624941028982378,0.03355580669391915,20.5188439432798,16.963452602985136,0.0,0.33339140417405133,2.096403121948242,38.27450195626326,3.1691828966140747,worst_uncertainty_stratified_mhz
1322,280.0,3,24.19878732157661,-24.19878732157661,24.19878732157661,0.0481051039819597,0.022860589445328504,0.0709656934272882,18.69546246780392,15.431229015478376,0.0,0.16353441722034656,1.2869868278503418,35.776869273316805,3.2167252004146576,worst_uncertainty_stratified_mhz
1070,280.0,3,24.112126435216815,-24.112126435216815,24.112126435216815,0.011575433039863864,0.012728245262167431,0.024303678302031295,19.16412026332229,14.026032958812467,0.0,0.07986497729024222,0.9798026084899902,37.1887079635741,4.842107057571411,worst_uncertainty_stratified_mhz
641,300.0,3,29.151353143793163,-29.151353143793163,29.151353143793163,0.006199325071588115,0.008009088246327326,0.01420841331791544,22.755331385045565,18.170769123078273,0.0,0.11110678972956034,1.0928611755371094,44.1955880150949,3.7802185118198395,worst_uncertainty_stratified_mhz
54,300.0,3,27.44312335994813,-27.44312335994813,27.44312335994813,0.027211871148051955,0.006743010590473909,0.033954881738525865,21.19951399741084,17.678652121157157,0.0,0.07711846086190288,0.8563868999481201,41.38840417314975,3.1377013027668,worst_uncertainty_stratified_mhz
1423,300.0,3,25.614650542608757,-25.614650542608757,25.614650542608757,0.008574625383499028,0.012762159261721489,0.021336784645220517,19.66347982060761,16.830662499308154,0.0,0.1830005441086655,1.3477959632873535,37.613162589710534,2.7350579500198364,worst_uncertainty_stratified_mhz
180,300.0,3,25.249066256005595,-25.249066256005595,25.249066256005595,0.0019009979642664492,0.0027018251146956013,0.00460282307896205,19.281564249388556,17.00425251580625,0.0,0.010228779970486102,0.3304755687713623,38.21219537006478,2.2158263325691223,worst_uncertainty_stratified_mhz
702,300.0,3,25.24763075826837,-25.24763075826837,25.24763075826837,0.003722325111259066,0.005159732837424653,0.008882057948683719,19.079979618657678,17.519496893612946,0.0,0.02816285466067825,0.5178982019424438,37.585735326051555,1.5570316314697266,worst_uncertainty_stratified_mhz
949,300.0,3,24.98218506572359,-24.98218506572359,24.98218506572359,0.003426319307611678,0.0037396270404637167,0.007165946348075394,18.896331495114314,17.285166191460842,0.0,0.03511816073860885,0.5337187051773071,37.1887079635741,1.6222465634346008,worst_uncertainty_stratified_mhz
1621,120.0,4,39.49710389051853,-39.49710389051853,39.49710389051853,0.4390713811135669,2.425991243135075,2.865062624248642,36.483134091159414,0.0,0.0,27.791072547694753,17.38412308692932,0.0,8.850688129663467,worst_uncertainty_stratified_mhz
2096,120.0,4,36.881547275893006,-36.881547275893006,36.881547275893006,0.23600167191713306,1.3487225407760575,1.5847242126931906,31.160902705225197,11.407049966620978,0.0,10.292675819429604,10.736453771591187,31.0,5.59106981754303,worst_uncertainty_stratified_mhz
2132,120.0,4,30.41954526580365,-30.41954526580365,30.41954526580365,1.8221937318214374,0.8846649893022086,2.706858721123646,25.045877093057264,7.3445466630922835,0.0,5.883733906150351,7.82454252243042,30.499743851383407,6.302453577518463,worst_uncertainty_stratified_mhz
2065,150.0,4,21.24229626944304,-21.24229626944304,21.24229626944304,0.004254435040201445,0.004619294128648501,0.008873729168849945,17.437058367335922,10.809361401023425,0.0,0.04434285563200202,0.6588284969329834,34.126602526474855,4.0224354565143585,worst_uncertainty_stratified_mhz
2012,150.0,4,19.660173799999544,-19.660173799999544,19.660173799999544,0.003589127724585754,0.004690469659855971,0.008279597384441725,16.066108161733517,10.211296544853203,0.0,0.03332501106060359,0.5655663013458252,31.5,3.8570726215839386,worst_uncertainty_stratified_mhz
2230,150.0,4,19.605872531708144,-19.605872531708144,19.605872531708144,0.010701843362000805,0.008434083470518456,0.01913592683251926,16.010519596190406,10.188153693048978,0.0,0.02550980672354708,0.4700195789337158,31.5,3.8530002534389496,worst_uncertainty_stratified_mhz
1720,150.0,4,19.33563045036612,-19.33563045036612,19.33563045036612,0.001972114355730289,0.0021140941864050983,0.004086208542135388,15.551618904028938,10.757520310465955,0.0,0.03731538253492772,0.5288631916046143,30.499743851383407,3.2645323276519775,worst_uncertainty_stratified_mhz
2406,155.0,4,25.270834582705824,-25.270834582705824,25.270834582705824,0.00629848124165561,0.004244185882493537,0.010542667124149148,21.6444306465225,10.312883494104556,0.0,0.021169571659097386,0.4543280601501465,42.79219408957666,5.726409494876862,worst_uncertainty_stratified_mhz
2242,155.0,4,24.32380472541846,-24.32380472541846,24.32380472541846,0.012653258706948813,0.017659816108764458,0.03031307481571327,20.88895748816344,9.686522484397887,0.0,0.11206748743961725,0.9936394691467285,40.56014053230092,5.872534275054932,worst_uncertainty_stratified_mhz
2122,155.0,4,23.022509917490314,-23.022509917490314,23.022509917490314,0.002844782459182874,0.0090974950684799,0.011942277527662774,19.724280827176962,9.349765372045402,0.0,0.10195866679435639,0.9701423645019531,38.27450195626326,5.755844414234161,worst_uncertainty_stratified_mhz
3144,155.0,4,22.685565788044975,-22.685565788044975,22.685565788044975,0.0008254120269523342,0.005628540706779208,0.0064539527337315414,19.494610795392955,9.072868807420619,0.0,0.04428165220700464,0.6261563301086426,38.27450195626326,5.847311854362488,worst_uncertainty_stratified_mhz
2114,155.0,4,19.425588481554396,-19.425588481554396,19.425588481554396,0.00221046123559228,0.003995884654492249,0.006206345890084529,16.37809584698026,8.643760382065775,0.0,0.10905144771878383,1.0380887985229492,31.5,5.169476866722107,worst_uncertainty_stratified_mhz
2923,155.0,4,19.284396266651463,-19.284396266651463,19.284396266651463,0.0019288355340405007,0.006327783083648335,0.008256618617688836,16.27382172679182,8.543388967571179,0.0,0.06365908717389956,0.9203252792358398,31.5,5.1993085741996765,worst_uncertainty_stratified_mhz
2231,155.0,4,19.214751298053045,-19.214751298053045,19.214751298053045,0.010663513063634306,0.006354495978785372,0.01701800904241968,16.138863040317368,8.679979790829,0.0,0.17893624020549836,1.420109748840332,30.499743851383407,5.065407335758209,worst_uncertainty_stratified_mhz
1975,155.0,4,19.20654420428545,-19.20654420428545,19.20654420428545,0.022696967890583748,0.015776425806697046,0.0384733936972808,16.357381775209358,7.967276674165215,0.0,0.2482967357328647,1.71842622756958,30.499743851383407,5.626065135002136,worst_uncertainty_stratified_mhz
2845,170.0,4,25.495336804675137,-25.495336804675137,25.495336804675137,0.005831050920908413,0.0038600649562616587,0.009691115877170071,20.616411054969966,13.882279992847291,0.0,0.026750419161871264,0.5470142364501953,40.632307035165994,3.917822480201721,worst_uncertainty_stratified_mhz
2173,170.0,4,24.452593819551808,-24.452593819551808,24.452593819551808,0.003663760204939239,0.017383623015292927,0.021047383220232165,20.18772910287226,12.055356670966708,0.0,0.22375288021853734,1.6534504890441895,38.27450195626326,4.838143289089203,worst_uncertainty_stratified_mhz
2509,170.0,4,24.08232258750261,-24.08232258750261,24.08232258750261,0.008382578415176275,0.004962282986019708,0.013344861401195982,19.723490753269562,12.36326319221432,0.0,0.10802110047820346,0.956437349319458,38.27450195626326,4.478989154100418,worst_uncertainty_stratified_mhz
2319,180.0,4,27.735182094743482,-27.735182094743482,27.735182094743482,0.0029178787036783136,0.004838534911581245,0.007756413615259559,22.497487833698028,14.90941650771941,0.0,0.03938541741339563,0.7206168174743652,44.1955880150949,4.261647641658783,worst_uncertainty_stratified_mhz
1724,180.0,4,23.94781891435539,-23.94781891435539,23.94781891435539,0.0041938659841857994,0.0048842359589646505,0.00907810194315045,19.478655750770695,12.714917038189771,0.0,0.02997551047781144,0.6228585243225098,38.27450195626326,4.387992858886719,worst_uncertainty_stratified_mhz
2363,180.0,4,23.858147721876175,-23.858147721876175,23.858147721876175,0.0016879795081592515,0.004202778722103868,0.00589075823026312,19.253699707318606,13.097694343410305,0.0,0.05393688361777915,0.8137903213500977,37.585735326051555,4.042038053274155,worst_uncertainty_stratified_mhz
2040,180.0,4,23.230108597323834,-23.230108597323834,23.230108597323834,0.003970049674064476,0.004875135108879873,0.008845184782944349,18.634482252092262,13.072831459351534,0.0,0.02905255535979734,0.45937132835388184,36.75148806511105,3.774265766143799,worst_uncertainty_stratified_mhz
1786,200.0,4,27.888087299793455,-27.888087299793455,27.888087299793455,0.028908259894216404,0.009670710895656371,0.038578970789872775,22.50102610762346,15.244049652590155,0.0,0.05462122208528797,0.6972217559814453,44.1955880150949,4.4721516370773315,worst_uncertainty_stratified_mhz
2781,200.0,4,27.333074736129937,-27.333074736129937,27.333074736129937,0.0077770092282666145,0.008334296047641798,0.016111305275908414,21.89585309003332,15.440293430713925,0.0,0.07716888894921325,0.8451743125915527,42.79219408957666,4.083354413509369,worst_uncertainty_stratified_mhz
2611,200.0,4,27.11878162424883,-27.11878162424883,27.11878162424883,0.006945897527639495,0.003925026679815739,0.010870924207455234,21.719213579369825,15.361210139350145,0.0,0.03953706585438166,0.5671589374542236,42.79219408957666,4.050151377916336,worst_uncertainty_stratified_mhz
2180,200.0,4,27.090986340555652,-27.090986340555652,27.090986340555652,0.005419889403196341,0.004437058404115853,0.009856947807312194,21.529899086729806,15.844675203085714,0.0,0.006675229006599892,0.254253625869751,42.79219408957666,3.6513360142707825,worst_uncertainty_stratified_mhz
2618,200.0,4,26.884148268978976,-26.884148268978976,26.884148268978976,0.005492179375980607,0.006165368381529457,0.011657547757510064,21.811362838555436,14.429016308561515,0.0,0.042193407979141284,0.7461447715759277,42.79219408957666,4.680255889892578,worst_uncertainty_stratified_mhz
1885,200.0,4,25.14022966654292,-25.14022966654292,25.14022966654292,0.002315868629395501,0.003896931171356892,0.006212799800752393,19.644129608018797,15.639877590767645,0.0,0.03241185589408868,0.5681076049804688,38.65532789926895,2.8253574669361115,worst_uncertainty_stratified_mhz
2104,200.0,4,24.79302868755532,-24.79302868755532,24.79302868755532,0.007824074605325785,0.00803202719602033,0.015856101801346115,19.94807904709749,13.73514725224787,0.0,0.1415380032004805,1.3385801315307617,38.27450195626326,4.3159801959991455,worst_uncertainty_stratified_mhz
3114,200.0,4,24.243532776507763,-24.243532776507763,24.243532776507763,0.0051597343228308125,0.0023359203009348213,0.007495654623765634,19.301104895962037,14.081468744616712,0.0,0.00921515058797695,0.3092775344848633,38.27450195626326,3.739214062690735,worst_uncertainty_stratified_mhz
2877,230.0,4,28.133012805580385,-28.133012805580385,28.133012805580385,0.02405931953534489,0.013094470717761845,0.037153790253106736,22.035746295159704,17.279954223596228,0.0,0.02700948869390274,0.5066990852355957,43.51077452769601,3.387524425983429,worst_uncertainty_stratified_mhz
2539,230.0,4,27.858226757220102,-27.858226757220102,27.858226757220102,0.0008964834892107696,0.0036525944034422214,0.004549077892652991,21.73801236961204,17.432005437988813,0.0,0.032062605516762765,0.6197054386138916,42.79219408957666,3.0950582325458527,worst_uncertainty_stratified_mhz
1972,230.0,4,27.85674170888192,-27.85674170888192,27.85674170888192,0.0029023924343344314,0.005107437063286412,0.008009829497620843,21.708457781618545,17.503950613287213,0.0,0.028312656385877766,0.5680961608886719,42.79219408957666,3.0282019078731537,worst_uncertainty_stratified_mhz
2341,230.0,4,27.716682605431373,-27.716682605431373,27.716682605431373,0.01381452813907328,0.005409183840824653,0.01922371197989793,21.510316238488432,17.659670158438605,0.0,0.004920845273281849,0.2185966968536377,42.79219408957666,2.802317887544632,worst_uncertainty_stratified_mhz
2642,230.0,4,27.641405598840972,-27.641405598840972,27.641405598840972,0.006723864286740062,0.012954587526441281,0.01967845181318134,21.51207793896138,17.439062039145416,0.0,0.005018860901259359,0.2219240665435791,42.79219408957666,2.9629437923431396,worst_uncertainty_stratified_mhz
2820,230.0,4,27.2510069990669,-27.2510069990669,27.2510069990669,0.002134291768117595,0.006302027996549753,0.008436319764667348,21.356942489112743,16.770950385896615,0.0,0.04499158069927489,0.6901743412017822,41.933727475625155,3.3571499586105347,worst_uncertainty_stratified_mhz
3029,230.0,4,26.43314270586581,-26.43314270586581,26.43314270586581,0.021032991568075254,0.03040618274954042,0.051439174317615674,20.435488704370417,16.808962612716524,0.0,0.5114423616028736,2.037917137145996,37.81017554838909,2.8343993723392487,worst_uncertainty_stratified_mhz
2168,230.0,4,25.52372282536094,-25.52372282536094,25.52372282536094,0.003715114404235814,0.01520309357988398,0.018918207984119795,20.18230263573319,15.117268440642324,0.0,0.24535656907253323,1.6494317054748535,38.22446042784646,3.9364738166332245,worst_uncertainty_stratified_mhz
1991,250.0,4,29.03039532636943,-29.03039532636943,29.03039532636943,0.0007797421806860806,0.0011048308803886788,0.0018845730610747595,22.396286180959784,18.905118490639243,0.0,0.025810221889506657,0.5453639030456543,44.1955880150949,2.6024517714977264,worst_uncertainty_stratified_mhz
1813,250.0,4,28.94230477898978,-28.94230477898978,28.94230477898978,0.0013586390488904577,0.0022288353034908086,0.0035874743523812663,22.42229777784992,18.571606125759455,0.0,0.03519891781681306,0.5786097049713135,44.1955880150949,2.867416948080063,worst_uncertainty_stratified_mhz
2427,250.0,4,28.195396172273806,-28.195396172273806,28.195396172273806,0.003339335159202338,0.006921153817413194,0.010260488976615531,22.38549559124642,16.54137738317579,0.0,0.03126285155175523,0.5128774642944336,44.1955880150949,4.351567804813385,worst_uncertainty_stratified_mhz
2422,250.0,4,27.977614551338974,-27.977614551338974,27.977614551338974,0.0012392150535587747,0.004387731667299863,0.005626946720858637,21.778929169434985,17.643631760657147,0.0,0.05090983193730381,0.6638445854187012,42.79219408957666,3.171249032020569,worst_uncertainty_stratified_mhz
1603,250.0,4,27.719399817903877,-27.719399817903877,27.719399817903877,0.0017985092306358873,0.0018828087633858133,0.003681317994021701,21.616494736469797,17.398052656881493,0.0,0.01661072249659057,0.407573938369751,42.79219408957666,3.2528584599494934,worst_uncertainty_stratified_mhz
2697,250.0,4,26.896335329727044,-26.896335329727044,26.896335329727044,0.0014625940023554006,0.0041871801329573365,0.005649774135312737,20.832852205281434,17.262247385001903,0.0,0.033790012679727255,0.566124677658081,41.03199970754533,2.863826334476471,worst_uncertainty_stratified_mhz
2089,250.0,4,26.085870454978515,-26.085870454978515,26.085870454978515,0.009288639678284636,0.008499728590805519,0.017788368269090155,20.565562472970083,15.690417200717805,0.0,0.029647732980816244,0.5116889476776123,40.56014053230092,3.9587917923927307,worst_uncertainty_stratified_mhz
2191,250.0,4,25.357745334723553,-25.357745334723553,25.357745334723553,0.001954427583586189,0.005450049794953008,0.007404477378539197,19.55492942045974,16.490696043793328,0.0,0.06187304529441917,0.7116107940673828,38.27450195626326,2.627437949180603,worst_uncertainty_stratified_mhz
2636,250.0,4,25.295997318417257,-25.295997318417257,25.295997318417257,0.0006935795952094145,0.0034963502543547452,0.00418992984956416,19.307934163580093,17.05504816701951,0.0,0.013035635342415475,0.31529510021209717,38.27450195626326,1.9541770815849304,worst_uncertainty_stratified_mhz
1707,250.0,4,25.271955423698355,-25.271955423698355,25.271955423698355,0.012765910072653035,0.02258466621267416,0.035350576285327194,19.79289901151937,15.490184011608012,0.0,0.10460607267149324,1.1020839214324951,38.27450195626326,3.6518485248088837,worst_uncertainty_stratified_mhz
2095,250.0,4,25.19195816653178,-25.19195816653178,25.19195816653178,0.0010578485279394085,0.0012638797960692924,0.002321728324008701,19.353731734490896,16.640148202219287,0.0,0.012324238376783647,0.4083130359649658,38.27450195626326,2.3415201008319855,worst_uncertainty_stratified_mhz
1926,250.0,4,24.99914379151256,-24.99914379151256,24.99914379151256,0.0019533745864048677,0.003816041039486418,0.005769415625891286,19.28545118779389,16.28257878374135,0.0,0.008797462508024267,0.2788054943084717,38.27450195626326,2.5994569659233093,worst_uncertainty_stratified_mhz
2016,265.0,4,29.527484034421416,-29.527484034421416,29.527484034421416,0.13159977789828592,0.25300331645645896,0.3846030943547449,26.897839260644076,6.332011070508676,0.0,2.3670437348471154,4.866003036499023,44.1955880150949,13.337700247764587,worst_uncertainty_stratified_mhz
2031,265.0,4,27.866234097667665,-27.866234097667665,27.866234097667665,0.0996426731967562,0.18752820164535042,0.2871708748421066,25.428974500953228,6.066467287076493,0.0,2.0279107203250533,4.0099334716796875,42.79219408957666,13.271558284759521,worst_uncertainty_stratified_mhz
3032,265.0,4,27.37718235163999,-27.37718235163999,27.37718235163999,0.3313320232734818,0.19841818154532237,0.5297502048188042,24.29138420116152,7.22618781561342,0.0,1.7532091914949888,4.515439033508301,40.56091098582476,12.313794612884521,worst_uncertainty_stratified_mhz
2085,265.0,4,27.204801463109334,-27.204801463109334,27.204801463109334,0.11512397150610476,0.11325047470629969,0.22837444621240444,24.652688912918023,6.582786569594981,0.0,1.019560318273406,3.070669174194336,44.1955880150949,12.773146510124207,worst_uncertainty_stratified_mhz
2897,265.0,4,26.730667166977785,-26.730667166977785,26.730667166977785,0.06189009152646938,0.17557825013980505,0.23746834166627442,24.14975989561492,6.633240355877762,0.0,1.2163162764125985,3.3031482696533203,42.56373896875132,12.644773602485657,worst_uncertainty_stratified_mhz
2531,265.0,4,26.538234917944738,-26.538234917944738,26.538234917944738,0.09389851403902565,0.25971313662334994,0.3536116506623756,24.200828389333825,5.596780841546737,0.0,1.7869231494014457,3.580272674560547,41.24753780530421,13.409646034240723,worst_uncertainty_stratified_mhz
2849,265.0,4,26.52642641729757,-26.52642641729757,26.52642641729757,0.2155140185052734,0.5195715858504837,0.7350856043557571,23.13110764477571,7.471068332419597,0.0,4.691705231506202,7.6461710929870605,29.23263373355196,11.938217461109161,worst_uncertainty_stratified_mhz
2077,265.0,4,25.753524998950763,-25.753524998950763,25.753524998950763,0.1127838705005757,0.08755127554668372,0.20033514604725944,23.483915366999863,5.865921778124781,0.0,0.7170101976692962,2.7416162490844727,42.79219408957666,13.065851092338562,worst_uncertainty_stratified_mhz
2865,265.0,4,25.74817857551055,-25.74817857551055,25.74817857551055,0.062679920327346,0.06506321378958524,0.12774313411693122,23.334613726686,6.495547607659437,0.0,0.3867788065103781,1.7000818252563477,44.1955880150949,12.558821082115173,worst_uncertainty_stratified_mhz
2693,265.0,4,25.724260557975764,-25.724260557975764,25.724260557975764,0.0637851945235134,0.23742784142530157,0.301213035948815,22.939236157466294,7.016133009433051,0.0,1.8667978395519498,3.8703746795654297,38.27450195626326,12.127793908119202,worst_uncertainty_stratified_mhz
3001,265.0,4,25.446395512370938,-25.446395512370938,25.446395512370938,0.0529048656044698,0.04959928270401834,0.10250414830848814,22.261471966575836,8.776823296030106,0.0,0.19759118460488878,1.3355674743652344,42.79219408957666,10.552226901054382,worst_uncertainty_stratified_mhz
2755,270.0,4,29.601291585006322,-29.601291585006322,29.601291585006322,0.011018345155626897,0.01716156154343427,0.028179906699061168,22.82976417100949,19.13234233744365,0.0,0.29735919456840687,1.5540354251861572,43.51077452769601,2.89885875582695,worst_uncertainty_stratified_mhz
2637,270.0,4,28.406608545522737,-28.406608545522737,28.406608545522737,0.009892926142954346,0.015998897446652564,0.02589182358960691,22.1475915265945,17.69368437355998,0.0,0.33387202916125513,1.693711519241333,41.933727475625155,3.5813008844852448,worst_uncertainty_stratified_mhz
1830,270.0,4,28.1816740418333,-28.1816740418333,28.1816740418333,0.0059390133608964,0.009254952844956907,0.015193966205853306,21.76432317369911,18.241157343015047,0.0,0.041569832486100466,0.7210991382598877,42.724407544166134,2.8713489174842834,worst_uncertainty_stratified_mhz
2508,270.0,4,28.103898678583807,-28.103898678583807,28.103898678583807,0.012981194034734281,0.017931056884670192,0.03091225091940447,22.592346495857168,15.62354527525018,0.0,0.07311999319253104,0.842864990234375,44.1955880150949,5.452157914638519,worst_uncertainty_stratified_mhz
2968,270.0,4,27.606097590553503,-27.606097590553503,27.606097590553503,0.034587799979308664,0.010590568686005317,0.04517836866531398,21.104525649408142,18.333260050656435,0.0,0.14230230712955727,1.2921396493911743,40.632307035165994,2.372361868619919,worst_uncertainty_stratified_mhz
2598,270.0,4,26.80876057960136,-26.80876057960136,26.80876057960136,0.004104910770435369,0.01864556023090788,0.02275047100134325,20.856020053691964,16.818465200365793,0.0,0.36126674211095544,1.940859079360962,39.04864754380105,3.452175945043564,worst_uncertainty_stratified_mhz
2205,270.0,4,26.73754873880067,-26.73754873880067,26.73754873880067,0.004061699241872164,0.009263398929598644,0.013325098171470807,20.501562597891343,17.68102738818161,0.0,0.11360262188671921,1.1639347076416016,39.611985244367645,2.456527441740036,worst_uncertainty_stratified_mhz
2124,280.0,4,30.678654424364556,-30.678654424364556,30.678654424364556,0.014035659935513046,0.030809867441458937,0.044845527376971984,23.6416764162127,19.78389213831741,0.0,0.6622722976153517,2.6952626705169678,43.26354556667773,3.002059727907181,worst_uncertainty_stratified_mhz
2516,280.0,4,29.261762402414064,-29.261762402414064,29.261762402414064,0.00801577919329143,0.008173300725462185,0.016189079918753617,22.50238712388997,19.20624762022413,0.0,0.049780375062919546,0.7096254825592041,44.1955880150949,2.656192123889923,worst_uncertainty_stratified_mhz
1761,280.0,4,26.889804596061595,-26.889804596061595,26.889804596061595,0.0021553738616968774,0.025990371773957705,0.028145745635654584,20.8115864360169,17.1334214717294,0.0,0.4761518021464388,2.396367311477661,38.27450195626326,3.2320320308208466,worst_uncertainty_stratified_mhz
2246,280.0,4,26.809259256102948,-26.809259256102948,26.809259256102948,0.02026843278835731,0.010433301787582514,0.030701734575939825,20.65760062374175,17.43221679290624,0.0,0.05002876637126974,0.7022213935852051,40.512922321155756,2.841203212738037,worst_uncertainty_stratified_mhz
2484,280.0,4,26.28624221278509,-26.28624221278509,26.28624221278509,0.004816782683092855,0.025981522784628126,0.03079830546772098,20.368886579325245,16.694878288819986,0.0,0.3260586568424193,1.8111538887023926,38.27450195626326,3.2930589616298676,worst_uncertainty_stratified_mhz
1727,280.0,4,25.906430525228703,-25.906430525228703,25.906430525228703,0.01925351782132899,0.021083436847656317,0.040336954668985306,20.151310182320323,16.203334708513925,0.0,0.3898330945664261,1.5807695388793945,37.9421846366284,3.5787481367588043,worst_uncertainty_stratified_mhz
2375,300.0,4,29.3395481506861,-29.3395481506861,29.3395481506861,0.007565103533177297,0.003874107053524431,0.011439210586701727,22.565648527011327,19.258982243625034,0.0,0.05782808838019715,0.8200528621673584,44.1955880150949,2.7556357085704803,worst_uncertainty_stratified_mhz
2003,300.0,4,29.04688627137581,-29.04688627137581,29.04688627137581,0.0010585908809969524,0.003245099472728585,0.004303690353725537,22.238006916510766,19.413065351915765,0.0,0.009060755948180343,0.26230430603027344,44.1955880150949,2.379036009311676,worst_uncertainty_stratified_mhz
2390,300.0,4,28.71424092821609,-28.71424092821609,28.71424092821609,0.009350041179196631,0.010873018782633827,0.020223059961830457,22.388987672432066,17.925305908059357,0.0,0.21882472246222928,1.4088761806488037,42.93144971929087,3.7515247762203217,worst_uncertainty_stratified_mhz
1871,300.0,4,28.19148831671516,-28.19148831671516,28.19148831671516,0.0017292699646267176,0.0015934390539920182,0.003322709018618736,21.522529317793317,19.020135584081604,0.0,0.005593750093914274,0.24167704582214355,42.79219408957666,2.176994115114212,worst_uncertainty_stratified_mhz
1674,300.0,4,26.910697184463444,-26.910697184463444,26.910697184463444,0.01761975954466109,0.007165651241523609,0.024785410786184698,20.71815162942039,17.569458969333297,0.0,0.04475365025723477,0.7866554260253906,40.56014053230092,2.8666160106658936,worst_uncertainty_stratified_mhz
2380,300.0,4,26.138285531701648,-26.138285531701648,26.138285531701648,0.0022368774913931683,0.0032657339023720987,0.005502611393765267,19.989291437352957,17.5277255310022,0.0,0.00658015725255634,0.23822784423828125,39.72719471596252,2.3077591359615326,worst_uncertainty_stratified_mhz
3470,120.0,5,28.396634928883838,-28.396634928883838,28.396634928883838,1.0881890117645072,1.0585598467393529,2.14674885850386,26.171141050541145,0.0,0.0,7.658409860583504,7.75730562210083,29.268156757814456,8.78589916229248,worst_uncertainty_stratified_mhz
3592,120.0,5,26.18242535808635,-26.18242535808635,26.18242535808635,0.26639378360748184,0.17482671117974982,0.4412204947872317,25.708635242103778,0.0,0.0,1.5862044830775517,4.734086990356445,43.51077452769601,9.667337656021118,worst_uncertainty_stratified_mhz
3610,120.0,5,22.53372801268353,-22.53372801268353,22.53372801268353,0.943973616114376,0.25276953915928796,1.196743155273664,18.817916024209673,7.052298627766588,0.0,1.270709264756852,3.5944135189056396,31.5,5.551426440477371,worst_uncertainty_stratified_mhz
4167,150.0,5,27.19186067156553,-27.19186067156553,27.19186067156553,0.0015704383962817248,0.0031357528217546625,0.004706191218036388,22.465804323372346,13.45626126398549,0.0,0.03909722321167575,0.6578261852264404,44.1955880150949,4.239965230226517,worst_uncertainty_stratified_mhz
3696,150.0,5,22.02672682224091,-22.02672682224091,22.02672682224091,0.008556518270325258,0.01658849097534153,0.02514500924566679,17.32302837342404,13.313926052393217,0.0,0.0339122515203476,0.5950102806091309,33.983221963198254,2.4646612107753754,worst_uncertainty_stratified_mhz
3242,150.0,5,21.877636140706315,-21.877636140706315,21.877636140706315,0.005753031834334069,0.007073680970186902,0.012826712804520971,17.333768186415124,12.897659717283027,0.0,0.033558090397966645,0.6171982288360596,33.983221963198254,2.716265946626663,worst_uncertainty_stratified_mhz
4021,150.0,5,20.899719036184237,-20.899719036184237,20.899719036184237,0.011657981923032858,0.06189750355596378,0.07355548547899664,16.693512164068007,11.664641914005825,0.0,0.41924632224623704,2.048787832260132,30.499743851383407,3.2357327044010162,worst_uncertainty_stratified_mhz
4757,155.0,5,21.961483324847432,-21.961483324847432,21.961483324847432,0.013799927483782816,0.013223546726363989,0.027023474210146805,19.11064052008009,8.022642247874215,0.0,0.16309527649706013,1.356797218322754,36.538293268843304,6.352031350135803,worst_uncertainty_stratified_mhz
4296,155.0,5,21.604307372511155,-21.604307372511155,21.604307372511155,0.009168102702382528,0.009855736191242657,0.019023838893625186,18.694030106687283,8.23065253527978,0.0,0.06650363141480042,0.7167596817016602,36.538293268843304,6.125463426113129,worst_uncertainty_stratified_mhz
4479,155.0,5,20.325656356505327,-20.325656356505327,20.325656356505327,0.07194999781327231,0.027768495714076514,0.09971849352734882,17.455214738577418,7.885917192969505,0.0,0.06586414748964842,0.6520986557006836,34.126602526474855,6.023224234580994,worst_uncertainty_stratified_mhz
4165,155.0,5,19.41470319062953,-19.41470319062953,19.41470319062953,0.0065161976340205145,0.007347225402787482,0.013863423036807997,16.563283344951,8.05572153596889,0.0,0.16497625991376808,1.296614170074463,31.5,5.6244500279426575,worst_uncertainty_stratified_mhz
3423,155.0,5,19.23103469821646,-19.23103469821646,19.23103469821646,0.07908308731656138,0.010645979605997091,0.08972906692255847,15.894326254071796,9.228033851562396,0.0,0.10094341453121558,1.087021827697754,30.499743851383407,4.626698613166809,worst_uncertainty_stratified_mhz
4170,155.0,5,19.21857773831297,-19.21857773831297,19.21857773831297,0.0068838617197304565,0.012140109366261437,0.019023971085991895,16.500292585169092,7.638666285213236,0.0,0.36665719033166155,2.251649856567383,30.01562093310748,5.883887827396393,worst_uncertainty_stratified_mhz
4713,155.0,5,19.190842754281462,-19.190842754281462,19.190842754281462,0.0334838733568749,0.04902671621857809,0.08251058957545299,16.152646896014215,8.375759161604567,0.0,0.2625188038643813,1.2805123329162598,30.499743851383407,5.299701809883118,worst_uncertainty_stratified_mhz
4244,155.0,5,19.170946076288875,-19.170946076288875,19.170946076288875,0.06850505699307989,0.023813516879726312,0.0923185738728062,16.096993716775103,8.493939224326137,0.0,0.033145221291704274,0.6276969909667969,31.5,5.198660850524902,worst_uncertainty_stratified_mhz
3722,170.0,5,28.00485105073585,-28.00485105073585,28.00485105073585,0.0085683191974444,0.006830231398925567,0.015398550596369968,22.707067108357474,15.032851304766593,0.0,0.11496200652596755,0.9886221885681152,44.1955880150949,4.0581870675086975,worst_uncertainty_stratified_mhz
4504,170.0,5,26.018030578878736,-26.018030578878736,26.018030578878736,0.004853612203829942,0.007098928430115013,0.011952540633944955,21.350866483985314,13.250001505823853,0.0,0.10399583216802455,1.1998252868652344,41.293916016769344,4.5520206689834595,worst_uncertainty_stratified_mhz
3234,170.0,5,24.56149749779283,-24.56149749779283,24.56149749779283,0.004264272440361302,0.004688600252013437,0.008952872692374738,19.53197690613096,14.30109215079648,0.0,0.03817404239447342,0.7131037712097168,38.27450195626326,3.2165918350219727,worst_uncertainty_stratified_mhz
4712,180.0,5,26.280337283020696,-26.280337283020696,26.280337283020696,0.005958831413562159,0.0022104399019749433,0.008169271315537102,20.840165299749984,15.49449104044116,0.0,0.01342335105006498,0.35956788063049316,41.293916016769344,3.2432303428649902,worst_uncertainty_stratified_mhz
4491,180.0,5,24.511463908121733,-24.511463908121733,24.511463908121733,0.0036478051838747393,0.003987162068605378,0.007634967252480118,19.651045447965796,13.813567593274495,0.0,0.07351772785265975,0.8805534839630127,38.27450195626326,3.758580595254898,worst_uncertainty_stratified_mhz
3863,180.0,5,24.462161957749487,-24.462161957749487,24.462161957749487,0.002354086878158638,0.0022523452446346873,0.004606432122793325,19.499003069950145,14.12866278452321,0.0,0.035472690039341614,0.6525588035583496,38.27450195626326,3.4825304746627808,worst_uncertainty_stratified_mhz
4537,180.0,5,20.07201993573631,-20.07201993573631,20.07201993573631,0.0012703719328673148,0.001693200244470917,0.002963572177338232,15.814270075377635,12.146537188932374,0.0,0.0016803107826035557,0.12517952919006348,31.5,2.9294172525405884,worst_uncertainty_stratified_mhz
3781,200.0,5,28.428641842758935,-28.428641842758935,28.428641842758935,0.004585092490561987,0.004399651334953013,0.008984743825515,22.254582489148145,17.591715927240713,0.0,0.0085544718579591,0.29646801948547363,44.1955880150949,2.899735987186432,worst_uncertainty_stratified_mhz
3752,200.0,5,28.21204052386915,-28.21204052386915,28.21204052386915,0.001418371538325736,0.0036727623776869967,0.005091133916012733,22.437838446075837,16.448793361364153,0.0,0.03156572549280323,0.616957426071167,44.1955880150949,3.6911723911762238,worst_uncertainty_stratified_mhz
4693,200.0,5,28.101695704370947,-28.101695704370947,28.101695704370947,0.004470530337205086,0.003463955228177941,0.007934485565383027,22.396777575045768,16.24317520843356,0.0,0.0325732166987569,0.5328207015991211,44.1955880150949,3.800447255373001,worst_uncertainty_stratified_mhz
3721,200.0,5,27.910252015177,-27.910252015177,27.910252015177,0.014768048415530997,0.013585321092080861,0.02835336950761186,22.302905371106082,15.886648893807807,0.0,0.08878538306831896,0.9174654483795166,43.51077452769601,3.990761011838913,worst_uncertainty_stratified_mhz
3201,200.0,5,27.13706821734868,-27.13706821734868,27.13706821734868,0.005816630432773591,0.0052143558332443255,0.011030986266017916,21.594978153240657,15.777216593145098,0.0,0.0181366988911682,0.36148881912231445,42.79219408957666,3.7271264493465424,worst_uncertainty_stratified_mhz
3254,200.0,5,24.68497249103701,-24.68497249103701,24.68497249103701,0.013461995751036042,0.011067386298542009,0.024529382049578052,19.793192577013695,13.853801223563089,0.0,0.0940351419347385,1.1238129138946533,38.27450195626326,4.161913305521011,worst_uncertainty_stratified_mhz
3243,200.0,5,24.648573576207287,-24.648573576207287,24.648573576207287,0.0018002693416410214,0.0022715600457725023,0.004071829387413524,19.443059624985146,14.826440799419784,0.0,0.02565537231738446,0.5603065490722656,38.27450195626326,3.2855066657066345,worst_uncertainty_stratified_mhz
3497,200.0,5,24.539163958922003,-24.539163958922003,24.539163958922003,0.0049920166443853135,0.006601076466300481,0.011593093110685794,19.527654433660263,14.24153523162011,0.0,0.05320293310584301,0.674401044845581,38.27450195626326,3.749530106782913,worst_uncertainty_stratified_mhz
3912,230.0,5,29.057069248644215,-29.057069248644215,29.057069248644215,0.009362383554997172,0.018058827509380423,0.027421211064377594,22.46212004420692,18.70706155206479,0.0,0.04452458688377359,0.6396028995513916,44.1955880150949,2.630182534456253,worst_uncertainty_stratified_mhz
3452,230.0,5,28.033433104864088,-28.033433104864088,28.033433104864088,0.00960506160593554,0.014055681048192934,0.023660742654128472,21.75387570681678,17.82092260633509,0.0,0.04450785476221242,0.6265416145324707,42.79219408957666,2.8396113514900208,worst_uncertainty_stratified_mhz
4071,230.0,5,27.906560604202227,-27.906560604202227,27.906560604202227,0.009428687551985013,0.007621972962437412,0.017050660514422424,21.56774176462029,18.032819789407593,0.0,0.011156114332692368,0.32097721099853516,42.79219408957666,2.568327784538269,worst_uncertainty_stratified_mhz
3458,230.0,5,27.192341724713405,-27.192341724713405,27.192341724713405,0.0053860566710447165,0.010603037585434091,0.015989094256478806,21.56680634730242,15.96838027356779,0.0,0.11212913674204028,0.9756269454956055,41.933727475625155,4.061197370290756,worst_uncertainty_stratified_mhz
3878,230.0,5,26.96588653964125,-26.96588653964125,26.96588653964125,0.006908357280423813,0.0063647634080361976,0.01327312068846001,20.88281883655912,17.300474499290605,0.0,0.02474093796143606,0.4222397804260254,41.293916016769344,2.6881163716316223,worst_uncertainty_stratified_mhz
4050,230.0,5,25.28553329774566,-25.28553329774566,25.28553329774566,0.031463176304474316,0.003926503165318365,0.035389679469792684,19.26612974047781,17.062630091432826,0.0,0.007705320936114424,0.2423468828201294,38.27450195626326,1.8146334141492844,worst_uncertainty_stratified_mhz
3344,230.0,5,25.16727476862381,-25.16727476862381,25.16727476862381,0.0033635852905419725,0.00609225867928669,0.009455843969828662,19.555062572882182,15.950340698774335,0.0,0.054161153580813526,0.7273008823394775,38.27450195626326,2.889261692762375,worst_uncertainty_stratified_mhz
3463,230.0,5,25.067664906081657,-25.067664906081657,25.067664906081657,0.004681673794333647,0.011425208878111154,0.0161068826724448,19.441912460754374,15.982055952893125,0.0,0.03163048630011289,0.5460619926452637,38.27450195626326,2.7918160557746887,worst_uncertainty_stratified_mhz
3506,250.0,5,29.36333486464132,-29.36333486464132,29.36333486464132,0.010781050555631388,0.02549327374956444,0.036274324305195824,22.668314677842186,18.911373945541285,0.0,0.19860806565891576,1.4286386966705322,43.51077452769601,2.8018034398555756,worst_uncertainty_stratified_mhz
4202,250.0,5,28.788782453935692,-28.788782453935692,28.788782453935692,0.001822965353193832,0.00346400353219639,0.0052869688853902225,22.444203354253546,18.07181363903315,0.0,0.03388169015092046,0.6250553131103516,44.1955880150949,3.2504265308380127,worst_uncertainty_stratified_mhz
3337,250.0,5,28.655863810821685,-28.655863810821685,28.655863810821685,0.007487528827892639,0.012760652767742568,0.02024818159563521,22.293173933506765,18.092285135553748,0.0,0.01634271263381404,0.358074426651001,44.1955880150949,3.151249796152115,worst_uncertainty_stratified_mhz
3565,250.0,5,28.24428588179781,-28.24428588179781,28.24428588179781,0.0023204407928317356,0.0035672859776877436,0.005887726770519479,21.598214013605016,18.931981751628623,0.0,0.013364436811377223,0.3775050640106201,42.79219408957666,2.065766468644142,worst_uncertainty_stratified_mhz
3871,250.0,5,28.166283674468612,-28.166283674468612,28.166283674468612,0.004548583734756303,0.0036767873696599584,0.00822537110441626,21.671802498028807,18.48521027271562,0.0,0.02615964063366416,0.49909162521362305,42.79219408957666,2.4607070982456207,worst_uncertainty_stratified_mhz
3876,250.0,5,27.603051429543736,-27.603051429543736,27.603051429543736,0.021806915824908707,0.024437998441197227,0.046244914266105934,21.851541249366814,16.25860057549413,0.0,0.06410156465538819,0.7826852798461914,42.79219408957666,4.2897621393203735,worst_uncertainty_stratified_mhz
3406,250.0,5,27.24431993301374,-27.24431993301374,27.24431993301374,0.011120845015235909,0.005194130567038558,0.016314975582274467,21.079518481887746,17.533612068722054,0.0,0.017422520640490546,0.36670756340026855,41.75748435909424,2.815039336681366,worst_uncertainty_stratified_mhz
4014,250.0,5,26.952064211009148,-26.952064211009148,26.952064211009148,0.01108193416193292,0.008119529371661242,0.019201463533594164,21.151081137994602,16.474136326620748,0.0,0.05484652724241457,0.699246883392334,41.49322233811204,3.697658598423004,worst_uncertainty_stratified_mhz
3494,250.0,5,26.648145992948784,-26.648145992948784,26.648145992948784,0.01382513040697246,0.006836364167620952,0.020661494574593414,20.96598543594278,16.149176647038622,0.0,0.02032705905442267,0.39809441566467285,41.49322233811204,3.837874799966812,worst_uncertainty_stratified_mhz
4437,250.0,5,26.429127781650344,-26.429127781650344,26.429127781650344,0.012107877918499177,0.01346849159594188,0.025576369514441057,20.919583979290298,15.617176691502234,0.0,0.0927267788078261,1.0214073657989502,40.632307035165994,4.239775836467743,worst_uncertainty_stratified_mhz
3545,250.0,5,25.253630276295482,-25.253630276295482,25.253630276295482,0.002993860064959443,0.002121781912916742,0.005115641977876185,19.235349776946045,17.15743975046271,0.0,0.0033914886146781953,0.1894146203994751,38.27450195626326,1.8061310052871704,worst_uncertainty_stratified_mhz
4683,250.0,5,24.94411144482466,-24.94411144482466,24.94411144482466,0.018072864762937766,0.01048510093678144,0.028557965699719204,19.275970088078886,16.07520479610829,0.0,0.021914747897567644,0.49495506286621094,38.01315561749642,2.790671020746231,worst_uncertainty_stratified_mhz
3226,265.0,5,29.478130675254267,-29.478130675254267,29.478130675254267,0.25428342121147546,0.17376898958828768,0.42805241079976314,26.08107243761148,8.393502153761817,0.0,2.206534631256986,4.956881523132324,42.79219408957666,11.87210214138031,worst_uncertainty_stratified_mhz
3246,265.0,5,28.525722353791167,-28.525722353791167,28.525722353791167,0.2370106285633465,0.3365298003392421,0.5735404289025886,25.72847688870674,6.273608418025812,0.0,2.1852771754615645,4.361991882324219,42.724407544166134,13.226178765296936,worst_uncertainty_stratified_mhz
4559,265.0,5,28.174644739735186,-28.174644739735186,28.174644739735186,0.10441472808424991,0.19931658982754993,0.30373131791179986,25.745937247460674,6.00365499535187,0.0,1.6049346408226484,4.086417198181152,44.1955880150949,13.36523723602295,worst_uncertainty_stratified_mhz
3927,265.0,5,27.627901001997756,-27.627901001997756,27.627901001997756,0.03931921043720086,0.1046790263088549,0.14399823674605575,24.145939809943087,9.482417912657608,0.0,0.6557822541168292,2.784727096557617,44.1955880150949,10.590274930000305,worst_uncertainty_stratified_mhz
4033,265.0,5,27.322321850834225,-27.322321850834225,27.322321850834225,0.11658903895769594,0.1271964544572191,0.24378549341491507,24.451724449494787,7.435847837988532,0.0,1.388505517499425,3.3342437744140625,42.79219408957666,12.140332221984863,worst_uncertainty_stratified_mhz
4408,265.0,5,26.965340687928887,-26.965340687928887,26.965340687928887,0.0784253108597767,0.12753007166358102,0.2059553825233577,24.585472853784577,6.148981371898871,0.0,1.2933472903194883,3.7920570373535156,42.79219408957666,13.060496211051941,worst_uncertainty_stratified_mhz
3980,265.0,5,26.949307330647805,-26.949307330647805,26.949307330647805,0.0911551613026189,0.1471367798415279,0.2382919411441468,24.36044195659994,6.659737637244551,0.0,0.9926884932585267,3.2247323989868164,43.51077452769601,12.666213750839233,worst_uncertainty_stratified_mhz
3260,265.0,5,26.764240810267296,-26.764240810267296,26.764240810267296,0.07217500959297539,0.12663542478299708,0.19881043437597246,24.43490218242172,6.022483511466955,0.0,1.4145361289969145,3.248538017272949,42.79219408957666,13.122209668159485,worst_uncertainty_stratified_mhz
4354,265.0,5,25.956968509657756,-25.956968509657756,25.956968509657756,0.21910965801906193,0.2786880553218681,0.49779771334093004,23.372890221964088,5.918105545510841,0.0,0.6095380395163374,2.2631587982177734,43.26354556667773,13.06123399734497,worst_uncertainty_stratified_mhz
3216,265.0,5,25.91520579100365,-25.91520579100365,25.91520579100365,0.050098717886013076,0.05870592151091015,0.10880463939692323,22.68922752803813,8.884649762552797,0.0,0.10235213773921714,0.9781627655029297,44.1955880150949,10.598875045776367,worst_uncertainty_stratified_mhz
4741,265.0,5,25.692369035328227,-25.692369035328227,25.692369035328227,0.09928847424808519,0.02790215826291426,0.12719063251099946,22.809380996358612,7.851681962598732,0.0,0.12403062665906361,1.1751127243041992,44.1955880150949,11.421476006507874,worst_uncertainty_stratified_mhz
3680,270.0,5,30.093745643842027,-30.093745643842027,30.093745643842027,0.0045179639297955815,0.023582570955278017,0.028100534885073598,23.46303083730663,18.740715654144907,0.0,0.3866750707641238,1.9571235179901123,44.1955880150949,3.584972560405731,worst_uncertainty_stratified_mhz
4728,270.0,5,29.829529382530996,-29.829529382530996,29.829529382530996,0.04479874161209433,0.014230439336016854,0.05902918094811119,22.90404103124667,19.4944118895488,0.0,0.21769663167211895,1.593591332435608,43.779097466713495,2.6867420226335526,worst_uncertainty_stratified_mhz
4553,270.0,5,29.489427843066306,-29.489427843066306,29.489427843066306,0.005877915293165431,0.010902474618333833,0.016780389911499265,22.911349123196587,18.65505806555382,0.0,0.17874001879397383,1.2696301937103271,44.1955880150949,3.300053596496582,worst_uncertainty_stratified_mhz
3294,270.0,5,29.21269669609582,-29.21269669609582,29.21269669609582,0.008345235103643154,0.00833055707367396,0.016675792177317114,22.74280188248884,18.36356609803442,0.0,0.1258977913613739,1.0382201671600342,44.1955880150949,3.4155628383159637,worst_uncertainty_stratified_mhz
3814,270.0,5,29.1390899252881,-29.1390899252881,29.1390899252881,0.019156413127435757,0.01644209626330841,0.03559850939074417,22.493140704770607,18.83728124900858,0.0,0.04014843310114813,0.7103965282440186,44.1955880150949,2.895150363445282,worst_uncertainty_stratified_mhz
3502,270.0,5,29.075329049112813,-29.075329049112813,29.075329049112813,0.013685946617355177,0.014835760746176525,0.0285217073635317,22.286352755715978,19.184784972731933,0.0,0.20953192457358139,1.3614475727081299,42.79219408957666,2.49971666932106,worst_uncertainty_stratified_mhz
3604,270.0,5,29.01180216137179,-29.01180216137179,29.01180216137179,0.007572597135111239,0.009453646084770105,0.017026243219881346,22.6268728243445,18.14117751017969,0.0,0.06744704189470596,0.9232635498046875,44.1955880150949,3.5112510323524475,worst_uncertainty_stratified_mhz
3366,280.0,5,29.634599574666385,-29.634599574666385,29.634599574666385,0.0049684582507023315,0.007164157629662246,0.012132615880364577,22.87360852713101,19.193111408400625,0.0,0.13325832909283974,1.2851123809814453,44.1955880150949,2.9185497760772705,worst_uncertainty_stratified_mhz
3382,280.0,5,29.150837815274773,-29.150837815274773,29.150837815274773,0.002300570653937921,0.0019744192057859623,0.004274989859723883,22.351571826202726,19.372197106130855,0.0,0.020096735929751475,0.4673621654510498,44.1955880150949,2.4073298573493958,worst_uncertainty_stratified_mhz
4527,280.0,5,28.987824760012234,-28.987824760012234,28.987824760012234,0.06557903739736765,0.026967831763601683,0.09254686916096933,22.429060749858223,18.37024709649251,0.0,0.23870684568001366,1.4492580890655518,42.93144971929087,3.3344770669937134,worst_uncertainty_stratified_mhz
4040,280.0,5,28.75953196312441,-28.75953196312441,28.75953196312441,0.009675143855725607,0.010483621881227558,0.020158765736953167,22.216861853487124,18.53405322899346,0.0,0.18423107151617657,1.2730674743652344,42.79219408957666,3.0148127675056458,worst_uncertainty_stratified_mhz
4742,280.0,5,27.59477444945274,-27.59477444945274,27.59477444945274,0.010315293957452818,0.01882099434332912,0.029136288300781937,21.28899832647196,17.816252501566122,0.0,0.23814925510936202,1.469391107559204,40.632307035165994,2.9791696965694427,worst_uncertainty_stratified_mhz
4005,280.0,5,27.14840779901167,-27.14840779901167,27.14840779901167,0.00167008643210605,0.0027858092891571316,0.004455895721263182,20.846307915942262,17.966757887589594,0.0,0.008548757681594132,0.28711414337158203,41.38840417314975,2.491168648004532,worst_uncertainty_stratified_mhz
4286,300.0,5,28.856853045939886,-28.856853045939886,28.856853045939886,0.004285038322262521,0.005210663198241842,0.009495701520504364,22.166160238367215,19.031178156325417,0.0,0.0465307658704992,0.750934362411499,43.48832458258193,2.658522993326187,worst_uncertainty_stratified_mhz
4694,300.0,5,28.470177378253208,-28.470177378253208,28.470177378253208,0.0033290175649089634,0.0026896770877127686,0.0060186946526217325,21.924875351570225,18.656695853651,0.0,0.011102321524986358,0.3392214775085449,43.48832458258193,2.7905183732509613,worst_uncertainty_stratified_mhz
4100,300.0,5,28.11823829375482,-28.11823829375482,28.11823829375482,0.003950976287610777,0.002926099931262179,0.006877076218872956,21.7401617828475,18.161572074547756,0.0,0.032669450545437684,0.6227905750274658,42.79219408957666,3.084585130214691,worst_uncertainty_stratified_mhz
3408,300.0,5,28.070798888248483,-28.070798888248483,28.070798888248483,0.0018670641200388954,0.0060374809372815115,0.007904545057320408,21.835584593357947,17.740981823725992,0.0,0.06378373692410744,0.7514076232910156,42.79219408957666,3.5143167078495026,worst_uncertainty_stratified_mhz
4696,300.0,5,26.609598021421185,-26.609598021421185,26.609598021421185,0.005463950829623321,0.0038027838750198857,0.009266734704643207,20.134265883708057,18.409828312477376,0.0,0.02159869985420837,0.41504204273223877,39.81029232497546,1.6238867938518524,worst_uncertainty_stratified_mhz
3989,300.0,5,25.325870841037304,-25.325870841037304,25.325870841037304,0.003002760520210663,0.00398087980868997,0.006983640328900633,19.386860983867773,16.90432325769224,0.0,0.022298036932738796,0.4546239376068115,38.27450195626326,2.4064419269561768,worst_uncertainty_stratified_mhz
5539,120.0,6,26.496316362189134,-26.496316362189134,26.496316362189134,0.5344585659747718,0.13832739271662772,0.6727859586913996,21.318231462331315,12.702212213461872,0.0,0.7465967342378326,2.868767499923706,38.27450195626326,3.628992587327957,worst_uncertainty_stratified_mhz
5146,120.0,6,26.079785540006785,-26.079785540006785,26.079785540006785,0.02440945767841578,0.2456032296551149,0.2700126873335307,25.76265380736262,0.0,0.0,3.449934384406774,6.3509368896484375,38.27450195626326,9.854825615882874,worst_uncertainty_stratified_mhz
5013,120.0,6,24.44183513564764,-24.44183513564764,24.44183513564764,0.07431189170570061,0.09074909100277442,0.16506098270847502,23.98195168572964,0.7732181885264411,0.0,0.6431522574973769,2.482010841369629,44.1955880150949,8.286125659942627,worst_uncertainty_stratified_mhz
5685,150.0,6,29.936869329334616,-29.936869329334616,29.936869329334616,0.1901275318311835,0.202160445207236,0.3922879770384195,26.767229083780858,7.776398542046504,0.0,2.8158103455721175,5.11064338684082,42.79219408957666,7.5433995723724365,worst_uncertainty_stratified_mhz
4959,150.0,6,29.8476177460111,-29.8476177460111,29.8476177460111,0.22769259018863527,0.13775563652564157,0.36544822671427685,25.489042343719955,11.263132760348096,0.0,1.484709849691793,3.813076972961426,44.1955880150949,5.9693796038627625,worst_uncertainty_stratified_mhz
5474,150.0,6,29.5277493117435,-29.5277493117435,29.5277493117435,0.12769789609389873,0.15737780076435778,0.2850756968582565,25.00724100120811,11.934137633803918,0.0,1.7097222902744553,3.8028433322906494,42.79219408957666,5.589364677667618,worst_uncertainty_stratified_mhz
5752,150.0,6,28.688469714543803,-28.688469714543803,28.688469714543803,0.06710451003499457,0.22554616648460826,0.29265067651960286,23.108342374023017,14.826160968121979,0.0,2.3500084242368464,4.1655049324035645,37.351162967168776,3.8979064524173737,worst_uncertainty_stratified_mhz
4941,155.0,6,27.536728460709718,-27.536728460709718,27.536728460709718,0.0829688469680802,0.12824853388192783,0.21121738085000802,23.552743879037035,10.668029928322476,0.0,0.883363829487962,2.5465660095214844,42.79219408957666,6.0315282344818115,worst_uncertainty_stratified_mhz
5550,155.0,6,24.746004134546,-24.746004134546,24.746004134546,0.09882856284977144,0.2023518371147672,0.30118039996453866,21.32006373367282,8.733421053157622,0.0,3.1596772148567283,5.821029186248779,30.499743851383407,6.529089570045471,worst_uncertainty_stratified_mhz
5965,155.0,6,24.65883500934568,-24.65883500934568,24.65883500934568,0.2214313805093866,0.20474291325936414,0.4261742937687507,21.048923669552345,9.054417330190663,0.0,0.13814563262120316,1.189249038696289,40.632307035165994,6.324960350990295,worst_uncertainty_stratified_mhz
5656,155.0,6,22.862786934203644,-22.862786934203644,22.862786934203644,0.10925024129086312,0.2883026695129395,0.3975529108038026,19.962849228814626,7.0024357714466445,0.0,2.190774811362669,5.044404983520508,30.499743851383407,7.180580675601959,worst_uncertainty_stratified_mhz
5064,155.0,6,22.222497084604484,-22.222497084604484,22.222497084604484,0.033287305039322354,0.22495233070177087,0.2582396357410932,18.99672036714903,8.385393574903294,0.0,0.651033993056501,2.564770221710205,34.126602526474855,6.178279638290405,worst_uncertainty_stratified_mhz
6285,155.0,6,21.038561426275912,-21.038561426275912,21.038561426275912,0.3157038583658598,0.15492275773675618,0.47062661610261597,18.463158201534185,5.8987137473258064,0.0,1.4689199510143816,3.972855567932129,30.01562093310748,7.532230794429779,worst_uncertainty_stratified_mhz
5449,155.0,6,21.019284096648256,-21.019284096648256,21.019284096648256,0.3664105391849504,0.25613569193994634,0.6225462311248968,17.019236488898475,9.533794072896509,0.0,0.6715708648959184,2.195587396621704,30.499743851383407,5.037034302949905,worst_uncertainty_stratified_mhz
6137,155.0,6,20.8064975429477,-20.8064975429477,20.8064975429477,0.43358348324697155,0.0902565990944839,0.5238400823414554,17.75128720145619,7.130812781140047,0.0,0.9024036161422941,3.1980233192443848,30.499743851383407,6.673656702041626,worst_uncertainty_stratified_mhz
5340,170.0,6,28.37268140060845,-28.37268140060845,28.37268140060845,0.0024068537334886258,0.002246481961412354,0.00465333569490098,22.431772779152332,16.919817548838548,0.0,0.028529643453942377,0.6108982563018799,44.1955880150949,2.948975294828415,worst_uncertainty_stratified_mhz
5082,170.0,6,23.692384457103767,-23.692384457103767,23.692384457103767,0.009255689247187707,0.004124565213698385,0.01338025446088609,18.744361190946613,14.04673004967162,0.0,0.048643212773413325,0.6399478912353516,36.75148806511105,3.0150667428970337,worst_uncertainty_stratified_mhz
5028,170.0,6,21.96082114077692,-21.96082114077692,21.96082114077692,0.005840827535837032,0.003190479085863016,0.009031306621700048,17.439469908148062,12.84277269983645,0.0,0.04834858227330496,0.6556401252746582,34.126602526474855,3.1684392988681793,worst_uncertainty_stratified_mhz
6140,180.0,6,27.525661081251233,-27.525661081251233,27.525661081251233,0.0007229950684307251,0.0014955945970482132,0.0022185896654789384,21.618600827374774,16.837191536712783,0.0,0.017491461114275353,0.41002464294433594,42.79219408957666,2.796183228492737,worst_uncertainty_stratified_mhz
6199,180.0,6,25.727984631479252,-25.727984631479252,25.727984631479252,0.004734683213648523,0.004798000076626828,0.009532683290275352,20.710701095405405,14.26706858297554,0.0,0.05048396817858869,0.76029372215271,40.56014053230092,3.9344532787799835,worst_uncertainty_stratified_mhz
5826,180.0,6,23.445962944052802,-23.445962944052802,23.445962944052802,0.0018331356357134355,0.0022466344325396963,0.004079770068253132,18.49842240641819,14.107677379375367,0.0,0.004797433425348885,0.2357618808746338,36.75148806511105,2.9991032481193542,worst_uncertainty_stratified_mhz
5798,180.0,6,21.461173372829663,-21.461173372829663,21.461173372829663,0.0010185762685681625,0.004198339177543137,0.0052169154461113,17.33847136736962,11.731699844363131,0.0,0.03467457973727672,0.5938096046447754,34.01378397061991,4.087110489606857,worst_uncertainty_stratified_mhz
5448,200.0,6,28.390217499811495,-28.390217499811495,28.390217499811495,0.004772372841539244,0.005422405660231331,0.010194778501770575,22.636669909907113,16.359725698886823,0.0,0.0717857725073685,0.9341802597045898,44.1955880150949,3.838779926300049,worst_uncertainty_stratified_mhz
6189,200.0,6,28.055797104377156,-28.055797104377156,28.055797104377156,0.003034872295584906,0.0017272482820941842,0.00476212057767909,21.90191040553476,17.547003735769604,0.0,0.007125520531971574,0.2787952423095703,43.51077452769601,2.7502222061157227,worst_uncertainty_stratified_mhz
5586,200.0,6,27.836484156157443,-27.836484156157443,27.836484156157443,0.002878818955943612,0.0018653982144793328,0.004744217170422945,21.961360933928237,16.741621371927703,0.0,0.020211609746950465,0.39397406578063965,43.48832458258193,3.287407249212265,worst_uncertainty_stratified_mhz
5732,200.0,6,26.40562307037927,-26.40562307037927,26.40562307037927,0.005109907612587439,0.0031457762373266083,0.008255683849914047,20.58668537586903,16.56135734380099,0.0,0.023724402269493794,0.49361491203308105,40.632307035165994,2.7104231119155884,worst_uncertainty_stratified_mhz
5575,200.0,6,24.79464519757371,-24.79464519757371,24.79464519757371,0.007340137002476793,0.007358366963110263,0.014698503965587056,19.735635913104506,14.35504993436381,0.0,0.09184094102298612,1.0130879878997803,38.27450195626326,3.779974490404129,worst_uncertainty_stratified_mhz
5939,200.0,6,20.89771600350918,-20.89771600350918,20.89771600350918,0.002646732395095349,0.006073932373151475,0.008720664768246823,16.420875025489178,12.730311870595292,0.0,0.024306713276857295,0.4775540828704834,32.31558254155416,3.115341067314148,worst_uncertainty_stratified_mhz
5990,200.0,6,20.23488075070404,-20.23488075070404,20.23488075070404,0.009457281686193995,0.00746950815434007,0.016926789840534064,16.005149444668973,12.007455208914948,0.0,0.019960483639920312,0.47037792205810547,31.5,3.4644163846969604,worst_uncertainty_stratified_mhz
6243,200.0,6,20.013906265481936,-20.013906265481936,20.013906265481936,0.0007287906944893036,0.001514853360130266,0.0022436440546195697,15.478762593000408,12.913058656264981,0.0,0.015025506366625585,0.4277303218841553,30.499743851383407,2.2990094125270844,worst_uncertainty_stratified_mhz
6312,230.0,6,28.571834539804485,-28.571834539804485,28.571834539804485,0.008957093723987114,0.0053383007997883265,0.014295394523775441,22.560451687763543,17.089924191339225,0.0,0.0560604235556319,0.8131945133209229,44.1955880150949,3.7910043597221375,worst_uncertainty_stratified_mhz
6321,230.0,6,27.910557301790202,-27.910557301790202,27.910557301790202,0.0181873175679917,0.008856678847528655,0.027043996415520355,21.658045312803363,17.746207275455063,0.0,0.026307146150713834,0.4712822437286377,42.79219408957666,2.8364763259887695,worst_uncertainty_stratified_mhz
5217,230.0,6,27.615492550070947,-27.615492550070947,27.615492550070947,0.010900337352665755,0.026911790697041138,0.03781212804970689,21.746491043416764,16.574496166423902,0.0,0.20296890278762802,1.6986401081085205,41.38840417314975,3.739913046360016,worst_uncertainty_stratified_mhz
6228,230.0,6,27.57070581590208,-27.57070581590208,27.57070581590208,0.0040641462741273756,0.007735591105891566,0.011799737380018941,21.814867650505033,16.371025397814126,0.0,0.048911625537868986,0.739717960357666,42.79219408957666,3.899275779724121,worst_uncertainty_stratified_mhz
5140,230.0,6,27.410461412529163,-27.410461412529163,27.410461412529163,0.03288777522860918,0.007159849868875621,0.0400476250974848,20.81274652411596,18.695711318496535,0.0,0.008429809733820681,0.3147174119949341,41.293916016769344,1.6200599819421768,worst_uncertainty_stratified_mhz
5510,230.0,6,27.135462791491445,-27.135462791491445,27.135462791491445,0.01322799710719246,0.01815655773153269,0.03138455483872515,20.88766347796234,17.67272565183264,0.0,0.0909837515017804,0.961052417755127,40.632307035165994,2.4356227815151215,worst_uncertainty_stratified_mhz
5565,230.0,6,27.104765455057443,-27.104765455057443,27.104765455057443,0.0019101401559704484,0.003939581745154976,0.005849721901125425,21.69804830282126,15.403851990779893,0.0,0.02967747911752383,0.5445475578308105,42.79219408957666,4.5243014097213745,worst_uncertainty_stratified_mhz
5346,230.0,6,26.55836944196864,-26.55836944196864,26.55836944196864,0.008687749701944813,0.010017678257497543,0.018705427959442356,20.545456165876097,17.091379578582597,0.0,0.01662826894434488,0.42534875869750977,40.632307035165994,2.637028455734253,worst_uncertainty_stratified_mhz
5866,250.0,6,30.57556316434914,-30.57556316434914,30.57556316434914,0.009051646506990236,0.06125150854007008,0.07030315504706032,24.350271075958663,17.42270667337556,0.0,1.195356349612232,3.467458486557007,42.84237096613585,4.791781693696976,worst_uncertainty_stratified_mhz
5247,250.0,6,28.81886088242907,-28.81886088242907,28.81886088242907,0.021268927521018777,0.004345230447822599,0.025614157968841374,22.346577966848074,18.385156395249066,0.0,0.01986719504128498,0.45783352851867676,44.1955880150949,2.970136731863022,worst_uncertainty_stratified_mhz
5587,250.0,6,28.813525344145397,-28.813525344145397,28.813525344145397,0.003993059347504892,0.019497984732588364,0.023491044080093258,22.77623988984635,17.12182782520513,0.0,0.12343067596192636,1.1100304126739502,44.1955880150949,4.1518846452236176,worst_uncertainty_stratified_mhz
6002,250.0,6,28.71857021037097,-28.71857021037097,28.71857021037097,0.013749904789809515,0.024056708418138468,0.03780661320794798,22.42448227789099,17.775188816110845,0.0,0.23820300024590946,1.580364465713501,42.79219408957666,3.4896123707294464,worst_uncertainty_stratified_mhz
5799,250.0,6,28.334805857241886,-28.334805857241886,28.334805857241886,0.010361079964366334,0.02141820466622302,0.031779284630589356,21.732032739480893,18.71754279253952,0.0,0.034536344526241436,0.6027987003326416,42.79219408957666,2.3400941491127014,worst_uncertainty_stratified_mhz
4858,250.0,6,27.998667833913647,-27.998667833913647,27.998667833913647,0.023748696191863747,0.013595065567545389,0.037343761759409136,21.890033914397197,17.293099994756275,0.0,0.0695570440168245,0.848759651184082,42.79219408957666,3.5249190628528595,worst_uncertainty_stratified_mhz
5104,250.0,6,27.802688039340584,-27.802688039340584,27.802688039340584,0.04972374173371963,0.011561560923133325,0.061285302656852954,21.52842634851883,17.73192023165428,0.0,0.006556589115631617,0.25154542922973633,42.79219408957666,2.975055605173111,worst_uncertainty_stratified_mhz
5195,250.0,6,26.47270231252646,-26.47270231252646,26.47270231252646,0.007997572704340247,0.014242904575695483,0.022240477280035732,20.87709260324976,15.88945133231248,0.0,0.03710502708024421,0.6479754447937012,41.03199970754533,3.992670774459839,worst_uncertainty_stratified_mhz
4807,250.0,6,26.325413166997926,-26.325413166997926,26.325413166997926,0.022360073893761517,0.010523822875143809,0.032883896768905324,20.58057880217695,16.284867501896112,0.0,0.029379732340230724,0.4700911045074463,40.632307035165994,3.4989666044712067,worst_uncertainty_stratified_mhz
5481,250.0,6,26.292167287360243,-26.292167287360243,26.292167287360243,0.013815345233779858,0.013250003250243314,0.02706534848402317,20.85641175642718,15.433170709543878,0.0,0.015130685145777534,0.38864612579345703,41.293916016769344,4.343195915222168,worst_uncertainty_stratified_mhz
5537,250.0,6,24.750069044376595,-24.750069044376595,24.750069044376595,0.003093779911216923,0.007450289393708443,0.010544069304925366,19.39916405676519,15.22841062794642,0.0,0.022358911839737594,0.4791083335876465,38.27450195626326,3.588511973619461,worst_uncertainty_stratified_mhz
5307,250.0,6,24.663787718458014,-24.663787718458014,24.663787718458014,0.004375784633109503,0.00369605399665022,0.008071838629759723,19.43352300438374,14.888774046375897,0.0,0.030112849425634636,0.5323183536529541,38.27450195626326,3.900628924369812,worst_uncertainty_stratified_mhz
6296,265.0,6,29.796468506128587,-29.796468506128587,29.796468506128587,0.06954842159328008,0.19177002039767893,0.261318441990959,26.957262087873644,7.2712765452883295,0.0,2.813739275556088,5.723306655883789,42.56373896875132,12.730419397354126,worst_uncertainty_stratified_mhz
4991,265.0,6,29.784621796597577,-29.784621796597577,29.784621796597577,0.06901145436344419,0.4184823053211015,0.48749375968454567,26.778941685440465,7.093374102504772,0.0,3.3316431673997045,6.262290000915527,40.632307035165994,12.852116346359253,worst_uncertainty_stratified_mhz
5084,265.0,6,28.715207150719714,-28.715207150719714,28.715207150719714,0.23360563036830165,0.22995246570844263,0.46355809607674425,25.98719541357991,6.390983210450203,0.0,2.116251336819005,3.809589385986328,43.932298767535485,13.172397136688232,worst_uncertainty_stratified_mhz
5802,265.0,6,28.009232420134534,-28.009232420134534,28.009232420134534,0.4423213923625878,0.42765057089547803,0.8699719632580658,25.33293240533354,5.093978336588664,0.0,1.7201225732223975,4.501212120056152,42.724407544166134,13.990814685821533,worst_uncertainty_stratified_mhz
4867,265.0,6,26.553972287313893,-26.553972287313893,26.553972287313893,0.099289740362625,0.11605087751520363,0.21534061787782863,23.633510146269526,7.673731047993765,0.0,0.8285099795329529,2.8178062438964844,42.79219408957666,11.780925512313843,worst_uncertainty_stratified_mhz
5734,265.0,6,25.97129541328954,-25.97129541328954,25.97129541328954,0.12341999392330816,0.1713717238844106,0.29479171780771873,23.597814046064478,5.887150682253668,0.0,0.9065678602272413,2.716822624206543,42.66566974746793,13.088239550590515,worst_uncertainty_stratified_mhz
5691,265.0,6,25.590973242580077,-25.590973242580077,25.590973242580077,0.07017005290150113,0.051644527519603446,0.12181458042110457,22.349399023899803,8.885662347034534,0.0,0.1686621437538065,1.569279670715332,42.79219408957666,10.500426054000854,worst_uncertainty_stratified_mhz
6010,265.0,6,25.07839169835658,-25.07839169835658,25.07839169835658,0.11803932355457457,0.22055335675988255,0.3385926803144571,22.68452852509999,5.8074556924394045,0.0,1.3859601984881351,4.322634696960449,38.27450195626326,12.987821340560913,worst_uncertainty_stratified_mhz
5805,265.0,6,25.04701227467458,-25.04701227467458,25.04701227467458,0.08423257004069107,0.10503387091456737,0.18926644095525844,23.039975165872843,5.156415008052287,0.0,0.4955522009795317,2.296651840209961,42.79219408957666,13.511175751686096,worst_uncertainty_stratified_mhz
5720,265.0,6,25.03969914464218,-25.03969914464218,25.03969914464218,0.39867304307845003,0.20027936025035933,0.5989524033288094,22.385068499211425,5.812027256806846,0.0,1.2418255853498152,4.011983871459961,38.27450195626326,12.976707577705383,worst_uncertainty_stratified_mhz
4824,265.0,6,24.138456109756454,-24.138456109756454,24.138456109756454,0.06088267039319508,0.0427717125347182,0.10365438292791328,21.57011660965252,7.003847233467671,0.0,0.3934111065449173,2.0638341903686523,40.28957681584655,11.755836606025696,worst_uncertainty_stratified_mhz
5223,270.0,6,29.914847055220363,-29.914847055220363,29.914847055220363,0.04486977298474304,0.019858185053106825,0.06472795803784986,23.058367269869336,19.29520460994323,0.0,0.20396346484416483,1.5132195949554443,44.1955880150949,2.93794322013855,worst_uncertainty_stratified_mhz
4988,270.0,6,29.727009603481896,-29.727009603481896,29.727009603481896,0.028238196270441395,0.031855736455490495,0.06009393272593189,23.119388667390023,18.608944302540355,0.0,0.23074127868565242,1.5817067623138428,44.1955880150949,3.491310179233551,worst_uncertainty_stratified_mhz
5166,270.0,6,29.62738522055536,-29.62738522055536,29.62738522055536,0.006219297080374488,0.0280603486096618,0.03427964569003629,22.724582532862307,19.500550832553788,0.0,0.19508970957252458,1.1288208961486816,43.93016475043088,2.548390567302704,worst_uncertainty_stratified_mhz
5534,270.0,6,29.271866235500543,-29.271866235500543,29.271866235500543,0.023657645547575355,0.034221509946343154,0.057879155493918505,22.66850962639874,18.58158472022204,0.0,0.294532699751584,1.9557597637176514,42.79219408957666,3.2363573610782623,worst_uncertainty_stratified_mhz
5366,270.0,6,29.216195953796266,-29.216195953796266,29.216195953796266,0.007507101516622296,0.010738526013184044,0.018245627529806338,22.31221173638159,19.57030348231933,0.0,0.10113511055719737,1.0005284547805786,43.42162479686821,2.200363963842392,worst_uncertainty_stratified_mhz
6332,270.0,6,27.63825804552362,-27.63825804552362,27.63825804552362,0.009655914837839804,0.011244176490399802,0.020900091328239605,21.74723692022432,16.742612642754413,0.0,0.027604737695281045,0.5078146457672119,42.93144971929087,4.069587051868439,worst_uncertainty_stratified_mhz
6383,270.0,6,27.53236679883791,-27.53236679883791,27.53236679883791,0.008553232354821918,0.016459822746801606,0.02501305510162352,21.723045698058268,16.487288843160087,0.0,0.05510188202970312,0.5436935424804688,42.79219408957666,4.26580548286438,worst_uncertainty_stratified_mhz
5457,280.0,6,29.471573670557976,-29.471573670557976,29.471573670557976,0.040138125487243215,0.02178250230931463,0.061920627796557846,22.81348249369675,18.698436642042303,0.0,0.46963945559958287,1.9632785320281982,42.724407544166134,3.3127059638500214,worst_uncertainty_stratified_mhz
5151,280.0,6,27.99426323456097,-27.99426323456097,27.99426323456097,0.0038001783830572794,0.0021582474833543182,0.005958425866411598,21.528930568153335,18.432414471391514,0.0,0.006936950298292999,0.25179314613342285,42.79219408957666,2.5933035016059875,worst_uncertainty_stratified_mhz
6358,280.0,6,27.54793853825073,-27.54793853825073,27.54793853825073,0.005152305143209209,0.005092944183464716,0.010245249326673925,21.635235187628833,16.840856078194175,0.0,0.01697160460197633,0.4443330764770508,42.79219408957666,3.99201837182045,worst_uncertainty_stratified_mhz
6034,280.0,6,27.402515316356727,-27.402515316356727,27.402515316356727,0.004163174416198759,0.004357820500919225,0.008520994917117983,20.93580477390537,18.39603449193253,0.0,0.029681716921455603,0.5183300971984863,41.293916016769344,2.2000260949134827,worst_uncertainty_stratified_mhz
4911,280.0,6,27.34260401783248,-27.34260401783248,27.34260401783248,0.0029285817247345926,0.003965273562970194,0.006893855287704786,20.98285226001806,18.10957608978675,0.0,0.020628679463015054,0.4312248229980469,41.49322233811204,2.47525492310524,worst_uncertainty_stratified_mhz
4895,280.0,6,25.774650463313286,-25.774650463313286,25.774650463313286,0.002898336891954218,0.003974277286283627,0.0068726141782378455,19.816986706025723,16.960846632959104,0.0,0.022815064252148964,0.5396957397460938,39.04864754380105,2.605181485414505,worst_uncertainty_stratified_mhz
6132,300.0,6,29.56714851675246,-29.56714851675246,29.56714851675246,0.006842501301801244,0.010938577451427182,0.017781078753228426,22.90888844085067,18.8821083762749,0.0,0.17666795873199348,1.268852949142456,44.1955880150949,3.310529053211212,worst_uncertainty_stratified_mhz
6234,300.0,6,28.19588774050301,-28.19588774050301,28.19588774050301,0.0021920493576964577,0.007732947098589299,0.009924996456285756,21.70878413406069,18.42162322210062,0.0,0.11411206380487382,1.2556166648864746,41.933727475625155,2.852070838212967,worst_uncertainty_stratified_mhz
5789,300.0,6,27.89387737172592,-27.89387737172592,27.89387737172592,0.004577168146615364,0.002837634006199945,0.007414802152815309,21.572641112559044,18.011252303295585,0.0,0.014927980810873542,0.32323217391967773,42.79219408957666,3.0906164944171906,worst_uncertainty_stratified_mhz
5903,300.0,6,27.67530803811596,-27.67530803811596,27.67530803811596,0.013105297417367044,0.013391719740395162,0.026497017157762204,21.432807505244032,17.688572114634827,0.0,0.10854471627681672,1.1553032398223877,41.49322233811204,3.2941808998584747,worst_uncertainty_stratified_mhz
5154,300.0,6,27.353555944343093,-27.353555944343093,27.353555944343093,0.012424541624131688,0.0033231548076392402,0.01574769643177093,21.077313030618356,17.870312541284928,0.0,0.004512288716423285,0.21187400817871094,41.933727475625155,2.853191316127777,worst_uncertainty_stratified_mhz
5974,300.0,6,27.16550215011936,-27.16550215011936,27.16550215011936,0.0028238151926971242,0.002519883504219483,0.005343698696916607,20.844047820144876,18.02903862812712,0.0,0.0036130989572020766,0.18764710426330566,41.49322233811204,2.526817411184311,worst_uncertainty_stratified_mhz
7924,120.0,7,22.220290247678502,-22.220290247678502,22.220290247678502,0.010132362384667188,0.010753504423185418,0.020885866807852607,19.418878424521104,7.921716550409934,0.0,0.02586415407685294,0.5115265846252441,38.27450195626326,5.073187410831451,worst_uncertainty_stratified_mhz
6693,120.0,7,22.006235309637525,-22.006235309637525,22.006235309637525,0.02002455009980766,0.018452118920089456,0.03847666901989712,19.510918330093798,6.992906300338275,0.0,0.042061440707286124,0.6632118225097656,38.27450195626326,5.499478220939636,worst_uncertainty_stratified_mhz
6701,120.0,7,17.61200426498649,-17.61200426498649,17.61200426498649,0.029784842634560712,0.042584419760200165,0.07236926239476088,16.43404735104881,3.0762469858119665,0.0,0.6487832644241962,2.3378944396972656,29.23263373355196,6.967449903488159,worst_uncertainty_stratified_mhz
6672,150.0,7,31.635842101374134,-31.635842101374134,31.635842101374134,0.1511136649491658,0.22186560457680707,0.3729792695259729,26.268274927647457,14.060375556856133,0.0,2.1606125306665183,4.704550266265869,43.51077452769601,5.002630919218063,worst_uncertainty_stratified_mhz
6832,150.0,7,31.140236552009704,-31.140236552009704,31.140236552009704,0.07464011286911008,0.23078893445158397,0.30542904732069404,26.399458409471652,12.472714972099185,0.0,2.4878556191009267,5.098798036575317,42.724407544166134,5.641343355178833,worst_uncertainty_stratified_mhz
6932,150.0,7,29.746875831570883,-29.746875831570883,29.746875831570883,0.2366208253145203,0.06628165756190706,0.30290248287642735,23.573958021139372,16.623677449296718,0.0,0.44503071948639317,2.0622665882110596,44.1955880150949,3.2240923047065735,worst_uncertainty_stratified_mhz
6872,150.0,7,28.337890822430474,-28.337890822430474,28.337890822430474,0.22485631070427445,0.1483305892677815,0.37318689997205595,25.053475677947695,8.190050374053689,0.0,1.6421382023274553,4.030480861663818,42.79219408957666,7.165297567844391,worst_uncertainty_stratified_mhz
6546,155.0,7,30.615647829573888,-30.615647829573888,30.615647829573888,0.1734786717638018,0.30204604254999845,0.4755247143138003,26.435668812010846,10.425519635581557,0.0,2.217159901585589,4.241429805755615,44.1955880150949,6.704556345939636,worst_uncertainty_stratified_mhz
6883,155.0,7,28.86932819261371,-28.86932819261371,28.86932819261371,0.2390458657297566,0.14850351083136046,0.3875493765611171,25.509488854951602,8.362596779880473,0.0,1.8077575998912003,4.723329544067383,42.68013296605342,7.406878173351288,worst_uncertainty_stratified_mhz
7285,155.0,7,28.77649400588778,-28.77649400588778,28.77649400588778,0.21525827380848672,0.19026064103220647,0.4055189148406932,25.285691561504134,8.67725586810864,0.0,1.9549688911054517,3.869251251220703,42.79219408957666,7.245474696159363,worst_uncertainty_stratified_mhz
7853,155.0,7,27.601633768213294,-27.601633768213294,27.601633768213294,0.1448073163218529,0.1279485101992456,0.27275582652109853,24.676026934431416,7.488687590669931,0.0,0.9483923144724677,3.259681224822998,44.1955880150949,7.653596580028534,worst_uncertainty_stratified_mhz
6657,155.0,7,27.206461389101833,-27.206461389101833,27.206461389101833,0.109441236476434,0.12024107720340126,0.22968231367983527,24.422653825919337,7.213519234884864,0.0,0.8272392357913212,2.995241165161133,44.1955880150949,7.735778272151947,worst_uncertainty_stratified_mhz
7993,155.0,7,26.793023092308523,-26.793023092308523,26.793023092308523,0.20238925004244449,0.10467419392620299,0.3070634439686475,23.16734764928271,9.398941838162134,0.0,0.5782304991324416,2.386040210723877,42.79219408957666,6.559289872646332,worst_uncertainty_stratified_mhz
6659,155.0,7,26.785467237312005,-26.785467237312005,26.785467237312005,0.05952078232576976,0.054958213844154405,0.11447899616992416,22.945976304100185,10.590076763405243,0.0,0.19126639346130503,1.3138318061828613,44.1955880150949,5.914775252342224,worst_uncertainty_stratified_mhz
6455,155.0,7,26.59399081616811,-26.59399081616811,26.59399081616811,0.026359004242798675,0.08616315161744786,0.11252215586024654,24.107699468290303,6.681558786063973,0.0,1.2449943760166207,2.933216094970703,42.79219408957666,7.91935396194458,worst_uncertainty_stratified_mhz
6723,170.0,7,27.098339758706143,-27.098339758706143,27.098339758706143,0.1470018285443884,0.2936250066519852,0.4406268351963736,21.839503092830462,13.435438626271912,0.0,4.921733359537042,7.211126327514648,26.624413139072193,4.7892424166202545,worst_uncertainty_stratified_mhz
7964,170.0,7,26.45701859482639,-26.45701859482639,26.45701859482639,0.3513101773112326,0.2905168048529474,0.64182698216418,20.42578413963775,15.039069587165102,0.0,3.0562012008140726,5.737549543380737,29.00161633426661,3.4760122299194336,worst_uncertainty_stratified_mhz
7453,170.0,7,25.383558825003135,-25.383558825003135,25.383558825003135,0.16114081260840937,0.277212700675958,0.43835351328436734,19.895064914809044,14.105494955643357,0.0,2.8264636168011052,5.135586261749268,29.00161633426661,3.7123545110225677,worst_uncertainty_stratified_mhz
6818,180.0,7,26.836696094158825,-26.836696094158825,26.836696094158825,0.009314974813612459,0.004428513097583654,0.013743487911196114,20.88294889389503,16.9119181229795,0.0,0.04051395101103594,0.6528701782226562,41.03199970754533,2.4154810905456543,worst_uncertainty_stratified_mhz
7376,180.0,7,23.93098271789423,-23.93098271789423,23.93098271789423,0.004939145577814323,0.0044118103785212425,0.009350955956335566,18.76000517272692,14.693775543792018,0.0,0.042753705326425084,0.6830148696899414,36.75148806511105,2.7488441169261932,worst_uncertainty_stratified_mhz
7035,180.0,7,22.60566169016633,-22.60566169016633,22.60566169016633,0.02450219893685804,0.006646790705026307,0.031148989641884346,17.46699762100834,14.522625046177067,0.0,0.04514646486853713,0.7170997858047485,34.126602526474855,2.1596425026655197,worst_uncertainty_stratified_mhz
6606,180.0,7,22.3061991476595,-22.3061991476595,22.3061991476595,0.011498789799141674,0.0023910270526318563,0.01388981685177353,17.360314777492754,14.041421659327733,0.0,0.028921120380203114,0.5361847877502441,34.126602526474855,2.4298790395259857,worst_uncertainty_stratified_mhz
7446,200.0,7,28.428325045576344,-28.428325045576344,28.428325045576344,0.002952029760901568,0.008793951827086678,0.011745981587988246,22.414581579099256,17.11214507314304,0.0,0.027900905253892994,0.5777733325958252,44.1955880150949,3.276054173707962,worst_uncertainty_stratified_mhz
7403,200.0,7,28.236762053388016,-28.236762053388016,28.236762053388016,0.0020936708316142347,0.004994570615505126,0.007088241447119361,22.120839009043724,17.37080453087912,0.0,0.12001147738558071,1.209460973739624,42.79219408957666,2.980967015028,worst_uncertainty_stratified_mhz
7422,200.0,7,26.819833790758068,-26.819833790758068,26.819833790758068,0.0014851768408393551,0.003652185606528246,0.005137362447367601,20.994916417696558,16.58466555291395,0.0,0.03107281252884775,0.539283037185669,41.38840417314975,2.9093886613845825,worst_uncertainty_stratified_mhz
7105,200.0,7,24.81076658338654,-24.81076658338654,24.81076658338654,0.0013561877440029255,0.003514042170413965,0.0048702299144168905,19.31356689857598,15.658358315906735,0.0,0.015580790134293032,0.3214702606201172,38.27450195626326,2.621441751718521,worst_uncertainty_stratified_mhz
7832,200.0,7,24.736890031758204,-24.736890031758204,24.736890031758204,0.006450060242554255,0.0045557392065418935,0.01100579944909615,19.5982984582758,14.60100551418431,0.0,0.0593361354252373,0.8034226894378662,38.27450195626326,3.5336007475852966,worst_uncertainty_stratified_mhz
6408,200.0,7,24.648795009641503,-24.648795009641503,24.648795009641503,0.0011733673943426814,0.004306566727730141,0.005479934122072823,19.259643975944805,15.363520779489802,0.0,0.005194888186405677,0.23439621925354004,38.27450195626326,2.798474609851837,worst_uncertainty_stratified_mhz
7027,200.0,7,24.648701788420702,-24.648701788420702,24.648701788420702,0.0021002314900680757,0.002036391641032356,0.004136623131100432,19.250317452254983,15.394391291429134,0.0,0.004735985918397745,0.2166609764099121,38.27450195626326,2.770131528377533,worst_uncertainty_stratified_mhz
7319,200.0,7,24.510530617335263,-24.510530617335263,24.510530617335263,0.0028000174364801555,0.002632496912606848,0.0054325143490870035,19.01855130534255,15.636487120543796,0.0,0.01845843880267406,0.41445040702819824,37.585735326051555,2.4654984176158905,worst_uncertainty_stratified_mhz
7921,230.0,7,28.48299179541664,-28.48299179541664,28.48299179541664,0.007060529263985974,0.006099376549672274,0.013159905813658248,22.161051139056777,17.964450712033653,0.0,0.0634818349942341,0.6843640804290771,43.51077452769601,2.967959314584732,worst_uncertainty_stratified_mhz
6861,230.0,7,28.419038184562755,-28.419038184562755,28.419038184562755,0.004880110110048286,0.013978570973999785,0.01885868108404807,21.955251067042663,18.33285410979179,0.0,0.08720289520202495,0.9439022541046143,42.79219408957666,2.5967866480350494,worst_uncertainty_stratified_mhz
7372,230.0,7,28.028586395694212,-28.028586395694212,28.028586395694212,0.004520939963092813,0.0035031368787426364,0.00802407684183545,21.551485419307266,18.454691373927226,0.0,0.007983226966444157,0.29481029510498047,42.79219408957666,2.2483552396297455,worst_uncertainty_stratified_mhz
6922,230.0,7,27.78951932706833,-27.78951932706833,27.78951932706833,0.007672573368196899,0.007882218769302781,0.01555479213749968,21.8492473054494,16.884409718441617,0.0,0.046552884791316806,0.813194751739502,42.79219408957666,3.5548243820667267,worst_uncertainty_stratified_mhz
6789,230.0,7,27.6630344149636,-27.6630344149636,27.6630344149636,0.004081739659028767,0.013360860614009346,0.017442600273038112,21.993010131154,16.09870457827781,0.0,0.09141658444306344,1.0109930038452148,42.79219408957666,4.191161572933197,worst_uncertainty_stratified_mhz
7397,230.0,7,27.632314284206167,-27.632314284206167,27.632314284206167,0.012749982910903854,0.012818763491674642,0.025568746402578495,21.773882508458197,16.623513846972365,0.0,0.047023434975713485,0.6615240573883057,42.79219408957666,3.7047455310821533,worst_uncertainty_stratified_mhz
7471,230.0,7,26.609045655698452,-26.609045655698452,26.609045655698452,0.012271202146132457,0.007142904380885681,0.019414106527018138,21.09858225824247,15.674876860651024,0.0,0.006050113943380175,0.25133681297302246,41.933727475625155,4.015707284212112,worst_uncertainty_stratified_mhz
7936,230.0,7,25.593399848657373,-25.593399848657373,25.593399848657373,0.03200111308830381,0.017690033202517424,0.049691146290821234,20.270024994136286,14.976905879502649,0.0,0.2729730812130917,1.7196018695831299,38.27450195626326,4.111766993999481,worst_uncertainty_stratified_mhz
7425,250.0,7,29.455220520055672,-29.455220520055672,29.455220520055672,0.023237650330612234,0.021975623459513448,0.045213273790125685,22.900272421997457,18.515087707183934,0.0,0.14457522002251721,1.3158063888549805,44.1955880150949,3.2273107767105103,worst_uncertainty_stratified_mhz
7932,250.0,7,29.283610985588787,-29.283610985588787,29.283610985588787,0.00319489208941552,0.004743425133511575,0.007938317222927095,22.494947671554087,19.312323517029892,0.0,0.04123024977628997,0.7118468284606934,44.1955880150949,2.3708032071590424,worst_uncertainty_stratified_mhz
7043,250.0,7,28.901169314725493,-28.901169314725493,28.901169314725493,0.006420780003021605,0.013036276744163395,0.019457056747185,22.449318959811507,18.330802056561435,0.0,0.041667583794818164,0.6197147369384766,44.1955880150949,3.071864992380142,worst_uncertainty_stratified_mhz
6442,250.0,7,28.358591061940796,-28.358591061940796,28.358591061940796,0.012039103684733045,0.025412517153397627,0.037451620838130674,22.295043127503302,17.134316857695122,0.0,0.20443896067517553,1.3890142440795898,42.79219408957666,3.886391967535019,worst_uncertainty_stratified_mhz
6529,250.0,7,28.160200407447203,-28.160200407447203,28.160200407447203,0.0040148163367357825,0.006358887038389091,0.010373703375124874,21.882585089173727,17.84022157441089,0.0,0.08207649004884754,0.8088231086730957,42.79219408957666,3.091965526342392,worst_uncertainty_stratified_mhz
7328,250.0,7,27.873803306951757,-27.873803306951757,27.873803306951757,0.03943687936960103,0.051755514280051526,0.09119239364965256,21.985093669278967,16.42953147087953,0.0,0.6521187100779997,2.395768642425537,40.2701812759764,4.278919219970703,worst_uncertainty_stratified_mhz
7758,250.0,7,27.84851980204707,-27.84851980204707,27.84851980204707,0.00425972837380004,0.009082908817481632,0.013342637191281672,21.622194589581074,17.66629973742781,0.0,0.1336062700500511,1.0434491634368896,41.933727475625155,3.0687588155269623,worst_uncertainty_stratified_mhz
6642,250.0,7,27.69719916486453,-27.69719916486453,27.69719916486453,0.019269894608549682,0.006161672377356133,0.025431566985905815,21.701608981982098,17.02200343215922,0.0,0.03231833940018802,0.5463871955871582,42.79219408957666,3.607751429080963,worst_uncertainty_stratified_mhz
7700,250.0,7,27.078194991834565,-27.078194991834565,27.078194991834565,0.025947712731533734,0.05088573708046287,0.07683344981199661,21.556803393766078,15.465430141633497,0.0,0.36296146828513187,1.7553768157958984,40.632307035165994,4.757647931575775,worst_uncertainty_stratified_mhz
7790,250.0,7,26.994176049143217,-26.994176049143217,26.994176049143217,0.036859929583296376,0.04891996101588539,0.08577989059918176,21.1065038968466,16.500648574754912,0.0,0.1554835755737649,1.341900110244751,40.56014053230092,3.6968892216682434,worst_uncertainty_stratified_mhz
6970,250.0,7,26.877303783356346,-26.877303783356346,26.877303783356346,0.017233239181329386,0.008333947533875508,0.025567186715204894,20.852766541745943,17.071379889954805,0.0,0.08547646510964224,0.9744396209716797,40.56014053230092,3.0470926463603973,worst_uncertainty_stratified_mhz
7008,250.0,7,26.809325435976106,-26.809325435976106,26.809325435976106,0.018657359776961698,0.0033287357803180252,0.021986095557279723,20.49399249999549,17.940835684033257,0.0,0.013894470001491577,0.40005552768707275,40.56014053230092,2.096767157316208,worst_uncertainty_stratified_mhz
7520,265.0,7,27.33658658710336,-27.33658658710336,27.33658658710336,0.06946516273185674,0.14640698515773487,0.2158721478895916,24.676886608384898,6.912020425601464,0.0,1.5268075130539813,4.074018478393555,42.22613971226828,12.54677402973175,worst_uncertainty_stratified_mhz
7610,265.0,7,27.26476947104491,-27.26476947104491,27.26476947104491,0.4765188196922114,0.2383317916007955,0.7148506112930069,23.4494951881497,8.8113095222333,0.0,0.5283290363851023,2.3540077209472656,43.48832458258193,11.036251187324524,worst_uncertainty_stratified_mhz
7968,265.0,7,25.822985155279184,-25.822985155279184,25.822985155279184,0.019701162360527505,0.03240334302387602,0.052104505384403525,22.996411543911535,7.899848475322741,0.0,0.18901851826716154,1.4191980361938477,44.1955880150949,11.414519667625427,worst_uncertainty_stratified_mhz
7988,265.0,7,25.370945012003745,-25.370945012003745,25.370945012003745,0.1460775913391744,0.07301738639215653,0.2190949777313309,22.84514413733549,6.5551693674781095,0.0,0.3799653092524835,2.1381635665893555,42.79219408957666,12.431076884269714,worst_uncertainty_stratified_mhz
6708,265.0,7,24.84040565713463,-24.84040565713463,24.84040565713463,0.015566680114495518,0.08243191113248136,0.09799859124697688,21.974382418553187,7.887813153833709,0.0,0.1059104576881964,0.9447498321533203,42.79219408957666,11.160388469696045,worst_uncertainty_stratified_mhz
7108,265.0,7,24.719228712083368,-24.719228712083368,24.719228712083368,0.04784203735612458,0.11888798011000866,0.16673001746613325,22.766226797680748,5.072532932110496,0.0,0.34677852051071056,2.113391876220703,42.72550467811937,13.524551749229431,worst_uncertainty_stratified_mhz
7647,265.0,7,24.713358588324425,-24.713358588324425,24.713358588324425,0.038813972005520565,0.09509036846459007,0.13390434047011063,22.971342127749974,4.555766268088874,0.0,0.5747021484292958,2.1356678009033203,42.657612157738036,13.94172489643097,worst_uncertainty_stratified_mhz
6753,265.0,7,24.020129620950172,-24.020129620950172,24.020129620950172,0.2575629656918509,0.11634855781560118,0.37391152350745205,21.01491270386587,7.467749863583443,0.0,0.6330189912066544,2.489285469055176,38.27450195626326,11.306024551391602,worst_uncertainty_stratified_mhz
7906,265.0,7,23.944373678660344,-23.944373678660344,23.944373678660344,0.10629174489091797,0.12017509657011875,0.22646684146103674,21.93987872772097,5.054207066518111,0.0,0.23580247606081173,1.6506681442260742,41.75748435909424,13.405876755714417,worst_uncertainty_stratified_mhz
7848,265.0,7,23.63495234816421,-23.63495234816421,23.63495234816421,0.07835333657196804,0.09954836441287007,0.1779017009848381,20.194949263503563,9.273307857566726,0.0,0.38767921095141844,2.0288047790527344,37.585735326051555,9.46626102924347,worst_uncertainty_stratified_mhz
6552,265.0,7,23.501241831159273,-23.501241831159273,23.501241831159273,0.3449686666527187,0.1369042173691496,0.4818728840218683,20.140487309510984,8.190356871767323,0.0,0.26356033269161117,1.4793519973754883,38.27450195626326,10.471413850784302,worst_uncertainty_stratified_mhz
6617,270.0,7,29.26426041452356,-29.26426041452356,29.26426041452356,0.017414294676820655,0.018678757381138746,0.0360930520579594,22.426583570037025,19.29023684102854,0.0,0.25387298516004875,1.6892741918563843,42.65614697789757,2.5192452520132065,worst_uncertainty_stratified_mhz
7418,270.0,7,28.73145427116325,-28.73145427116325,28.73145427116325,0.010808973206534844,0.003941079091084547,0.01475005229761939,21.97973141730449,19.212512507741703,0.0,0.01267464881399838,0.42333900928497314,43.51077452769601,2.2349311858415604,worst_uncertainty_stratified_mhz
6427,270.0,7,28.353699985824672,-28.353699985824672,28.353699985824672,0.011713980813384615,0.03643860652945758,0.048152587342842196,22.272882944481484,17.165774874506273,0.0,0.16173257976212252,1.4301066398620605,42.79219408957666,4.079818278551102,worst_uncertainty_stratified_mhz
6598,270.0,7,28.334756968950842,-28.334756968950842,28.334756968950842,0.018058978399266023,0.013321396514264389,0.031380374913530414,22.10826041755986,17.659523510504496,0.0,0.041612440920380855,0.6449713706970215,43.48832458258193,3.5705387890338898,worst_uncertainty_stratified_mhz
7437,270.0,7,28.039153902782317,-28.039153902782317,28.039153902782317,0.020014441432469488,0.051904035499698416,0.07191847693216791,21.64234710873501,17.9220326971879,0.0,0.4209067129992832,1.8827402591705322,40.56014053230092,3.108528733253479,worst_uncertainty_stratified_mhz
6556,270.0,7,27.852663965212237,-27.852663965212237,27.852663965212237,0.0989979577240195,0.03009339480385107,0.12909135252787057,21.57959254465041,17.45944412869894,0.0,0.21161252018643406,1.3475558757781982,41.38840417314975,3.4666076600551605,worst_uncertainty_stratified_mhz
6947,270.0,7,26.94215040661508,-26.94215040661508,26.94215040661508,0.006306842160513845,0.03481080764539492,0.04111764980590876,21.789938709100106,14.53422901319045,0.0,0.3233742501386949,2.027177333831787,40.905951584091035,5.895564496517181,worst_uncertainty_stratified_mhz
6855,280.0,7,28.627192309196186,-28.627192309196186,28.627192309196186,0.01774175806184275,0.0371126789601836,0.05485443702202635,22.65696120532027,16.806388120029155,0.0,0.3864508085330094,1.8627183437347412,42.67830244983978,4.68947046995163,worst_uncertainty_stratified_mhz
7269,280.0,7,27.854727215802807,-27.854727215802807,27.854727215802807,0.02215410374214316,0.014047253540860586,0.03620135728300375,21.725071113199906,17.369653935259677,0.0,0.04186230922578371,0.574223518371582,42.79219408957666,3.633928805589676,worst_uncertainty_stratified_mhz
6991,280.0,7,27.83106701881145,-27.83106701881145,27.83106701881145,0.02197586848359478,0.021454732756236473,0.04343060123983125,21.373693887122666,18.176107993759775,0.0,0.33226412897855084,1.8944361209869385,40.18842339530129,2.7551214694976807,worst_uncertainty_stratified_mhz
7638,280.0,7,26.97624587980048,-26.97624587980048,26.97624587980048,0.009904338947361502,0.015172741442141003,0.025077080389502505,21.24367117913798,16.235010677310726,0.0,0.18565156618723133,1.313542366027832,40.80249685987366,4.267103284597397,worst_uncertainty_stratified_mhz
6849,280.0,7,25.320192762707197,-25.320192762707197,25.320192762707197,0.021257245256186167,0.010472316031560767,0.031729561287746934,19.88960809225834,15.348790396003098,0.0,0.19675709094423155,1.2945284843444824,38.09117351828373,4.1411354541778564,worst_uncertainty_stratified_mhz
7133,280.0,7,25.19121803635977,-25.19121803635977,25.19121803635977,0.0028623318113526978,0.0020863490946535328,0.0049486809060062305,19.303517843390704,16.775005789943155,0.0,0.011843509202861924,0.30884671211242676,38.27450195626326,2.3659294843673706,worst_uncertainty_stratified_mhz
7099,300.0,7,28.317561690305297,-28.317561690305297,28.317561690305297,0.004675246108342495,0.0054301569480660755,0.010105403056408571,21.929950078933494,18.165801898585944,0.0,0.06296966469936294,0.9417667388916016,42.79219408957666,3.221188247203827,worst_uncertainty_stratified_mhz
6426,300.0,7,28.293278900828447,-28.293278900828447,28.293278900828447,0.003243775048216482,0.004360048202662851,0.007603823250879333,21.780227600094744,18.536549282747718,0.0,0.03896673313234089,0.6903276443481445,42.79219408957666,2.795204997062683,worst_uncertainty_stratified_mhz
7059,300.0,7,28.228305208728635,-28.228305208728635,28.228305208728635,0.0014628301847791445,0.004395850454028195,0.005858680638807339,21.625982409638688,18.807643180415717,0.0,0.0181807530720981,0.42340922355651855,42.79219408957666,2.4446292519569397,worst_uncertainty_stratified_mhz
6941,300.0,7,27.574390386967593,-27.574390386967593,27.574390386967593,0.008585785218272522,0.002657271754627636,0.011243056972900158,21.04652216759849,18.56939815194696,0.0,0.023630544578860935,0.47675180435180664,41.56903144168745,2.216831862926483,worst_uncertainty_stratified_mhz
6986,300.0,7,25.960802484651104,-25.960802484651104,25.960802484651104,0.0021615079808056862,0.003302476903046886,0.005463984883852573,20.000172042743603,16.99595318562564,0.0,0.00547572017829534,0.2511868476867676,39.73820579744385,2.8102644979953766,worst_uncertainty_stratified_mhz
7913,300.0,7,25.663477366100693,-25.663477366100693,25.663477366100693,0.019595250068406986,0.00533376930264765,0.024929019371054635,19.577569273110523,17.243521167794764,0.0,0.05442781112269213,0.7717809677124023,38.27450195626326,2.2653194963932037,worst_uncertainty_stratified_mhz
8704,120.0,8,25.597378371419452,-25.597378371419452,25.597378371419452,0.003133918474557049,0.004110277953846028,0.0072441964284030765,22.295392134186255,9.394202449658291,0.0,0.018014338720714562,0.35916757583618164,44.1955880150949,4.955467045307159,worst_uncertainty_stratified_mhz
9089,120.0,8,20.006836406757543,-20.006836406757543,20.006836406757543,0.004357435235193211,0.004768310192056742,0.009125745427249952,17.438675094139988,7.285439105070467,0.0,0.03319071780441618,0.6843662261962891,34.126602526474855,4.987559795379639,worst_uncertainty_stratified_mhz
8811,120.0,8,17.78725982326191,-17.78725982326191,17.78725982326191,0.0041126250610106375,0.007731288871175326,0.011843913932185963,15.75148029637904,5.74754908540473,0.0,0.07159304514107134,0.8600306510925293,30.499743851383407,5.4412946701049805,worst_uncertainty_stratified_mhz
8388,150.0,8,32.50669878110017,-32.50669878110017,32.50669878110017,0.38323740631524345,0.3224816443684996,0.705719050683743,26.946198175828215,13.60628717225307,0.0,3.97208487348459,5.435882806777954,40.512343797909296,5.381795525550842,worst_uncertainty_stratified_mhz
9077,150.0,8,28.104118600148603,-28.104118600148603,28.104118600148603,0.27247243011339767,0.34969400369718495,0.6221664338105826,22.467082828884962,13.979860521350728,0.0,4.195738091494347,6.042945623397827,30.499743851383407,4.200256496667862,worst_uncertainty_stratified_mhz
9422,150.0,8,26.56794521643687,-26.56794521643687,26.56794521643687,0.22461008577430056,0.5544875681782836,0.7790976539525841,24.41111424426331,3.741791804768996,0.0,6.0068637894593735,7.575867176055908,29.23263373355196,8.996577739715576,worst_uncertainty_stratified_mhz
8021,150.0,8,26.515015291191084,-26.515015291191084,26.515015291191084,0.056585411545667715,0.06759043286096163,0.12417584440662935,23.097427749500497,9.352680765886104,0.0,0.25424284992423907,1.4907817840576172,44.1955880150949,6.3111971616744995,worst_uncertainty_stratified_mhz
8329,155.0,8,33.073945433126575,-33.073945433126575,33.073945433126575,0.09139402456725715,1.34713975473659,1.438533779303847,31.57130764167568,0.0,0.0,24.20973446250514,14.392427444458008,0.33071891388307384,19.18888807296753,worst_uncertainty_stratified_mhz
8792,155.0,8,32.50833735696235,-32.50833735696235,32.50833735696235,1.4022250972511268,0.8001935600612508,2.2024186573123776,27.825042644722423,6.847926727650193,0.0,8.070129679160502,9.494204998016357,30.01562093310748,8.444530129432678,worst_uncertainty_stratified_mhz
8795,155.0,8,29.37487609145619,-29.37487609145619,29.37487609145619,0.465481120575008,0.20243217921559165,0.6679132997905997,26.24436620400135,6.902377973112822,0.0,2.313767368212652,5.069003582000732,42.79219408957666,8.131776690483093,worst_uncertainty_stratified_mhz
9159,155.0,8,28.284755315364507,-28.284755315364507,28.284755315364507,0.07690150580307255,0.11336458454655643,0.190266090349629,25.136061797088043,8.323331213189293,0.0,1.7680925309918365,4.077593803405762,42.65834472878665,7.344521880149841,worst_uncertainty_stratified_mhz
8367,155.0,8,27.580804936127066,-27.580804936127066,27.580804936127066,0.101577404035663,0.15223475107211057,0.25381215510777355,25.279147558346974,5.741903523922306,0.0,1.675494504266041,4.415112018585205,42.79219408957666,8.475924611091614,worst_uncertainty_stratified_mhz
8098,155.0,8,27.22577644212945,-27.22577644212945,27.22577644212945,1.1615283552860003,0.6226254451537996,1.7841538004397999,24.909526144203564,1.3072388313306251,0.0,9.614779810892681,9.76320219039917,20.826290476222596,10.396492660045624,worst_uncertainty_stratified_mhz
8000,155.0,8,27.009636042691046,-27.009636042691046,27.009636042691046,0.0327410614568393,0.22573553676832844,0.2584765982251677,23.842310547549154,8.214989953043341,0.0,0.939083118315633,3.014260768890381,42.79219408957666,7.209772408008575,worst_uncertainty_stratified_mhz
8743,155.0,8,26.423977522837077,-26.423977522837077,26.423977522837077,0.05887935256370955,0.060023648783329976,0.11890300134703952,23.350357343652817,8.386511607864103,0.0,0.2985743071747038,1.9079780578613281,44.1955880150949,7.027681589126587,worst_uncertainty_stratified_mhz
8505,170.0,8,34.0663996454691,-34.0663996454691,34.0663996454691,0.08037645109727769,0.39353160135109466,0.47390805244837236,26.93305565675724,18.612606626711006,0.0,5.075914303807993,7.27876603603363,36.43551666986486,3.8838139474391937,worst_uncertainty_stratified_mhz
8213,170.0,8,32.31033792053522,-32.31033792053522,32.31033792053522,0.3265860966495702,0.34525673170941007,0.6718428283589803,27.584355763718772,11.413383235247872,0.0,2.8876486766056915,5.882639646530151,43.51077452769601,7.145331293344498,worst_uncertainty_stratified_mhz
9497,170.0,8,30.155673969638418,-30.155673969638418,30.155673969638418,0.4035761312177522,0.16129046826682839,0.5648665994845806,23.620867760455354,16.81603308724301,0.0,1.537843416584252,3.605908155441284,40.56014053230092,3.676411509513855,worst_uncertainty_stratified_mhz
9041,180.0,8,37.92220748169059,-37.92220748169059,37.92220748169059,0.15230544521211023,0.4199242857076072,0.5722297309197174,30.24606163123736,19.920395316530236,0.0,5.614325399005557,6.69973349571228,42.56373896875132,4.495175808668137,worst_uncertainty_stratified_mhz
9383,180.0,8,32.31663310787866,-32.31663310787866,32.31663310787866,0.3033468112186544,0.24642324233208468,0.549770053550739,26.06238633018935,16.090930412543372,0.0,2.117761806229268,5.097054958343506,42.79219408957666,5.007679104804993,worst_uncertainty_stratified_mhz
8872,180.0,8,31.842489722221764,-31.842489722221764,31.842489722221764,0.3203328498033567,0.308342290790264,0.6286751405936206,27.050429579993644,11.728127944016471,0.0,2.906278735261266,5.629956960678101,42.65834472878665,7.280383914709091,worst_uncertainty_stratified_mhz
9125,180.0,8,31.63642185563079,-31.63642185563079,31.63642185563079,0.10088391297543044,0.2707840083604451,0.3716679213358755,25.702600709081388,15.683962008988543,0.0,2.158480416574246,4.296046495437622,42.79219408957666,5.047571122646332,worst_uncertainty_stratified_mhz
8936,200.0,8,28.451460374404395,-28.451460374404395,28.451460374404395,0.001149480098374397,0.0023480897962511985,0.0034975698946255957,22.2972414307049,17.54665656045548,0.0,0.01225176447367371,0.3743913173675537,44.1955880150949,2.9464615285396576,worst_uncertainty_stratified_mhz
8148,200.0,8,28.230976773323192,-28.230976773323192,28.230976773323192,0.008119220241793299,0.0015124535346397671,0.009631673776433066,22.351742588155446,16.74091948679691,0.0,0.02040125070534682,0.46709465980529785,44.1955880150949,3.473330408334732,worst_uncertainty_stratified_mhz
9329,200.0,8,26.591489053305597,-26.591489053305597,26.591489053305597,0.006329170183557949,0.005740060093841583,0.01206923027739953,20.654801692008213,16.871527700415488,0.0,0.03974259338399744,0.6699776649475098,40.56014053230092,2.5449497997760773,worst_uncertainty_stratified_mhz
8888,200.0,8,25.928511421309267,-25.928511421309267,25.928511421309267,0.004354512689622219,0.008074160769907529,0.012428673459529749,20.246927729559143,16.143250849017623,0.0,0.045822928880190794,0.5919172763824463,39.81029232497546,2.814066618680954,worst_uncertainty_stratified_mhz
9286,200.0,8,24.387488308108672,-24.387488308108672,24.387488308108672,0.0024585851662209204,0.005311015702514827,0.007769600868735748,19.01806741897854,15.272362440093278,0.0,0.03182426184831311,0.6213233470916748,37.351162967168776,2.732002168893814,worst_uncertainty_stratified_mhz
9433,200.0,8,23.72330430234517,-23.72330430234517,23.72330430234517,0.0007838346862066516,0.001458487515484453,0.0022423222016911045,18.348897710298495,15.33260371535061,0.0,0.002737225664745324,0.15402770042419434,36.538293268843304,2.273543357849121,worst_uncertainty_stratified_mhz
8629,200.0,8,22.185123701686052,-22.185123701686052,22.185123701686052,0.0032955406220438453,0.004746166642067824,0.008041707264111669,17.432535404952688,13.502993747303512,0.0,0.053536790029891534,0.7747752666473389,33.983221963198254,3.126965820789337,worst_uncertainty_stratified_mhz
9573,200.0,8,21.855468497227104,-21.855468497227104,21.855468497227104,0.00955897853568378,0.0031284132976417997,0.01268739183332558,17.225810249484002,13.161206046476842,0.0,0.019043070336961954,0.4303123950958252,33.983221963198254,3.270453065633774,worst_uncertainty_stratified_mhz
8528,230.0,8,28.878502927017593,-28.878502927017593,28.878502927017593,0.02541411777718196,0.01934153124588552,0.04475564902306748,22.701113831594395,17.43803925249914,0.0,0.18310264904518814,1.5476977825164795,43.48832458258193,3.64861199259758,worst_uncertainty_stratified_mhz
9219,230.0,8,27.66912070373018,-27.66912070373018,27.66912070373018,0.0040213666171530936,0.007706694318039482,0.011728060935192575,21.763616289011598,16.800896301053065,0.0,0.03683935072961386,0.6613597869873047,42.79219408957666,3.5642280876636505,worst_uncertainty_stratified_mhz
8209,230.0,8,27.62528901742448,-27.62528901742448,27.62528901742448,0.0026132576993105807,0.0065827140111229115,0.009195971710433492,21.844552999803778,16.443687017326788,0.0,0.06304886482837357,0.7708141803741455,42.79219408957666,3.8631025850772858,worst_uncertainty_stratified_mhz
9589,230.0,8,25.186260902533366,-25.186260902533366,25.186260902533366,0.03689028836716866,0.01594297268180492,0.05283326104897358,20.04683339328387,14.460623061906222,0.0,0.19786552481715702,1.423433780670166,38.27450195626326,4.382267534732819,worst_uncertainty_stratified_mhz
8790,230.0,8,24.624703964744242,-24.624703964744242,24.624703964744242,0.005194321004449393,0.013568885097526753,0.018763206101976147,20.04104519030646,12.985978807924795,0.0,0.1898316572431895,1.4279251098632812,38.27450195626326,5.500392198562622,worst_uncertainty_stratified_mhz
9201,230.0,8,22.2435617718206,-22.2435617718206,22.2435617718206,0.006366119134791172,0.004759351672981638,0.011125470807772809,17.33092448290698,13.970620701337374,0.0,0.020507607639522085,0.4942312240600586,34.126602526474855,3.0353955924510956,worst_uncertainty_stratified_mhz
8782,230.0,8,22.228590748104217,-22.228590748104217,22.228590748104217,0.002810698809813692,0.002933888720046103,0.005744587529859796,17.24385962932384,14.198253808069053,0.0,0.011237901952195983,0.3386409282684326,34.126602526474855,2.7613123059272766,worst_uncertainty_stratified_mhz
8642,230.0,8,22.030810564322643,-22.030810564322643,22.030810564322643,0.017072889119370282,0.011785279689401585,0.028858168808771865,17.21364078252603,13.643047584237005,0.0,0.029824781434398595,0.586165189743042,33.78146681244022,3.2597030699253082,worst_uncertainty_stratified_mhz
8791,250.0,8,29.016657733927044,-29.016657733927044,29.016657733927044,0.012702904471112301,0.010110402681702654,0.022813307152814953,22.45398299475799,18.596245231021587,0.0,0.12982650180686672,1.1599884033203125,43.48832458258193,2.8893945515155792,worst_uncertainty_stratified_mhz
8508,250.0,8,29.01317014943546,-29.01317014943546,29.01317014943546,0.003931676429046262,0.016813335159242493,0.020745011588288755,22.39619640151638,18.718915912099984,0.0,0.24432807739302742,1.511542558670044,42.79219408957666,2.7702076137065887,worst_uncertainty_stratified_mhz
8112,250.0,8,28.77300811143325,-28.77300811143325,28.77300811143325,0.016523540296297958,0.00740699611047974,0.023930536406777697,22.044941701512396,19.10417220648817,0.0,0.02519340119585589,0.5511720180511475,43.48832458258193,2.244963139295578,worst_uncertainty_stratified_mhz
9319,250.0,8,28.569579549115435,-28.569579549115435,28.569579549115435,0.011224082488241105,0.024364670947636252,0.035588753435877356,22.758462409402323,16.411331533940785,0.0,0.34790384728000845,2.0289230346679688,42.79219408957666,4.671972751617432,worst_uncertainty_stratified_mhz
9374,250.0,8,28.435179783663628,-28.435179783663628,28.435179783663628,0.014492648907938825,0.016562169333006506,0.03105481824094533,22.46598750061864,16.93331563818134,0.0,0.035739884558309676,0.6649072170257568,44.1955880150949,4.118020683526993,worst_uncertainty_stratified_mhz
8257,250.0,8,28.36292051965679,-28.36292051965679,28.36292051965679,0.018393834351024197,0.016285114852111128,0.03467894920313533,21.726492212672095,18.8061648222387,0.0,0.03166086059464135,0.5974686145782471,42.79219408957666,2.270543932914734,worst_uncertainty_stratified_mhz
9578,250.0,8,28.254658134690953,-28.254658134690953,28.254658134690953,0.026201941644657178,0.018095110780913092,0.04429705242557027,22.40305462601491,16.53903006822897,0.0,0.10701663680222051,1.0813014507293701,43.51077452769601,4.386130541563034,worst_uncertainty_stratified_mhz
9465,250.0,8,28.24807229705371,-28.24807229705371,28.24807229705371,0.012218364561314135,0.007747258393867326,0.01996562295518146,21.76238145391832,18.422377033170452,0.0,0.033994594180953186,0.6645796298980713,42.79219408957666,2.576057195663452,worst_uncertainty_stratified_mhz
8259,250.0,8,28.141521493335603,-28.141521493335603,28.141521493335603,0.02680109949056872,0.017965729539439416,0.044766829030008136,22.215946855417595,16.755934258520014,0.0,0.07156095134128915,0.8004472255706787,43.48832458258193,4.120383530855179,worst_uncertainty_stratified_mhz
8315,250.0,8,28.136436263261572,-28.136436263261572,28.136436263261572,0.016176666575837908,0.013308392099962886,0.029485058675800792,22.393441177262225,16.249413309130347,0.0,0.23180734734816255,1.5310735702514648,42.79219408957666,4.591426432132721,worst_uncertainty_stratified_mhz
8135,250.0,8,28.133098176820162,-28.133098176820162,28.133098176820162,0.0012985716080137254,0.002927356650974855,0.004225928258988581,21.72953241465077,18.22860028206227,0.0,0.04337818755042733,0.5801143646240234,42.79219408957666,2.693703591823578,worst_uncertainty_stratified_mhz
8295,250.0,8,27.939951447105525,-27.939951447105525,27.939951447105525,0.01743162775286824,0.016025416994669413,0.033457044747537655,21.892727277849257,17.163085102165457,0.0,0.00935368952307325,0.27842259407043457,43.48832458258193,3.6155815422534943,worst_uncertainty_stratified_mhz
9361,265.0,8,28.002870501902354,-28.002870501902354,28.002870501902354,0.5512664825139008,0.21158226207648678,0.7628487445903875,23.80823874762203,9.750677910275462,0.0,0.637228521608165,2.853695869445801,43.48832458258193,10.478273630142212,worst_uncertainty_stratified_mhz
9344,265.0,8,27.79881206607394,-27.79881206607394,27.79881206607394,0.18709332231825418,0.10313092180688842,0.2902242441251426,25.441856124978674,5.8392901763174505,0.0,1.5232091039208626,4.348969459533691,43.48832458258193,13.426635265350342,worst_uncertainty_stratified_mhz
8631,265.0,8,27.47723543126537,-27.47723543126537,27.47723543126537,0.04681326303054121,0.1824558631425031,0.2292691261730443,23.60352031806887,10.310951957556759,0.0,1.9738171953144388,4.9849042892456055,38.27450195626326,9.862507104873657,worst_uncertainty_stratified_mhz
9565,265.0,8,26.98944031932676,-26.98944031932676,26.98944031932676,0.3105258850743424,0.08350982988036512,0.39403571495470757,23.53886870717039,8.677401977048326,0.0,0.7417773615397749,2.8019886016845703,42.79219408957666,11.072973608970642,worst_uncertainty_stratified_mhz
8576,265.0,8,26.5379851332909,-26.5379851332909,26.5379851332909,0.24986171743053967,0.20371272540906865,0.45357444283960835,24.20442731717922,5.286403889354527,0.0,2.6352791756564784,4.863794326782227,38.27450195626326,13.645296573638916,worst_uncertainty_stratified_mhz
8476,265.0,8,26.342859845396855,-26.342859845396855,26.342859845396855,0.3487179558442459,0.1486038610834596,0.4973218169277055,22.358357631718572,9.92941916978508,0.0,0.21806798667999772,1.4883852005004883,42.79219408957666,9.823918461799622,worst_uncertainty_stratified_mhz
9231,265.0,8,26.14991240046431,-26.14991240046431,26.14991240046431,0.3531304211252388,0.29025433833501607,0.6433847594602549,22.27481300808127,9.212195258583256,0.0,0.09570084191237527,0.8698997497558594,43.48832458258193,10.386226773262024,worst_uncertainty_stratified_mhz
8739,265.0,8,26.115285167722075,-26.115285167722075,26.115285167722075,0.08483483945721998,0.09922102875540792,0.1840558682126279,23.000128816600377,8.32742197655331,0.0,0.539897174033726,2.1282691955566406,42.79219408957666,11.131101250648499,worst_uncertainty_stratified_mhz
9591,265.0,8,26.04787592763982,-26.04787592763982,26.04787592763982,0.002805154270307224,0.02794437696935426,0.030749531239661485,23.113694413732148,8.266549217104021,0.0,0.20504120284607552,1.621718406677246,44.1955880150949,11.164339780807495,worst_uncertainty_stratified_mhz
8340,265.0,8,25.14838525383747,-25.14838525383747,25.14838525383747,0.13211787417766205,0.1912878776707703,0.32340575184843234,21.979201050294456,8.087392937958144,0.0,0.45256970373196737,2.4209556579589844,40.632307035165994,11.071298837661743,worst_uncertainty_stratified_mhz
9069,265.0,8,24.806784501953594,-24.806784501953594,24.806784501953594,0.03240571060882214,0.2134770257287432,0.24588273633756533,22.62132439378336,5.466465405118337,0.0,1.9355203369663627,4.620120048522949,36.75148806511105,13.21734070777893,worst_uncertainty_stratified_mhz
8853,270.0,8,29.032108994936763,-29.032108994936763,29.032108994936763,0.00974246082559762,0.003958245241712609,0.013700706067310229,22.431245976245048,18.767313726388625,0.0,0.04643557694344835,0.5740327835083008,44.1955880150949,2.8959690928459167,worst_uncertainty_stratified_mhz
8827,270.0,8,27.605218186618966,-27.605218186618966,27.605218186618966,0.008275872620937418,0.009746114316769538,0.018021986937706957,21.692184949818817,16.81086625125108,0.0,0.03181926832699489,0.5285372734069824,42.79219408957666,3.978822648525238,worst_uncertainty_stratified_mhz
8848,270.0,8,26.75593559865213,-26.75593559865213,26.75593559865213,0.013181179832192897,0.014330220296919055,0.027511400129111952,21.45415178625261,15.032422191531829,0.0,0.07483082073312275,0.8249144554138184,41.933727475625155,5.291290819644928,worst_uncertainty_stratified_mhz
9234,270.0,8,26.64970155902717,-26.64970155902717,26.64970155902717,0.059248904356368336,0.04287813555003622,0.10212703990640457,20.485214982579016,17.177669788661944,0.0,0.3506880559229124,1.9945518970489502,38.27450195626326,2.9506123661994934,worst_uncertainty_stratified_mhz
8975,270.0,8,25.743785815337237,-25.743785815337237,25.743785815337237,0.053284189916031184,0.033996903998327915,0.08728109391435909,19.94657263168289,16.198573646438003,0.0,0.3019977485861949,1.7160959243774414,37.57305384181595,3.3980049788951874,worst_uncertainty_stratified_mhz
8196,270.0,8,25.482222435510966,-25.482222435510966,25.482222435510966,0.005058690849570898,0.0032995115855785585,0.008358202435149457,19.48902680553834,17.03526634804741,0.0,0.04063028335458707,0.622291088104248,38.27450195626326,2.2402385771274567,worst_uncertainty_stratified_mhz
9335,270.0,8,25.466505062039126,-25.466505062039126,25.466505062039126,0.00791711104941673,0.005198423731910689,0.01311553478132742,19.344289501086994,17.407692290497227,0.0,0.013741434809156905,0.38659417629241943,38.27450195626326,1.786107912659645,worst_uncertainty_stratified_mhz
8107,280.0,8,28.782943805678684,-28.782943805678684,28.782943805678684,0.013913748970738266,0.007494102556943241,0.021407851527681508,22.03795292621546,19.115261957556964,0.0,0.103584454272589,1.076542854309082,42.79219408957666,2.4205203652381897,worst_uncertainty_stratified_mhz
8046,280.0,8,28.766178749745308,-28.766178749745308,28.766178749745308,0.0035609255408848212,0.009064692158532364,0.012625617699417184,21.936367350087874,19.362850210603472,0.0,0.11891930881895774,0.9565936326980591,42.67830244983978,2.1451988369226456,worst_uncertainty_stratified_mhz
9323,280.0,8,28.291033025913418,-28.291033025913418,28.291033025913418,0.005857543123361723,0.013103390832659711,0.018960933956021435,22.253526283375994,17.116173958265232,0.0,0.21689631328724968,1.3488523960113525,42.724407544166134,4.1753861010074615,worst_uncertainty_stratified_mhz
9564,280.0,8,27.738730597688058,-27.738730597688058,27.738730597688058,0.0018784992057739546,0.0029707094441356633,0.004849208649909618,21.27857047470912,18.41255362031529,0.0,0.011266447661284928,0.3084683418273926,42.22613971226828,2.4306607246398926,worst_uncertainty_stratified_mhz
9457,280.0,8,27.474701793103034,-27.474701793103034,27.474701793103034,0.014945742466143426,0.0237452618883367,0.03869100435448013,21.326776553944285,17.34967960134058,0.0,0.2512564348504034,1.5908997058868408,40.56014053230092,3.4009781777858734,worst_uncertainty_stratified_mhz
8333,280.0,8,26.900097394855873,-26.900097394855873,26.900097394855873,0.0061400901238717895,0.018199416120570806,0.024339506244442595,20.82495061490948,17.187252299149844,0.0,0.20122418576847334,1.3853859901428223,39.86206686813919,3.1797086894512177,worst_uncertainty_stratified_mhz
8034,300.0,8,29.320100302376986,-29.320100302376986,29.320100302376986,0.0059526338510568835,0.008694430262347641,0.014647064113404525,22.775975677400794,18.581679513475418,0.0,0.12843837513746248,1.0994865894317627,44.1955880150949,3.460667461156845,worst_uncertainty_stratified_mhz
8215,300.0,8,28.3572113512694,-28.3572113512694,28.3572113512694,0.010207266486906017,0.0063359338893376055,0.01654320037624362,21.76534398734307,18.72461977511665,0.0,0.05226741508128807,0.6339590549468994,42.79219408957666,2.6330000460147858,worst_uncertainty_stratified_mhz
8223,300.0,8,28.3404665066351,-28.3404665066351,28.3404665066351,0.013122133776651654,0.02583144093471482,0.03895357471136647,21.97433712493332,17.94781706040143,0.0,0.3988915413951837,1.6576688289642334,41.49322233811204,3.474806845188141,worst_uncertainty_stratified_mhz
8738,300.0,8,28.04647426374626,-28.04647426374626,28.04647426374626,0.003071244504249438,0.005663834199902759,0.008735078704152197,21.643166275611478,18.22730672333715,0.0,0.0316062336919849,0.49871253967285156,42.724407544166134,2.9599539637565613,worst_uncertainty_stratified_mhz
9380,300.0,8,27.794683748057334,-27.794683748057334,27.794683748057334,0.019697678407335262,0.010964385418780122,0.030662063826115384,22.014622871685084,16.37974457438563,0.0,0.10030874010476154,1.0364341735839844,42.79219408957666,4.802151381969452,worst_uncertainty_stratified_mhz
9244,300.0,8,26.15931180559763,-26.15931180559763,26.15931180559763,0.0010635202945293465,0.002827055911703784,0.00389057620623313,20.101279517035803,17.259295337223953,0.0,0.020138816571324547,0.4240756034851074,39.73820579744385,2.649903804063797,worst_uncertainty_stratified_mhz
10508,120.0,9,23.84915381311943,-23.84915381311943,23.84915381311943,0.005273494991319583,0.006243180523496941,0.011516675514816523,20.70140346411387,8.92992596114372,0.0,0.04395661156993569,0.682586669921875,40.632307035165994,4.871430456638336,worst_uncertainty_stratified_mhz
10652,120.0,9,22.632696587039906,-22.632696587039906,22.632696587039906,0.002842208060385274,0.019440672511456942,0.022282880571842217,20.388158930733635,6.283441364283923,0.0,0.2987077782703409,1.90440034866333,38.27450195626326,5.927706956863403,worst_uncertainty_stratified_mhz
10192,120.0,9,18.731981104961257,-18.731981104961257,18.731981104961257,0.004180039572804783,0.008925544983483257,0.01310558455628804,16.11152722202479,7.421783802731238,0.0,0.0323250468844094,0.6584043502807617,31.5,4.622384786605835,worst_uncertainty_stratified_mhz
10108,150.0,9,29.34023871982326,-29.34023871982326,29.34023871982326,0.24916113483926297,0.3227604674200856,0.5719216022593485,25.639487951841062,8.7127899256592,0.0,5.023353253167334,7.161800146102905,34.070469251244546,7.061146229505539,worst_uncertainty_stratified_mhz
10779,150.0,9,26.26394664751602,-26.26394664751602,26.26394664751602,0.2289594595871162,0.28244454974841815,0.5114040093355343,23.94236424116051,5.040439867083949,0.0,2.3847796391427742,4.840667247772217,38.27450195626326,8.388331592082977,worst_uncertainty_stratified_mhz
10809,150.0,9,25.257999079822223,-25.257999079822223,25.257999079822223,1.0634629360769219,0.3077026342554417,1.3711655703323635,22.37060799573012,4.155094593638386,0.0,4.66541182784357,6.209578990936279,29.200813344836817,8.717599868774414,worst_uncertainty_stratified_mhz
9858,150.0,9,24.734852314045646,-24.734852314045646,24.734852314045646,0.008356958360869837,0.011771741818796498,0.020128700179666337,20.950841893319986,10.708917004795783,0.0,0.10631778691378813,1.1289076805114746,40.56014053230092,5.172084033489227,worst_uncertainty_stratified_mhz
9903,155.0,9,34.388499405076445,-34.388499405076445,34.388499405076445,0.6951088457099242,0.7663748053974138,1.461483651107338,32.853039628649256,0.0,0.0,13.390679699791004,11.715174198150635,27.209545659565872,12.36658364534378,worst_uncertainty_stratified_mhz
10316,155.0,9,26.415391046185835,-26.415391046185835,26.415391046185835,0.011302037547617855,0.05510244920402507,0.06640448675164293,23.298242677330034,8.661128442538285,0.0,0.283689655652946,1.8335180282592773,44.1955880150949,6.881844699382782,worst_uncertainty_stratified_mhz
9958,155.0,9,26.38660200363269,-26.38660200363269,26.38660200363269,0.00811619600877677,0.017757202440580478,0.025873398449357248,22.179547148057704,11.884413231123846,0.0,0.19376204060152702,1.1793761253356934,42.79219408957666,5.086052060127258,worst_uncertainty_stratified_mhz
10180,155.0,9,25.22118288416796,-25.22118288416796,25.22118288416796,0.048495749884587123,0.03256244607458352,0.08105819595917065,22.94315861942701,6.241400361341553,0.0,0.15814809157011211,1.3744330406188965,44.1955880150949,7.968904614448547,worst_uncertainty_stratified_mhz
10558,155.0,9,23.733959300633032,-23.733959300633032,23.733959300633032,0.008085502097422667,0.019525337013382923,0.027610839110805592,19.926926833505686,10.743664273252929,0.0,0.14952554676504803,1.2803006172180176,38.27450195626326,5.050977826118469,worst_uncertainty_stratified_mhz
10418,155.0,9,23.48549251147204,-23.48549251147204,23.48549251147204,0.02135754359332657,0.09516775552216508,0.11652529911549166,21.097588977524374,6.415692581918308,0.0,0.6239451199066615,2.672785758972168,38.27450195626326,7.6287097334861755,worst_uncertainty_stratified_mhz
10622,155.0,9,23.427088774636786,-23.427088774636786,23.427088774636786,0.03397377351338258,0.12750343628716518,0.16147720980054775,22.72604072856044,1.4551320894066246,0.0,1.5366001618820597,4.104379177093506,38.27450195626326,10.236275374889374,worst_uncertainty_stratified_mhz
9670,155.0,9,23.124107666254517,-23.124107666254517,23.124107666254517,0.01139376082493458,0.014600274332089687,0.025994035157024267,19.77440393585145,9.452932691037676,0.0,0.12051467875863864,1.0332765579223633,38.27450195626326,5.716038465499878,worst_uncertainty_stratified_mhz
10780,170.0,9,35.72314579524589,-35.72314579524589,35.72314579524589,0.26497501313103217,0.6597328230620334,0.9247078361930656,32.540790168445625,6.245733313555388,0.0,7.792063189181729,9.078553676605225,40.41890028192257,9.741005957126617,worst_uncertainty_stratified_mhz
9904,170.0,9,30.69660020453088,-30.69660020453088,30.69660020453088,0.15337655159318622,0.09119241082461062,0.24456896241779685,24.36008028545898,17.216205020242327,0.0,0.919548001126052,3.3702900409698486,43.51077452769601,3.6170120537281036,worst_uncertainty_stratified_mhz
9681,170.0,9,28.551856692190746,-28.551856692190746,28.551856692190746,0.10309684232052052,0.15638076004003884,0.2594776023605594,22.712863407441276,15.741459512167877,0.0,1.1279293627758307,2.899686813354492,40.2701812759764,3.7927377223968506,worst_uncertainty_stratified_mhz
10614,180.0,9,38.89891508702829,-38.89891508702829,38.89891508702829,0.6178105844588572,0.5457385080523816,1.1635490925112388,32.139615007224975,15.710718083799465,0.0,6.718663911086978,8.387882947921753,42.454019244354235,6.680535316467285,worst_uncertainty_stratified_mhz
9883,180.0,9,35.4902693904809,-35.4902693904809,35.4902693904809,0.2744677309772079,1.0318003041697161,1.306268035146924,33.290263058921525,2.3068084087879033,0.0,16.54275336927776,12.940594673156738,20.554424706130796,11.774829864501953,worst_uncertainty_stratified_mhz
10425,180.0,9,30.32706367310478,-30.32706367310478,30.32706367310478,0.46941915054273603,0.05720717973525417,0.5266263302779902,23.94672429101352,16.573809230974486,0.0,0.7483906432261085,3.1331217288970947,43.26354556667773,4.089914292097092,worst_uncertainty_stratified_mhz
9860,180.0,9,29.778773156524956,-29.778773156524956,29.778773156524956,0.9395506161852625,0.1354438195161196,1.074994435701382,23.524865032622625,14.59947103213807,0.0,2.025189641223264,4.875580310821533,38.12377047197719,5.1487544775009155,worst_uncertainty_stratified_mhz
10163,200.0,9,29.080400477783208,-29.080400477783208,29.080400477783208,0.04561181882852692,0.03415724390974004,0.07976906273826695,22.79664553745978,17.645832759208215,0.0,0.12541801150260223,1.146867036819458,44.1955880150949,3.168290466070175,worst_uncertainty_stratified_mhz
9672,200.0,9,28.754771265939656,-28.754771265939656,28.754771265939656,0.008445743143774187,0.00933647557173363,0.017782218715507815,22.421329831253786,17.99130609080724,0.0,0.04215600479001491,0.5627596378326416,44.1955880150949,2.7446042001247406,worst_uncertainty_stratified_mhz
10318,200.0,9,28.290319065240645,-28.290319065240645,28.290319065240645,0.00421123369617634,0.00218137683436273,0.006392610530539069,21.91531021375511,18.16651161418364,0.0,0.009597890016357802,0.30065011978149414,43.51077452769601,2.36933234333992,worst_uncertainty_stratified_mhz
9881,200.0,9,27.71007818424053,-27.71007818424053,27.71007818424053,0.0029251253304091594,0.002553804775224173,0.005478930105633332,21.883750889386214,16.612685898180114,0.0,0.007284538280824648,0.2421581745147705,43.51077452769601,3.3296467661857605,worst_uncertainty_stratified_mhz
10142,200.0,9,26.00876414292722,-26.00876414292722,26.00876414292722,0.0032527834103686323,0.0056134284412957,0.008866211851664332,20.507286790941528,15.668031663168211,0.0,0.013213170285411024,0.35584020614624023,40.632307035165994,3.265562415122986,worst_uncertainty_stratified_mhz
9626,200.0,9,24.026927292307168,-24.026927292307168,24.026927292307168,0.017969126512360007,0.015109940442671504,0.03307906695503151,18.820353162669022,14.721372436713093,0.0,0.06515022584714014,0.7589178085327148,36.75148806511105,3.0365090072155,worst_uncertainty_stratified_mhz
10408,200.0,9,23.81975434976806,-23.81975434976806,23.81975434976806,0.008680904831134198,0.004706410087474775,0.013387314918608973,18.454632441188455,15.256426273563921,0.0,0.013318505588824081,0.34433460235595703,36.538293268843304,2.40721732378006,worst_uncertainty_stratified_mhz
10759,200.0,9,22.43590687283264,-22.43590687283264,22.43590687283264,0.1504925808135708,0.022324766570862766,0.17281734738443358,17.51918166024968,13.506133113105745,0.0,0.048212283303755044,0.8153362274169922,34.126602526474855,3.275003671646118,worst_uncertainty_stratified_mhz
9980,230.0,9,28.792765112034417,-28.792765112034417,28.792765112034417,0.007428475988705045,0.012196990351638352,0.019625466340343397,22.70390341397128,17.257870663242812,0.0,0.18999493833125314,1.5394923686981201,43.48832458258193,3.760020136833191,worst_uncertainty_stratified_mhz
10295,230.0,9,28.530447496789513,-28.530447496789513,28.530447496789513,0.003934271345095121,0.003977110810809731,0.007911382155904853,21.97773233977701,18.658667405801353,0.0,0.018218586121846236,0.43070292472839355,43.48832458258193,2.3646551072597504,worst_uncertainty_stratified_mhz
10941,230.0,9,27.989026878405767,-27.989026878405767,27.989026878405767,0.023801659129766454,0.004680708665887445,0.0284823677956539,21.620744613360124,18.075920703940177,0.0,0.01860289465211551,0.41208934783935547,42.79219408957666,2.577790081501007,worst_uncertainty_stratified_mhz
11001,230.0,9,25.739695490598884,-25.739695490598884,25.739695490598884,0.017002290336953742,0.025081709346423335,0.042083999683377074,19.850798832248834,16.528491117018543,0.0,0.437292966832004,2.2887184619903564,36.538293268843304,2.6733226776123047,worst_uncertainty_stratified_mhz
10105,230.0,9,25.097277540543836,-25.097277540543836,25.097277540543836,0.0789693500427313,0.022356339495557785,0.10132568953828908,19.392170129930175,15.870419093219994,0.0,0.33063780024328415,1.9645594358444214,36.15850522352936,2.9256674498319626,worst_uncertainty_stratified_mhz
9918,230.0,9,24.99290100083289,-24.99290100083289,24.99290100083289,0.0022754010366928226,0.006544342138635816,0.008819743175328638,19.479301081940232,15.682171549556534,0.0,0.03822377171631697,0.6076526641845703,38.27450195626326,3.0509890615940094,worst_uncertainty_stratified_mhz
10317,230.0,9,24.671552407359403,-24.671552407359403,24.671552407359403,0.012914584394359697,0.015327786062912192,0.02824237045727189,19.77958296635465,13.839181681994008,0.0,0.14172092140478298,1.0012221336364746,38.27450195626326,4.702559947967529,worst_uncertainty_stratified_mhz
11029,230.0,9,24.52149519290628,-24.52149519290628,24.52149519290628,0.019946127927591612,0.013176810194985455,0.033122938122577064,19.669485105556046,13.71976379331857,0.0,0.1033987844170916,0.9068946838378906,38.22527795844002,4.737186133861542,worst_uncertainty_stratified_mhz
11037,250.0,9,29.7116470566012,-29.7116470566012,29.7116470566012,0.008579135678018894,0.029303735631144953,0.037882871309163846,22.912255192541096,19.14957808274357,0.0,0.4354928070369617,1.7123768329620361,43.24114793804623,2.7888607382774353,worst_uncertainty_stratified_mhz
10152,250.0,9,29.408252820010468,-29.408252820010468,29.408252820010468,0.029966029928102964,0.017353322695587474,0.04731935262369044,22.566706820325848,19.329803213078428,0.0,0.07850656182472449,0.7808125019073486,44.1955880150949,2.4325850009918213,worst_uncertainty_stratified_mhz
9726,250.0,9,29.055855908019957,-29.055855908019957,29.055855908019957,0.00466715482806698,0.008102627228994958,0.012769782057061939,22.06725407779746,19.82866778234595,0.0,0.060614928072183494,0.7497327327728271,43.26354556667773,1.7193611413240433,worst_uncertainty_stratified_mhz
10271,250.0,9,28.70315786653652,-28.70315786653652,28.70315786653652,0.0069281673229788536,0.005987837521601533,0.012916004844580387,22.534157714360504,17.54215048954207,0.0,0.0584164955474904,0.7558944225311279,44.1955880150949,3.699834704399109,worst_uncertainty_stratified_mhz
10138,250.0,9,28.695917614533958,-28.695917614533958,28.695917614533958,0.015748885965360178,0.014537330005410779,0.030286215970770955,22.706587954766597,16.97352419688231,0.0,0.09571704578329499,1.026153802871704,44.1955880150949,4.224223643541336,worst_uncertainty_stratified_mhz
10230,250.0,9,28.170582833450457,-28.170582833450457,28.170582833450457,0.006594226698288322,0.010607189273772938,0.01720141597206126,22.00566939809357,17.506250889219377,0.0,0.0789242410081803,1.0612962245941162,42.79219408957666,3.421990543603897,worst_uncertainty_stratified_mhz
9698,250.0,9,28.06353139806499,-28.06353139806499,28.06353139806499,0.04891148181875506,0.027514507269091028,0.07642598908784609,21.795840694680265,17.533814499716446,0.0,0.5258876337489502,2.2697248458862305,40.2701812759764,3.3308189809322357,worst_uncertainty_stratified_mhz
10753,250.0,9,28.004303865613394,-28.004303865613394,28.004303865613394,0.005214149638230424,0.018784252249156422,0.023998401887386847,21.714086841691635,17.862737291114406,0.0,0.02875694682853691,0.5784657001495361,42.79219408957666,2.972860336303711,worst_uncertainty_stratified_mhz
10100,250.0,9,27.9949551521183,-27.9949551521183,27.9949551521183,0.013428407765269311,0.016502885662612887,0.0299312934278822,21.962052892784097,17.09258432188818,0.0,0.09344837118912519,0.9450149536132812,42.79219408957666,3.715921014547348,worst_uncertainty_stratified_mhz
10256,250.0,9,27.87956018731868,-27.87956018731868,27.87956018731868,0.006771481746183894,0.004209578647327934,0.010981060393511828,21.645713000985214,17.74561590587172,0.0,0.020529318699934684,0.4581732749938965,42.79219408957666,3.009954422712326,worst_uncertainty_stratified_mhz
10532,250.0,9,27.51350068922752,-27.51350068922752,27.51350068922752,0.0038612468400761294,0.019087610892991484,0.022948857733067613,21.921890181514268,15.86831458381268,0.0,0.07404786504319816,0.9034905433654785,42.79219408957666,4.6116756200790405,worst_uncertainty_stratified_mhz
10764,250.0,9,26.540430439494763,-26.540430439494763,26.540430439494763,0.009050045324029496,0.00820566211319844,0.017255707437227936,20.740827296777432,16.46814718348694,0.0,0.06505964535959663,0.7192282676696777,40.632307035165994,3.4476239681243896,worst_uncertainty_stratified_mhz
10827,265.0,9,31.913439273959487,-31.913439273959487,31.913439273959487,1.3587557892193647,0.4383119878037994,1.797067777023164,26.889895389690306,9.122307696244826,0.0,2.5461295152845054,4.579886436462402,44.1076453123492,11.848342537879944,worst_uncertainty_stratified_mhz
10674,265.0,9,28.132632120839276,-28.132632120839276,28.132632120839276,0.1458531198981454,0.14923807804889908,0.29509119794704447,25.91703907157569,5.4119405134058605,0.0,2.1057260894929044,4.201001167297363,43.42162479686821,13.781959891319275,worst_uncertainty_stratified_mhz
9625,265.0,9,27.500455758197553,-27.500455758197553,27.500455758197553,1.5640827942286524,0.15561802460712526,1.7197008188357776,22.457418644543775,9.457907915137385,0.0,0.3055623605586675,1.5115184783935547,42.79219408957666,10.574586153030396,worst_uncertainty_stratified_mhz
11166,265.0,9,27.45326158935433,-27.45326158935433,27.45326158935433,1.2305576280648147,0.36861934602933283,1.5991769740941475,22.566837193694678,9.358472113904494,0.0,0.2515707229419917,1.838338851928711,42.79219408957666,10.642516732215881,worst_uncertainty_stratified_mhz
9635,265.0,9,26.569053104488447,-26.569053104488447,26.569053104488447,0.1958736759181654,0.46134721478609825,0.6572208907042636,23.952661257141667,5.543356869677243,0.0,1.0452755694700357,3.0225772857666016,42.79219408957666,13.45525872707367,worst_uncertainty_stratified_mhz
10866,265.0,9,26.443595580291344,-26.443595580291344,26.443595580291344,0.7570730255054051,0.3378726189541476,1.0949456444595527,22.64479301101008,7.598328843523446,0.0,4.412288309299456,5.071588516235352,31.3934208871859,11.816259503364563,worst_uncertainty_stratified_mhz
9941,265.0,9,26.24325301874392,-26.24325301874392,26.24325301874392,0.17395801805035227,0.1138700117468474,0.2878280297971997,22.85642523659052,8.809645872058866,0.0,0.4520622196647395,2.0165319442749023,42.79219408957666,10.758588671684265,worst_uncertainty_stratified_mhz
10352,265.0,9,25.841380790914602,-25.841380790914602,25.841380790914602,0.17889206788748355,0.14067891623972756,0.3195709841272111,22.988768136338162,7.198681557470042,0.0,0.4203669381074491,2.3446083068847656,42.79219408957666,12.003834128379822,worst_uncertainty_stratified_mhz
10693,265.0,9,25.818998705038123,-25.818998705038123,25.818998705038123,0.4211350989070801,0.17968232161925685,0.600817420526337,21.755209951332713,9.878886530092434,0.0,0.043200659840280764,0.6318244934082031,42.79219408957666,9.692493796348572,worst_uncertainty_stratified_mhz
9667,265.0,9,25.799883892363297,-25.799883892363297,25.799883892363297,0.20106271252864372,0.20863412416768887,0.4096968366963326,22.271488704376875,8.836250622353855,0.0,1.2177896099427556,3.8328962326049805,38.27450195626326,10.606576085090637,worst_uncertainty_stratified_mhz
10452,265.0,9,25.576792893784823,-25.576792893784823,25.576792893784823,0.2774208228581846,0.1767297880988464,0.454150610957031,22.442066077400764,7.635235915702705,0.0,0.1456855998991955,1.081986427307129,43.51077452769601,11.575228452682495,worst_uncertainty_stratified_mhz
10111,270.0,9,30.438528863341226,-30.438528863341226,30.438528863341226,0.0033955831338970226,0.0296057196062746,0.03300130274017162,23.388344182735647,19.877698425326066,0.0,0.4200720815640828,1.74095618724823,44.1955880150949,2.7010387182235718,worst_uncertainty_stratified_mhz
10538,270.0,9,29.245369017575868,-29.245369017575868,29.245369017575868,0.0013839613852991335,0.009066502777261645,0.010450464162560779,22.46970224794498,19.268376747303353,0.0,0.04635291584308643,0.6511106491088867,44.1955880150949,2.5288101732730865,worst_uncertainty_stratified_mhz
10304,270.0,9,26.70659754834575,-26.70659754834575,26.70659754834575,0.00784787810534475,0.005192605569154682,0.01304048367449943,20.583762318650557,17.412915987481426,0.0,0.027854035036412483,0.5516760349273682,40.56014053230092,2.7316622734069824,worst_uncertainty_stratified_mhz
10677,270.0,9,25.461776123974346,-25.461776123974346,25.461776123974346,0.019413286714557557,0.02702983354363314,0.046443120258190695,19.813695459747613,15.867626078086298,0.0,0.4697451153421346,2.1496074199676514,36.538293268843304,3.5720354616642,worst_uncertainty_stratified_mhz
10445,270.0,9,25.255725033177285,-25.255725033177285,25.255725033177285,0.002025565257788202,0.0035535755553841833,0.005579140813172385,19.376413135769614,16.74275271450092,0.0,0.017580579383284167,0.4431631565093994,38.27450195626326,2.4073793590068817,worst_uncertainty_stratified_mhz
11157,270.0,9,25.20989435380812,-25.20989435380812,25.20989435380812,0.007208157166097577,0.004428160997354027,0.011636318163451604,19.306183150907014,16.80545014002471,0.0,0.00872692775737871,0.32041049003601074,38.27450195626326,2.297013431787491,worst_uncertainty_stratified_mhz
10122,270.0,9,24.787369681405835,-24.787369681405835,24.787369681405835,0.02596234251243128,0.024822283638749564,0.050784626151180845,19.662181320785006,14.458974251799981,0.0,0.0669416526306712,0.9652013778686523,38.22527795844002,4.699840486049652,worst_uncertainty_stratified_mhz
9650,280.0,9,29.371077383923602,-29.371077383923602,29.371077383923602,0.007861632377058718,0.004208504585414121,0.01207013696247284,22.454061176618765,19.664686230347066,0.0,0.04048998649227542,0.631554365158081,44.1955880150949,2.2552478313446045,worst_uncertainty_stratified_mhz
10672,280.0,9,29.12468045253635,-29.12468045253635,29.12468045253635,0.0076490501345920356,0.006415659641945831,0.014064709776537867,22.490676839950176,18.865884722411735,0.0,0.03874636542274512,0.7082729339599609,44.1955880150949,2.915428191423416,worst_uncertainty_stratified_mhz
9734,280.0,9,28.205690302749918,-28.205690302749918,28.205690302749918,0.01189846749388581,0.02475452188279445,0.03665298937668026,22.321776452570514,16.635646841469082,0.0,0.20905311468374066,1.5692996978759766,42.65614697789757,4.61199426651001,worst_uncertainty_stratified_mhz
10090,280.0,9,27.898351721476047,-27.898351721476047,27.898351721476047,0.009211634969834022,0.005983539739534044,0.015195174709368067,21.714063675611957,17.591664225993416,0.0,0.027122667200578654,0.5816879272460938,42.79219408957666,3.4280647933483124,worst_uncertainty_stratified_mhz
10796,280.0,9,27.687270205260223,-27.687270205260223,27.687270205260223,0.010107237791017578,0.0047515080775718125,0.014858745868589391,21.23295904377248,18.355427217310144,0.0,0.02186718134136978,0.48845624923706055,41.933727475625155,2.4559331238269806,worst_uncertainty_stratified_mhz
11136,280.0,9,26.502608323254083,-26.502608323254083,26.502608323254083,0.0128709206092857,0.01138892345366892,0.02425984406295462,21.208783695522257,15.006270260867256,0.0,0.13446043683596542,1.2497620582580566,40.89888445911453,5.27755343914032,worst_uncertainty_stratified_mhz
11089,300.0,9,28.588518114068954,-28.588518114068954,28.588518114068954,0.0071134251056229674,0.0062427929113824466,0.013356218017005414,22.048516107363774,18.57744089373491,0.0,0.08456227394018967,1.1357135772705078,42.79219408957666,2.962290585041046,worst_uncertainty_stratified_mhz
9909,300.0,9,28.128044862140158,-28.128044862140158,28.128044862140158,0.004939309071171043,0.0071243332725514225,0.012063642343722467,21.43256073952841,19.000117785554146,0.0,0.08248856226006374,0.842685341835022,41.85745901270167,2.1510981768369675,worst_uncertainty_stratified_mhz
10953,300.0,9,28.051311983814635,-28.051311983814635,28.051311983814635,0.0027204619155169127,0.0014073057229646718,0.0041277676384815845,21.509204434643987,18.65955965931402,0.0,0.005002922463688719,0.21620893478393555,42.79219408957666,2.4787049293518066,worst_uncertainty_stratified_mhz
9789,300.0,9,26.838106034248707,-26.838106034248707,26.838106034248707,0.0016718394253542638,0.0029216984288410203,0.004593537854195284,20.609788799897014,17.72977904534892,0.0,0.036878291360689985,0.5856804847717285,40.56014053230092,2.623311460018158,worst_uncertainty_stratified_mhz
9615,300.0,9,25.64639810809382,-25.64639810809382,25.64639810809382,0.014855921513283776,0.008861017010241086,0.023716938523524862,19.93570933678401,16.169366047298723,0.0,0.15564801395633676,1.2856206893920898,38.27450195626326,3.5614804327487946,worst_uncertainty_stratified_mhz
10087,300.0,9,25.274549113333464,-25.274549113333464,25.274549113333464,0.0032980156296617733,0.009138199280722924,0.012436214910384697,19.752641733037215,15.678025129962313,0.0,0.11782715436542546,0.9951272010803223,38.27450195626326,3.872099459171295,worst_uncertainty_stratified_mhz
11380,120.0,10,23.352228887338953,-23.352228887338953,23.352228887338953,0.0026655069118590655,0.015761875883551258,0.018427382795410324,19.986657414505625,9.496875521942414,0.0,0.17503877012948976,1.3487353324890137,38.27450195626326,4.501059889793396,worst_uncertainty_stratified_mhz
12615,120.0,10,23.139073944124316,-23.139073944124316,23.139073944124316,0.0006598595242390367,0.0034036928660361614,0.004063552390275198,19.481932816424166,10.403876019911186,0.0,0.0350361855215402,0.6192913055419922,38.27450195626326,3.9924080669879913,worst_uncertainty_stratified_mhz
11650,120.0,10,17.35525611834494,-17.35525611834494,17.35525611834494,0.04047697391889541,0.018591767886846692,0.059068741805742106,15.989325419517055,3.695742817788695,0.0,0.12388724016324204,1.2311325073242188,30.499743851383407,6.590341567993164,worst_uncertainty_stratified_mhz
12391,150.0,10,25.945475467777104,-25.945475467777104,25.945475467777104,0.0020692701751643073,0.003608837467181783,0.00567810764234609,21.597205754274366,12.389546593269646,0.0,0.012690797956494748,0.37683582305908203,42.79219408957666,4.5059226751327515,worst_uncertainty_stratified_mhz
11240,150.0,10,25.876447850047352,-25.876447850047352,25.876447850047352,0.2965270636950331,0.49991132422850293,0.796438387923536,23.74324538378344,3.630593624085739,0.0,5.658547350549327,6.93676233291626,29.23263373355196,9.002811908721924,worst_uncertainty_stratified_mhz
11787,150.0,10,25.460910914304687,-25.460910914304687,25.460910914304687,0.08062186098665275,0.09513531304126459,0.17575717402791735,24.024640435575158,3.5395979669339948,0.0,0.6100962887095989,2.7200260162353516,44.10906227749577,9.017802953720093,worst_uncertainty_stratified_mhz
11216,150.0,10,19.896954604200257,-19.896954604200257,19.896954604200257,0.07796772187352738,0.05139122749770654,0.12935894937123393,18.06174582744974,4.82670867197961,0.0,0.26246186840310415,1.6153459548950195,33.983221963198254,7.761434614658356,worst_uncertainty_stratified_mhz
12058,155.0,10,30.016995868545138,-30.016995868545138,30.016995868545138,0.3136305132774299,0.14402783686664944,0.45765835014407935,26.45222359103732,8.730040432924945,0.0,2.327193450316983,5.457866191864014,42.79219408957666,7.391089081764221,worst_uncertainty_stratified_mhz
11566,155.0,10,25.475514214826696,-25.475514214826696,25.475514214826696,0.04385033827038907,0.05207702365232905,0.09592736192271811,22.795093691671106,7.318660603703204,0.0,0.4668608264939813,1.864271640777588,42.79219408957666,7.439178168773651,worst_uncertainty_stratified_mhz
12770,155.0,10,25.345534556362544,-25.345534556362544,25.345534556362544,0.13809543108729808,0.3827727241646152,0.5208681552519133,24.77052009409272,0.0,0.0,6.615450332450052,7.141716957092285,29.16842256619305,11.875471830368042,worst_uncertainty_stratified_mhz
11972,155.0,10,23.839224248021644,-23.839224248021644,23.839224248021644,0.018056349592088117,0.015651946310691334,0.03370829590277945,20.021976406816673,10.752824094311093,0.0,0.16573701010594277,1.4379768371582031,38.27450195626326,5.075879335403442,worst_uncertainty_stratified_mhz
11624,155.0,10,23.52714458650849,-23.52714458650849,23.52714458650849,0.008564400526186454,0.011004961936679245,0.019569362462865697,20.716120680180634,7.951767006741367,0.0,0.05051445860109638,0.7710719108581543,40.56014053230092,6.740395605564117,worst_uncertainty_stratified_mhz
11302,155.0,10,23.473357158717217,-23.473357158717217,23.473357158717217,0.05046321439453961,0.052111006179610626,0.10257422057415023,19.983352875623446,9.626868691885033,0.0,0.168694155945186,1.3548154830932617,38.27450195626326,5.696264803409576,worst_uncertainty_stratified_mhz
12744,155.0,10,19.611883819209645,-19.611883819209645,19.611883819209645,0.0061030820871278806,0.010404372169967263,0.01650745425709514,16.05648207170608,10.080740860530003,0.0,0.030116791554710254,0.5527305603027344,31.5,4.079502373933792,worst_uncertainty_stratified_mhz
11502,155.0,10,19.590923354798704,-19.590923354798704,19.590923354798704,0.23770846883045835,0.17559835293230958,0.4133068217627679,19.151313272212377,0.0,0.0,1.5886395154791302,3.6236114501953125,31.50173606327118,11.979621529579163,worst_uncertainty_stratified_mhz
12102,170.0,10,31.66759511234383,-31.66759511234383,31.66759511234383,0.25082072799064226,0.5592860113844431,0.8101067393750854,26.692120466828346,11.652691986306143,0.0,5.780046677803565,7.697545051574707,34.126602526474855,6.914446651935577,worst_uncertainty_stratified_mhz
11558,170.0,10,27.84312225418092,-27.84312225418092,27.84312225418092,0.24604902267421244,0.15331530951846647,0.3993643321926789,22.14472576054494,14.94551820238697,0.0,1.222251775211162,3.570446014404297,38.27450195626326,4.058524698019028,worst_uncertainty_stratified_mhz
12119,170.0,10,27.70385712181253,-27.70385712181253,27.70385712181253,0.0344782589106405,0.0559516068001273,0.0904298657107678,23.22262958001239,12.479384359593036,0.0,0.2627962448434822,1.72407865524292,44.1955880150949,5.56895250082016,worst_uncertainty_stratified_mhz
12595,180.0,10,32.960598988330176,-32.960598988330176,32.960598988330176,0.44177356836196563,0.1555594423443509,0.5973330107063165,27.19417298427657,14.578850277908037,0.0,2.5576147320626887,5.432496070861816,43.840620433565945,6.012650966644287,worst_uncertainty_stratified_mhz
12365,180.0,10,29.04149519312201,-29.04149519312201,29.04149519312201,0.104625064009559,0.04568938776150994,0.15031445177106895,22.53170726884644,18.067387260409372,0.0,0.13739624076961476,1.2778475284576416,43.51077452769601,2.5821353793144226,worst_uncertainty_stratified_mhz
12575,180.0,10,28.778471560287606,-28.778471560287606,28.778471560287606,0.8271426078484945,0.40553305727863725,1.2326756651271318,24.287854463220633,9.09216163601588,0.0,6.062601339965909,7.824687480926514,28.625818765582935,8.133182287216187,worst_uncertainty_stratified_mhz
12381,180.0,10,27.942117430518103,-27.942117430518103,27.942117430518103,0.5159683615401806,0.3044208336050221,0.8203891951452027,24.13408361873691,8.389503628741098,0.0,2.960352071890238,5.098721504211426,37.24874158948192,8.381833612918854,worst_uncertainty_stratified_mhz
12739,200.0,10,31.653576852078285,-31.653576852078285,31.653576852078285,0.12873405011508368,0.13477183280241326,0.26350588291749694,26.161178203393135,14.7666071522178,0.0,2.1892105546408516,3.748347282409668,44.1955880150949,6.105941295623779,worst_uncertainty_stratified_mhz
11773,200.0,10,30.23868666655531,-30.23868666655531,30.23868666655531,0.09735364718816508,0.07255705633895813,0.16991070352712323,24.38663395375014,16.0585739084219,0.0,1.3996374514482275,3.522918224334717,42.45107478026911,4.798186391592026,worst_uncertainty_stratified_mhz
11254,200.0,10,29.208507822236818,-29.208507822236818,29.208507822236818,0.24854138572359594,0.06381198154335134,0.3123533672669473,22.930654190274037,16.914105218612686,0.0,0.4739287313316538,2.1212568283081055,42.79219408957666,3.777287483215332,worst_uncertainty_stratified_mhz
12257,200.0,10,28.90662304309647,-28.90662304309647,28.90662304309647,0.03737590165674003,0.049515814478231404,0.08689171613497143,22.804019767553918,17.002022005624674,0.0,0.866102485328696,3.0660624504089355,40.80977211404151,3.579196333885193,worst_uncertainty_stratified_mhz
12768,200.0,10,28.69131753096237,-28.69131753096237,28.69131753096237,0.022015823546986096,0.0023975802037646183,0.024413403750750715,22.254801541770302,18.294211737088744,0.0,0.008153874593030963,0.29770731925964355,44.1955880150949,2.472997486591339,worst_uncertainty_stratified_mhz
11545,200.0,10,26.925567230669138,-26.925567230669138,26.925567230669138,0.13705792938209402,0.08054848801000368,0.21760641739209768,21.127154336107356,15.754378992769523,0.0,0.9483996462947735,2.7717740535736084,37.585735326051555,3.6461070477962494,worst_uncertainty_stratified_mhz
12562,200.0,10,26.72434882289439,-26.72434882289439,26.72434882289439,0.10790384853696182,0.06751617726577763,0.17542002580273947,21.271573757051936,14.93352011409562,0.0,0.7280198438432057,3.1200168132781982,37.96709101313926,4.213701218366623,worst_uncertainty_stratified_mhz
11405,200.0,10,26.547431688127784,-26.547431688127784,26.547431688127784,0.0025969675985845846,0.01734086306536127,0.019937830663945853,20.58956298319066,16.923885351219305,0.0,0.020823577698727114,0.5051717758178711,40.632307035165994,2.4758725464344025,worst_uncertainty_stratified_mhz
12363,230.0,10,29.26083502428777,-29.26083502428777,29.26083502428777,0.003156259792959873,0.011680230327527264,0.014836490120487137,22.78310995676291,18.38428202604698,0.0,0.11838660885291219,1.1338586807250977,44.1955880150949,3.029897391796112,worst_uncertainty_stratified_mhz
12670,230.0,10,28.089241130774752,-28.089241130774752,28.089241130774752,0.01276732352147173,0.0046533603285477,0.01742068385001943,21.758129185490866,17.987671760873994,0.0,0.03835102459840911,0.647362232208252,42.79219408957666,2.7189908623695374,worst_uncertainty_stratified_mhz
12689,230.0,10,26.19980510287034,-26.19980510287034,26.19980510287034,0.0014715520673814618,0.0029649665780090897,0.004436518645390551,20.423809178377375,16.474141210488494,0.0,0.004583851979376163,0.20614361763000488,40.632307035165994,3.017128586769104,worst_uncertainty_stratified_mhz
12159,230.0,10,25.52835277154503,-25.52835277154503,25.52835277154503,0.01998191739037057,0.016857871193409826,0.0368397885837804,20.04336012085853,15.471959771704814,0.0,0.22445993465805358,1.3632984161376953,38.27450195626326,3.592781126499176,worst_uncertainty_stratified_mhz
12118,230.0,10,24.62304514723196,-24.62304514723196,24.62304514723196,0.005781472079045435,0.01084389192500462,0.016625364004050056,19.176569959087807,15.442749783154593,0.0,0.0927107254881605,0.8165555000305176,37.351162967168776,3.0586196184158325,worst_uncertainty_stratified_mhz
12189,230.0,10,23.84361591236146,-23.84361591236146,23.84361591236146,0.026289177246171542,0.0158887289542999,0.042177906200471446,18.917670521978117,13.905790144392975,0.0,0.0776169162490703,0.9286191463470459,36.75148806511105,4.160432934761047,worst_uncertainty_stratified_mhz
12706,230.0,10,23.776973414353254,-23.776973414353254,23.776973414353254,0.008192933193589552,0.010518703943242141,0.018711637136831695,18.457709623169542,15.113795751614822,0.0,0.014850735177333263,0.3474245071411133,36.538293268843304,2.841003179550171,worst_uncertainty_stratified_mhz
12237,230.0,10,22.303035405264364,-22.303035405264364,22.303035405264364,0.0018287899103053118,0.0008581176244967925,0.002686907534802104,17.13489018823247,14.743415301801893,0.0,0.0021046911388395984,0.13896846771240234,34.126602526474855,2.1792378425598145,worst_uncertainty_stratified_mhz
11976,250.0,10,28.81051450895047,-28.81051450895047,28.81051450895047,0.023205654988140242,0.011172717505987296,0.034378372494127535,22.593393466001213,17.617560417587203,0.0,0.06002993368874954,0.8711390495300293,44.1955880150949,3.690683424472809,worst_uncertainty_stratified_mhz
11282,250.0,10,28.67373557560928,-28.67373557560928,28.67373557560928,0.0031971830241143613,0.006857649133356414,0.010054832157470776,22.265745983706307,18.2526948033595,0.0,0.013046060898542322,0.3098118305206299,44.1955880150949,3.008439362049103,worst_uncertainty_stratified_mhz
12396,250.0,10,28.65530340269892,-28.65530340269892,28.65530340269892,0.006766716324243163,0.005437456413260242,0.012204172737503405,22.41435645756529,17.75825924916708,0.0,0.034317886915117946,0.5644891262054443,44.1955880150949,3.46858873963356,worst_uncertainty_stratified_mhz
12158,250.0,10,28.16516080533371,-28.16516080533371,28.16516080533371,0.028542278507477967,0.006683244403303724,0.03522552291078169,21.61813521281598,18.567209266305312,0.0,0.015952843740233646,0.4121706485748291,42.79219408957666,2.3782898783683777,worst_uncertainty_stratified_mhz
12178,250.0,10,27.807690115415266,-27.807690115415266,27.807690115415266,0.007623436533422018,0.010465374467575044,0.018088811000997063,21.861255230002598,16.89301421455847,0.0,0.05755820620311081,0.6759443283081055,42.93144971929087,3.798230081796646,worst_uncertainty_stratified_mhz
12459,250.0,10,27.564261605617023,-27.564261605617023,27.564261605617023,0.029635889100656104,0.02182500311026045,0.051460892210916556,21.35133293941401,17.524198729843597,0.0,0.11519938698926069,1.224729299545288,41.24753780530421,3.0306423902511597,worst_uncertainty_stratified_mhz
11722,250.0,10,27.469630349746133,-27.469630349746133,27.469630349746133,0.013057589702928042,0.01594350530034742,0.02900109500327546,21.215866189829008,17.672123830506663,0.0,0.19894530436244562,1.4737012386322021,40.56014053230092,2.821583777666092,worst_uncertainty_stratified_mhz
12401,250.0,10,27.430371579773865,-27.430371579773865,27.430371579773865,0.004250124799281384,0.006226787931008628,0.010476912730290012,21.72512123861357,16.23819478921742,0.0,0.03691439188450829,0.6520061492919922,42.724407544166134,4.21146285533905,worst_uncertainty_stratified_mhz
11878,250.0,10,27.3640270256065,-27.3640270256065,27.3640270256065,0.00725848817788004,0.015264305447723524,0.022522793625603565,22.009144501475568,15.190444200361343,0.0,0.10549936289146089,1.0150961875915527,42.79219408957666,5.170677363872528,worst_uncertainty_stratified_mhz
12005,250.0,10,26.956389373602455,-26.956389373602455,26.956389373602455,0.007616207224924887,0.021368036221442774,0.02898424344636766,21.196136548741016,16.295526171359064,0.0,0.18642672241168157,1.3871126174926758,40.632307035165994,3.8780364990234375,worst_uncertainty_stratified_mhz
11973,250.0,10,26.81367137265774,-26.81367137265774,26.81367137265774,0.0383648006246249,0.0512293637135275,0.0895941643381524,21.40836171121027,15.055025229579169,0.0,0.8659714572931696,2.9096086025238037,38.17517190531039,5.00776281952858,worst_uncertainty_stratified_mhz
11266,250.0,10,26.494170312539563,-26.494170312539563,26.494170312539563,0.002191287841436355,0.002038881176743513,0.004230169018179868,20.424372871222573,17.31039346508914,0.0,0.004966465913745388,0.20650577545166016,40.632307035165994,2.542483299970627,worst_uncertainty_stratified_mhz
12412,265.0,10,28.715759308195388,-28.715759308195388,28.715759308195388,0.14671243485830765,0.3813105852964927,0.5280230201548004,25.14986488241515,8.55186742630318,0.0,4.298275964363128,5.164884567260742,36.538293268843304,11.590619921684265,worst_uncertainty_stratified_mhz
11386,265.0,10,26.784218397350788,-26.784218397350788,26.784218397350788,0.732960760877019,0.585956658614468,1.318917419491487,21.876549263835937,10.094931709084749,0.0,4.761467336222605,6.950363636016846,27.279800219209818,9.824648678302765,worst_uncertainty_stratified_mhz
11425,265.0,10,26.315709031447525,-26.315709031447525,26.315709031447525,0.2389252100663398,0.24265206139797138,0.4815772714643112,24.38931401006016,4.07992622701344,0.0,0.9566114150802605,2.9331064224243164,43.932298767535485,14.516891479492188,worst_uncertainty_stratified_mhz
11746,265.0,10,26.06616364620752,-26.06616364620752,26.06616364620752,0.683544055478047,0.09197654175866471,0.7755205972367116,22.13968922060341,8.976704332115947,0.0,0.1481060117220636,1.1909723281860352,42.79219408957666,10.564188241958618,worst_uncertainty_stratified_mhz
12133,265.0,10,25.59838824212956,-25.59838824212956,25.59838824212956,0.07999966996078044,0.06278848222327298,0.1427881521840534,22.68231106763081,7.8955552122096115,0.0,0.2001040375703127,1.4760894775390625,43.48832458258193,11.359665274620056,worst_uncertainty_stratified_mhz
12686,265.0,10,25.59481492266299,-25.59481492266299,25.59481492266299,0.06161481517484654,0.0639927407277671,0.12560755590261363,22.456652535998483,8.573633445621986,0.0,0.25789311862104114,1.6053247451782227,42.79219408957666,10.774556636810303,worst_uncertainty_stratified_mhz
12618,265.0,10,25.41086018599293,-25.41086018599293,25.41086018599293,0.19805804301705907,0.14507900280438485,0.3431370458214439,22.595102590861043,6.98970421443147,0.0,1.6052462698644234,3.7052106857299805,38.27450195626326,12.0784353017807,worst_uncertainty_stratified_mhz
12525,265.0,10,24.91966032235757,-24.91966032235757,24.91966032235757,0.19810565146842407,0.2379726170739091,0.43607826854233317,22.222467010149256,6.435213793443993,0.0,0.191132271574304,1.2704753875732422,42.79219408957666,12.433902978897095,worst_uncertainty_stratified_mhz
12361,265.0,10,24.794872669404302,-24.794872669404302,24.794872669404302,0.13524615374254498,0.11729935369378573,0.2525455074363307,22.293034769042226,6.3936085592723435,0.0,0.3292323257853127,1.9938774108886719,41.933727475625155,12.441840887069702,worst_uncertainty_stratified_mhz
12428,265.0,10,24.50977313732316,-24.50977313732316,24.50977313732316,0.07014662586176941,0.09300524170207213,0.16315186756384153,22.03888674281723,6.564872769135033,0.0,0.2407689995725235,1.6625080108642578,41.933727475625155,12.231512427330017,worst_uncertainty_stratified_mhz
11835,265.0,10,24.4502613998323,-24.4502613998323,24.4502613998323,0.7863449211331291,0.28226800711104166,1.0686129282441708,20.686747837719366,7.660753728023598,0.0,0.3767741879115505,1.8457612991333008,38.77418600048233,11.252970576286316,worst_uncertainty_stratified_mhz
11316,270.0,10,29.267893323035793,-29.267893323035793,29.267893323035793,0.04143223645094451,0.04964969499823442,0.09108193144917892,22.707720419319617,18.361513948767545,0.0,0.34534534348746604,2.000342607498169,42.724407544166134,3.45186710357666,worst_uncertainty_stratified_mhz
12079,270.0,10,29.15492300916252,-29.15492300916252,29.15492300916252,0.023589173345410868,0.004934573873963927,0.028523747219374795,22.254683517087095,19.604388389547022,0.0,0.007472287993474103,0.2988344430923462,44.1955880150949,2.1228885799646378,worst_uncertainty_stratified_mhz
12781,270.0,10,28.87837717821155,-28.87837717821155,28.87837717821155,0.0027766061510114104,0.011372599264892707,0.014149205415904118,21.9516618760362,19.627061974380158,0.0,0.10779948090607405,0.8955307006835938,42.79219408957666,1.9047037959098816,worst_uncertainty_stratified_mhz
12580,270.0,10,27.750367599940656,-27.750367599940656,27.750367599940656,0.009734211260080011,0.005227876785283577,0.014962088045363588,21.685932436568624,17.25081368997824,0.0,0.02859157158986303,0.5224876403808594,42.79219408957666,3.6166649162769318,worst_uncertainty_stratified_mhz
12033,270.0,10,25.84578740428174,-25.84578740428174,25.84578740428174,0.02017046109236718,0.0076863930214067745,0.027856854113773956,19.906465180615037,16.836231880300705,0.0,0.0426725719301464,0.6789376735687256,39.04864754380105,2.7492956817150116,worst_uncertainty_stratified_mhz
11578,270.0,10,25.33977675529258,-25.33977675529258,25.33977675529258,0.09313134721238592,0.02711004458901523,0.12024139180140114,19.295179037761077,16.84198487950859,0.0,0.07814409930652655,0.848334550857544,37.585735326051555,2.356097549200058,worst_uncertainty_stratified_mhz
12387,270.0,10,25.223838579603278,-25.223838579603278,25.223838579603278,0.0018642799036238716,0.004077434967282524,0.0059417148709063955,19.537438074320086,16.17687651840482,0.0,0.05107816178599123,0.6982178688049316,38.27450195626326,3.0455567240715027,worst_uncertainty_stratified_mhz
11695,280.0,10,28.774688710574946,-28.774688710574946,28.774688710574946,0.04608198776954519,0.01991493552690466,0.06599692329644985,22.410801643018857,17.889884158523316,0.0,0.28889903731183253,1.5183005332946777,42.72550467811937,3.6884650588035583,worst_uncertainty_stratified_mhz
11456,280.0,10,27.3457604133326,-27.3457604133326,27.3457604133326,0.020994414704226555,0.03620554448273474,0.057199959186961295,21.349161059181917,16.871007830180346,0.0,0.2798422707353856,1.6257152557373047,40.512922321155756,3.828165203332901,worst_uncertainty_stratified_mhz
12726,280.0,10,26.67197716258213,-26.67197716258213,26.67197716258213,0.012258612679693427,0.010787209468045744,0.02304582214773917,20.31158924103691,18.050616349260256,0.0,0.02546683767967206,0.5365185737609863,40.035726232953486,2.032765954732895,worst_uncertainty_stratified_mhz
11487,280.0,10,25.727302260038172,-25.727302260038172,25.727302260038172,0.06325142861999979,0.04092875155579356,0.10418018017579335,19.91005913972825,16.18100906818824,0.0,0.47769012859146187,2.0586583614349365,36.80607966083864,3.4759331941604614,worst_uncertainty_stratified_mhz
11486,280.0,10,25.047048122091,-25.047048122091,25.047048122091,0.019552289055801336,0.01967080994633725,0.039223099002138585,19.510876836347865,15.625432882002691,0.0,0.16549494206548943,1.2084763050079346,37.48228748355682,3.6261932253837585,worst_uncertainty_stratified_mhz
12056,280.0,10,24.914538284693197,-24.914538284693197,24.914538284693197,0.014818008496475868,0.013004014806434754,0.02782202330291062,19.254945497718808,16.007131767891728,0.0,0.12954496677685423,1.0831067562103271,37.16769430567358,3.073679953813553,worst_uncertainty_stratified_mhz
11361,300.0,10,28.631185654036138,-28.631185654036138,28.631185654036138,0.003997626123010565,0.005670063356952992,0.009667689479963557,21.935793798855464,19.072694988222214,0.0,0.010137641765577854,0.34053778648376465,43.51077452769601,2.448366940021515,worst_uncertainty_stratified_mhz
12343,300.0,10,28.44649347554346,-28.44649347554346,28.44649347554346,0.0024907886628285966,0.005116523931911422,0.007607312594740018,21.799970792924622,18.909395821886367,0.0,0.04231614525390537,0.7231152057647705,42.79219408957666,2.4932195246219635,worst_uncertainty_stratified_mhz
11455,300.0,10,27.915505505202223,-27.915505505202223,27.915505505202223,0.010844656694031923,0.010323509678388096,0.02116816637242002,21.46079814433244,18.30197360505801,0.0,0.09594438446941922,1.082566261291504,41.64714125843454,2.780667304992676,worst_uncertainty_stratified_mhz
11626,300.0,10,27.104592727829882,-27.104592727829882,27.104592727829882,0.005922967461064261,0.008224908000098351,0.014147875461162612,21.025363349809002,17.260852165375756,0.0,0.1025369874312787,1.0659472942352295,40.77970543052022,3.365961790084839,worst_uncertainty_stratified_mhz
12656,300.0,10,26.293033294767188,-26.293033294767188,26.293033294767188,0.010772871308449389,0.01041912290935395,0.021191994217803337,20.441712379959537,16.59361084864012,0.0,0.10041403022726669,1.002823829650879,39.67977286981366,3.5421414971351624,worst_uncertainty_stratified_mhz
11570,300.0,10,25.398329415485943,-25.398329415485943,25.398329415485943,0.006153122904292651,0.009197198322037083,0.015350321226329733,19.798435857546416,15.890565528411159,0.0,0.11488208400463051,1.0926055908203125,38.27450195626326,3.709106147289276,worst_uncertainty_stratified_mhz
