candidate_id,mhz,k,badness,quality_score,uncertainty,heatmap_mc_mse,decoder_mc_rce,epistemic_score,disagreement_score,prior_tension_score,peak_bias_score,p99_var,p99_mc_range,peak_loc_spread_px,pred_p99_mean,selected_reason
867,120.0,3,8.078543663024902,-8.078543663024902,8.078543663024902,0.0,0.0,8.078543663024902,10.788716316223145,-5.394358158111572,0.0,0.0,0.0,0.0,2.2453861236572266,worst_uncertainty_stratified_mhz
833,120.0,3,7.3754167556762695,-7.3754167556762695,7.3754167556762695,0.0,0.0,7.3754167556762695,10.519468307495117,-5.259734153747559,0.0,0.0,0.0,0.0,1.7082542181015015,worst_uncertainty_stratified_mhz
1513,120.0,3,6.787145137786865,-6.787145137786865,6.787145137786865,0.0,0.0,6.787145137786865,10.564312934875488,-5.282156467437744,0.0,0.0,0.0,0.0,1.5383577346801758,worst_uncertainty_stratified_mhz
1397,155.0,3,3.620753049850464,-3.620753049850464,3.620753049850464,0.0,0.0,3.620753049850464,10.147552490234375,-5.0737762451171875,0.0,0.0,0.0,0.0,3.6882333755493164,worst_uncertainty_stratified_mhz
1413,155.0,3,3.445435047149658,-3.445435047149658,3.445435047149658,0.0,0.0,3.445435047149658,10.152998924255371,-5.0764994621276855,0.0,0.0,0.0,0.0,3.9720797538757324,worst_uncertainty_stratified_mhz
1167,155.0,3,3.3720295429229736,-3.3720295429229736,3.3720295429229736,0.0,0.0,3.3720295429229736,10.163722038269043,-5.0818610191345215,0.0,0.0,0.0,0.0,3.478750705718994,worst_uncertainty_stratified_mhz
449,155.0,3,3.3162238597869873,-3.3162238597869873,3.3162238597869873,0.0,0.0,3.3162238597869873,10.168135643005371,-5.0840678215026855,0.0,0.0,0.0,0.0,3.4686520099639893,worst_uncertainty_stratified_mhz
211,155.0,3,3.2076385021209717,-3.2076385021209717,3.2076385021209717,0.0,0.0,3.2076385021209717,10.189066886901855,-5.094533443450928,0.0,0.0,0.0,0.0,3.544196367263794,worst_uncertainty_stratified_mhz
1120,155.0,3,3.1500377655029297,-3.1500377655029297,3.1500377655029297,0.0,0.0,3.1500377655029297,10.210664749145508,-5.105332374572754,0.0,0.0,0.0,0.0,3.501699924468994,worst_uncertainty_stratified_mhz
687,155.0,3,3.123652219772339,-3.123652219772339,3.123652219772339,0.0,0.0,3.123652219772339,10.215896606445312,-5.107948303222656,0.0,0.0,0.0,0.0,3.5219194889068604,worst_uncertainty_stratified_mhz
1533,155.0,3,3.0014216899871826,-3.0014216899871826,3.0014216899871826,0.0,0.0,3.0014216899871826,10.160554885864258,-5.080277442932129,0.0,0.0,0.0,0.0,3.7432823181152344,worst_uncertainty_stratified_mhz
1350,170.0,3,3.8222641944885254,-3.8222641944885254,3.8222641944885254,0.0,0.0,3.8222641944885254,10.204696655273438,-5.102348327636719,0.0,0.0,0.0,0.0,4.464333534240723,worst_uncertainty_stratified_mhz
781,170.0,3,3.1403322219848633,-3.1403322219848633,3.1403322219848633,0.0,0.0,3.1403322219848633,10.185982704162598,-5.092991352081299,0.0,0.0,0.0,0.0,5.297170639038086,worst_uncertainty_stratified_mhz
755,170.0,3,2.996586799621582,-2.996586799621582,2.996586799621582,0.0,0.0,2.996586799621582,10.235676765441895,-5.117838382720947,0.0,0.0,0.0,0.0,5.24368143081665,worst_uncertainty_stratified_mhz
1248,180.0,3,6.7853288650512695,-6.7853288650512695,6.7853288650512695,0.0,0.0,6.7853288650512695,10.168453216552734,-5.084226608276367,0.0,0.0,0.0,0.0,6.402383804321289,worst_uncertainty_stratified_mhz
1527,180.0,3,5.2460618019104,-5.2460618019104,5.2460618019104,0.0,0.0,5.2460618019104,10.23287582397461,-5.116437911987305,0.0,0.0,0.0,0.0,7.352198600769043,worst_uncertainty_stratified_mhz
1136,180.0,3,5.166065216064453,-5.166065216064453,5.166065216064453,0.0,0.0,5.166065216064453,10.131213188171387,-5.065606594085693,0.0,0.0,0.0,0.0,7.712087154388428,worst_uncertainty_stratified_mhz
888,180.0,3,5.141965866088867,-5.141965866088867,5.141965866088867,0.0,0.0,5.141965866088867,10.134096145629883,-5.067048072814941,0.0,0.0,0.0,0.0,7.164738178253174,worst_uncertainty_stratified_mhz
877,200.0,3,13.244735717773438,-13.244735717773438,13.244735717773438,0.0,0.0,13.244735717773438,10.211562156677246,-5.105781078338623,0.0,0.0,0.0,0.0,13.059682846069336,worst_uncertainty_stratified_mhz
529,200.0,3,11.652873039245605,-11.652873039245605,11.652873039245605,0.0,0.0,11.652873039245605,10.256468772888184,-5.128234386444092,0.0,0.0,0.0,0.0,17.32431411743164,worst_uncertainty_stratified_mhz
1009,200.0,3,11.514204025268555,-11.514204025268555,11.514204025268555,0.0,0.0,11.514204025268555,10.165677070617676,-5.082838535308838,0.0,0.0,0.0,0.0,13.071171760559082,worst_uncertainty_stratified_mhz
973,200.0,3,11.386030197143555,-11.386030197143555,11.386030197143555,0.0,0.0,11.386030197143555,10.207202911376953,-5.103601455688477,0.0,0.0,0.0,0.0,11.736701011657715,worst_uncertainty_stratified_mhz
330,200.0,3,11.338720321655273,-11.338720321655273,11.338720321655273,0.0,0.0,11.338720321655273,10.291382789611816,-5.145691394805908,0.0,0.0,0.0,0.0,17.18405532836914,worst_uncertainty_stratified_mhz
848,200.0,3,11.279875755310059,-11.279875755310059,11.279875755310059,0.0,0.0,11.279875755310059,10.201327323913574,-5.100663661956787,0.0,0.0,0.0,0.0,15.348034858703613,worst_uncertainty_stratified_mhz
1067,200.0,3,11.109078407287598,-11.109078407287598,11.109078407287598,0.0,0.0,11.109078407287598,10.193758010864258,-5.096879005432129,0.0,0.0,0.0,0.0,13.633009910583496,worst_uncertainty_stratified_mhz
1403,200.0,3,11.099268913269043,-11.099268913269043,11.099268913269043,0.0,0.0,11.099268913269043,10.226618766784668,-5.113309383392334,0.0,0.0,0.0,0.0,16.38962745666504,worst_uncertainty_stratified_mhz
1111,230.0,3,8.424955368041992,-8.424955368041992,8.424955368041992,0.0,0.0,8.424955368041992,10.381749153137207,-5.1908745765686035,0.0,0.0,0.0,0.0,7.038364887237549,worst_uncertainty_stratified_mhz
792,230.0,3,8.21351146697998,-8.21351146697998,8.21351146697998,0.0,0.0,8.21351146697998,10.388638496398926,-5.194319248199463,0.0,0.0,0.0,0.0,5.338376045227051,worst_uncertainty_stratified_mhz
1550,230.0,3,8.182849884033203,-8.182849884033203,8.182849884033203,0.0,0.0,8.182849884033203,10.294772148132324,-5.147386074066162,0.0,0.0,0.0,0.0,9.419096946716309,worst_uncertainty_stratified_mhz
1060,230.0,3,8.175760269165039,-8.175760269165039,8.175760269165039,0.0,0.0,8.175760269165039,10.330182075500488,-5.165091037750244,0.0,0.0,0.0,0.0,10.939249038696289,worst_uncertainty_stratified_mhz
886,230.0,3,8.033594131469727,-8.033594131469727,8.033594131469727,0.0,0.0,8.033594131469727,10.540424346923828,-5.270212173461914,0.0,0.0,0.0,0.0,7.413005352020264,worst_uncertainty_stratified_mhz
396,230.0,3,8.010176658630371,-8.010176658630371,8.010176658630371,0.0,0.0,8.010176658630371,10.4509916305542,-5.2254958152771,0.0,0.0,0.0,0.0,7.171394348144531,worst_uncertainty_stratified_mhz
1420,230.0,3,8.000996589660645,-8.000996589660645,8.000996589660645,0.0,0.0,8.000996589660645,10.56364631652832,-5.28182315826416,0.0,0.0,0.0,0.0,6.996341228485107,worst_uncertainty_stratified_mhz
238,230.0,3,7.895814895629883,-7.895814895629883,7.895814895629883,0.0,0.0,7.895814895629883,10.4428071975708,-5.2214035987854,0.0,0.0,0.0,0.0,6.634885311126709,worst_uncertainty_stratified_mhz
1072,250.0,3,9.059865951538086,-9.059865951538086,9.059865951538086,0.0,0.0,9.059865951538086,10.363770484924316,-5.181885242462158,0.0,0.0,0.0,0.0,9.982283592224121,worst_uncertainty_stratified_mhz
350,250.0,3,8.751725196838379,-8.751725196838379,8.751725196838379,0.0,0.0,8.751725196838379,10.270668983459473,-5.135334491729736,0.0,0.0,0.0,0.0,11.840215682983398,worst_uncertainty_stratified_mhz
417,250.0,3,8.249351501464844,-8.249351501464844,8.249351501464844,0.0,0.0,8.249351501464844,10.283700942993164,-5.141850471496582,0.0,0.0,0.0,0.0,10.008424758911133,worst_uncertainty_stratified_mhz
209,250.0,3,8.026321411132812,-8.026321411132812,8.026321411132812,0.0,0.0,8.026321411132812,10.330944061279297,-5.165472030639648,0.0,0.0,0.0,0.0,9.40539836883545,worst_uncertainty_stratified_mhz
816,250.0,3,7.966351509094238,-7.966351509094238,7.966351509094238,0.0,0.0,7.966351509094238,10.34525203704834,-5.17262601852417,0.0,0.0,0.0,0.0,10.992335319519043,worst_uncertainty_stratified_mhz
930,250.0,3,6.985260963439941,-6.985260963439941,6.985260963439941,0.0,0.0,6.985260963439941,10.29834270477295,-5.149171352386475,0.0,0.0,0.0,0.0,10.888145446777344,worst_uncertainty_stratified_mhz
1525,250.0,3,6.943501949310303,-6.943501949310303,6.943501949310303,0.0,0.0,6.943501949310303,10.23558235168457,-5.117791175842285,0.0,0.0,0.0,0.0,11.44686222076416,worst_uncertainty_stratified_mhz
967,250.0,3,6.940000534057617,-6.940000534057617,6.940000534057617,0.0,0.0,6.940000534057617,10.337743759155273,-5.168871879577637,0.0,0.0,0.0,0.0,11.504918098449707,worst_uncertainty_stratified_mhz
42,250.0,3,6.928302764892578,-6.928302764892578,6.928302764892578,0.0,0.0,6.928302764892578,10.343185424804688,-5.171592712402344,0.0,0.0,0.0,0.0,13.065977096557617,worst_uncertainty_stratified_mhz
437,250.0,3,6.916141033172607,-6.916141033172607,6.916141033172607,0.0,0.0,6.916141033172607,10.321954727172852,-5.160977363586426,0.0,0.0,0.0,0.0,12.503965377807617,worst_uncertainty_stratified_mhz
1255,250.0,3,6.795634746551514,-6.795634746551514,6.795634746551514,0.0,0.0,6.795634746551514,10.416842460632324,-5.208421230316162,0.0,0.0,0.0,0.0,12.513595581054688,worst_uncertainty_stratified_mhz
1437,250.0,3,6.747250556945801,-6.747250556945801,6.747250556945801,0.0,0.0,6.747250556945801,10.351019859313965,-5.175509929656982,0.0,0.0,0.0,0.0,11.1349458694458,worst_uncertainty_stratified_mhz
399,265.0,3,6.428614616394043,-6.428614616394043,6.428614616394043,0.0,0.0,6.428614616394043,10.190625190734863,-5.095312595367432,0.0,0.0,0.0,0.0,10.344462394714355,worst_uncertainty_stratified_mhz
1144,265.0,3,6.12412166595459,-6.12412166595459,6.12412166595459,0.0,0.0,6.12412166595459,10.127150535583496,-5.063575267791748,0.0,0.0,0.0,0.0,10.678449630737305,worst_uncertainty_stratified_mhz
230,265.0,3,5.730792999267578,-5.730792999267578,5.730792999267578,0.0,0.0,5.730792999267578,10.230533599853516,-5.115266799926758,0.0,0.0,0.0,0.0,10.71131420135498,worst_uncertainty_stratified_mhz
38,265.0,3,5.692771911621094,-5.692771911621094,5.692771911621094,0.0,0.0,5.692771911621094,10.17320728302002,-5.08660364151001,0.0,0.0,0.0,0.0,10.921725273132324,worst_uncertainty_stratified_mhz
712,265.0,3,5.60066556930542,-5.60066556930542,5.60066556930542,0.0,0.0,5.60066556930542,10.191510200500488,-5.095755100250244,0.0,0.0,0.0,0.0,10.702110290527344,worst_uncertainty_stratified_mhz
1511,265.0,3,5.347160339355469,-5.347160339355469,5.347160339355469,0.0,0.0,5.347160339355469,10.1707181930542,-5.0853590965271,0.0,0.0,0.0,0.0,10.720332145690918,worst_uncertainty_stratified_mhz
1499,265.0,3,5.264520168304443,-5.264520168304443,5.264520168304443,0.0,0.0,5.264520168304443,10.240850448608398,-5.120425224304199,0.0,0.0,0.0,0.0,10.479907035827637,worst_uncertainty_stratified_mhz
1565,265.0,3,5.205151557922363,-5.205151557922363,5.205151557922363,0.0,0.0,5.205151557922363,10.135289192199707,-5.0676445960998535,0.0,0.0,0.0,0.0,10.707313537597656,worst_uncertainty_stratified_mhz
132,265.0,3,5.17832088470459,-5.17832088470459,5.17832088470459,0.0,0.0,5.17832088470459,10.144143104553223,-5.072071552276611,0.0,0.0,0.0,0.0,10.103893280029297,worst_uncertainty_stratified_mhz
992,265.0,3,5.075923919677734,-5.075923919677734,5.075923919677734,0.0,0.0,5.075923919677734,10.15148639678955,-5.075743198394775,0.0,0.0,0.0,0.0,10.786778450012207,worst_uncertainty_stratified_mhz
838,265.0,3,4.96475887298584,-4.96475887298584,4.96475887298584,0.0,0.0,4.96475887298584,10.25573444366455,-5.127867221832275,0.0,0.0,0.0,0.0,9.880096435546875,worst_uncertainty_stratified_mhz
1271,270.0,3,7.951790809631348,-7.951790809631348,7.951790809631348,0.0,0.0,7.951790809631348,10.183756828308105,-5.091878414154053,0.0,0.0,0.0,0.0,11.851838111877441,worst_uncertainty_stratified_mhz
846,270.0,3,7.099802017211914,-7.099802017211914,7.099802017211914,0.0,0.0,7.099802017211914,10.163213729858398,-5.081606864929199,0.0,0.0,0.0,0.0,11.844433784484863,worst_uncertainty_stratified_mhz
1330,270.0,3,7.016191482543945,-7.016191482543945,7.016191482543945,0.0,0.0,7.016191482543945,10.205863952636719,-5.102931976318359,0.0,0.0,0.0,0.0,12.285405158996582,worst_uncertainty_stratified_mhz
264,270.0,3,6.603764057159424,-6.603764057159424,6.603764057159424,0.0,0.0,6.603764057159424,10.184717178344727,-5.092358589172363,0.0,0.0,0.0,0.0,13.193384170532227,worst_uncertainty_stratified_mhz
655,270.0,3,6.502799987792969,-6.502799987792969,6.502799987792969,0.0,0.0,6.502799987792969,10.132729530334473,-5.066364765167236,0.0,0.0,0.0,0.0,11.632131576538086,worst_uncertainty_stratified_mhz
1184,270.0,3,6.184121608734131,-6.184121608734131,6.184121608734131,0.0,0.0,6.184121608734131,10.137736320495605,-5.068868160247803,0.0,0.0,0.0,0.0,13.218214988708496,worst_uncertainty_stratified_mhz
586,270.0,3,6.157681941986084,-6.157681941986084,6.157681941986084,0.0,0.0,6.157681941986084,10.219583511352539,-5.1097917556762695,0.0,0.0,0.0,0.0,11.744035720825195,worst_uncertainty_stratified_mhz
793,280.0,3,7.419590950012207,-7.419590950012207,7.419590950012207,0.0,0.0,7.419590950012207,10.195898056030273,-5.097949028015137,0.0,0.0,0.0,0.0,11.140804290771484,worst_uncertainty_stratified_mhz
1155,280.0,3,7.1931681632995605,-7.1931681632995605,7.1931681632995605,0.0,0.0,7.1931681632995605,10.266088485717773,-5.133044242858887,0.0,0.0,0.0,0.0,10.669307708740234,worst_uncertainty_stratified_mhz
1429,280.0,3,6.8637495040893555,-6.8637495040893555,6.8637495040893555,0.0,0.0,6.8637495040893555,10.184547424316406,-5.092273712158203,0.0,0.0,0.0,0.0,9.979999542236328,worst_uncertainty_stratified_mhz
99,280.0,3,6.650312900543213,-6.650312900543213,6.650312900543213,0.0,0.0,6.650312900543213,10.159910202026367,-5.079955101013184,0.0,0.0,0.0,0.0,11.320603370666504,worst_uncertainty_stratified_mhz
689,280.0,3,6.557967185974121,-6.557967185974121,6.557967185974121,0.0,0.0,6.557967185974121,10.13101577758789,-5.065507888793945,0.0,0.0,0.0,0.0,10.734981536865234,worst_uncertainty_stratified_mhz
199,280.0,3,6.534496307373047,-6.534496307373047,6.534496307373047,0.0,0.0,6.534496307373047,10.198409080505371,-5.0992045402526855,0.0,0.0,0.0,0.0,11.361190795898438,worst_uncertainty_stratified_mhz
394,300.0,3,6.968611717224121,-6.968611717224121,6.968611717224121,0.0,0.0,6.968611717224121,10.320261001586914,-5.160130500793457,0.0,0.0,0.0,0.0,7.869968414306641,worst_uncertainty_stratified_mhz
1189,300.0,3,6.794543266296387,-6.794543266296387,6.794543266296387,0.0,0.0,6.794543266296387,10.221535682678223,-5.110767841339111,0.0,0.0,0.0,0.0,8.106621742248535,worst_uncertainty_stratified_mhz
1163,300.0,3,6.611379623413086,-6.611379623413086,6.611379623413086,0.0,0.0,6.611379623413086,10.231119155883789,-5.1155595779418945,0.0,0.0,0.0,0.0,9.241134643554688,worst_uncertainty_stratified_mhz
825,300.0,3,6.326444625854492,-6.326444625854492,6.326444625854492,0.0,0.0,6.326444625854492,10.226093292236328,-5.113046646118164,0.0,0.0,0.0,0.0,8.555886268615723,worst_uncertainty_stratified_mhz
630,300.0,3,5.664918899536133,-5.664918899536133,5.664918899536133,0.0,0.0,5.664918899536133,10.209365844726562,-5.104682922363281,0.0,0.0,0.0,0.0,7.696305751800537,worst_uncertainty_stratified_mhz
1074,300.0,3,5.5420355796813965,-5.5420355796813965,5.5420355796813965,0.0,0.0,5.5420355796813965,10.236340522766113,-5.118170261383057,0.0,0.0,0.0,0.0,9.623779296875,worst_uncertainty_stratified_mhz
442,200.0,3,11.046969413757324,-11.046969413757324,11.046969413757324,0.0,0.0,11.046969413757324,10.181534767150879,-5.0907673835754395,0.0,0.0,0.0,0.0,13.805915832519531,worst_uncertainty_stratified_mhz
1249,200.0,3,10.905044555664062,-10.905044555664062,10.905044555664062,0.0,0.0,10.905044555664062,10.2454833984375,-5.12274169921875,0.0,0.0,0.0,0.0,10.407858848571777,worst_uncertainty_stratified_mhz
61,200.0,3,10.795707702636719,-10.795707702636719,10.795707702636719,0.0,0.0,10.795707702636719,10.22131061553955,-5.110655307769775,0.0,0.0,0.0,0.0,14.664165496826172,worst_uncertainty_stratified_mhz
124,200.0,3,10.745875358581543,-10.745875358581543,10.745875358581543,0.0,0.0,10.745875358581543,10.19131088256836,-5.09565544128418,0.0,0.0,0.0,0.0,13.119644165039062,worst_uncertainty_stratified_mhz
2586,120.0,4,22.655742645263672,-22.655742645263672,22.655742645263672,0.0,0.0,22.655742645263672,10.320685386657715,-5.160342693328857,0.0,0.0,0.0,0.0,8.559277534484863,worst_uncertainty_stratified_mhz
3138,120.0,4,22.47882080078125,-22.47882080078125,22.47882080078125,0.0,0.0,22.47882080078125,10.322676658630371,-5.1613383293151855,0.0,0.0,0.0,0.0,7.468809127807617,worst_uncertainty_stratified_mhz
2177,120.0,4,22.133150100708008,-22.133150100708008,22.133150100708008,0.0,0.0,22.133150100708008,10.337862014770508,-5.168931007385254,0.0,0.0,0.0,0.0,7.0319294929504395,worst_uncertainty_stratified_mhz
1619,150.0,4,2.8886842727661133,-2.8886842727661133,2.8886842727661133,0.0,0.0,2.8886842727661133,10.246844291687012,-5.123422145843506,0.0,0.0,0.0,0.0,2.6489341259002686,worst_uncertainty_stratified_mhz
2432,155.0,4,4.220203876495361,-4.220203876495361,4.220203876495361,0.0,0.0,4.220203876495361,10.109082221984863,-5.054541110992432,0.0,0.0,0.0,0.0,3.520267963409424,worst_uncertainty_stratified_mhz
2303,155.0,4,4.192082405090332,-4.192082405090332,4.192082405090332,0.0,0.0,4.192082405090332,10.203987121582031,-5.101993560791016,0.0,0.0,0.0,0.0,3.593451976776123,worst_uncertainty_stratified_mhz
2453,155.0,4,4.151988983154297,-4.151988983154297,4.151988983154297,0.0,0.0,4.151988983154297,10.11900806427002,-5.05950403213501,0.0,0.0,0.0,0.0,3.744478464126587,worst_uncertainty_stratified_mhz
2456,155.0,4,3.828972339630127,-3.828972339630127,3.828972339630127,0.0,0.0,3.828972339630127,10.177624702453613,-5.088812351226807,0.0,0.0,0.0,0.0,3.5639946460723877,worst_uncertainty_stratified_mhz
2422,155.0,4,3.8095412254333496,-3.8095412254333496,3.8095412254333496,0.0,0.0,3.8095412254333496,10.117454528808594,-5.058727264404297,0.0,0.0,0.0,0.0,3.4604337215423584,worst_uncertainty_stratified_mhz
2239,155.0,4,3.7820591926574707,-3.7820591926574707,3.7820591926574707,0.0,0.0,3.7820591926574707,10.189240455627441,-5.094620227813721,0.0,0.0,0.0,0.0,3.483001470565796,worst_uncertainty_stratified_mhz
2380,155.0,4,3.656611680984497,-3.656611680984497,3.656611680984497,0.0,0.0,3.656611680984497,10.295563697814941,-5.147781848907471,0.0,0.0,0.0,0.0,3.2978127002716064,worst_uncertainty_stratified_mhz
2170,155.0,4,3.647188186645508,-3.647188186645508,3.647188186645508,0.0,0.0,3.647188186645508,10.10477066040039,-5.052385330200195,0.0,0.0,0.0,0.0,3.698683023452759,worst_uncertainty_stratified_mhz
1864,180.0,4,6.333162784576416,-6.333162784576416,6.333162784576416,0.0,0.0,6.333162784576416,10.198653221130371,-5.0993266105651855,0.0,0.0,0.0,0.0,7.3096160888671875,worst_uncertainty_stratified_mhz
1922,180.0,4,5.657486438751221,-5.657486438751221,5.657486438751221,0.0,0.0,5.657486438751221,10.14499568939209,-5.072497844696045,0.0,0.0,0.0,0.0,6.084958553314209,worst_uncertainty_stratified_mhz
3188,180.0,4,5.502886772155762,-5.502886772155762,5.502886772155762,0.0,0.0,5.502886772155762,10.212752342224121,-5.1063761711120605,0.0,0.0,0.0,0.0,6.486737251281738,worst_uncertainty_stratified_mhz
1638,180.0,4,5.291288375854492,-5.291288375854492,5.291288375854492,0.0,0.0,5.291288375854492,10.176103591918945,-5.088051795959473,0.0,0.0,0.0,0.0,6.092727184295654,worst_uncertainty_stratified_mhz
3018,200.0,4,13.630609512329102,-13.630609512329102,13.630609512329102,0.0,0.0,13.630609512329102,10.20883846282959,-5.104419231414795,0.0,0.0,0.0,0.0,12.730513572692871,worst_uncertainty_stratified_mhz
2449,200.0,4,11.944100379943848,-11.944100379943848,11.944100379943848,0.0,0.0,11.944100379943848,10.2291898727417,-5.11459493637085,0.0,0.0,0.0,0.0,13.153183937072754,worst_uncertainty_stratified_mhz
2588,200.0,4,10.975887298583984,-10.975887298583984,10.975887298583984,0.0,0.0,10.975887298583984,10.202587127685547,-5.101293563842773,0.0,0.0,0.0,0.0,14.189018249511719,worst_uncertainty_stratified_mhz
2832,200.0,4,10.568486213684082,-10.568486213684082,10.568486213684082,0.0,0.0,10.568486213684082,10.168246269226074,-5.084123134613037,0.0,0.0,0.0,0.0,10.723276138305664,worst_uncertainty_stratified_mhz
2984,200.0,4,10.534401893615723,-10.534401893615723,10.534401893615723,0.0,0.0,10.534401893615723,10.195281028747559,-5.097640514373779,0.0,0.0,0.0,0.0,14.322837829589844,worst_uncertainty_stratified_mhz
2190,200.0,4,10.311263084411621,-10.311263084411621,10.311263084411621,0.0,0.0,10.311263084411621,10.228300094604492,-5.114150047302246,0.0,0.0,0.0,0.0,13.203825950622559,worst_uncertainty_stratified_mhz
2490,200.0,4,10.09316349029541,-10.09316349029541,10.09316349029541,0.0,0.0,10.09316349029541,10.242279052734375,-5.1211395263671875,0.0,0.0,0.0,0.0,15.182476043701172,worst_uncertainty_stratified_mhz
2782,200.0,4,9.887470245361328,-9.887470245361328,9.887470245361328,0.0,0.0,9.887470245361328,10.209935188293457,-5.1049675941467285,0.0,0.0,0.0,0.0,16.03146743774414,worst_uncertainty_stratified_mhz
2108,230.0,4,10.17535400390625,-10.17535400390625,10.17535400390625,0.0,0.0,10.17535400390625,10.302477836608887,-5.151238918304443,0.0,0.0,0.0,0.0,10.050498008728027,worst_uncertainty_stratified_mhz
2235,230.0,4,10.163864135742188,-10.163864135742188,10.163864135742188,0.0,0.0,10.163864135742188,10.438631057739258,-5.219315528869629,0.0,0.0,0.0,0.0,8.257866859436035,worst_uncertainty_stratified_mhz
2002,230.0,4,9.863812446594238,-9.863812446594238,9.863812446594238,0.0,0.0,9.863812446594238,10.31617546081543,-5.158087730407715,0.0,0.0,0.0,0.0,12.300698280334473,worst_uncertainty_stratified_mhz
1639,230.0,4,9.851475715637207,-9.851475715637207,9.851475715637207,0.0,0.0,9.851475715637207,10.400562286376953,-5.200281143188477,0.0,0.0,0.0,0.0,9.125444412231445,worst_uncertainty_stratified_mhz
2573,230.0,4,9.816902160644531,-9.816902160644531,9.816902160644531,0.0,0.0,9.816902160644531,10.270601272583008,-5.135300636291504,0.0,0.0,0.0,0.0,12.525562286376953,worst_uncertainty_stratified_mhz
3109,230.0,4,9.686995506286621,-9.686995506286621,9.686995506286621,0.0,0.0,9.686995506286621,10.50365924835205,-5.251829624176025,0.0,0.0,0.0,0.0,5.939045429229736,worst_uncertainty_stratified_mhz
3026,230.0,4,9.510122299194336,-9.510122299194336,9.510122299194336,0.0,0.0,9.510122299194336,10.365265846252441,-5.182632923126221,0.0,0.0,0.0,0.0,9.227806091308594,worst_uncertainty_stratified_mhz
2942,230.0,4,9.426933288574219,-9.426933288574219,9.426933288574219,0.0,0.0,9.426933288574219,10.48356819152832,-5.24178409576416,0.0,0.0,0.0,0.0,7.192309379577637,worst_uncertainty_stratified_mhz
2064,250.0,4,9.070626258850098,-9.070626258850098,9.070626258850098,0.0,0.0,9.070626258850098,10.261146545410156,-5.130573272705078,0.0,0.0,0.0,0.0,12.993415832519531,worst_uncertainty_stratified_mhz
1834,250.0,4,8.352593421936035,-8.352593421936035,8.352593421936035,0.0,0.0,8.352593421936035,10.295825958251953,-5.147912979125977,0.0,0.0,0.0,0.0,12.76860523223877,worst_uncertainty_stratified_mhz
2395,250.0,4,8.156736373901367,-8.156736373901367,8.156736373901367,0.0,0.0,8.156736373901367,10.29888916015625,-5.149444580078125,0.0,0.0,0.0,0.0,10.128946304321289,worst_uncertainty_stratified_mhz
1676,250.0,4,7.937592506408691,-7.937592506408691,7.937592506408691,0.0,0.0,7.937592506408691,10.38925838470459,-5.194629192352295,0.0,0.0,0.0,0.0,10.233390808105469,worst_uncertainty_stratified_mhz
2507,250.0,4,7.896824836730957,-7.896824836730957,7.896824836730957,0.0,0.0,7.896824836730957,10.327282905578613,-5.163641452789307,0.0,0.0,0.0,0.0,11.631353378295898,worst_uncertainty_stratified_mhz
1658,250.0,4,7.805879592895508,-7.805879592895508,7.805879592895508,0.0,0.0,7.805879592895508,10.37969970703125,-5.189849853515625,0.0,0.0,0.0,0.0,12.180181503295898,worst_uncertainty_stratified_mhz
2946,250.0,4,7.685532569885254,-7.685532569885254,7.685532569885254,0.0,0.0,7.685532569885254,10.411685943603516,-5.205842971801758,0.0,0.0,0.0,0.0,9.546503067016602,worst_uncertainty_stratified_mhz
1989,250.0,4,7.665255069732666,-7.665255069732666,7.665255069732666,0.0,0.0,7.665255069732666,10.232043266296387,-5.116021633148193,0.0,0.0,0.0,0.0,11.75353717803955,worst_uncertainty_stratified_mhz
2148,250.0,4,7.65737247467041,-7.65737247467041,7.65737247467041,0.0,0.0,7.65737247467041,10.246089935302734,-5.123044967651367,0.0,0.0,0.0,0.0,10.044563293457031,worst_uncertainty_stratified_mhz
1700,250.0,4,7.516310214996338,-7.516310214996338,7.516310214996338,0.0,0.0,7.516310214996338,10.350543022155762,-5.175271511077881,0.0,0.0,0.0,0.0,12.542037963867188,worst_uncertainty_stratified_mhz
1686,250.0,4,7.321843147277832,-7.321843147277832,7.321843147277832,0.0,0.0,7.321843147277832,10.375638961791992,-5.187819480895996,0.0,0.0,0.0,0.0,10.07827377319336,worst_uncertainty_stratified_mhz
2974,250.0,4,7.320309162139893,-7.320309162139893,7.320309162139893,0.0,0.0,7.320309162139893,10.414188385009766,-5.207094192504883,0.0,0.0,0.0,0.0,9.405101776123047,worst_uncertainty_stratified_mhz
2743,265.0,4,6.787018775939941,-6.787018775939941,6.787018775939941,0.0,0.0,6.787018775939941,10.211270332336426,-5.105635166168213,0.0,0.0,0.0,0.0,10.900130271911621,worst_uncertainty_stratified_mhz
2925,265.0,4,6.261817932128906,-6.261817932128906,6.261817932128906,0.0,0.0,6.261817932128906,10.197975158691406,-5.098987579345703,0.0,0.0,0.0,0.0,11.149863243103027,worst_uncertainty_stratified_mhz
1683,265.0,4,5.898651123046875,-5.898651123046875,5.898651123046875,0.0,0.0,5.898651123046875,10.199426651000977,-5.099713325500488,0.0,0.0,0.0,0.0,10.784625053405762,worst_uncertainty_stratified_mhz
3133,265.0,4,5.825559616088867,-5.825559616088867,5.825559616088867,0.0,0.0,5.825559616088867,10.196113586425781,-5.098056793212891,0.0,0.0,0.0,0.0,9.998150825500488,worst_uncertainty_stratified_mhz
2461,265.0,4,5.823550701141357,-5.823550701141357,5.823550701141357,0.0,0.0,5.823550701141357,10.215280532836914,-5.107640266418457,0.0,0.0,0.0,0.0,10.36516284942627,worst_uncertainty_stratified_mhz
1963,265.0,4,5.726091384887695,-5.726091384887695,5.726091384887695,0.0,0.0,5.726091384887695,10.172835350036621,-5.0864176750183105,0.0,0.0,0.0,0.0,10.739474296569824,worst_uncertainty_stratified_mhz
2016,265.0,4,5.637535095214844,-5.637535095214844,5.637535095214844,0.0,0.0,5.637535095214844,10.143325805664062,-5.071662902832031,0.0,0.0,0.0,0.0,10.472562789916992,worst_uncertainty_stratified_mhz
2920,265.0,4,5.621030807495117,-5.621030807495117,5.621030807495117,0.0,0.0,5.621030807495117,10.171272277832031,-5.085636138916016,0.0,0.0,0.0,0.0,10.816023826599121,worst_uncertainty_stratified_mhz
2895,265.0,4,5.602835178375244,-5.602835178375244,5.602835178375244,0.0,0.0,5.602835178375244,10.134723663330078,-5.067361831665039,0.0,0.0,0.0,0.0,10.080652236938477,worst_uncertainty_stratified_mhz
2232,265.0,4,5.571320533752441,-5.571320533752441,5.571320533752441,0.0,0.0,5.571320533752441,10.153375625610352,-5.076687812805176,0.0,0.0,0.0,0.0,10.515510559082031,worst_uncertainty_stratified_mhz
1753,265.0,4,5.530582904815674,-5.530582904815674,5.530582904815674,0.0,0.0,5.530582904815674,10.217619895935059,-5.108809947967529,0.0,0.0,0.0,0.0,10.749588012695312,worst_uncertainty_stratified_mhz
1625,270.0,4,7.718249320983887,-7.718249320983887,7.718249320983887,0.0,0.0,7.718249320983887,10.20553207397461,-5.102766036987305,0.0,0.0,0.0,0.0,12.03933048248291,worst_uncertainty_stratified_mhz
2547,270.0,4,7.213035583496094,-7.213035583496094,7.213035583496094,0.0,0.0,7.213035583496094,10.154842376708984,-5.077421188354492,0.0,0.0,0.0,0.0,12.244806289672852,worst_uncertainty_stratified_mhz
2916,270.0,4,7.0948662757873535,-7.0948662757873535,7.0948662757873535,0.0,0.0,7.0948662757873535,10.274170875549316,-5.137085437774658,0.0,0.0,0.0,0.0,11.547311782836914,worst_uncertainty_stratified_mhz
2681,270.0,4,6.839081764221191,-6.839081764221191,6.839081764221191,0.0,0.0,6.839081764221191,10.16721248626709,-5.083606243133545,0.0,0.0,0.0,0.0,13.170880317687988,worst_uncertainty_stratified_mhz
2413,270.0,4,6.810824871063232,-6.810824871063232,6.810824871063232,0.0,0.0,6.810824871063232,10.176887512207031,-5.088443756103516,0.0,0.0,0.0,0.0,12.8305025100708,worst_uncertainty_stratified_mhz
3129,270.0,4,6.805686950683594,-6.805686950683594,6.805686950683594,0.0,0.0,6.805686950683594,10.157989501953125,-5.0789947509765625,0.0,0.0,0.0,0.0,12.707679748535156,worst_uncertainty_stratified_mhz
2707,270.0,4,6.589895248413086,-6.589895248413086,6.589895248413086,0.0,0.0,6.589895248413086,10.129497528076172,-5.064748764038086,0.0,0.0,0.0,0.0,11.926782608032227,worst_uncertainty_stratified_mhz
2259,280.0,4,8.244945526123047,-8.244945526123047,8.244945526123047,0.0,0.0,8.244945526123047,10.160059928894043,-5.0800299644470215,0.0,0.0,0.0,0.0,11.708971977233887,worst_uncertainty_stratified_mhz
2187,280.0,4,8.088470458984375,-8.088470458984375,8.088470458984375,0.0,0.0,8.088470458984375,10.227807998657227,-5.113903999328613,0.0,0.0,0.0,0.0,11.347042083740234,worst_uncertainty_stratified_mhz
1758,280.0,4,7.863543510437012,-7.863543510437012,7.863543510437012,0.0,0.0,7.863543510437012,10.160477638244629,-5.0802388191223145,0.0,0.0,0.0,0.0,11.862251281738281,worst_uncertainty_stratified_mhz
1831,280.0,4,7.760500907897949,-7.760500907897949,7.760500907897949,0.0,0.0,7.760500907897949,10.215664863586426,-5.107832431793213,0.0,0.0,0.0,0.0,12.317580223083496,worst_uncertainty_stratified_mhz
2305,280.0,4,7.417872428894043,-7.417872428894043,7.417872428894043,0.0,0.0,7.417872428894043,10.18657398223877,-5.093286991119385,0.0,0.0,0.0,0.0,11.776082992553711,worst_uncertainty_stratified_mhz
1938,280.0,4,7.150972366333008,-7.150972366333008,7.150972366333008,0.0,0.0,7.150972366333008,10.151714324951172,-5.075857162475586,0.0,0.0,0.0,0.0,11.262514114379883,worst_uncertainty_stratified_mhz
2851,300.0,4,8.343178749084473,-8.343178749084473,8.343178749084473,0.0,0.0,8.343178749084473,10.243767738342285,-5.121883869171143,0.0,0.0,0.0,0.0,8.443188667297363,worst_uncertainty_stratified_mhz
2855,300.0,4,7.322745323181152,-7.322745323181152,7.322745323181152,0.0,0.0,7.322745323181152,10.199907302856445,-5.099953651428223,0.0,0.0,0.0,0.0,7.98132848739624,worst_uncertainty_stratified_mhz
2871,300.0,4,7.313302040100098,-7.313302040100098,7.313302040100098,0.0,0.0,7.313302040100098,10.244458198547363,-5.122229099273682,0.0,0.0,0.0,0.0,9.252243995666504,worst_uncertainty_stratified_mhz
2245,300.0,4,7.193428993225098,-7.193428993225098,7.193428993225098,0.0,0.0,7.193428993225098,10.203810691833496,-5.101905345916748,0.0,0.0,0.0,0.0,7.608127117156982,worst_uncertainty_stratified_mhz
2098,300.0,4,7.06859016418457,-7.06859016418457,7.06859016418457,0.0,0.0,7.06859016418457,10.193284034729004,-5.096642017364502,0.0,0.0,0.0,0.0,8.779720306396484,worst_uncertainty_stratified_mhz
2561,300.0,4,7.0535197257995605,-7.0535197257995605,7.0535197257995605,0.0,0.0,7.0535197257995605,10.195143699645996,-5.097571849822998,0.0,0.0,0.0,0.0,9.105400085449219,worst_uncertainty_stratified_mhz
1791,120.0,4,21.936857223510742,-21.936857223510742,21.936857223510742,0.0,0.0,21.936857223510742,10.35573673248291,-5.177868366241455,0.0,0.0,0.0,0.0,7.751784801483154,worst_uncertainty_stratified_mhz
2429,120.0,4,21.715057373046875,-21.715057373046875,21.715057373046875,0.0,0.0,21.715057373046875,10.321907997131348,-5.160953998565674,0.0,0.0,0.0,0.0,7.933279037475586,worst_uncertainty_stratified_mhz
2659,120.0,4,20.253400802612305,-20.253400802612305,20.253400802612305,0.0,0.0,20.253400802612305,10.288479804992676,-5.144239902496338,0.0,0.0,0.0,0.0,9.34762954711914,worst_uncertainty_stratified_mhz
2940,120.0,4,20.24393653869629,-20.24393653869629,20.24393653869629,0.0,0.0,20.24393653869629,10.35600471496582,-5.17800235748291,0.0,0.0,0.0,0.0,9.316814422607422,worst_uncertainty_stratified_mhz
2989,120.0,4,20.086078643798828,-20.086078643798828,20.086078643798828,0.0,0.0,20.086078643798828,10.322870254516602,-5.161435127258301,0.0,0.0,0.0,0.0,9.248727798461914,worst_uncertainty_stratified_mhz
1694,120.0,4,19.6230525970459,-19.6230525970459,19.6230525970459,0.0,0.0,19.6230525970459,10.442038536071777,-5.221019268035889,0.0,0.0,0.0,0.0,7.648923873901367,worst_uncertainty_stratified_mhz
4470,120.0,5,23.03373908996582,-23.03373908996582,23.03373908996582,0.0,0.0,23.03373908996582,10.31302261352539,-5.156511306762695,0.0,0.0,0.0,0.0,7.900977611541748,worst_uncertainty_stratified_mhz
3489,120.0,5,21.624971389770508,-21.624971389770508,21.624971389770508,0.0,0.0,21.624971389770508,10.323439598083496,-5.161719799041748,0.0,0.0,0.0,0.0,8.020808219909668,worst_uncertainty_stratified_mhz
4032,120.0,5,19.470197677612305,-19.470197677612305,19.470197677612305,0.0,0.0,19.470197677612305,10.29447078704834,-5.14723539352417,0.0,0.0,0.0,0.0,7.940840721130371,worst_uncertainty_stratified_mhz
4731,150.0,5,14.373074531555176,-14.373074531555176,14.373074531555176,0.0,0.0,14.373074531555176,10.329792976379395,-5.164896488189697,0.0,0.0,0.0,0.0,6.636329174041748,worst_uncertainty_stratified_mhz
3523,150.0,5,11.134150505065918,-11.134150505065918,11.134150505065918,0.0,0.0,11.134150505065918,10.418871879577637,-5.209435939788818,0.0,0.0,0.0,0.0,4.519181728363037,worst_uncertainty_stratified_mhz
3671,150.0,5,9.591080665588379,-9.591080665588379,9.591080665588379,0.0,0.0,9.591080665588379,10.46262264251709,-5.231311321258545,0.0,0.0,0.0,0.0,2.6344096660614014,worst_uncertainty_stratified_mhz
3562,150.0,5,8.61776351928711,-8.61776351928711,8.61776351928711,0.0,0.0,8.61776351928711,10.542509078979492,-5.271254539489746,0.0,0.0,0.0,0.0,3.225602626800537,worst_uncertainty_stratified_mhz
3748,155.0,5,6.176129341125488,-6.176129341125488,6.176129341125488,0.0,0.0,6.176129341125488,10.179264068603516,-5.089632034301758,0.0,0.0,0.0,0.0,4.058811664581299,worst_uncertainty_stratified_mhz
3417,155.0,5,6.055934429168701,-6.055934429168701,6.055934429168701,0.0,0.0,6.055934429168701,10.170949935913086,-5.085474967956543,0.0,0.0,0.0,0.0,4.339975357055664,worst_uncertainty_stratified_mhz
4553,155.0,5,5.57969856262207,-5.57969856262207,5.57969856262207,0.0,0.0,5.57969856262207,10.133980751037598,-5.066990375518799,0.0,0.0,0.0,0.0,3.782386064529419,worst_uncertainty_stratified_mhz
4365,155.0,5,4.908430099487305,-4.908430099487305,4.908430099487305,0.0,0.0,4.908430099487305,10.129349708557129,-5.0646748542785645,0.0,0.0,0.0,0.0,3.4503984451293945,worst_uncertainty_stratified_mhz
3221,155.0,5,4.8854756355285645,-4.8854756355285645,4.8854756355285645,0.0,0.0,4.8854756355285645,10.279841423034668,-5.139920711517334,0.0,0.0,0.0,0.0,3.8102164268493652,worst_uncertainty_stratified_mhz
3587,155.0,5,4.806132793426514,-4.806132793426514,4.806132793426514,0.0,0.0,4.806132793426514,10.152976036071777,-5.076488018035889,0.0,0.0,0.0,0.0,3.6870410442352295,worst_uncertainty_stratified_mhz
3385,155.0,5,4.782994747161865,-4.782994747161865,4.782994747161865,0.0,0.0,4.782994747161865,10.162300109863281,-5.081150054931641,0.0,0.0,0.0,0.0,4.057020664215088,worst_uncertainty_stratified_mhz
4545,155.0,5,4.767793655395508,-4.767793655395508,4.767793655395508,0.0,0.0,4.767793655395508,10.168499946594238,-5.084249973297119,0.0,0.0,0.0,0.0,3.6926722526550293,worst_uncertainty_stratified_mhz
4086,170.0,5,3.133897542953491,-3.133897542953491,3.133897542953491,0.0,0.0,3.133897542953491,10.256786346435547,-5.128393173217773,0.0,0.0,0.0,0.0,3.632566213607788,worst_uncertainty_stratified_mhz
4275,180.0,5,3.3054521083831787,-3.3054521083831787,3.3054521083831787,0.0,0.0,3.3054521083831787,10.190276145935059,-5.095138072967529,0.0,0.0,0.0,0.0,5.873171329498291,worst_uncertainty_stratified_mhz
4400,180.0,5,2.901172161102295,-2.901172161102295,2.901172161102295,0.0,0.0,2.901172161102295,10.302020072937012,-5.151010036468506,0.0,0.0,0.0,0.0,4.895941257476807,worst_uncertainty_stratified_mhz
4266,200.0,5,9.528080940246582,-9.528080940246582,9.528080940246582,0.0,0.0,9.528080940246582,10.204474449157715,-5.102237224578857,0.0,0.0,0.0,0.0,10.2799711227417,worst_uncertainty_stratified_mhz
3669,200.0,5,7.384477138519287,-7.384477138519287,7.384477138519287,0.0,0.0,7.384477138519287,10.238187789916992,-5.119093894958496,0.0,0.0,0.0,0.0,10.898751258850098,worst_uncertainty_stratified_mhz
4776,200.0,5,7.238492012023926,-7.238492012023926,7.238492012023926,0.0,0.0,7.238492012023926,10.243237495422363,-5.121618747711182,0.0,0.0,0.0,0.0,11.36589241027832,worst_uncertainty_stratified_mhz
4272,200.0,5,7.041265487670898,-7.041265487670898,7.041265487670898,0.0,0.0,7.041265487670898,10.129545211791992,-5.064772605895996,0.0,0.0,0.0,0.0,13.251131057739258,worst_uncertainty_stratified_mhz
4269,200.0,5,6.777620792388916,-6.777620792388916,6.777620792388916,0.0,0.0,6.777620792388916,10.179435729980469,-5.089717864990234,0.0,0.0,0.0,0.0,12.635472297668457,worst_uncertainty_stratified_mhz
3416,200.0,5,6.463865756988525,-6.463865756988525,6.463865756988525,0.0,0.0,6.463865756988525,10.196281433105469,-5.098140716552734,0.0,0.0,0.0,0.0,10.959693908691406,worst_uncertainty_stratified_mhz
4424,200.0,5,6.411962509155273,-6.411962509155273,6.411962509155273,0.0,0.0,6.411962509155273,10.174728393554688,-5.087364196777344,0.0,0.0,0.0,0.0,11.076581001281738,worst_uncertainty_stratified_mhz
3552,200.0,5,6.128002166748047,-6.128002166748047,6.128002166748047,0.0,0.0,6.128002166748047,10.228413581848145,-5.114206790924072,0.0,0.0,0.0,0.0,12.935302734375,worst_uncertainty_stratified_mhz
4069,230.0,5,10.86497974395752,-10.86497974395752,10.86497974395752,0.0,0.0,10.86497974395752,10.274184226989746,-5.137092113494873,0.0,0.0,0.0,0.0,11.98166561126709,worst_uncertainty_stratified_mhz
3875,230.0,5,10.223714828491211,-10.223714828491211,10.223714828491211,0.0,0.0,10.223714828491211,10.330978393554688,-5.165489196777344,0.0,0.0,0.0,0.0,11.276773452758789,worst_uncertainty_stratified_mhz
4576,230.0,5,10.179678916931152,-10.179678916931152,10.179678916931152,0.0,0.0,10.179678916931152,10.340188026428223,-5.170094013214111,0.0,0.0,0.0,0.0,10.793426513671875,worst_uncertainty_stratified_mhz
4379,230.0,5,10.168035507202148,-10.168035507202148,10.168035507202148,0.0,0.0,10.168035507202148,10.23189640045166,-5.11594820022583,0.0,0.0,0.0,0.0,11.064827919006348,worst_uncertainty_stratified_mhz
3942,230.0,5,9.683089256286621,-9.683089256286621,9.683089256286621,0.0,0.0,9.683089256286621,10.320448875427246,-5.160224437713623,0.0,0.0,0.0,0.0,8.314970016479492,worst_uncertainty_stratified_mhz
3207,230.0,5,9.42300796508789,-9.42300796508789,9.42300796508789,0.0,0.0,9.42300796508789,10.441624641418457,-5.2208123207092285,0.0,0.0,0.0,0.0,5.276615142822266,worst_uncertainty_stratified_mhz
3864,230.0,5,9.326406478881836,-9.326406478881836,9.326406478881836,0.0,0.0,9.326406478881836,10.428689002990723,-5.214344501495361,0.0,0.0,0.0,0.0,8.638407707214355,worst_uncertainty_stratified_mhz
4403,230.0,5,9.320257186889648,-9.320257186889648,9.320257186889648,0.0,0.0,9.320257186889648,10.28640365600586,-5.14320182800293,0.0,0.0,0.0,0.0,11.242349624633789,worst_uncertainty_stratified_mhz
4712,250.0,5,9.336738586425781,-9.336738586425781,9.336738586425781,0.0,0.0,9.336738586425781,10.307920455932617,-5.153960227966309,0.0,0.0,0.0,0.0,9.72266674041748,worst_uncertainty_stratified_mhz
4344,250.0,5,9.304559707641602,-9.304559707641602,9.304559707641602,0.0,0.0,9.304559707641602,10.41966724395752,-5.20983362197876,0.0,0.0,0.0,0.0,8.813855171203613,worst_uncertainty_stratified_mhz
4632,250.0,5,9.225855827331543,-9.225855827331543,9.225855827331543,0.0,0.0,9.225855827331543,10.389434814453125,-5.1947174072265625,0.0,0.0,0.0,0.0,9.574729919433594,worst_uncertainty_stratified_mhz
3478,250.0,5,9.02989673614502,-9.02989673614502,9.02989673614502,0.0,0.0,9.02989673614502,10.39261531829834,-5.19630765914917,0.0,0.0,0.0,0.0,12.524154663085938,worst_uncertainty_stratified_mhz
3237,250.0,5,8.949385643005371,-8.949385643005371,8.949385643005371,0.0,0.0,8.949385643005371,10.347228050231934,-5.173614025115967,0.0,0.0,0.0,0.0,11.698447227478027,worst_uncertainty_stratified_mhz
3484,250.0,5,8.781641960144043,-8.781641960144043,8.781641960144043,0.0,0.0,8.781641960144043,10.409664154052734,-5.204832077026367,0.0,0.0,0.0,0.0,7.94672155380249,worst_uncertainty_stratified_mhz
4745,250.0,5,8.472431182861328,-8.472431182861328,8.472431182861328,0.0,0.0,8.472431182861328,10.230130195617676,-5.115065097808838,0.0,0.0,0.0,0.0,12.641932487487793,worst_uncertainty_stratified_mhz
3897,250.0,5,8.441476821899414,-8.441476821899414,8.441476821899414,0.0,0.0,8.441476821899414,10.262406349182129,-5.1312031745910645,0.0,0.0,0.0,0.0,11.955106735229492,worst_uncertainty_stratified_mhz
3322,250.0,5,8.43223762512207,-8.43223762512207,8.43223762512207,0.0,0.0,8.43223762512207,10.274679183959961,-5.1373395919799805,0.0,0.0,0.0,0.0,12.601384162902832,worst_uncertainty_stratified_mhz
3865,250.0,5,8.323100090026855,-8.323100090026855,8.323100090026855,0.0,0.0,8.323100090026855,10.400811195373535,-5.200405597686768,0.0,0.0,0.0,0.0,8.6221923828125,worst_uncertainty_stratified_mhz
3708,250.0,5,8.078079223632812,-8.078079223632812,8.078079223632812,0.0,0.0,8.078079223632812,10.362615585327148,-5.181307792663574,0.0,0.0,0.0,0.0,7.756958961486816,worst_uncertainty_stratified_mhz
4706,250.0,5,8.07474136352539,-8.07474136352539,8.07474136352539,0.0,0.0,8.07474136352539,10.26513385772705,-5.132566928863525,0.0,0.0,0.0,0.0,11.998662948608398,worst_uncertainty_stratified_mhz
4531,265.0,5,6.545557975769043,-6.545557975769043,6.545557975769043,0.0,0.0,6.545557975769043,10.13407039642334,-5.06703519821167,0.0,0.0,0.0,0.0,10.301912307739258,worst_uncertainty_stratified_mhz
3735,265.0,5,6.506507873535156,-6.506507873535156,6.506507873535156,0.0,0.0,6.506507873535156,10.249078750610352,-5.124539375305176,0.0,0.0,0.0,0.0,10.757339477539062,worst_uncertainty_stratified_mhz
3647,265.0,5,6.38716983795166,-6.38716983795166,6.38716983795166,0.0,0.0,6.38716983795166,10.194014549255371,-5.0970072746276855,0.0,0.0,0.0,0.0,10.909550666809082,worst_uncertainty_stratified_mhz
3585,265.0,5,6.261208534240723,-6.261208534240723,6.261208534240723,0.0,0.0,6.261208534240723,10.249019622802734,-5.124509811401367,0.0,0.0,0.0,0.0,10.803994178771973,worst_uncertainty_stratified_mhz
4148,265.0,5,6.0227155685424805,-6.0227155685424805,6.0227155685424805,0.0,0.0,6.0227155685424805,10.229289054870605,-5.114644527435303,0.0,0.0,0.0,0.0,11.073415756225586,worst_uncertainty_stratified_mhz
3972,265.0,5,5.905348777770996,-5.905348777770996,5.905348777770996,0.0,0.0,5.905348777770996,10.216243743896484,-5.108121871948242,0.0,0.0,0.0,0.0,10.902060508728027,worst_uncertainty_stratified_mhz
3834,265.0,5,5.766868591308594,-5.766868591308594,5.766868591308594,0.0,0.0,5.766868591308594,10.155957221984863,-5.077978610992432,0.0,0.0,0.0,0.0,11.012773513793945,worst_uncertainty_stratified_mhz
3946,265.0,5,5.711067199707031,-5.711067199707031,5.711067199707031,0.0,0.0,5.711067199707031,10.293366432189941,-5.146683216094971,0.0,0.0,0.0,0.0,9.94861888885498,worst_uncertainty_stratified_mhz
4673,265.0,5,5.518782615661621,-5.518782615661621,5.518782615661621,0.0,0.0,5.518782615661621,10.27527141571045,-5.137635707855225,0.0,0.0,0.0,0.0,10.69609546661377,worst_uncertainty_stratified_mhz
3357,265.0,5,5.421905517578125,-5.421905517578125,5.421905517578125,0.0,0.0,5.421905517578125,10.197342872619629,-5.0986714363098145,0.0,0.0,0.0,0.0,10.283529281616211,worst_uncertainty_stratified_mhz
3861,265.0,5,5.41812801361084,-5.41812801361084,5.41812801361084,0.0,0.0,5.41812801361084,10.271184921264648,-5.135592460632324,0.0,0.0,0.0,0.0,10.307523727416992,worst_uncertainty_stratified_mhz
4596,270.0,5,7.6511335372924805,-7.6511335372924805,7.6511335372924805,0.0,0.0,7.6511335372924805,10.204065322875977,-5.102032661437988,0.0,0.0,0.0,0.0,11.633710861206055,worst_uncertainty_stratified_mhz
4325,270.0,5,7.617112159729004,-7.617112159729004,7.617112159729004,0.0,0.0,7.617112159729004,10.313766479492188,-5.156883239746094,0.0,0.0,0.0,0.0,11.316802024841309,worst_uncertainty_stratified_mhz
4504,270.0,5,6.973206996917725,-6.973206996917725,6.973206996917725,0.0,0.0,6.973206996917725,10.304717063903809,-5.152358531951904,0.0,0.0,0.0,0.0,12.122926712036133,worst_uncertainty_stratified_mhz
4227,270.0,5,6.827114582061768,-6.827114582061768,6.827114582061768,0.0,0.0,6.827114582061768,10.258761405944824,-5.129380702972412,0.0,0.0,0.0,0.0,11.80588436126709,worst_uncertainty_stratified_mhz
3930,270.0,5,6.729310989379883,-6.729310989379883,6.729310989379883,0.0,0.0,6.729310989379883,10.211921691894531,-5.105960845947266,0.0,0.0,0.0,0.0,11.645661354064941,worst_uncertainty_stratified_mhz
3635,270.0,5,6.674384117126465,-6.674384117126465,6.674384117126465,0.0,0.0,6.674384117126465,10.288725852966309,-5.144362926483154,0.0,0.0,0.0,0.0,11.965082168579102,worst_uncertainty_stratified_mhz
3252,270.0,5,6.519098281860352,-6.519098281860352,6.519098281860352,0.0,0.0,6.519098281860352,10.282809257507324,-5.141404628753662,0.0,0.0,0.0,0.0,10.514238357543945,worst_uncertainty_stratified_mhz
3219,280.0,5,7.884406089782715,-7.884406089782715,7.884406089782715,0.0,0.0,7.884406089782715,10.190844535827637,-5.095422267913818,0.0,0.0,0.0,0.0,10.555292129516602,worst_uncertainty_stratified_mhz
4362,280.0,5,7.873473167419434,-7.873473167419434,7.873473167419434,0.0,0.0,7.873473167419434,10.186064720153809,-5.093032360076904,0.0,0.0,0.0,0.0,12.131804466247559,worst_uncertainty_stratified_mhz
3610,280.0,5,7.53800106048584,-7.53800106048584,7.53800106048584,0.0,0.0,7.53800106048584,10.20228385925293,-5.101141929626465,0.0,0.0,0.0,0.0,11.487664222717285,worst_uncertainty_stratified_mhz
4555,280.0,5,7.35289192199707,-7.35289192199707,7.35289192199707,0.0,0.0,7.35289192199707,10.258617401123047,-5.129308700561523,0.0,0.0,0.0,0.0,11.714912414550781,worst_uncertainty_stratified_mhz
3276,280.0,5,6.471429824829102,-6.471429824829102,6.471429824829102,0.0,0.0,6.471429824829102,10.27005386352539,-5.135026931762695,0.0,0.0,0.0,0.0,12.777875900268555,worst_uncertainty_stratified_mhz
4219,280.0,5,6.290042877197266,-6.290042877197266,6.290042877197266,0.0,0.0,6.290042877197266,10.197097778320312,-5.098548889160156,0.0,0.0,0.0,0.0,11.625667572021484,worst_uncertainty_stratified_mhz
3284,300.0,5,7.516992092132568,-7.516992092132568,7.516992092132568,0.0,0.0,7.516992092132568,10.282007217407227,-5.141003608703613,0.0,0.0,0.0,0.0,9.878837585449219,worst_uncertainty_stratified_mhz
4780,300.0,5,7.131228923797607,-7.131228923797607,7.131228923797607,0.0,0.0,7.131228923797607,10.165750503540039,-5.0828752517700195,0.0,0.0,0.0,0.0,9.305110931396484,worst_uncertainty_stratified_mhz
3758,300.0,5,7.03251838684082,-7.03251838684082,7.03251838684082,0.0,0.0,7.03251838684082,10.217561721801758,-5.108780860900879,0.0,0.0,0.0,0.0,8.694707870483398,worst_uncertainty_stratified_mhz
4221,300.0,5,6.710610389709473,-6.710610389709473,6.710610389709473,0.0,0.0,6.710610389709473,10.359904289245605,-5.179952144622803,0.0,0.0,0.0,0.0,8.258500099182129,worst_uncertainty_stratified_mhz
4391,300.0,5,6.551333427429199,-6.551333427429199,6.551333427429199,0.0,0.0,6.551333427429199,10.20193862915039,-5.100969314575195,0.0,0.0,0.0,0.0,9.151856422424316,worst_uncertainty_stratified_mhz
3444,300.0,5,6.414410591125488,-6.414410591125488,6.414410591125488,0.0,0.0,6.414410591125488,10.21691608428955,-5.108458042144775,0.0,0.0,0.0,0.0,6.708288669586182,worst_uncertainty_stratified_mhz
4469,120.0,5,19.355253219604492,-19.355253219604492,19.355253219604492,0.0,0.0,19.355253219604492,10.37088680267334,-5.18544340133667,0.0,0.0,0.0,0.0,8.667258262634277,worst_uncertainty_stratified_mhz
4772,120.0,5,19.151405334472656,-19.151405334472656,19.151405334472656,0.0,0.0,19.151405334472656,10.346951484680176,-5.173475742340088,0.0,0.0,0.0,0.0,6.542168617248535,worst_uncertainty_stratified_mhz
3936,120.0,5,18.862295150756836,-18.862295150756836,18.862295150756836,0.0,0.0,18.862295150756836,10.289090156555176,-5.144545078277588,0.0,0.0,0.0,0.0,9.55301570892334,worst_uncertainty_stratified_mhz
3300,120.0,5,18.440340042114258,-18.440340042114258,18.440340042114258,0.0,0.0,18.440340042114258,10.417045593261719,-5.208522796630859,0.0,0.0,0.0,0.0,9.04323673248291,worst_uncertainty_stratified_mhz
4802,120.0,6,21.40397071838379,-21.40397071838379,21.40397071838379,0.0,0.0,21.40397071838379,10.349969863891602,-5.174984931945801,0.0,0.0,0.0,0.0,8.123711585998535,worst_uncertainty_stratified_mhz
4878,120.0,6,16.77421760559082,-16.77421760559082,16.77421760559082,0.0,0.0,16.77421760559082,10.404759407043457,-5.2023797035217285,0.0,0.0,0.0,0.0,6.72078800201416,worst_uncertainty_stratified_mhz
5354,120.0,6,15.129748344421387,-15.129748344421387,15.129748344421387,0.0,0.0,15.129748344421387,10.357433319091797,-5.178716659545898,0.0,0.0,0.0,0.0,7.724554538726807,worst_uncertainty_stratified_mhz
5968,150.0,6,22.5638370513916,-22.5638370513916,22.5638370513916,0.0,0.0,22.5638370513916,10.395523071289062,-5.197761535644531,0.0,0.0,0.0,0.0,11.308341026306152,worst_uncertainty_stratified_mhz
5573,150.0,6,20.69388771057129,-20.69388771057129,20.69388771057129,0.0,0.0,20.69388771057129,10.415307998657227,-5.207653999328613,0.0,0.0,0.0,0.0,9.709550857543945,worst_uncertainty_stratified_mhz
4822,150.0,6,20.65623664855957,-20.65623664855957,20.65623664855957,0.0,0.0,20.65623664855957,10.359073638916016,-5.179536819458008,0.0,0.0,0.0,0.0,10.648852348327637,worst_uncertainty_stratified_mhz
4863,150.0,6,20.347806930541992,-20.347806930541992,20.347806930541992,0.0,0.0,20.347806930541992,10.321106910705566,-5.160553455352783,0.0,0.0,0.0,0.0,10.431342124938965,worst_uncertainty_stratified_mhz
5399,155.0,6,8.831192016601562,-8.831192016601562,8.831192016601562,0.0,0.0,8.831192016601562,10.244970321655273,-5.122485160827637,0.0,0.0,0.0,0.0,4.866821765899658,worst_uncertainty_stratified_mhz
5173,155.0,6,8.652326583862305,-8.652326583862305,8.652326583862305,0.0,0.0,8.652326583862305,10.272326469421387,-5.136163234710693,0.0,0.0,0.0,0.0,4.692378044128418,worst_uncertainty_stratified_mhz
5072,155.0,6,8.4939603805542,-8.4939603805542,8.4939603805542,0.0,0.0,8.4939603805542,10.197888374328613,-5.098944187164307,0.0,0.0,0.0,0.0,4.710970401763916,worst_uncertainty_stratified_mhz
5543,155.0,6,8.31595516204834,-8.31595516204834,8.31595516204834,0.0,0.0,8.31595516204834,10.259533882141113,-5.129766941070557,0.0,0.0,0.0,0.0,4.846534252166748,worst_uncertainty_stratified_mhz
5356,155.0,6,7.8651628494262695,-7.8651628494262695,7.8651628494262695,0.0,0.0,7.8651628494262695,10.250849723815918,-5.125424861907959,0.0,0.0,0.0,0.0,4.619546890258789,worst_uncertainty_stratified_mhz
6009,155.0,6,7.612881660461426,-7.612881660461426,7.612881660461426,0.0,0.0,7.612881660461426,10.205340385437012,-5.102670192718506,0.0,0.0,0.0,0.0,4.334885597229004,worst_uncertainty_stratified_mhz
5371,155.0,6,7.513369560241699,-7.513369560241699,7.513369560241699,0.0,0.0,7.513369560241699,10.206311225891113,-5.103155612945557,0.0,0.0,0.0,0.0,4.680036544799805,worst_uncertainty_stratified_mhz
4829,155.0,6,7.308918476104736,-7.308918476104736,7.308918476104736,0.0,0.0,7.308918476104736,10.184741973876953,-5.092370986938477,0.0,0.0,0.0,0.0,4.40730094909668,worst_uncertainty_stratified_mhz
5753,170.0,6,4.04216194152832,-4.04216194152832,4.04216194152832,0.0,0.0,4.04216194152832,10.393542289733887,-5.196771144866943,0.0,0.0,0.0,0.0,3.1141672134399414,worst_uncertainty_stratified_mhz
5158,170.0,6,3.111600875854492,-3.111600875854492,3.111600875854492,0.0,0.0,3.111600875854492,10.283477783203125,-5.1417388916015625,0.0,0.0,0.0,0.0,3.0028562545776367,worst_uncertainty_stratified_mhz
5921,200.0,6,6.893464088439941,-6.893464088439941,6.893464088439941,0.0,0.0,6.893464088439941,10.21165657043457,-5.105828285217285,0.0,0.0,0.0,0.0,9.316606521606445,worst_uncertainty_stratified_mhz
5436,200.0,6,5.265391826629639,-5.265391826629639,5.265391826629639,0.0,0.0,5.265391826629639,10.27199649810791,-5.135998249053955,0.0,0.0,0.0,0.0,8.310470581054688,worst_uncertainty_stratified_mhz
5155,200.0,6,4.985016345977783,-4.985016345977783,4.985016345977783,0.0,0.0,4.985016345977783,10.21072769165039,-5.105363845825195,0.0,0.0,0.0,0.0,11.031411170959473,worst_uncertainty_stratified_mhz
5364,200.0,6,4.409614086151123,-4.409614086151123,4.409614086151123,0.0,0.0,4.409614086151123,10.279081344604492,-5.139540672302246,0.0,0.0,0.0,0.0,8.493346214294434,worst_uncertainty_stratified_mhz
4955,200.0,6,4.3410749435424805,-4.3410749435424805,4.3410749435424805,0.0,0.0,4.3410749435424805,10.2122802734375,-5.10614013671875,0.0,0.0,0.0,0.0,10.16629409790039,worst_uncertainty_stratified_mhz
5258,200.0,6,3.8555896282196045,-3.8555896282196045,3.8555896282196045,0.0,0.0,3.8555896282196045,10.271034240722656,-5.135517120361328,0.0,0.0,0.0,0.0,9.585164070129395,worst_uncertainty_stratified_mhz
5163,200.0,6,3.7441482543945312,-3.7441482543945312,3.7441482543945312,0.0,0.0,3.7441482543945312,10.189981460571289,-5.0949907302856445,0.0,0.0,0.0,0.0,10.922842025756836,worst_uncertainty_stratified_mhz
5386,200.0,6,3.5373034477233887,-3.5373034477233887,3.5373034477233887,0.0,0.0,3.5373034477233887,10.203221321105957,-5.1016106605529785,0.0,0.0,0.0,0.0,9.476503372192383,worst_uncertainty_stratified_mhz
4858,230.0,6,11.015003204345703,-11.015003204345703,11.015003204345703,0.0,0.0,11.015003204345703,10.3013916015625,-5.15069580078125,0.0,0.0,0.0,0.0,11.208497047424316,worst_uncertainty_stratified_mhz
5140,230.0,6,10.792819023132324,-10.792819023132324,10.792819023132324,0.0,0.0,10.792819023132324,10.530543327331543,-5.2652716636657715,0.0,0.0,0.0,0.0,8.545343399047852,worst_uncertainty_stratified_mhz
5398,230.0,6,10.49622917175293,-10.49622917175293,10.49622917175293,0.0,0.0,10.49622917175293,10.421608924865723,-5.210804462432861,0.0,0.0,0.0,0.0,8.145125389099121,worst_uncertainty_stratified_mhz
5646,230.0,6,10.16061782836914,-10.16061782836914,10.16061782836914,0.0,0.0,10.16061782836914,10.33148193359375,-5.165740966796875,0.0,0.0,0.0,0.0,13.893102645874023,worst_uncertainty_stratified_mhz
5162,230.0,6,9.976763725280762,-9.976763725280762,9.976763725280762,0.0,0.0,9.976763725280762,10.541824340820312,-5.270912170410156,0.0,0.0,0.0,0.0,6.700152397155762,worst_uncertainty_stratified_mhz
4991,230.0,6,9.67441177368164,-9.67441177368164,9.67441177368164,0.0,0.0,9.67441177368164,10.300658226013184,-5.150329113006592,0.0,0.0,0.0,0.0,11.832794189453125,worst_uncertainty_stratified_mhz
6249,230.0,6,9.083261489868164,-9.083261489868164,9.083261489868164,0.0,0.0,9.083261489868164,10.3339262008667,-5.16696310043335,0.0,0.0,0.0,0.0,8.619653701782227,worst_uncertainty_stratified_mhz
5141,230.0,6,9.074143409729004,-9.074143409729004,9.074143409729004,0.0,0.0,9.074143409729004,10.314334869384766,-5.157167434692383,0.0,0.0,0.0,0.0,8.33387565612793,worst_uncertainty_stratified_mhz
6156,250.0,6,10.036666870117188,-10.036666870117188,10.036666870117188,0.0,0.0,10.036666870117188,10.4570894241333,-5.22854471206665,0.0,0.0,0.0,0.0,5.675914287567139,worst_uncertainty_stratified_mhz
5981,250.0,6,9.64494514465332,-9.64494514465332,9.64494514465332,0.0,0.0,9.64494514465332,10.344307899475098,-5.172153949737549,0.0,0.0,0.0,0.0,7.573217391967773,worst_uncertainty_stratified_mhz
4856,250.0,6,9.480170249938965,-9.480170249938965,9.480170249938965,0.0,0.0,9.480170249938965,10.307446479797363,-5.153723239898682,0.0,0.0,0.0,0.0,8.533218383789062,worst_uncertainty_stratified_mhz
5180,250.0,6,9.237957000732422,-9.237957000732422,9.237957000732422,0.0,0.0,9.237957000732422,10.320013999938965,-5.160006999969482,0.0,0.0,0.0,0.0,11.347336769104004,worst_uncertainty_stratified_mhz
5526,250.0,6,9.175655364990234,-9.175655364990234,9.175655364990234,0.0,0.0,9.175655364990234,10.412721633911133,-5.206360816955566,0.0,0.0,0.0,0.0,10.000325202941895,worst_uncertainty_stratified_mhz
4872,250.0,6,8.951773643493652,-8.951773643493652,8.951773643493652,0.0,0.0,8.951773643493652,10.249829292297363,-5.124914646148682,0.0,0.0,0.0,0.0,10.380730628967285,worst_uncertainty_stratified_mhz
5149,250.0,6,8.78543472290039,-8.78543472290039,8.78543472290039,0.0,0.0,8.78543472290039,10.358460426330566,-5.179230213165283,0.0,0.0,0.0,0.0,9.181556701660156,worst_uncertainty_stratified_mhz
5475,250.0,6,8.737152099609375,-8.737152099609375,8.737152099609375,0.0,0.0,8.737152099609375,10.434502601623535,-5.217251300811768,0.0,0.0,0.0,0.0,6.501009941101074,worst_uncertainty_stratified_mhz
5568,250.0,6,8.680032730102539,-8.680032730102539,8.680032730102539,0.0,0.0,8.680032730102539,10.30595588684082,-5.15297794342041,0.0,0.0,0.0,0.0,8.93511962890625,worst_uncertainty_stratified_mhz
6325,250.0,6,8.660351753234863,-8.660351753234863,8.660351753234863,0.0,0.0,8.660351753234863,10.39604663848877,-5.198023319244385,0.0,0.0,0.0,0.0,7.945676326751709,worst_uncertainty_stratified_mhz
6068,250.0,6,8.620171546936035,-8.620171546936035,8.620171546936035,0.0,0.0,8.620171546936035,10.326797485351562,-5.163398742675781,0.0,0.0,0.0,0.0,12.731667518615723,worst_uncertainty_stratified_mhz
5759,250.0,6,8.55698013305664,-8.55698013305664,8.55698013305664,0.0,0.0,8.55698013305664,10.326837539672852,-5.163418769836426,0.0,0.0,0.0,0.0,10.030591011047363,worst_uncertainty_stratified_mhz
6129,265.0,6,7.194638252258301,-7.194638252258301,7.194638252258301,0.0,0.0,7.194638252258301,10.301730155944824,-5.150865077972412,0.0,0.0,0.0,0.0,11.245097160339355,worst_uncertainty_stratified_mhz
5609,265.0,6,6.582315444946289,-6.582315444946289,6.582315444946289,0.0,0.0,6.582315444946289,10.241803169250488,-5.120901584625244,0.0,0.0,0.0,0.0,11.934832572937012,worst_uncertainty_stratified_mhz
5175,265.0,6,6.406244277954102,-6.406244277954102,6.406244277954102,0.0,0.0,6.406244277954102,10.20037841796875,-5.100189208984375,0.0,0.0,0.0,0.0,10.684462547302246,worst_uncertainty_stratified_mhz
5588,265.0,6,5.856602668762207,-5.856602668762207,5.856602668762207,0.0,0.0,5.856602668762207,10.212677955627441,-5.106338977813721,0.0,0.0,0.0,0.0,10.774380683898926,worst_uncertainty_stratified_mhz
4820,265.0,6,5.7736992835998535,-5.7736992835998535,5.7736992835998535,0.0,0.0,5.7736992835998535,10.18196964263916,-5.09098482131958,0.0,0.0,0.0,0.0,11.642739295959473,worst_uncertainty_stratified_mhz
4812,265.0,6,5.518468379974365,-5.518468379974365,5.518468379974365,0.0,0.0,5.518468379974365,10.239314079284668,-5.119657039642334,0.0,0.0,0.0,0.0,11.047736167907715,worst_uncertainty_stratified_mhz
5385,265.0,6,5.444676876068115,-5.444676876068115,5.444676876068115,0.0,0.0,5.444676876068115,10.240464210510254,-5.120232105255127,0.0,0.0,0.0,0.0,10.686124801635742,worst_uncertainty_stratified_mhz
5178,265.0,6,5.366735935211182,-5.366735935211182,5.366735935211182,0.0,0.0,5.366735935211182,10.210460662841797,-5.105230331420898,0.0,0.0,0.0,0.0,9.807229042053223,worst_uncertainty_stratified_mhz
5393,265.0,6,5.325318336486816,-5.325318336486816,5.325318336486816,0.0,0.0,5.325318336486816,10.285836219787598,-5.142918109893799,0.0,0.0,0.0,0.0,10.9426851272583,worst_uncertainty_stratified_mhz
6023,265.0,6,5.298427581787109,-5.298427581787109,5.298427581787109,0.0,0.0,5.298427581787109,10.25720500946045,-5.128602504730225,0.0,0.0,0.0,0.0,11.77357292175293,worst_uncertainty_stratified_mhz
6058,265.0,6,5.260321617126465,-5.260321617126465,5.260321617126465,0.0,0.0,5.260321617126465,10.21983814239502,-5.10991907119751,0.0,0.0,0.0,0.0,10.34657096862793,worst_uncertainty_stratified_mhz
5700,270.0,6,7.007134437561035,-7.007134437561035,7.007134437561035,0.0,0.0,7.007134437561035,10.261028289794922,-5.130514144897461,0.0,0.0,0.0,0.0,12.406792640686035,worst_uncertainty_stratified_mhz
5937,270.0,6,6.882448196411133,-6.882448196411133,6.882448196411133,0.0,0.0,6.882448196411133,10.305726051330566,-5.152863025665283,0.0,0.0,0.0,0.0,13.08199405670166,worst_uncertainty_stratified_mhz
5989,270.0,6,6.439203262329102,-6.439203262329102,6.439203262329102,0.0,0.0,6.439203262329102,10.355958938598633,-5.177979469299316,0.0,0.0,0.0,0.0,11.727006912231445,worst_uncertainty_stratified_mhz
6264,270.0,6,6.437671661376953,-6.437671661376953,6.437671661376953,0.0,0.0,6.437671661376953,10.361237525939941,-5.180618762969971,0.0,0.0,0.0,0.0,12.669845581054688,worst_uncertainty_stratified_mhz
6120,270.0,6,6.411632537841797,-6.411632537841797,6.411632537841797,0.0,0.0,6.411632537841797,10.379328727722168,-5.189664363861084,0.0,0.0,0.0,0.0,12.486827850341797,worst_uncertainty_stratified_mhz
6278,270.0,6,6.333203315734863,-6.333203315734863,6.333203315734863,0.0,0.0,6.333203315734863,10.325948715209961,-5.1629743576049805,0.0,0.0,0.0,0.0,11.697144508361816,worst_uncertainty_stratified_mhz
6028,270.0,6,6.296992301940918,-6.296992301940918,6.296992301940918,0.0,0.0,6.296992301940918,10.25571346282959,-5.127856731414795,0.0,0.0,0.0,0.0,10.507674217224121,worst_uncertainty_stratified_mhz
5611,280.0,6,7.1284918785095215,-7.1284918785095215,7.1284918785095215,0.0,0.0,7.1284918785095215,10.257107734680176,-5.128553867340088,0.0,0.0,0.0,0.0,10.699651718139648,worst_uncertainty_stratified_mhz
4868,280.0,6,7.026039123535156,-7.026039123535156,7.026039123535156,0.0,0.0,7.026039123535156,10.216654777526855,-5.108327388763428,0.0,0.0,0.0,0.0,11.409287452697754,worst_uncertainty_stratified_mhz
5117,280.0,6,6.911480903625488,-6.911480903625488,6.911480903625488,0.0,0.0,6.911480903625488,10.228703498840332,-5.114351749420166,0.0,0.0,0.0,0.0,12.471440315246582,worst_uncertainty_stratified_mhz
5830,280.0,6,6.891279220581055,-6.891279220581055,6.891279220581055,0.0,0.0,6.891279220581055,10.226967811584473,-5.113483905792236,0.0,0.0,0.0,0.0,12.796453475952148,worst_uncertainty_stratified_mhz
5242,280.0,6,6.411868572235107,-6.411868572235107,6.411868572235107,0.0,0.0,6.411868572235107,10.20506763458252,-5.10253381729126,0.0,0.0,0.0,0.0,12.904228210449219,worst_uncertainty_stratified_mhz
6260,280.0,6,5.812900066375732,-5.812900066375732,5.812900066375732,0.0,0.0,5.812900066375732,10.236054420471191,-5.118027210235596,0.0,0.0,0.0,0.0,12.229867935180664,worst_uncertainty_stratified_mhz
4853,300.0,6,7.742791175842285,-7.742791175842285,7.742791175842285,0.0,0.0,7.742791175842285,10.294594764709473,-5.147297382354736,0.0,0.0,0.0,0.0,9.732248306274414,worst_uncertainty_stratified_mhz
6323,300.0,6,7.714861869812012,-7.714861869812012,7.714861869812012,0.0,0.0,7.714861869812012,10.210152626037598,-5.105076313018799,0.0,0.0,0.0,0.0,8.263837814331055,worst_uncertainty_stratified_mhz
5126,300.0,6,6.843807220458984,-6.843807220458984,6.843807220458984,0.0,0.0,6.843807220458984,10.239596366882324,-5.119798183441162,0.0,0.0,0.0,0.0,9.646171569824219,worst_uncertainty_stratified_mhz
4966,300.0,6,6.691953182220459,-6.691953182220459,6.691953182220459,0.0,0.0,6.691953182220459,10.267756462097168,-5.133878231048584,0.0,0.0,0.0,0.0,7.473402500152588,worst_uncertainty_stratified_mhz
6008,300.0,6,6.653745651245117,-6.653745651245117,6.653745651245117,0.0,0.0,6.653745651245117,10.213709831237793,-5.1068549156188965,0.0,0.0,0.0,0.0,9.484285354614258,worst_uncertainty_stratified_mhz
5263,300.0,6,6.527772903442383,-6.527772903442383,6.527772903442383,0.0,0.0,6.527772903442383,10.185942649841309,-5.092971324920654,0.0,0.0,0.0,0.0,10.022096633911133,worst_uncertainty_stratified_mhz
5902,150.0,6,20.02396011352539,-20.02396011352539,20.02396011352539,0.0,0.0,20.02396011352539,10.344643592834473,-5.172321796417236,0.0,0.0,0.0,0.0,11.643269538879395,worst_uncertainty_stratified_mhz
5081,150.0,6,19.682048797607422,-19.682048797607422,19.682048797607422,0.0,0.0,19.682048797607422,10.386202812194824,-5.193101406097412,0.0,0.0,0.0,0.0,10.140026092529297,worst_uncertainty_stratified_mhz
4939,150.0,6,19.3104305267334,-19.3104305267334,19.3104305267334,0.0,0.0,19.3104305267334,10.35540771484375,-5.177703857421875,0.0,0.0,0.0,0.0,11.18115234375,worst_uncertainty_stratified_mhz
5843,150.0,6,19.197280883789062,-19.197280883789062,19.197280883789062,0.0,0.0,19.197280883789062,10.297541618347168,-5.148770809173584,0.0,0.0,0.0,0.0,9.465132713317871,worst_uncertainty_stratified_mhz
6150,150.0,6,19.19131088256836,-19.19131088256836,19.19131088256836,0.0,0.0,19.19131088256836,10.351204872131348,-5.175602436065674,0.0,0.0,0.0,0.0,10.144702911376953,worst_uncertainty_stratified_mhz
6511,120.0,7,9.920093536376953,-9.920093536376953,9.920093536376953,0.0,0.0,9.920093536376953,10.325067520141602,-5.162533760070801,0.0,0.0,0.0,0.0,6.007870197296143,worst_uncertainty_stratified_mhz
6889,120.0,7,6.275408744812012,-6.275408744812012,6.275408744812012,0.0,0.0,6.275408744812012,10.265315055847168,-5.132657527923584,0.0,0.0,0.0,0.0,4.805320739746094,worst_uncertainty_stratified_mhz
6625,120.0,7,6.068294525146484,-6.068294525146484,6.068294525146484,0.0,0.0,6.068294525146484,10.222970008850098,-5.111485004425049,0.0,0.0,0.0,0.0,4.683024883270264,worst_uncertainty_stratified_mhz
7071,150.0,7,19.194692611694336,-19.194692611694336,19.194692611694336,0.0,0.0,19.194692611694336,10.363884925842285,-5.181942462921143,0.0,0.0,0.0,0.0,9.68946361541748,worst_uncertainty_stratified_mhz
6567,150.0,7,18.763290405273438,-18.763290405273438,18.763290405273438,0.0,0.0,18.763290405273438,10.344694137573242,-5.172347068786621,0.0,0.0,0.0,0.0,9.838275909423828,worst_uncertainty_stratified_mhz
7230,150.0,7,18.678808212280273,-18.678808212280273,18.678808212280273,0.0,0.0,18.678808212280273,10.28272533416748,-5.14136266708374,0.0,0.0,0.0,0.0,9.74686050415039,worst_uncertainty_stratified_mhz
7769,150.0,7,18.39412498474121,-18.39412498474121,18.39412498474121,0.0,0.0,18.39412498474121,10.297222137451172,-5.148611068725586,0.0,0.0,0.0,0.0,8.617714881896973,worst_uncertainty_stratified_mhz
7518,155.0,7,11.78095817565918,-11.78095817565918,11.78095817565918,0.0,0.0,11.78095817565918,10.316144943237305,-5.158072471618652,0.0,0.0,0.0,0.0,4.781404972076416,worst_uncertainty_stratified_mhz
7149,155.0,7,11.4212007522583,-11.4212007522583,11.4212007522583,0.0,0.0,11.4212007522583,10.293587684631348,-5.146793842315674,0.0,0.0,0.0,0.0,4.617971897125244,worst_uncertainty_stratified_mhz
7354,155.0,7,10.545919418334961,-10.545919418334961,10.545919418334961,0.0,0.0,10.545919418334961,10.338761329650879,-5.1693806648254395,0.0,0.0,0.0,0.0,5.443324089050293,worst_uncertainty_stratified_mhz
6964,155.0,7,9.679739952087402,-9.679739952087402,9.679739952087402,0.0,0.0,9.679739952087402,10.254426956176758,-5.127213478088379,0.0,0.0,0.0,0.0,4.286920070648193,worst_uncertainty_stratified_mhz
7460,155.0,7,9.655495643615723,-9.655495643615723,9.655495643615723,0.0,0.0,9.655495643615723,10.301812171936035,-5.150906085968018,0.0,0.0,0.0,0.0,5.070901393890381,worst_uncertainty_stratified_mhz
6807,155.0,7,9.467874526977539,-9.467874526977539,9.467874526977539,0.0,0.0,9.467874526977539,10.24299144744873,-5.121495723724365,0.0,0.0,0.0,0.0,5.217913627624512,worst_uncertainty_stratified_mhz
7877,155.0,7,9.368786811828613,-9.368786811828613,9.368786811828613,0.0,0.0,9.368786811828613,10.207242012023926,-5.103621006011963,0.0,0.0,0.0,0.0,4.979217529296875,worst_uncertainty_stratified_mhz
6489,155.0,7,9.311391830444336,-9.311391830444336,9.311391830444336,0.0,0.0,9.311391830444336,10.240921974182129,-5.1204609870910645,0.0,0.0,0.0,0.0,5.239821434020996,worst_uncertainty_stratified_mhz
6963,170.0,7,15.018220901489258,-15.018220901489258,15.018220901489258,0.0,0.0,15.018220901489258,10.30555248260498,-5.15277624130249,0.0,0.0,0.0,0.0,7.678586483001709,worst_uncertainty_stratified_mhz
7749,170.0,7,13.9021577835083,-13.9021577835083,13.9021577835083,0.0,0.0,13.9021577835083,10.325535774230957,-5.1627678871154785,0.0,0.0,0.0,0.0,7.843456745147705,worst_uncertainty_stratified_mhz
7348,170.0,7,13.876648902893066,-13.876648902893066,13.876648902893066,0.0,0.0,13.876648902893066,10.404814720153809,-5.202407360076904,0.0,0.0,0.0,0.0,8.155463218688965,worst_uncertainty_stratified_mhz
7812,200.0,7,5.964613914489746,-5.964613914489746,5.964613914489746,0.0,0.0,5.964613914489746,10.397270202636719,-5.198635101318359,0.0,0.0,0.0,0.0,9.493454933166504,worst_uncertainty_stratified_mhz
7261,200.0,7,3.55995774269104,-3.55995774269104,3.55995774269104,0.0,0.0,3.55995774269104,10.302882194519043,-5.1514410972595215,0.0,0.0,0.0,0.0,7.846525192260742,worst_uncertainty_stratified_mhz
7564,230.0,7,9.506171226501465,-9.506171226501465,9.506171226501465,0.0,0.0,9.506171226501465,10.359415054321289,-5.1797075271606445,0.0,0.0,0.0,0.0,9.322588920593262,worst_uncertainty_stratified_mhz
7942,230.0,7,9.476694107055664,-9.476694107055664,9.476694107055664,0.0,0.0,9.476694107055664,10.418743133544922,-5.209371566772461,0.0,0.0,0.0,0.0,9.061440467834473,worst_uncertainty_stratified_mhz
6760,230.0,7,9.327557563781738,-9.327557563781738,9.327557563781738,0.0,0.0,9.327557563781738,10.334933280944824,-5.167466640472412,0.0,0.0,0.0,0.0,9.02040958404541,worst_uncertainty_stratified_mhz
7467,230.0,7,9.306904792785645,-9.306904792785645,9.306904792785645,0.0,0.0,9.306904792785645,10.301009178161621,-5.1505045890808105,0.0,0.0,0.0,0.0,12.439054489135742,worst_uncertainty_stratified_mhz
7628,230.0,7,9.229470252990723,-9.229470252990723,9.229470252990723,0.0,0.0,9.229470252990723,10.315011978149414,-5.157505989074707,0.0,0.0,0.0,0.0,10.768132209777832,worst_uncertainty_stratified_mhz
7271,230.0,7,9.225555419921875,-9.225555419921875,9.225555419921875,0.0,0.0,9.225555419921875,10.386881828308105,-5.193440914154053,0.0,0.0,0.0,0.0,7.669666767120361,worst_uncertainty_stratified_mhz
7780,230.0,7,8.911826133728027,-8.911826133728027,8.911826133728027,0.0,0.0,8.911826133728027,10.366067886352539,-5.1830339431762695,0.0,0.0,0.0,0.0,10.548935890197754,worst_uncertainty_stratified_mhz
7043,230.0,7,8.888189315795898,-8.888189315795898,8.888189315795898,0.0,0.0,8.888189315795898,10.285523414611816,-5.142761707305908,0.0,0.0,0.0,0.0,9.316330909729004,worst_uncertainty_stratified_mhz
7326,250.0,7,9.336685180664062,-9.336685180664062,9.336685180664062,0.0,0.0,9.336685180664062,10.289616584777832,-5.144808292388916,0.0,0.0,0.0,0.0,9.535804748535156,worst_uncertainty_stratified_mhz
7034,250.0,7,9.145404815673828,-9.145404815673828,9.145404815673828,0.0,0.0,9.145404815673828,10.240476608276367,-5.120238304138184,0.0,0.0,0.0,0.0,14.856098175048828,worst_uncertainty_stratified_mhz
6504,250.0,7,9.138816833496094,-9.138816833496094,9.138816833496094,0.0,0.0,9.138816833496094,10.37293529510498,-5.18646764755249,0.0,0.0,0.0,0.0,6.908463478088379,worst_uncertainty_stratified_mhz
7492,250.0,7,8.974895477294922,-8.974895477294922,8.974895477294922,0.0,0.0,8.974895477294922,10.355826377868652,-5.177913188934326,0.0,0.0,0.0,0.0,8.402173042297363,worst_uncertainty_stratified_mhz
6573,250.0,7,8.772778511047363,-8.772778511047363,8.772778511047363,0.0,0.0,8.772778511047363,10.404479026794434,-5.202239513397217,0.0,0.0,0.0,0.0,7.194725513458252,worst_uncertainty_stratified_mhz
6549,250.0,7,8.739095687866211,-8.739095687866211,8.739095687866211,0.0,0.0,8.739095687866211,10.235310554504395,-5.117655277252197,0.0,0.0,0.0,0.0,9.675131797790527,worst_uncertainty_stratified_mhz
6681,250.0,7,8.704413414001465,-8.704413414001465,8.704413414001465,0.0,0.0,8.704413414001465,10.29944896697998,-5.14972448348999,0.0,0.0,0.0,0.0,9.203398704528809,worst_uncertainty_stratified_mhz
6480,250.0,7,8.53254222869873,-8.53254222869873,8.53254222869873,0.0,0.0,8.53254222869873,10.328356742858887,-5.164178371429443,0.0,0.0,0.0,0.0,8.886927604675293,worst_uncertainty_stratified_mhz
7977,250.0,7,8.51628589630127,-8.51628589630127,8.51628589630127,0.0,0.0,8.51628589630127,10.347177505493164,-5.173588752746582,0.0,0.0,0.0,0.0,14.291985511779785,worst_uncertainty_stratified_mhz
6818,250.0,7,8.299059867858887,-8.299059867858887,8.299059867858887,0.0,0.0,8.299059867858887,10.318538665771484,-5.159269332885742,0.0,0.0,0.0,0.0,9.103988647460938,worst_uncertainty_stratified_mhz
6951,250.0,7,8.2473783493042,-8.2473783493042,8.2473783493042,0.0,0.0,8.2473783493042,10.28342342376709,-5.141711711883545,0.0,0.0,0.0,0.0,8.871715545654297,worst_uncertainty_stratified_mhz
6610,250.0,7,8.237587928771973,-8.237587928771973,8.237587928771973,0.0,0.0,8.237587928771973,10.273187637329102,-5.136593818664551,0.0,0.0,0.0,0.0,9.927734375,worst_uncertainty_stratified_mhz
7823,265.0,7,7.3245344161987305,-7.3245344161987305,7.3245344161987305,0.0,0.0,7.3245344161987305,10.373766899108887,-5.186883449554443,0.0,0.0,0.0,0.0,12.004009246826172,worst_uncertainty_stratified_mhz
6484,265.0,7,6.403377532958984,-6.403377532958984,6.403377532958984,0.0,0.0,6.403377532958984,10.33346939086914,-5.16673469543457,0.0,0.0,0.0,0.0,12.408720016479492,worst_uncertainty_stratified_mhz
7439,265.0,7,6.313410758972168,-6.313410758972168,6.313410758972168,0.0,0.0,6.313410758972168,10.309326171875,-5.1546630859375,0.0,0.0,0.0,0.0,10.412623405456543,worst_uncertainty_stratified_mhz
6817,265.0,7,6.041737079620361,-6.041737079620361,6.041737079620361,0.0,0.0,6.041737079620361,10.23363971710205,-5.116819858551025,0.0,0.0,0.0,0.0,8.215911865234375,worst_uncertainty_stratified_mhz
6719,265.0,7,5.892630577087402,-5.892630577087402,5.892630577087402,0.0,0.0,5.892630577087402,10.175065994262695,-5.087532997131348,0.0,0.0,0.0,0.0,9.001785278320312,worst_uncertainty_stratified_mhz
7440,265.0,7,5.890125274658203,-5.890125274658203,5.890125274658203,0.0,0.0,5.890125274658203,10.233716011047363,-5.116858005523682,0.0,0.0,0.0,0.0,11.620617866516113,worst_uncertainty_stratified_mhz
6502,265.0,7,5.7947540283203125,-5.7947540283203125,5.7947540283203125,0.0,0.0,5.7947540283203125,10.20254135131836,-5.10127067565918,0.0,0.0,0.0,0.0,11.119917869567871,worst_uncertainty_stratified_mhz
7869,265.0,7,5.679332256317139,-5.679332256317139,5.679332256317139,0.0,0.0,5.679332256317139,10.311371803283691,-5.155685901641846,0.0,0.0,0.0,0.0,9.68939208984375,worst_uncertainty_stratified_mhz
7527,265.0,7,5.624742031097412,-5.624742031097412,5.624742031097412,0.0,0.0,5.624742031097412,10.241476058959961,-5.1207380294799805,0.0,0.0,0.0,0.0,11.485108375549316,worst_uncertainty_stratified_mhz
7164,265.0,7,5.53726053237915,-5.53726053237915,5.53726053237915,0.0,0.0,5.53726053237915,10.213898658752441,-5.106949329376221,0.0,0.0,0.0,0.0,10.476816177368164,worst_uncertainty_stratified_mhz
6763,265.0,7,5.428057670593262,-5.428057670593262,5.428057670593262,0.0,0.0,5.428057670593262,10.31364631652832,-5.15682315826416,0.0,0.0,0.0,0.0,10.750225067138672,worst_uncertainty_stratified_mhz
6691,270.0,7,8.257298469543457,-8.257298469543457,8.257298469543457,0.0,0.0,8.257298469543457,10.319442749023438,-5.159721374511719,0.0,0.0,0.0,0.0,12.904923439025879,worst_uncertainty_stratified_mhz
6463,270.0,7,7.70195198059082,-7.70195198059082,7.70195198059082,0.0,0.0,7.70195198059082,10.321826934814453,-5.160913467407227,0.0,0.0,0.0,0.0,12.735187530517578,worst_uncertainty_stratified_mhz
6740,270.0,7,7.54772424697876,-7.54772424697876,7.54772424697876,0.0,0.0,7.54772424697876,10.27495288848877,-5.137476444244385,0.0,0.0,0.0,0.0,12.9889554977417,worst_uncertainty_stratified_mhz
6996,270.0,7,7.510443687438965,-7.510443687438965,7.510443687438965,0.0,0.0,7.510443687438965,10.276134490966797,-5.138067245483398,0.0,0.0,0.0,0.0,11.701655387878418,worst_uncertainty_stratified_mhz
6584,270.0,7,7.399670600891113,-7.399670600891113,7.399670600891113,0.0,0.0,7.399670600891113,10.278238296508789,-5.1391191482543945,0.0,0.0,0.0,0.0,13.699893951416016,worst_uncertainty_stratified_mhz
7495,270.0,7,7.304721832275391,-7.304721832275391,7.304721832275391,0.0,0.0,7.304721832275391,10.208033561706543,-5.1040167808532715,0.0,0.0,0.0,0.0,12.841313362121582,worst_uncertainty_stratified_mhz
7915,270.0,7,7.117135524749756,-7.117135524749756,7.117135524749756,0.0,0.0,7.117135524749756,10.37491512298584,-5.18745756149292,0.0,0.0,0.0,0.0,13.05394172668457,worst_uncertainty_stratified_mhz
6493,280.0,7,7.277461528778076,-7.277461528778076,7.277461528778076,0.0,0.0,7.277461528778076,10.263680458068848,-5.131840229034424,0.0,0.0,0.0,0.0,11.148250579833984,worst_uncertainty_stratified_mhz
6790,280.0,7,6.740096092224121,-6.740096092224121,6.740096092224121,0.0,0.0,6.740096092224121,10.230697631835938,-5.115348815917969,0.0,0.0,0.0,0.0,12.892889976501465,worst_uncertainty_stratified_mhz
7079,280.0,7,6.640127182006836,-6.640127182006836,6.640127182006836,0.0,0.0,6.640127182006836,10.21611213684082,-5.10805606842041,0.0,0.0,0.0,0.0,12.483506202697754,worst_uncertainty_stratified_mhz
7317,280.0,7,6.5485124588012695,-6.5485124588012695,6.5485124588012695,0.0,0.0,6.5485124588012695,10.343684196472168,-5.171842098236084,0.0,0.0,0.0,0.0,13.151424407958984,worst_uncertainty_stratified_mhz
6981,280.0,7,6.320438385009766,-6.320438385009766,6.320438385009766,0.0,0.0,6.320438385009766,10.222212791442871,-5.1111063957214355,0.0,0.0,0.0,0.0,11.311895370483398,worst_uncertainty_stratified_mhz
7290,280.0,7,6.273946762084961,-6.273946762084961,6.273946762084961,0.0,0.0,6.273946762084961,10.251065254211426,-5.125532627105713,0.0,0.0,0.0,0.0,11.843725204467773,worst_uncertainty_stratified_mhz
6488,300.0,7,7.965065956115723,-7.965065956115723,7.965065956115723,0.0,0.0,7.965065956115723,10.26193618774414,-5.13096809387207,0.0,0.0,0.0,0.0,9.46541690826416,worst_uncertainty_stratified_mhz
7276,300.0,7,7.897855758666992,-7.897855758666992,7.897855758666992,0.0,0.0,7.897855758666992,10.256624221801758,-5.128312110900879,0.0,0.0,0.0,0.0,9.476719856262207,worst_uncertainty_stratified_mhz
7500,300.0,7,7.071846961975098,-7.071846961975098,7.071846961975098,0.0,0.0,7.071846961975098,10.20997142791748,-5.10498571395874,0.0,0.0,0.0,0.0,10.10909652709961,worst_uncertainty_stratified_mhz
6848,300.0,7,6.700008392333984,-6.700008392333984,6.700008392333984,0.0,0.0,6.700008392333984,10.26138687133789,-5.130693435668945,0.0,0.0,0.0,0.0,9.054179191589355,worst_uncertainty_stratified_mhz
7878,300.0,7,6.632609844207764,-6.632609844207764,6.632609844207764,0.0,0.0,6.632609844207764,10.389989852905273,-5.194994926452637,0.0,0.0,0.0,0.0,7.521954536437988,worst_uncertainty_stratified_mhz
6534,300.0,7,6.561776161193848,-6.561776161193848,6.561776161193848,0.0,0.0,6.561776161193848,10.257272720336914,-5.128636360168457,0.0,0.0,0.0,0.0,7.252775192260742,worst_uncertainty_stratified_mhz
7837,150.0,7,18.263381958007812,-18.263381958007812,18.263381958007812,0.0,0.0,18.263381958007812,10.366090774536133,-5.183045387268066,0.0,0.0,0.0,0.0,11.094884872436523,worst_uncertainty_stratified_mhz
7873,150.0,7,17.91080665588379,-17.91080665588379,17.91080665588379,0.0,0.0,17.91080665588379,10.27331829071045,-5.136659145355225,0.0,0.0,0.0,0.0,10.291666030883789,worst_uncertainty_stratified_mhz
7767,150.0,7,17.56659698486328,-17.56659698486328,17.56659698486328,0.0,0.0,17.56659698486328,10.349418640136719,-5.174709320068359,0.0,0.0,0.0,0.0,9.506553649902344,worst_uncertainty_stratified_mhz
7315,150.0,7,17.308189392089844,-17.308189392089844,17.308189392089844,0.0,0.0,17.308189392089844,10.522480964660645,-5.261240482330322,0.0,0.0,0.0,0.0,9.321633338928223,worst_uncertainty_stratified_mhz
6903,150.0,7,17.207185745239258,-17.207185745239258,17.207185745239258,0.0,0.0,17.207185745239258,10.2954740524292,-5.1477370262146,0.0,0.0,0.0,0.0,8.557196617126465,worst_uncertainty_stratified_mhz
7605,150.0,7,17.179555892944336,-17.179555892944336,17.179555892944336,0.0,0.0,17.179555892944336,10.473370552062988,-5.236685276031494,0.0,0.0,0.0,0.0,9.756415367126465,worst_uncertainty_stratified_mhz
7122,150.0,7,17.148582458496094,-17.148582458496094,17.148582458496094,0.0,0.0,17.148582458496094,10.492508888244629,-5.2462544441223145,0.0,0.0,0.0,0.0,8.858490943908691,worst_uncertainty_stratified_mhz
7852,150.0,7,17.026437759399414,-17.026437759399414,17.026437759399414,0.0,0.0,17.026437759399414,10.31591796875,-5.157958984375,0.0,0.0,0.0,0.0,9.602291107177734,worst_uncertainty_stratified_mhz
7141,150.0,7,16.894975662231445,-16.894975662231445,16.894975662231445,0.0,0.0,16.894975662231445,10.468206405639648,-5.234103202819824,0.0,0.0,0.0,0.0,8.876456260681152,worst_uncertainty_stratified_mhz
7473,150.0,7,16.85472869873047,-16.85472869873047,16.85472869873047,0.0,0.0,16.85472869873047,10.398698806762695,-5.199349403381348,0.0,0.0,0.0,0.0,8.920767784118652,worst_uncertainty_stratified_mhz
8597,120.0,8,10.086365699768066,-10.086365699768066,10.086365699768066,0.0,0.0,10.086365699768066,10.210153579711914,-5.105076789855957,0.0,0.0,0.0,0.0,5.250463485717773,worst_uncertainty_stratified_mhz
9437,120.0,8,7.392010688781738,-7.392010688781738,7.392010688781738,0.0,0.0,7.392010688781738,10.307537078857422,-5.153768539428711,0.0,0.0,0.0,0.0,3.7719132900238037,worst_uncertainty_stratified_mhz
8918,120.0,8,5.184123992919922,-5.184123992919922,5.184123992919922,0.0,0.0,5.184123992919922,10.186813354492188,-5.093406677246094,0.0,0.0,0.0,0.0,4.016955375671387,worst_uncertainty_stratified_mhz
8244,150.0,8,18.64988899230957,-18.64988899230957,18.64988899230957,0.0,0.0,18.64988899230957,10.372736930847168,-5.186368465423584,0.0,0.0,0.0,0.0,10.92956829071045,worst_uncertainty_stratified_mhz
8614,150.0,8,18.641738891601562,-18.641738891601562,18.641738891601562,0.0,0.0,18.641738891601562,10.340692520141602,-5.170346260070801,0.0,0.0,0.0,0.0,10.352954864501953,worst_uncertainty_stratified_mhz
9456,150.0,8,17.863248825073242,-17.863248825073242,17.863248825073242,0.0,0.0,17.863248825073242,10.25990104675293,-5.129950523376465,0.0,0.0,0.0,0.0,9.906723022460938,worst_uncertainty_stratified_mhz
9497,150.0,8,16.58925437927246,-16.58925437927246,16.58925437927246,0.0,0.0,16.58925437927246,10.37662124633789,-5.188310623168945,0.0,0.0,0.0,0.0,9.984726905822754,worst_uncertainty_stratified_mhz
9113,155.0,8,12.10727596282959,-12.10727596282959,12.10727596282959,0.0,0.0,12.10727596282959,10.354251861572266,-5.177125930786133,0.0,0.0,0.0,0.0,4.481988906860352,worst_uncertainty_stratified_mhz
9344,155.0,8,10.081856727600098,-10.081856727600098,10.081856727600098,0.0,0.0,10.081856727600098,10.245781898498535,-5.122890949249268,0.0,0.0,0.0,0.0,5.618330001831055,worst_uncertainty_stratified_mhz
8534,155.0,8,10.025565147399902,-10.025565147399902,10.025565147399902,0.0,0.0,10.025565147399902,10.202065467834473,-5.101032733917236,0.0,0.0,0.0,0.0,5.28707218170166,worst_uncertainty_stratified_mhz
9175,155.0,8,9.973785400390625,-9.973785400390625,9.973785400390625,0.0,0.0,9.973785400390625,10.260385513305664,-5.130192756652832,0.0,0.0,0.0,0.0,4.466441631317139,worst_uncertainty_stratified_mhz
9547,155.0,8,9.72580337524414,-9.72580337524414,9.72580337524414,0.0,0.0,9.72580337524414,10.219255447387695,-5.109627723693848,0.0,0.0,0.0,0.0,5.5802001953125,worst_uncertainty_stratified_mhz
9368,155.0,8,9.593411445617676,-9.593411445617676,9.593411445617676,0.0,0.0,9.593411445617676,10.307706832885742,-5.153853416442871,0.0,0.0,0.0,0.0,4.240481853485107,worst_uncertainty_stratified_mhz
8752,155.0,8,9.478618621826172,-9.478618621826172,9.478618621826172,0.0,0.0,9.478618621826172,10.18934440612793,-5.094672203063965,0.0,0.0,0.0,0.0,5.280339241027832,worst_uncertainty_stratified_mhz
8722,155.0,8,9.378031730651855,-9.378031730651855,9.378031730651855,0.0,0.0,9.378031730651855,10.30064582824707,-5.150322914123535,0.0,0.0,0.0,0.0,4.345754146575928,worst_uncertainty_stratified_mhz
8641,170.0,8,17.123001098632812,-17.123001098632812,17.123001098632812,0.0,0.0,17.123001098632812,10.310855865478516,-5.155427932739258,0.0,0.0,0.0,0.0,11.415825843811035,worst_uncertainty_stratified_mhz
8422,170.0,8,16.983469009399414,-16.983469009399414,16.983469009399414,0.0,0.0,16.983469009399414,10.402547836303711,-5.2012739181518555,0.0,0.0,0.0,0.0,10.503864288330078,worst_uncertainty_stratified_mhz
9570,170.0,8,16.424922943115234,-16.424922943115234,16.424922943115234,0.0,0.0,16.424922943115234,10.258039474487305,-5.129019737243652,0.0,0.0,0.0,0.0,12.111766815185547,worst_uncertainty_stratified_mhz
9444,180.0,8,13.56322956085205,-13.56322956085205,13.56322956085205,0.0,0.0,13.56322956085205,10.32054328918457,-5.160271644592285,0.0,0.0,0.0,0.0,7.8868303298950195,worst_uncertainty_stratified_mhz
8185,180.0,8,13.239794731140137,-13.239794731140137,13.239794731140137,0.0,0.0,13.239794731140137,10.323737144470215,-5.161868572235107,0.0,0.0,0.0,0.0,9.999127388000488,worst_uncertainty_stratified_mhz
8090,180.0,8,13.215030670166016,-13.215030670166016,13.215030670166016,0.0,0.0,13.215030670166016,10.315881729125977,-5.157940864562988,0.0,0.0,0.0,0.0,8.33034610748291,worst_uncertainty_stratified_mhz
9331,180.0,8,13.044343948364258,-13.044343948364258,13.044343948364258,0.0,0.0,13.044343948364258,10.334388732910156,-5.167194366455078,0.0,0.0,0.0,0.0,6.835540294647217,worst_uncertainty_stratified_mhz
8333,230.0,8,9.083527565002441,-9.083527565002441,9.083527565002441,0.0,0.0,9.083527565002441,10.204916000366211,-5.1024580001831055,0.0,0.0,0.0,0.0,11.833930969238281,worst_uncertainty_stratified_mhz
9502,230.0,8,9.053953170776367,-9.053953170776367,9.053953170776367,0.0,0.0,9.053953170776367,10.268033027648926,-5.134016513824463,0.0,0.0,0.0,0.0,11.301226615905762,worst_uncertainty_stratified_mhz
8440,230.0,8,8.912353515625,-8.912353515625,8.912353515625,0.0,0.0,8.912353515625,10.28060531616211,-5.140302658081055,0.0,0.0,0.0,0.0,11.477692604064941,worst_uncertainty_stratified_mhz
8405,230.0,8,8.839714050292969,-8.839714050292969,8.839714050292969,0.0,0.0,8.839714050292969,10.306379318237305,-5.153189659118652,0.0,0.0,0.0,0.0,10.80213737487793,worst_uncertainty_stratified_mhz
8283,230.0,8,8.582560539245605,-8.582560539245605,8.582560539245605,0.0,0.0,8.582560539245605,10.288954734802246,-5.144477367401123,0.0,0.0,0.0,0.0,11.316569328308105,worst_uncertainty_stratified_mhz
9105,230.0,8,8.580413818359375,-8.580413818359375,8.580413818359375,0.0,0.0,8.580413818359375,10.284518241882324,-5.142259120941162,0.0,0.0,0.0,0.0,11.63368034362793,worst_uncertainty_stratified_mhz
9208,230.0,8,8.272428512573242,-8.272428512573242,8.272428512573242,0.0,0.0,8.272428512573242,10.276914596557617,-5.138457298278809,0.0,0.0,0.0,0.0,10.821283340454102,worst_uncertainty_stratified_mhz
8082,230.0,8,8.081019401550293,-8.081019401550293,8.081019401550293,0.0,0.0,8.081019401550293,10.382901191711426,-5.191450595855713,0.0,0.0,0.0,0.0,10.354227066040039,worst_uncertainty_stratified_mhz
8152,250.0,8,9.65946102142334,-9.65946102142334,9.65946102142334,0.0,0.0,9.65946102142334,10.278863906860352,-5.139431953430176,0.0,0.0,0.0,0.0,14.3876953125,worst_uncertainty_stratified_mhz
9434,250.0,8,9.007092475891113,-9.007092475891113,9.007092475891113,0.0,0.0,9.007092475891113,10.384564399719238,-5.192282199859619,0.0,0.0,0.0,0.0,12.421643257141113,worst_uncertainty_stratified_mhz
9212,250.0,8,8.892484664916992,-8.892484664916992,8.892484664916992,0.0,0.0,8.892484664916992,10.277264595031738,-5.138632297515869,0.0,0.0,0.0,0.0,7.9800519943237305,worst_uncertainty_stratified_mhz
8125,250.0,8,8.88032054901123,-8.88032054901123,8.88032054901123,0.0,0.0,8.88032054901123,10.321012496948242,-5.160506248474121,0.0,0.0,0.0,0.0,10.010004997253418,worst_uncertainty_stratified_mhz
9374,250.0,8,8.852349281311035,-8.852349281311035,8.852349281311035,0.0,0.0,8.852349281311035,10.261943817138672,-5.130971908569336,0.0,0.0,0.0,0.0,12.715038299560547,worst_uncertainty_stratified_mhz
8178,250.0,8,8.785531997680664,-8.785531997680664,8.785531997680664,0.0,0.0,8.785531997680664,10.33164119720459,-5.165820598602295,0.0,0.0,0.0,0.0,10.340264320373535,worst_uncertainty_stratified_mhz
8578,250.0,8,8.666727066040039,-8.666727066040039,8.666727066040039,0.0,0.0,8.666727066040039,10.268927574157715,-5.134463787078857,0.0,0.0,0.0,0.0,11.291783332824707,worst_uncertainty_stratified_mhz
9082,250.0,8,8.631454467773438,-8.631454467773438,8.631454467773438,0.0,0.0,8.631454467773438,10.20569133758545,-5.102845668792725,0.0,0.0,0.0,0.0,9.130605697631836,worst_uncertainty_stratified_mhz
8249,250.0,8,8.588980674743652,-8.588980674743652,8.588980674743652,0.0,0.0,8.588980674743652,10.441892623901367,-5.220946311950684,0.0,0.0,0.0,0.0,7.982203960418701,worst_uncertainty_stratified_mhz
8417,250.0,8,8.579638481140137,-8.579638481140137,8.579638481140137,0.0,0.0,8.579638481140137,10.42957592010498,-5.21478796005249,0.0,0.0,0.0,0.0,13.077153205871582,worst_uncertainty_stratified_mhz
8840,250.0,8,8.569868087768555,-8.569868087768555,8.569868087768555,0.0,0.0,8.569868087768555,10.339715003967285,-5.169857501983643,0.0,0.0,0.0,0.0,13.903145790100098,worst_uncertainty_stratified_mhz
8364,250.0,8,8.565486907958984,-8.565486907958984,8.565486907958984,0.0,0.0,8.565486907958984,10.43143081665039,-5.215715408325195,0.0,0.0,0.0,0.0,9.809468269348145,worst_uncertainty_stratified_mhz
8865,265.0,8,5.946446895599365,-5.946446895599365,5.946446895599365,0.0,0.0,5.946446895599365,10.153364181518555,-5.076682090759277,0.0,0.0,0.0,0.0,7.148749828338623,worst_uncertainty_stratified_mhz
8330,265.0,8,5.846898078918457,-5.846898078918457,5.846898078918457,0.0,0.0,5.846898078918457,10.344236373901367,-5.172118186950684,0.0,0.0,0.0,0.0,9.381203651428223,worst_uncertainty_stratified_mhz
8323,265.0,8,5.833173751831055,-5.833173751831055,5.833173751831055,0.0,0.0,5.833173751831055,10.280123710632324,-5.140061855316162,0.0,0.0,0.0,0.0,11.6881685256958,worst_uncertainty_stratified_mhz
8938,265.0,8,5.823772430419922,-5.823772430419922,5.823772430419922,0.0,0.0,5.823772430419922,10.193402290344238,-5.096701145172119,0.0,0.0,0.0,0.0,10.524319648742676,worst_uncertainty_stratified_mhz
8308,265.0,8,5.662378787994385,-5.662378787994385,5.662378787994385,0.0,0.0,5.662378787994385,10.203866004943848,-5.101933002471924,0.0,0.0,0.0,0.0,10.98007869720459,worst_uncertainty_stratified_mhz
8352,265.0,8,5.6099019050598145,-5.6099019050598145,5.6099019050598145,0.0,0.0,5.6099019050598145,10.306719779968262,-5.153359889984131,0.0,0.0,0.0,0.0,10.49022102355957,worst_uncertainty_stratified_mhz
8805,265.0,8,5.5387282371521,-5.5387282371521,5.5387282371521,0.0,0.0,5.5387282371521,10.229398727416992,-5.114699363708496,0.0,0.0,0.0,0.0,6.832868576049805,worst_uncertainty_stratified_mhz
9031,265.0,8,5.502187252044678,-5.502187252044678,5.502187252044678,0.0,0.0,5.502187252044678,10.256775856018066,-5.128387928009033,0.0,0.0,0.0,0.0,11.078255653381348,worst_uncertainty_stratified_mhz
8107,265.0,8,5.379321575164795,-5.379321575164795,5.379321575164795,0.0,0.0,5.379321575164795,10.23501205444336,-5.11750602722168,0.0,0.0,0.0,0.0,9.412334442138672,worst_uncertainty_stratified_mhz
9180,265.0,8,5.355548858642578,-5.355548858642578,5.355548858642578,0.0,0.0,5.355548858642578,10.241650581359863,-5.120825290679932,0.0,0.0,0.0,0.0,11.726062774658203,worst_uncertainty_stratified_mhz
8669,265.0,8,5.3127217292785645,-5.3127217292785645,5.3127217292785645,0.0,0.0,5.3127217292785645,10.238917350769043,-5.1194586753845215,0.0,0.0,0.0,0.0,10.332472801208496,worst_uncertainty_stratified_mhz
8193,270.0,8,7.89643669128418,-7.89643669128418,7.89643669128418,0.0,0.0,7.89643669128418,10.197701454162598,-5.098850727081299,0.0,0.0,0.0,0.0,13.44377326965332,worst_uncertainty_stratified_mhz
8180,270.0,8,7.333362579345703,-7.333362579345703,7.333362579345703,0.0,0.0,7.333362579345703,10.252119064331055,-5.126059532165527,0.0,0.0,0.0,0.0,13.572959899902344,worst_uncertainty_stratified_mhz
9157,270.0,8,7.072741508483887,-7.072741508483887,7.072741508483887,0.0,0.0,7.072741508483887,10.249255180358887,-5.124627590179443,0.0,0.0,0.0,0.0,11.875940322875977,worst_uncertainty_stratified_mhz
8182,270.0,8,7.049051284790039,-7.049051284790039,7.049051284790039,0.0,0.0,7.049051284790039,10.228636741638184,-5.114318370819092,0.0,0.0,0.0,0.0,13.76245403289795,worst_uncertainty_stratified_mhz
8718,270.0,8,6.997574806213379,-6.997574806213379,6.997574806213379,0.0,0.0,6.997574806213379,10.257308959960938,-5.128654479980469,0.0,0.0,0.0,0.0,12.286612510681152,worst_uncertainty_stratified_mhz
9306,270.0,8,6.981932640075684,-6.981932640075684,6.981932640075684,0.0,0.0,6.981932640075684,10.214503288269043,-5.1072516441345215,0.0,0.0,0.0,0.0,12.486937522888184,worst_uncertainty_stratified_mhz
8775,270.0,8,6.938715934753418,-6.938715934753418,6.938715934753418,0.0,0.0,6.938715934753418,10.269399642944336,-5.134699821472168,0.0,0.0,0.0,0.0,13.810094833374023,worst_uncertainty_stratified_mhz
8055,280.0,8,8.59554672241211,-8.59554672241211,8.59554672241211,0.0,0.0,8.59554672241211,10.235871315002441,-5.117935657501221,0.0,0.0,0.0,0.0,10.779810905456543,worst_uncertainty_stratified_mhz
9279,280.0,8,7.3809003829956055,-7.3809003829956055,7.3809003829956055,0.0,0.0,7.3809003829956055,10.221235275268555,-5.110617637634277,0.0,0.0,0.0,0.0,12.970366477966309,worst_uncertainty_stratified_mhz
8166,280.0,8,7.362685203552246,-7.362685203552246,7.362685203552246,0.0,0.0,7.362685203552246,10.23951244354248,-5.11975622177124,0.0,0.0,0.0,0.0,10.431978225708008,worst_uncertainty_stratified_mhz
8015,280.0,8,7.320010185241699,-7.320010185241699,7.320010185241699,0.0,0.0,7.320010185241699,10.233208656311035,-5.116604328155518,0.0,0.0,0.0,0.0,10.836145401000977,worst_uncertainty_stratified_mhz
8609,280.0,8,7.310311317443848,-7.310311317443848,7.310311317443848,0.0,0.0,7.310311317443848,10.294095993041992,-5.147047996520996,0.0,0.0,0.0,0.0,12.53176498413086,worst_uncertainty_stratified_mhz
8102,280.0,8,6.948812007904053,-6.948812007904053,6.948812007904053,0.0,0.0,6.948812007904053,10.223504066467285,-5.111752033233643,0.0,0.0,0.0,0.0,9.782740592956543,worst_uncertainty_stratified_mhz
8110,300.0,8,8.700468063354492,-8.700468063354492,8.700468063354492,0.0,0.0,8.700468063354492,10.286114692687988,-5.143057346343994,0.0,0.0,0.0,0.0,8.821171760559082,worst_uncertainty_stratified_mhz
9064,300.0,8,8.06401252746582,-8.06401252746582,8.06401252746582,0.0,0.0,8.06401252746582,10.214739799499512,-5.107369899749756,0.0,0.0,0.0,0.0,9.446131706237793,worst_uncertainty_stratified_mhz
8222,300.0,8,7.490726470947266,-7.490726470947266,7.490726470947266,0.0,0.0,7.490726470947266,10.252752304077148,-5.126376152038574,0.0,0.0,0.0,0.0,7.9313740730285645,worst_uncertainty_stratified_mhz
9238,300.0,8,7.463310241699219,-7.463310241699219,7.463310241699219,0.0,0.0,7.463310241699219,10.284942626953125,-5.1424713134765625,0.0,0.0,0.0,0.0,7.440033435821533,worst_uncertainty_stratified_mhz
9133,300.0,8,7.310171127319336,-7.310171127319336,7.310171127319336,0.0,0.0,7.310171127319336,10.1837739944458,-5.0918869972229,0.0,0.0,0.0,0.0,9.931159973144531,worst_uncertainty_stratified_mhz
8526,300.0,8,7.088679313659668,-7.088679313659668,7.088679313659668,0.0,0.0,7.088679313659668,10.270811080932617,-5.135405540466309,0.0,0.0,0.0,0.0,8.5619535446167,worst_uncertainty_stratified_mhz
8594,170.0,8,16.149120330810547,-16.149120330810547,16.149120330810547,0.0,0.0,16.149120330810547,10.345220565795898,-5.172610282897949,0.0,0.0,0.0,0.0,7.85402250289917,worst_uncertainty_stratified_mhz
8748,170.0,8,15.932899475097656,-15.932899475097656,15.932899475097656,0.0,0.0,15.932899475097656,10.346766471862793,-5.1733832359313965,0.0,0.0,0.0,0.0,11.377760887145996,worst_uncertainty_stratified_mhz
8616,170.0,8,15.928515434265137,-15.928515434265137,15.928515434265137,0.0,0.0,15.928515434265137,10.371074676513672,-5.185537338256836,0.0,0.0,0.0,0.0,7.070282459259033,worst_uncertainty_stratified_mhz
9354,170.0,8,15.567365646362305,-15.567365646362305,15.567365646362305,0.0,0.0,15.567365646362305,10.432493209838867,-5.216246604919434,0.0,0.0,0.0,0.0,8.12990665435791,worst_uncertainty_stratified_mhz
8007,170.0,8,15.504965782165527,-15.504965782165527,15.504965782165527,0.0,0.0,15.504965782165527,10.301226615905762,-5.150613307952881,0.0,0.0,0.0,0.0,7.452171325683594,worst_uncertainty_stratified_mhz
8977,170.0,8,15.239269256591797,-15.239269256591797,15.239269256591797,0.0,0.0,15.239269256591797,10.327314376831055,-5.163657188415527,0.0,0.0,0.0,0.0,10.678764343261719,worst_uncertainty_stratified_mhz
9035,170.0,8,15.088573455810547,-15.088573455810547,15.088573455810547,0.0,0.0,15.088573455810547,10.39099407196045,-5.195497035980225,0.0,0.0,0.0,0.0,11.219849586486816,worst_uncertainty_stratified_mhz
9440,150.0,8,14.852400779724121,-14.852400779724121,14.852400779724121,0.0,0.0,14.852400779724121,10.25063419342041,-5.125317096710205,0.0,0.0,0.0,0.0,10.345335006713867,worst_uncertainty_stratified_mhz
10548,120.0,9,7.340529441833496,-7.340529441833496,7.340529441833496,0.0,0.0,7.340529441833496,10.227277755737305,-5.113638877868652,0.0,0.0,0.0,0.0,4.310770511627197,worst_uncertainty_stratified_mhz
10830,120.0,9,5.49491024017334,-5.49491024017334,5.49491024017334,0.0,0.0,5.49491024017334,10.265735626220703,-5.132867813110352,0.0,0.0,0.0,0.0,3.9777069091796875,worst_uncertainty_stratified_mhz
10983,120.0,9,4.253072738647461,-4.253072738647461,4.253072738647461,0.0,0.0,4.253072738647461,10.259917259216309,-5.129958629608154,0.0,0.0,0.0,0.0,4.211983680725098,worst_uncertainty_stratified_mhz
10744,150.0,9,20.517433166503906,-20.517433166503906,20.517433166503906,0.0,0.0,20.517433166503906,10.359503746032715,-5.179751873016357,0.0,0.0,0.0,0.0,9.122550010681152,worst_uncertainty_stratified_mhz
10895,150.0,9,17.87944984436035,-17.87944984436035,17.87944984436035,0.0,0.0,17.87944984436035,10.44239616394043,-5.221198081970215,0.0,0.0,0.0,0.0,7.021327495574951,worst_uncertainty_stratified_mhz
9897,150.0,9,14.91866683959961,-14.91866683959961,14.91866683959961,0.0,0.0,14.91866683959961,10.304231643676758,-5.152115821838379,0.0,0.0,0.0,0.0,8.839258193969727,worst_uncertainty_stratified_mhz
11058,150.0,9,13.746868133544922,-13.746868133544922,13.746868133544922,0.0,0.0,13.746868133544922,10.351320266723633,-5.175660133361816,0.0,0.0,0.0,0.0,9.584447860717773,worst_uncertainty_stratified_mhz
10462,155.0,9,12.642106056213379,-12.642106056213379,12.642106056213379,0.0,0.0,12.642106056213379,10.293120384216309,-5.146560192108154,0.0,0.0,0.0,0.0,5.703073024749756,worst_uncertainty_stratified_mhz
11007,155.0,9,11.3441162109375,-11.3441162109375,11.3441162109375,0.0,0.0,11.3441162109375,10.36863899230957,-5.184319496154785,0.0,0.0,0.0,0.0,5.523982524871826,worst_uncertainty_stratified_mhz
9690,155.0,9,10.077125549316406,-10.077125549316406,10.077125549316406,0.0,0.0,10.077125549316406,10.296247482299805,-5.148123741149902,0.0,0.0,0.0,0.0,4.592183589935303,worst_uncertainty_stratified_mhz
10776,155.0,9,9.954270362854004,-9.954270362854004,9.954270362854004,0.0,0.0,9.954270362854004,10.275761604309082,-5.137880802154541,0.0,0.0,0.0,0.0,5.654790878295898,worst_uncertainty_stratified_mhz
9991,155.0,9,9.9185791015625,-9.9185791015625,9.9185791015625,0.0,0.0,9.9185791015625,10.361971855163574,-5.180985927581787,0.0,0.0,0.0,0.0,5.722456932067871,worst_uncertainty_stratified_mhz
11148,155.0,9,9.882293701171875,-9.882293701171875,9.882293701171875,0.0,0.0,9.882293701171875,10.283384323120117,-5.141692161560059,0.0,0.0,0.0,0.0,5.748278617858887,worst_uncertainty_stratified_mhz
10428,155.0,9,8.924666404724121,-8.924666404724121,8.924666404724121,0.0,0.0,8.924666404724121,10.277811050415039,-5.1389055252075195,0.0,0.0,0.0,0.0,4.98130464553833,worst_uncertainty_stratified_mhz
10193,155.0,9,8.917564392089844,-8.917564392089844,8.917564392089844,0.0,0.0,8.917564392089844,10.3107328414917,-5.15536642074585,0.0,0.0,0.0,0.0,5.649365425109863,worst_uncertainty_stratified_mhz
10941,170.0,9,18.09127426147461,-18.09127426147461,18.09127426147461,0.0,0.0,18.09127426147461,10.320250511169434,-5.160125255584717,0.0,0.0,0.0,0.0,10.560667991638184,worst_uncertainty_stratified_mhz
10071,170.0,9,16.61631202697754,-16.61631202697754,16.61631202697754,0.0,0.0,16.61631202697754,10.254105567932129,-5.1270527839660645,0.0,0.0,0.0,0.0,8.641677856445312,worst_uncertainty_stratified_mhz
10843,170.0,9,16.29515266418457,-16.29515266418457,16.29515266418457,0.0,0.0,16.29515266418457,10.325697898864746,-5.162848949432373,0.0,0.0,0.0,0.0,11.063409805297852,worst_uncertainty_stratified_mhz
10875,180.0,9,16.270763397216797,-16.270763397216797,16.270763397216797,0.0,0.0,16.270763397216797,10.303271293640137,-5.151635646820068,0.0,0.0,0.0,0.0,9.812378883361816,worst_uncertainty_stratified_mhz
9854,180.0,9,15.157601356506348,-15.157601356506348,15.157601356506348,0.0,0.0,15.157601356506348,10.321253776550293,-5.1606268882751465,0.0,0.0,0.0,0.0,10.242142677307129,worst_uncertainty_stratified_mhz
11185,180.0,9,14.505271911621094,-14.505271911621094,14.505271911621094,0.0,0.0,14.505271911621094,10.348419189453125,-5.1742095947265625,0.0,0.0,0.0,0.0,11.495762825012207,worst_uncertainty_stratified_mhz
10332,180.0,9,14.49782657623291,-14.49782657623291,14.49782657623291,0.0,0.0,14.49782657623291,10.329566955566406,-5.164783477783203,0.0,0.0,0.0,0.0,12.464284896850586,worst_uncertainty_stratified_mhz
10268,200.0,9,6.329700946807861,-6.329700946807861,6.329700946807861,0.0,0.0,6.329700946807861,10.543790817260742,-5.271895408630371,0.0,0.0,0.0,0.0,3.3915774822235107,worst_uncertainty_stratified_mhz
9767,200.0,9,4.145705699920654,-4.145705699920654,4.145705699920654,0.0,0.0,4.145705699920654,10.450155258178711,-5.2250776290893555,0.0,0.0,0.0,0.0,3.294267177581787,worst_uncertainty_stratified_mhz
10961,200.0,9,4.048574447631836,-4.048574447631836,4.048574447631836,0.0,0.0,4.048574447631836,10.284070014953613,-5.142035007476807,0.0,0.0,0.0,0.0,3.789219856262207,worst_uncertainty_stratified_mhz
10399,200.0,9,3.638252019882202,-3.638252019882202,3.638252019882202,0.0,0.0,3.638252019882202,10.270644187927246,-5.135322093963623,0.0,0.0,0.0,0.0,6.161736488342285,worst_uncertainty_stratified_mhz
9607,230.0,9,9.307670593261719,-9.307670593261719,9.307670593261719,0.0,0.0,9.307670593261719,10.394007682800293,-5.1970038414001465,0.0,0.0,0.0,0.0,7.370752334594727,worst_uncertainty_stratified_mhz
10533,230.0,9,8.157443046569824,-8.157443046569824,8.157443046569824,0.0,0.0,8.157443046569824,10.405524253845215,-5.202762126922607,0.0,0.0,0.0,0.0,8.59936809539795,worst_uncertainty_stratified_mhz
9992,230.0,9,8.092347145080566,-8.092347145080566,8.092347145080566,0.0,0.0,8.092347145080566,10.539012908935547,-5.269506454467773,0.0,0.0,0.0,0.0,10.544538497924805,worst_uncertainty_stratified_mhz
10794,230.0,9,7.506912708282471,-7.506912708282471,7.506912708282471,0.0,0.0,7.506912708282471,10.360207557678223,-5.180103778839111,0.0,0.0,0.0,0.0,11.185103416442871,worst_uncertainty_stratified_mhz
10367,230.0,9,7.1972198486328125,-7.1972198486328125,7.1972198486328125,0.0,0.0,7.1972198486328125,10.348782539367676,-5.174391269683838,0.0,0.0,0.0,0.0,10.587837219238281,worst_uncertainty_stratified_mhz
10424,230.0,9,7.132956504821777,-7.132956504821777,7.132956504821777,0.0,0.0,7.132956504821777,10.308941841125488,-5.154470920562744,0.0,0.0,0.0,0.0,10.515353202819824,worst_uncertainty_stratified_mhz
10789,230.0,9,7.087314605712891,-7.087314605712891,7.087314605712891,0.0,0.0,7.087314605712891,10.199716567993164,-5.099858283996582,0.0,0.0,0.0,0.0,11.193653106689453,worst_uncertainty_stratified_mhz
10299,230.0,9,7.065826892852783,-7.065826892852783,7.065826892852783,0.0,0.0,7.065826892852783,10.30206298828125,-5.151031494140625,0.0,0.0,0.0,0.0,10.218290328979492,worst_uncertainty_stratified_mhz
9808,250.0,9,9.162505149841309,-9.162505149841309,9.162505149841309,0.0,0.0,9.162505149841309,10.38304328918457,-5.191521644592285,0.0,0.0,0.0,0.0,7.236163139343262,worst_uncertainty_stratified_mhz
9989,250.0,9,8.796795845031738,-8.796795845031738,8.796795845031738,0.0,0.0,8.796795845031738,10.263617515563965,-5.131808757781982,0.0,0.0,0.0,0.0,12.790593147277832,worst_uncertainty_stratified_mhz
10543,250.0,9,8.681635856628418,-8.681635856628418,8.681635856628418,0.0,0.0,8.681635856628418,10.352254867553711,-5.1761274337768555,0.0,0.0,0.0,0.0,9.020026206970215,worst_uncertainty_stratified_mhz
10487,250.0,9,8.597233772277832,-8.597233772277832,8.597233772277832,0.0,0.0,8.597233772277832,10.245135307312012,-5.122567653656006,0.0,0.0,0.0,0.0,9.248702049255371,worst_uncertainty_stratified_mhz
10931,250.0,9,8.535717964172363,-8.535717964172363,8.535717964172363,0.0,0.0,8.535717964172363,10.40233039855957,-5.201165199279785,0.0,0.0,0.0,0.0,10.311200141906738,worst_uncertainty_stratified_mhz
10002,250.0,9,8.263938903808594,-8.263938903808594,8.263938903808594,0.0,0.0,8.263938903808594,10.2471923828125,-5.12359619140625,0.0,0.0,0.0,0.0,13.124832153320312,worst_uncertainty_stratified_mhz
9847,250.0,9,8.101119995117188,-8.101119995117188,8.101119995117188,0.0,0.0,8.101119995117188,10.348565101623535,-5.174282550811768,0.0,0.0,0.0,0.0,12.845746994018555,worst_uncertainty_stratified_mhz
11170,250.0,9,8.055855751037598,-8.055855751037598,8.055855751037598,0.0,0.0,8.055855751037598,10.265813827514648,-5.132906913757324,0.0,0.0,0.0,0.0,8.93371295928955,worst_uncertainty_stratified_mhz
10255,250.0,9,8.027244567871094,-8.027244567871094,8.027244567871094,0.0,0.0,8.027244567871094,10.326447486877441,-5.163223743438721,0.0,0.0,0.0,0.0,9.363320350646973,worst_uncertainty_stratified_mhz
10479,250.0,9,8.018634796142578,-8.018634796142578,8.018634796142578,0.0,0.0,8.018634796142578,10.368926048278809,-5.184463024139404,0.0,0.0,0.0,0.0,11.136155128479004,worst_uncertainty_stratified_mhz
10774,250.0,9,7.7654523849487305,-7.7654523849487305,7.7654523849487305,0.0,0.0,7.7654523849487305,10.311267852783203,-5.155633926391602,0.0,0.0,0.0,0.0,12.816753387451172,worst_uncertainty_stratified_mhz
10715,250.0,9,7.68271541595459,-7.68271541595459,7.68271541595459,0.0,0.0,7.68271541595459,10.281338691711426,-5.140669345855713,0.0,0.0,0.0,0.0,7.841796875,worst_uncertainty_stratified_mhz
10752,265.0,9,6.558906555175781,-6.558906555175781,6.558906555175781,0.0,0.0,6.558906555175781,10.239006042480469,-5.119503021240234,0.0,0.0,0.0,0.0,7.8254780769348145,worst_uncertainty_stratified_mhz
11022,265.0,9,6.472294807434082,-6.472294807434082,6.472294807434082,0.0,0.0,6.472294807434082,10.234833717346191,-5.117416858673096,0.0,0.0,0.0,0.0,8.189924240112305,worst_uncertainty_stratified_mhz
10573,265.0,9,6.242473602294922,-6.242473602294922,6.242473602294922,0.0,0.0,6.242473602294922,10.24842357635498,-5.12421178817749,0.0,0.0,0.0,0.0,11.366564750671387,worst_uncertainty_stratified_mhz
10021,265.0,9,6.216947555541992,-6.216947555541992,6.216947555541992,0.0,0.0,6.216947555541992,10.27360725402832,-5.13680362701416,0.0,0.0,0.0,0.0,13.008584022521973,worst_uncertainty_stratified_mhz
11156,265.0,9,6.055768013000488,-6.055768013000488,6.055768013000488,0.0,0.0,6.055768013000488,10.34894847869873,-5.174474239349365,0.0,0.0,0.0,0.0,12.810993194580078,worst_uncertainty_stratified_mhz
9993,265.0,9,6.021327972412109,-6.021327972412109,6.021327972412109,0.0,0.0,6.021327972412109,10.267535209655762,-5.133767604827881,0.0,0.0,0.0,0.0,10.861300468444824,worst_uncertainty_stratified_mhz
10702,265.0,9,5.7655110359191895,-5.7655110359191895,5.7655110359191895,0.0,0.0,5.7655110359191895,10.3247652053833,-5.16238260269165,0.0,0.0,0.0,0.0,6.7912116050720215,worst_uncertainty_stratified_mhz
10790,265.0,9,5.589990615844727,-5.589990615844727,5.589990615844727,0.0,0.0,5.589990615844727,10.310210227966309,-5.155105113983154,0.0,0.0,0.0,0.0,9.35384464263916,worst_uncertainty_stratified_mhz
10104,265.0,9,5.532991409301758,-5.532991409301758,5.532991409301758,0.0,0.0,5.532991409301758,10.339353561401367,-5.169676780700684,0.0,0.0,0.0,0.0,8.401313781738281,worst_uncertainty_stratified_mhz
10243,265.0,9,5.433430194854736,-5.433430194854736,5.433430194854736,0.0,0.0,5.433430194854736,10.26091194152832,-5.13045597076416,0.0,0.0,0.0,0.0,13.84131145477295,worst_uncertainty_stratified_mhz
9999,265.0,9,5.427892208099365,-5.427892208099365,5.427892208099365,0.0,0.0,5.427892208099365,10.206005096435547,-5.103002548217773,0.0,0.0,0.0,0.0,11.624890327453613,worst_uncertainty_stratified_mhz
10048,270.0,9,7.979238510131836,-7.979238510131836,7.979238510131836,0.0,0.0,7.979238510131836,10.361579895019531,-5.180789947509766,0.0,0.0,0.0,0.0,5.447183609008789,worst_uncertainty_stratified_mhz
10521,270.0,9,7.705606460571289,-7.705606460571289,7.705606460571289,0.0,0.0,7.705606460571289,10.2337007522583,-5.11685037612915,0.0,0.0,0.0,0.0,9.363508224487305,worst_uncertainty_stratified_mhz
11141,270.0,9,7.533003807067871,-7.533003807067871,7.533003807067871,0.0,0.0,7.533003807067871,10.332592010498047,-5.166296005249023,0.0,0.0,0.0,0.0,12.824892044067383,worst_uncertainty_stratified_mhz
9740,270.0,9,7.523922920227051,-7.523922920227051,7.523922920227051,0.0,0.0,7.523922920227051,10.325016021728516,-5.162508010864258,0.0,0.0,0.0,0.0,13.295473098754883,worst_uncertainty_stratified_mhz
10636,270.0,9,7.374758720397949,-7.374758720397949,7.374758720397949,0.0,0.0,7.374758720397949,10.223410606384277,-5.111705303192139,0.0,0.0,0.0,0.0,10.124080657958984,worst_uncertainty_stratified_mhz
10185,270.0,9,7.260566234588623,-7.260566234588623,7.260566234588623,0.0,0.0,7.260566234588623,10.36607837677002,-5.18303918838501,0.0,0.0,0.0,0.0,11.913798332214355,worst_uncertainty_stratified_mhz
10234,270.0,9,6.951864719390869,-6.951864719390869,6.951864719390869,0.0,0.0,6.951864719390869,10.288200378417969,-5.144100189208984,0.0,0.0,0.0,0.0,11.769551277160645,worst_uncertainty_stratified_mhz
10387,280.0,9,8.094048500061035,-8.094048500061035,8.094048500061035,0.0,0.0,8.094048500061035,10.236400604248047,-5.118200302124023,0.0,0.0,0.0,0.0,12.021852493286133,worst_uncertainty_stratified_mhz
10509,280.0,9,7.727269172668457,-7.727269172668457,7.727269172668457,0.0,0.0,7.727269172668457,10.217042922973633,-5.108521461486816,0.0,0.0,0.0,0.0,9.50423526763916,worst_uncertainty_stratified_mhz
10753,280.0,9,7.660562992095947,-7.660562992095947,7.660562992095947,0.0,0.0,7.660562992095947,10.268535614013672,-5.134267807006836,0.0,0.0,0.0,0.0,13.95199203491211,worst_uncertainty_stratified_mhz
10890,280.0,9,7.592643737792969,-7.592643737792969,7.592643737792969,0.0,0.0,7.592643737792969,10.238551139831543,-5.1192755699157715,0.0,0.0,0.0,0.0,11.834900856018066,worst_uncertainty_stratified_mhz
10008,280.0,9,7.561906814575195,-7.561906814575195,7.561906814575195,0.0,0.0,7.561906814575195,10.237950325012207,-5.1189751625061035,0.0,0.0,0.0,0.0,10.088273048400879,worst_uncertainty_stratified_mhz
9669,280.0,9,7.146604537963867,-7.146604537963867,7.146604537963867,0.0,0.0,7.146604537963867,10.313157081604004,-5.156578540802002,0.0,0.0,0.0,0.0,12.894085884094238,worst_uncertainty_stratified_mhz
9712,300.0,9,7.53980827331543,-7.53980827331543,7.53980827331543,0.0,0.0,7.53980827331543,10.309778213500977,-5.154889106750488,0.0,0.0,0.0,0.0,10.825667381286621,worst_uncertainty_stratified_mhz
10945,300.0,9,7.2364912033081055,-7.2364912033081055,7.2364912033081055,0.0,0.0,7.2364912033081055,10.210018157958984,-5.105009078979492,0.0,0.0,0.0,0.0,9.948691368103027,worst_uncertainty_stratified_mhz
9620,300.0,9,7.029016494750977,-7.029016494750977,7.029016494750977,0.0,0.0,7.029016494750977,10.225529670715332,-5.112764835357666,0.0,0.0,0.0,0.0,9.180421829223633,worst_uncertainty_stratified_mhz
9837,300.0,9,7.026706218719482,-7.026706218719482,7.026706218719482,0.0,0.0,7.026706218719482,10.273652076721191,-5.136826038360596,0.0,0.0,0.0,0.0,9.45396614074707,worst_uncertainty_stratified_mhz
10036,300.0,9,6.94802188873291,-6.94802188873291,6.94802188873291,0.0,0.0,6.94802188873291,10.39599609375,-5.197998046875,0.0,0.0,0.0,0.0,9.017000198364258,worst_uncertainty_stratified_mhz
11182,300.0,9,6.828167915344238,-6.828167915344238,6.828167915344238,0.0,0.0,6.828167915344238,10.379907608032227,-5.189953804016113,0.0,0.0,0.0,0.0,9.232508659362793,worst_uncertainty_stratified_mhz
10641,170.0,9,15.632166862487793,-15.632166862487793,15.632166862487793,0.0,0.0,15.632166862487793,10.321218490600586,-5.160609245300293,0.0,0.0,0.0,0.0,9.493634223937988,worst_uncertainty_stratified_mhz
10378,170.0,9,15.58073902130127,-15.58073902130127,15.58073902130127,0.0,0.0,15.58073902130127,10.38300895690918,-5.19150447845459,0.0,0.0,0.0,0.0,8.627678871154785,worst_uncertainty_stratified_mhz
10838,170.0,9,15.522299766540527,-15.522299766540527,15.522299766540527,0.0,0.0,15.522299766540527,10.475872993469238,-5.237936496734619,0.0,0.0,0.0,0.0,9.958189964294434,worst_uncertainty_stratified_mhz
10537,170.0,9,15.374076843261719,-15.374076843261719,15.374076843261719,0.0,0.0,15.374076843261719,10.297536849975586,-5.148768424987793,0.0,0.0,0.0,0.0,9.950240135192871,worst_uncertainty_stratified_mhz
11821,120.0,10,8.315695762634277,-8.315695762634277,8.315695762634277,0.0,0.0,8.315695762634277,10.240731239318848,-5.120365619659424,0.0,0.0,0.0,0.0,4.070469379425049,worst_uncertainty_stratified_mhz
11704,120.0,10,7.540671348571777,-7.540671348571777,7.540671348571777,0.0,0.0,7.540671348571777,10.36058521270752,-5.18029260635376,0.0,0.0,0.0,0.0,4.02318811416626,worst_uncertainty_stratified_mhz
12204,120.0,10,7.501123428344727,-7.501123428344727,7.501123428344727,0.0,0.0,7.501123428344727,10.296158790588379,-5.1480793952941895,0.0,0.0,0.0,0.0,4.020817279815674,worst_uncertainty_stratified_mhz
12349,150.0,10,10.6951265335083,-10.6951265335083,10.6951265335083,0.0,0.0,10.6951265335083,10.318160057067871,-5.1590800285339355,0.0,0.0,0.0,0.0,8.678467750549316,worst_uncertainty_stratified_mhz
12530,150.0,10,9.98003101348877,-9.98003101348877,9.98003101348877,0.0,0.0,9.98003101348877,10.26862621307373,-5.134313106536865,0.0,0.0,0.0,0.0,6.625014305114746,worst_uncertainty_stratified_mhz
12405,150.0,10,9.810745239257812,-9.810745239257812,9.810745239257812,0.0,0.0,9.810745239257812,10.244643211364746,-5.122321605682373,0.0,0.0,0.0,0.0,6.2219085693359375,worst_uncertainty_stratified_mhz
12246,150.0,10,8.529715538024902,-8.529715538024902,8.529715538024902,0.0,0.0,8.529715538024902,10.212153434753418,-5.106076717376709,0.0,0.0,0.0,0.0,5.427640914916992,worst_uncertainty_stratified_mhz
12616,155.0,10,11.677639961242676,-11.677639961242676,11.677639961242676,0.0,0.0,11.677639961242676,10.296187400817871,-5.1480937004089355,0.0,0.0,0.0,0.0,5.960888385772705,worst_uncertainty_stratified_mhz
11415,155.0,10,10.070768356323242,-10.070768356323242,10.070768356323242,0.0,0.0,10.070768356323242,10.338727951049805,-5.169363975524902,0.0,0.0,0.0,0.0,4.335512161254883,worst_uncertainty_stratified_mhz
11801,155.0,10,9.486886978149414,-9.486886978149414,9.486886978149414,0.0,0.0,9.486886978149414,10.384262084960938,-5.192131042480469,0.0,0.0,0.0,0.0,4.259527206420898,worst_uncertainty_stratified_mhz
12387,155.0,10,8.688469886779785,-8.688469886779785,8.688469886779785,0.0,0.0,8.688469886779785,10.360757827758789,-5.1803789138793945,0.0,0.0,0.0,0.0,4.876190185546875,worst_uncertainty_stratified_mhz
12313,155.0,10,8.536904335021973,-8.536904335021973,8.536904335021973,0.0,0.0,8.536904335021973,10.320352554321289,-5.1601762771606445,0.0,0.0,0.0,0.0,4.348721981048584,worst_uncertainty_stratified_mhz
12520,155.0,10,7.570371627807617,-7.570371627807617,7.570371627807617,0.0,0.0,7.570371627807617,10.335892677307129,-5.1679463386535645,0.0,0.0,0.0,0.0,5.153720855712891,worst_uncertainty_stratified_mhz
12581,155.0,10,7.440248966217041,-7.440248966217041,7.440248966217041,0.0,0.0,7.440248966217041,10.329131126403809,-5.164565563201904,0.0,0.0,0.0,0.0,5.070052623748779,worst_uncertainty_stratified_mhz
12022,155.0,10,7.289862632751465,-7.289862632751465,7.289862632751465,0.0,0.0,7.289862632751465,10.206185340881348,-5.103092670440674,0.0,0.0,0.0,0.0,4.16643762588501,worst_uncertainty_stratified_mhz
12586,170.0,10,18.001388549804688,-18.001388549804688,18.001388549804688,0.0,0.0,18.001388549804688,10.293591499328613,-5.146795749664307,0.0,0.0,0.0,0.0,10.004356384277344,worst_uncertainty_stratified_mhz
12327,170.0,10,14.488801002502441,-14.488801002502441,14.488801002502441,0.0,0.0,14.488801002502441,10.408149719238281,-5.204074859619141,0.0,0.0,0.0,0.0,11.515700340270996,worst_uncertainty_stratified_mhz
12507,170.0,10,14.413265228271484,-14.413265228271484,14.413265228271484,0.0,0.0,14.413265228271484,10.341113090515137,-5.170556545257568,0.0,0.0,0.0,0.0,8.375818252563477,worst_uncertainty_stratified_mhz
12791,180.0,10,14.76568603515625,-14.76568603515625,14.76568603515625,0.0,0.0,14.76568603515625,10.292235374450684,-5.146117687225342,0.0,0.0,0.0,0.0,9.267712593078613,worst_uncertainty_stratified_mhz
11935,180.0,10,14.177094459533691,-14.177094459533691,14.177094459533691,0.0,0.0,14.177094459533691,10.351789474487305,-5.175894737243652,0.0,0.0,0.0,0.0,11.967768669128418,worst_uncertainty_stratified_mhz
12348,180.0,10,14.002628326416016,-14.002628326416016,14.002628326416016,0.0,0.0,14.002628326416016,10.456659317016602,-5.228329658508301,0.0,0.0,0.0,0.0,7.17139196395874,worst_uncertainty_stratified_mhz
12575,180.0,10,13.971762657165527,-13.971762657165527,13.971762657165527,0.0,0.0,13.971762657165527,10.447627067565918,-5.223813533782959,0.0,0.0,0.0,0.0,11.161598205566406,worst_uncertainty_stratified_mhz
12532,200.0,10,10.816234588623047,-10.816234588623047,10.816234588623047,0.0,0.0,10.816234588623047,10.348793983459473,-5.174396991729736,0.0,0.0,0.0,0.0,12.322592735290527,worst_uncertainty_stratified_mhz
12725,200.0,10,9.874674797058105,-9.874674797058105,9.874674797058105,0.0,0.0,9.874674797058105,10.400069236755371,-5.2000346183776855,0.0,0.0,0.0,0.0,14.856864929199219,worst_uncertainty_stratified_mhz
12542,200.0,10,9.828057289123535,-9.828057289123535,9.828057289123535,0.0,0.0,9.828057289123535,10.396782875061035,-5.198391437530518,0.0,0.0,0.0,0.0,6.392037391662598,worst_uncertainty_stratified_mhz
12579,200.0,10,9.57817554473877,-9.57817554473877,9.57817554473877,0.0,0.0,9.57817554473877,10.264946937561035,-5.132473468780518,0.0,0.0,0.0,0.0,10.861151695251465,worst_uncertainty_stratified_mhz
12162,200.0,10,9.453620910644531,-9.453620910644531,9.453620910644531,0.0,0.0,9.453620910644531,10.498936653137207,-5.2494683265686035,0.0,0.0,0.0,0.0,7.444924831390381,worst_uncertainty_stratified_mhz
11818,200.0,10,9.128128051757812,-9.128128051757812,9.128128051757812,0.0,0.0,9.128128051757812,10.312060356140137,-5.156030178070068,0.0,0.0,0.0,0.0,11.127829551696777,worst_uncertainty_stratified_mhz
11518,200.0,10,9.031625747680664,-9.031625747680664,9.031625747680664,0.0,0.0,9.031625747680664,10.286396026611328,-5.143198013305664,0.0,0.0,0.0,0.0,7.387386322021484,worst_uncertainty_stratified_mhz
11577,200.0,10,8.950057029724121,-8.950057029724121,8.950057029724121,0.0,0.0,8.950057029724121,10.322673797607422,-5.161336898803711,0.0,0.0,0.0,0.0,8.411080360412598,worst_uncertainty_stratified_mhz
11303,230.0,10,8.259430885314941,-8.259430885314941,8.259430885314941,0.0,0.0,8.259430885314941,10.488986015319824,-5.244493007659912,0.0,0.0,0.0,0.0,7.9467902183532715,worst_uncertainty_stratified_mhz
12676,230.0,10,7.6867289543151855,-7.6867289543151855,7.6867289543151855,0.0,0.0,7.6867289543151855,10.295162200927734,-5.147581100463867,0.0,0.0,0.0,0.0,9.415467262268066,worst_uncertainty_stratified_mhz
11517,230.0,10,7.349337577819824,-7.349337577819824,7.349337577819824,0.0,0.0,7.349337577819824,10.416885375976562,-5.208442687988281,0.0,0.0,0.0,0.0,10.330735206604004,worst_uncertainty_stratified_mhz
11457,230.0,10,7.167874813079834,-7.167874813079834,7.167874813079834,0.0,0.0,7.167874813079834,10.37255859375,-5.186279296875,0.0,0.0,0.0,0.0,9.975719451904297,worst_uncertainty_stratified_mhz
11242,230.0,10,7.162567138671875,-7.162567138671875,7.162567138671875,0.0,0.0,7.162567138671875,10.372187614440918,-5.186093807220459,0.0,0.0,0.0,0.0,9.779654502868652,worst_uncertainty_stratified_mhz
12592,230.0,10,6.849879264831543,-6.849879264831543,6.849879264831543,0.0,0.0,6.849879264831543,10.336222648620605,-5.168111324310303,0.0,0.0,0.0,0.0,10.410332679748535,worst_uncertainty_stratified_mhz
12393,230.0,10,6.674010276794434,-6.674010276794434,6.674010276794434,0.0,0.0,6.674010276794434,10.42146110534668,-5.21073055267334,0.0,0.0,0.0,0.0,9.710954666137695,worst_uncertainty_stratified_mhz
12436,230.0,10,6.534580230712891,-6.534580230712891,6.534580230712891,0.0,0.0,6.534580230712891,10.233006477355957,-5.1165032386779785,0.0,0.0,0.0,0.0,9.146811485290527,worst_uncertainty_stratified_mhz
11967,250.0,10,9.679342269897461,-9.679342269897461,9.679342269897461,0.0,0.0,9.679342269897461,10.413251876831055,-5.206625938415527,0.0,0.0,0.0,0.0,10.117898941040039,worst_uncertainty_stratified_mhz
12107,250.0,10,8.818848609924316,-8.818848609924316,8.818848609924316,0.0,0.0,8.818848609924316,10.264713287353516,-5.132356643676758,0.0,0.0,0.0,0.0,12.092876434326172,worst_uncertainty_stratified_mhz
12552,250.0,10,8.503691673278809,-8.503691673278809,8.503691673278809,0.0,0.0,8.503691673278809,10.329146385192871,-5.1645731925964355,0.0,0.0,0.0,0.0,8.925437927246094,worst_uncertainty_stratified_mhz
11452,250.0,10,8.183379173278809,-8.183379173278809,8.183379173278809,0.0,0.0,8.183379173278809,10.299047470092773,-5.149523735046387,0.0,0.0,0.0,0.0,11.770527839660645,worst_uncertainty_stratified_mhz
12613,250.0,10,7.973906517028809,-7.973906517028809,7.973906517028809,0.0,0.0,7.973906517028809,10.407097816467285,-5.203548908233643,0.0,0.0,0.0,0.0,9.148681640625,worst_uncertainty_stratified_mhz
12557,250.0,10,7.890009880065918,-7.890009880065918,7.890009880065918,0.0,0.0,7.890009880065918,10.32719898223877,-5.163599491119385,0.0,0.0,0.0,0.0,8.687204360961914,worst_uncertainty_stratified_mhz
12440,250.0,10,7.823500633239746,-7.823500633239746,7.823500633239746,0.0,0.0,7.823500633239746,10.356034278869629,-5.1780171394348145,0.0,0.0,0.0,0.0,10.963390350341797,worst_uncertainty_stratified_mhz
12590,250.0,10,7.77924919128418,-7.77924919128418,7.77924919128418,0.0,0.0,7.77924919128418,10.255265235900879,-5.1276326179504395,0.0,0.0,0.0,0.0,12.55392074584961,worst_uncertainty_stratified_mhz
12683,250.0,10,7.630734920501709,-7.630734920501709,7.630734920501709,0.0,0.0,7.630734920501709,10.257052421569824,-5.128526210784912,0.0,0.0,0.0,0.0,13.872491836547852,worst_uncertainty_stratified_mhz
12450,250.0,10,7.5870161056518555,-7.5870161056518555,7.5870161056518555,0.0,0.0,7.5870161056518555,10.31153392791748,-5.15576696395874,0.0,0.0,0.0,0.0,9.637177467346191,worst_uncertainty_stratified_mhz
11404,250.0,10,7.58042049407959,-7.58042049407959,7.58042049407959,0.0,0.0,7.58042049407959,10.308148384094238,-5.154074192047119,0.0,0.0,0.0,0.0,11.265076637268066,worst_uncertainty_stratified_mhz
11781,250.0,10,7.508507251739502,-7.508507251739502,7.508507251739502,0.0,0.0,7.508507251739502,10.271199226379395,-5.135599613189697,0.0,0.0,0.0,0.0,8.671936988830566,worst_uncertainty_stratified_mhz
12452,265.0,10,7.279767036437988,-7.279767036437988,7.279767036437988,0.0,0.0,7.279767036437988,10.255574226379395,-5.127787113189697,0.0,0.0,0.0,0.0,13.638143539428711,worst_uncertainty_stratified_mhz
12781,265.0,10,6.63338565826416,-6.63338565826416,6.63338565826416,0.0,0.0,6.63338565826416,10.348587036132812,-5.174293518066406,0.0,0.0,0.0,0.0,10.9434232711792,worst_uncertainty_stratified_mhz
11931,265.0,10,6.5026655197143555,-6.5026655197143555,6.5026655197143555,0.0,0.0,6.5026655197143555,10.201736450195312,-5.100868225097656,0.0,0.0,0.0,0.0,11.06354808807373,worst_uncertainty_stratified_mhz
11800,265.0,10,6.240175247192383,-6.240175247192383,6.240175247192383,0.0,0.0,6.240175247192383,10.208272933959961,-5.1041364669799805,0.0,0.0,0.0,0.0,13.618048667907715,worst_uncertainty_stratified_mhz
12263,265.0,10,6.024070739746094,-6.024070739746094,6.024070739746094,0.0,0.0,6.024070739746094,10.33765697479248,-5.16882848739624,0.0,0.0,0.0,0.0,7.512990474700928,worst_uncertainty_stratified_mhz
11542,265.0,10,6.005398273468018,-6.005398273468018,6.005398273468018,0.0,0.0,6.005398273468018,10.251147270202637,-5.125573635101318,0.0,0.0,0.0,0.0,10.924349784851074,worst_uncertainty_stratified_mhz
11333,265.0,10,5.848965644836426,-5.848965644836426,5.848965644836426,0.0,0.0,5.848965644836426,10.228156089782715,-5.114078044891357,0.0,0.0,0.0,0.0,10.655122756958008,worst_uncertainty_stratified_mhz
12278,265.0,10,5.824954032897949,-5.824954032897949,5.824954032897949,0.0,0.0,5.824954032897949,10.24865436553955,-5.124327182769775,0.0,0.0,0.0,0.0,10.812797546386719,worst_uncertainty_stratified_mhz
11829,265.0,10,5.822830677032471,-5.822830677032471,5.822830677032471,0.0,0.0,5.822830677032471,10.262391090393066,-5.131195545196533,0.0,0.0,0.0,0.0,9.64135456085205,worst_uncertainty_stratified_mhz
11208,265.0,10,5.583148002624512,-5.583148002624512,5.583148002624512,0.0,0.0,5.583148002624512,10.221123695373535,-5.110561847686768,0.0,0.0,0.0,0.0,7.693918228149414,worst_uncertainty_stratified_mhz
11337,265.0,10,5.534236431121826,-5.534236431121826,5.534236431121826,0.0,0.0,5.534236431121826,10.228619575500488,-5.114309787750244,0.0,0.0,0.0,0.0,13.35184383392334,worst_uncertainty_stratified_mhz
12182,270.0,10,8.517349243164062,-8.517349243164062,8.517349243164062,0.0,0.0,8.517349243164062,10.312692642211914,-5.156346321105957,0.0,0.0,0.0,0.0,15.494478225708008,worst_uncertainty_stratified_mhz
12547,270.0,10,7.890008926391602,-7.890008926391602,7.890008926391602,0.0,0.0,7.890008926391602,10.214605331420898,-5.107302665710449,0.0,0.0,0.0,0.0,12.867843627929688,worst_uncertainty_stratified_mhz
12779,270.0,10,7.504012107849121,-7.504012107849121,7.504012107849121,0.0,0.0,7.504012107849121,10.292799949645996,-5.146399974822998,0.0,0.0,0.0,0.0,13.312422752380371,worst_uncertainty_stratified_mhz
11756,270.0,10,7.008716583251953,-7.008716583251953,7.008716583251953,0.0,0.0,7.008716583251953,10.311567306518555,-5.155783653259277,0.0,0.0,0.0,0.0,14.665505409240723,worst_uncertainty_stratified_mhz
12723,270.0,10,6.961015701293945,-6.961015701293945,6.961015701293945,0.0,0.0,6.961015701293945,10.350499153137207,-5.1752495765686035,0.0,0.0,0.0,0.0,8.706257820129395,worst_uncertainty_stratified_mhz
12548,270.0,10,6.945581436157227,-6.945581436157227,6.945581436157227,0.0,0.0,6.945581436157227,10.286886215209961,-5.1434431076049805,0.0,0.0,0.0,0.0,7.5954790115356445,worst_uncertainty_stratified_mhz
11876,270.0,10,6.9081830978393555,-6.9081830978393555,6.9081830978393555,0.0,0.0,6.9081830978393555,10.378325462341309,-5.189162731170654,0.0,0.0,0.0,0.0,7.534620761871338,worst_uncertainty_stratified_mhz
12665,280.0,10,8.506229400634766,-8.506229400634766,8.506229400634766,0.0,0.0,8.506229400634766,10.235690116882324,-5.117845058441162,0.0,0.0,0.0,0.0,12.770437240600586,worst_uncertainty_stratified_mhz
11651,280.0,10,8.000409126281738,-8.000409126281738,8.000409126281738,0.0,0.0,8.000409126281738,10.29483699798584,-5.14741849899292,0.0,0.0,0.0,0.0,14.461311340332031,worst_uncertainty_stratified_mhz
12727,280.0,10,7.9832000732421875,-7.9832000732421875,7.9832000732421875,0.0,0.0,7.9832000732421875,10.236663818359375,-5.1183319091796875,0.0,0.0,0.0,0.0,13.492753982543945,worst_uncertainty_stratified_mhz
12512,280.0,10,7.859127044677734,-7.859127044677734,7.859127044677734,0.0,0.0,7.859127044677734,10.293314933776855,-5.146657466888428,0.0,0.0,0.0,0.0,11.789787292480469,worst_uncertainty_stratified_mhz
11481,280.0,10,7.646563529968262,-7.646563529968262,7.646563529968262,0.0,0.0,7.646563529968262,10.263873100280762,-5.131936550140381,0.0,0.0,0.0,0.0,12.225876808166504,worst_uncertainty_stratified_mhz
11471,280.0,10,7.137359619140625,-7.137359619140625,7.137359619140625,0.0,0.0,7.137359619140625,10.302471160888672,-5.151235580444336,0.0,0.0,0.0,0.0,13.006738662719727,worst_uncertainty_stratified_mhz
12042,300.0,10,8.772712707519531,-8.772712707519531,8.772712707519531,0.0,0.0,8.772712707519531,10.348672866821289,-5.1743364334106445,0.0,0.0,0.0,0.0,9.17574405670166,worst_uncertainty_stratified_mhz
11392,300.0,10,8.070172309875488,-8.070172309875488,8.070172309875488,0.0,0.0,8.070172309875488,10.28798770904541,-5.143993854522705,0.0,0.0,0.0,0.0,9.000835418701172,worst_uncertainty_stratified_mhz
12593,300.0,10,7.635825157165527,-7.635825157165527,7.635825157165527,0.0,0.0,7.635825157165527,10.421545028686523,-5.210772514343262,0.0,0.0,0.0,0.0,10.07829761505127,worst_uncertainty_stratified_mhz
11449,300.0,10,7.447025299072266,-7.447025299072266,7.447025299072266,0.0,0.0,7.447025299072266,10.320517539978027,-5.160258769989014,0.0,0.0,0.0,0.0,8.701151847839355,worst_uncertainty_stratified_mhz
11707,300.0,10,7.110786437988281,-7.110786437988281,7.110786437988281,0.0,0.0,7.110786437988281,10.28823184967041,-5.144115924835205,0.0,0.0,0.0,0.0,10.406148910522461,worst_uncertainty_stratified_mhz
12784,300.0,10,6.913718223571777,-6.913718223571777,6.913718223571777,0.0,0.0,6.913718223571777,10.311980247497559,-5.155990123748779,0.0,0.0,0.0,0.0,8.746922492980957,worst_uncertainty_stratified_mhz
