candidate_id,mhz,k,badness,quality_score,uncertainty,heatmap_mc_mse,decoder_mc_rce,epistemic_score,disagreement_score,prior_tension_score,peak_bias_score,p99_var,p99_mc_range,peak_loc_spread_px,pred_p99_mean,selected_reason
1060,120.0,3,10.449491500854492,-10.449491500854492,10.449491500854492,0.0,0.0,10.449491500854492,11.001757621765137,-5.500878810882568,0.0,0.0,0.0,0.0,1.6151772737503052,worst_uncertainty_stratified_mhz
590,120.0,3,6.871890544891357,-6.871890544891357,6.871890544891357,0.0,0.0,6.871890544891357,10.98466682434082,-5.49233341217041,0.0,0.0,0.0,0.0,1.6798648834228516,worst_uncertainty_stratified_mhz
1458,120.0,3,6.6580352783203125,-6.6580352783203125,6.6580352783203125,0.0,0.0,6.6580352783203125,10.914502143859863,-5.457251071929932,0.0,0.0,0.0,0.0,1.8035273551940918,worst_uncertainty_stratified_mhz
254,155.0,3,4.643893241882324,-4.643893241882324,4.643893241882324,0.0,0.0,4.643893241882324,10.599167823791504,-5.299583911895752,0.0,0.0,0.0,0.0,3.674614906311035,worst_uncertainty_stratified_mhz
1350,155.0,3,4.232863426208496,-4.232863426208496,4.232863426208496,0.0,0.0,4.232863426208496,10.664612770080566,-5.332306385040283,0.0,0.0,0.0,0.0,3.432852029800415,worst_uncertainty_stratified_mhz
669,155.0,3,3.842759370803833,-3.842759370803833,3.842759370803833,0.0,0.0,3.842759370803833,10.576361656188965,-5.288180828094482,0.0,0.0,0.0,0.0,3.4386651515960693,worst_uncertainty_stratified_mhz
1363,155.0,3,3.8024468421936035,-3.8024468421936035,3.8024468421936035,0.0,0.0,3.8024468421936035,10.537303924560547,-5.268651962280273,0.0,0.0,0.0,0.0,3.569828987121582,worst_uncertainty_stratified_mhz
800,155.0,3,3.647649049758911,-3.647649049758911,3.647649049758911,0.0,0.0,3.647649049758911,10.708770751953125,-5.3543853759765625,0.0,0.0,0.0,0.0,3.4985413551330566,worst_uncertainty_stratified_mhz
956,155.0,3,3.6309449672698975,-3.6309449672698975,3.6309449672698975,0.0,0.0,3.6309449672698975,10.694963455200195,-5.347481727600098,0.0,0.0,0.0,0.0,3.3734934329986572,worst_uncertainty_stratified_mhz
907,155.0,3,3.4446747303009033,-3.4446747303009033,3.4446747303009033,0.0,0.0,3.4446747303009033,10.54216194152832,-5.27108097076416,0.0,0.0,0.0,0.0,3.666127920150757,worst_uncertainty_stratified_mhz
1164,155.0,3,3.3247604370117188,-3.3247604370117188,3.3247604370117188,0.0,0.0,3.3247604370117188,10.514962196350098,-5.257481098175049,0.0,0.0,0.0,0.0,3.6154839992523193,worst_uncertainty_stratified_mhz
597,170.0,3,4.776260852813721,-4.776260852813721,4.776260852813721,0.0,0.0,4.776260852813721,10.69076156616211,-5.345380783081055,0.0,0.0,0.0,0.0,4.649367809295654,worst_uncertainty_stratified_mhz
534,170.0,3,3.9845449924468994,-3.9845449924468994,3.9845449924468994,0.0,0.0,3.9845449924468994,10.608139038085938,-5.304069519042969,0.0,0.0,0.0,0.0,4.23490571975708,worst_uncertainty_stratified_mhz
173,170.0,3,3.405717372894287,-3.405717372894287,3.405717372894287,0.0,0.0,3.405717372894287,10.556314468383789,-5.2781572341918945,0.0,0.0,0.0,0.0,4.828510761260986,worst_uncertainty_stratified_mhz
1044,180.0,3,8.38547134399414,-8.38547134399414,8.38547134399414,0.0,0.0,8.38547134399414,10.596407890319824,-5.298203945159912,0.0,0.0,0.0,0.0,6.768303871154785,worst_uncertainty_stratified_mhz
892,180.0,3,7.672595977783203,-7.672595977783203,7.672595977783203,0.0,0.0,7.672595977783203,10.644294738769531,-5.322147369384766,0.0,0.0,0.0,0.0,5.667646408081055,worst_uncertainty_stratified_mhz
639,180.0,3,6.931536674499512,-6.931536674499512,6.931536674499512,0.0,0.0,6.931536674499512,10.550410270690918,-5.275205135345459,0.0,0.0,0.0,0.0,7.675713062286377,worst_uncertainty_stratified_mhz
635,180.0,3,6.391021251678467,-6.391021251678467,6.391021251678467,0.0,0.0,6.391021251678467,10.546945571899414,-5.273472785949707,0.0,0.0,0.0,0.0,5.9238691329956055,worst_uncertainty_stratified_mhz
897,200.0,3,12.051249504089355,-12.051249504089355,12.051249504089355,0.0,0.0,12.051249504089355,10.662633895874023,-5.331316947937012,0.0,0.0,0.0,0.0,10.124486923217773,worst_uncertainty_stratified_mhz
1250,200.0,3,11.754382133483887,-11.754382133483887,11.754382133483887,0.0,0.0,11.754382133483887,10.63061809539795,-5.315309047698975,0.0,0.0,0.0,0.0,11.23802661895752,worst_uncertainty_stratified_mhz
1075,200.0,3,11.460107803344727,-11.460107803344727,11.460107803344727,0.0,0.0,11.460107803344727,10.621556282043457,-5.3107781410217285,0.0,0.0,0.0,0.0,13.715790748596191,worst_uncertainty_stratified_mhz
52,200.0,3,9.542586326599121,-9.542586326599121,9.542586326599121,0.0,0.0,9.542586326599121,10.607906341552734,-5.303953170776367,0.0,0.0,0.0,0.0,13.544364929199219,worst_uncertainty_stratified_mhz
944,200.0,3,9.359182357788086,-9.359182357788086,9.359182357788086,0.0,0.0,9.359182357788086,10.617114067077637,-5.308557033538818,0.0,0.0,0.0,0.0,14.708552360534668,worst_uncertainty_stratified_mhz
1228,200.0,3,9.336057662963867,-9.336057662963867,9.336057662963867,0.0,0.0,9.336057662963867,10.60690975189209,-5.303454875946045,0.0,0.0,0.0,0.0,13.684277534484863,worst_uncertainty_stratified_mhz
785,200.0,3,9.293006896972656,-9.293006896972656,9.293006896972656,0.0,0.0,9.293006896972656,10.633132934570312,-5.316566467285156,0.0,0.0,0.0,0.0,12.570488929748535,worst_uncertainty_stratified_mhz
943,200.0,3,9.236942291259766,-9.236942291259766,9.236942291259766,0.0,0.0,9.236942291259766,10.726278305053711,-5.3631391525268555,0.0,0.0,0.0,0.0,15.064090728759766,worst_uncertainty_stratified_mhz
1214,230.0,3,11.019201278686523,-11.019201278686523,11.019201278686523,0.0,0.0,11.019201278686523,11.059710502624512,-5.529855251312256,0.0,0.0,0.0,0.0,6.217559814453125,worst_uncertainty_stratified_mhz
769,230.0,3,10.930147171020508,-10.930147171020508,10.930147171020508,0.0,0.0,10.930147171020508,10.831552505493164,-5.415776252746582,0.0,0.0,0.0,0.0,7.645719051361084,worst_uncertainty_stratified_mhz
1570,230.0,3,10.324907302856445,-10.324907302856445,10.324907302856445,0.0,0.0,10.324907302856445,10.730887413024902,-5.365443706512451,0.0,0.0,0.0,0.0,9.101250648498535,worst_uncertainty_stratified_mhz
1068,230.0,3,10.080859184265137,-10.080859184265137,10.080859184265137,0.0,0.0,10.080859184265137,10.93735122680664,-5.46867561340332,0.0,0.0,0.0,0.0,6.9298906326293945,worst_uncertainty_stratified_mhz
8,230.0,3,9.96882438659668,-9.96882438659668,9.96882438659668,0.0,0.0,9.96882438659668,10.988729476928711,-5.4943647384643555,0.0,0.0,0.0,0.0,7.425158500671387,worst_uncertainty_stratified_mhz
205,230.0,3,9.96882438659668,-9.96882438659668,9.96882438659668,0.0,0.0,9.96882438659668,10.988729476928711,-5.4943647384643555,0.0,0.0,0.0,0.0,7.425158500671387,worst_uncertainty_stratified_mhz
1309,230.0,3,9.661226272583008,-9.661226272583008,9.661226272583008,0.0,0.0,9.661226272583008,10.803436279296875,-5.4017181396484375,0.0,0.0,0.0,0.0,6.926764011383057,worst_uncertainty_stratified_mhz
390,230.0,3,9.454931259155273,-9.454931259155273,9.454931259155273,0.0,0.0,9.454931259155273,10.720677375793457,-5.3603386878967285,0.0,0.0,0.0,0.0,8.41041088104248,worst_uncertainty_stratified_mhz
762,250.0,3,9.14140510559082,-9.14140510559082,9.14140510559082,0.0,0.0,9.14140510559082,10.761528015136719,-5.380764007568359,0.0,0.0,0.0,0.0,11.872308731079102,worst_uncertainty_stratified_mhz
1020,250.0,3,8.442752838134766,-8.442752838134766,8.442752838134766,0.0,0.0,8.442752838134766,10.79852294921875,-5.399261474609375,0.0,0.0,0.0,0.0,11.611567497253418,worst_uncertainty_stratified_mhz
862,250.0,3,8.222318649291992,-8.222318649291992,8.222318649291992,0.0,0.0,8.222318649291992,10.829710006713867,-5.414855003356934,0.0,0.0,0.0,0.0,12.168993949890137,worst_uncertainty_stratified_mhz
1493,250.0,3,7.705872535705566,-7.705872535705566,7.705872535705566,0.0,0.0,7.705872535705566,10.728909492492676,-5.364454746246338,0.0,0.0,0.0,0.0,12.025749206542969,worst_uncertainty_stratified_mhz
1335,250.0,3,7.624546527862549,-7.624546527862549,7.624546527862549,0.0,0.0,7.624546527862549,10.731806755065918,-5.365903377532959,0.0,0.0,0.0,0.0,10.888741493225098,worst_uncertainty_stratified_mhz
600,250.0,3,7.618703365325928,-7.618703365325928,7.618703365325928,0.0,0.0,7.618703365325928,10.67543888092041,-5.337719440460205,0.0,0.0,0.0,0.0,11.856200218200684,worst_uncertainty_stratified_mhz
979,250.0,3,7.37369441986084,-7.37369441986084,7.37369441986084,0.0,0.0,7.37369441986084,10.7932710647583,-5.39663553237915,0.0,0.0,0.0,0.0,11.31186580657959,worst_uncertainty_stratified_mhz
1381,250.0,3,7.26483154296875,-7.26483154296875,7.26483154296875,0.0,0.0,7.26483154296875,10.778202056884766,-5.389101028442383,0.0,0.0,0.0,0.0,12.166420936584473,worst_uncertainty_stratified_mhz
1255,250.0,3,7.025884628295898,-7.025884628295898,7.025884628295898,0.0,0.0,7.025884628295898,10.822074890136719,-5.411037445068359,0.0,0.0,0.0,0.0,11.005773544311523,worst_uncertainty_stratified_mhz
745,250.0,3,6.93972110748291,-6.93972110748291,6.93972110748291,0.0,0.0,6.93972110748291,10.738901138305664,-5.369450569152832,0.0,0.0,0.0,0.0,11.418728828430176,worst_uncertainty_stratified_mhz
407,250.0,3,6.915699005126953,-6.915699005126953,6.915699005126953,0.0,0.0,6.915699005126953,10.775801658630371,-5.3879008293151855,0.0,0.0,0.0,0.0,10.478776931762695,worst_uncertainty_stratified_mhz
35,250.0,3,6.82888650894165,-6.82888650894165,6.82888650894165,0.0,0.0,6.82888650894165,10.638801574707031,-5.319400787353516,0.0,0.0,0.0,0.0,11.78139591217041,worst_uncertainty_stratified_mhz
767,265.0,3,6.650885105133057,-6.650885105133057,6.650885105133057,0.0,0.0,6.650885105133057,10.703487396240234,-5.351743698120117,0.0,0.0,0.0,0.0,9.834327697753906,worst_uncertainty_stratified_mhz
334,265.0,3,6.603237152099609,-6.603237152099609,6.603237152099609,0.0,0.0,6.603237152099609,10.555678367614746,-5.277839183807373,0.0,0.0,0.0,0.0,9.646257400512695,worst_uncertainty_stratified_mhz
661,265.0,3,5.961637496948242,-5.961637496948242,5.961637496948242,0.0,0.0,5.961637496948242,10.5629243850708,-5.2814621925354,0.0,0.0,0.0,0.0,10.25105094909668,worst_uncertainty_stratified_mhz
556,265.0,3,5.645404815673828,-5.645404815673828,5.645404815673828,0.0,0.0,5.645404815673828,10.571629524230957,-5.2858147621154785,0.0,0.0,0.0,0.0,10.8378267288208,worst_uncertainty_stratified_mhz
797,265.0,3,5.600645065307617,-5.600645065307617,5.600645065307617,0.0,0.0,5.600645065307617,10.626523971557617,-5.313261985778809,0.0,0.0,0.0,0.0,9.549087524414062,worst_uncertainty_stratified_mhz
1303,265.0,3,5.364154815673828,-5.364154815673828,5.364154815673828,0.0,0.0,5.364154815673828,10.57936954498291,-5.289684772491455,0.0,0.0,0.0,0.0,10.300820350646973,worst_uncertainty_stratified_mhz
1340,265.0,3,5.267772674560547,-5.267772674560547,5.267772674560547,0.0,0.0,5.267772674560547,10.566381454467773,-5.283190727233887,0.0,0.0,0.0,0.0,10.567882537841797,worst_uncertainty_stratified_mhz
55,265.0,3,5.243006706237793,-5.243006706237793,5.243006706237793,0.0,0.0,5.243006706237793,10.556418418884277,-5.278209209442139,0.0,0.0,0.0,0.0,10.148344993591309,worst_uncertainty_stratified_mhz
1556,265.0,3,5.1585001945495605,-5.1585001945495605,5.1585001945495605,0.0,0.0,5.1585001945495605,10.58195686340332,-5.29097843170166,0.0,0.0,0.0,0.0,10.678380012512207,worst_uncertainty_stratified_mhz
1316,265.0,3,4.975282192230225,-4.975282192230225,4.975282192230225,0.0,0.0,4.975282192230225,10.602726936340332,-5.301363468170166,0.0,0.0,0.0,0.0,9.89091682434082,worst_uncertainty_stratified_mhz
1491,265.0,3,4.947075843811035,-4.947075843811035,4.947075843811035,0.0,0.0,4.947075843811035,10.63444995880127,-5.317224979400635,0.0,0.0,0.0,0.0,10.330452919006348,worst_uncertainty_stratified_mhz
1514,270.0,3,7.088930606842041,-7.088930606842041,7.088930606842041,0.0,0.0,7.088930606842041,10.610031127929688,-5.305015563964844,0.0,0.0,0.0,0.0,10.916460037231445,worst_uncertainty_stratified_mhz
1073,270.0,3,6.950357437133789,-6.950357437133789,6.950357437133789,0.0,0.0,6.950357437133789,10.582015037536621,-5.2910075187683105,0.0,0.0,0.0,0.0,11.173711776733398,worst_uncertainty_stratified_mhz
1211,270.0,3,6.479429721832275,-6.479429721832275,6.479429721832275,0.0,0.0,6.479429721832275,10.528802871704102,-5.264401435852051,0.0,0.0,0.0,0.0,12.460066795349121,worst_uncertainty_stratified_mhz
1562,270.0,3,6.301793098449707,-6.301793098449707,6.301793098449707,0.0,0.0,6.301793098449707,10.5961332321167,-5.29806661605835,0.0,0.0,0.0,0.0,11.50506591796875,worst_uncertainty_stratified_mhz
1331,270.0,3,6.22489070892334,-6.22489070892334,6.22489070892334,0.0,0.0,6.22489070892334,10.595548629760742,-5.297774314880371,0.0,0.0,0.0,0.0,10.927796363830566,worst_uncertainty_stratified_mhz
1385,270.0,3,6.223178386688232,-6.223178386688232,6.223178386688232,0.0,0.0,6.223178386688232,10.617874145507812,-5.308937072753906,0.0,0.0,0.0,0.0,9.326811790466309,worst_uncertainty_stratified_mhz
95,270.0,3,5.987677574157715,-5.987677574157715,5.987677574157715,0.0,0.0,5.987677574157715,10.584966659545898,-5.292483329772949,0.0,0.0,0.0,0.0,12.011198043823242,worst_uncertainty_stratified_mhz
1588,280.0,3,7.4322404861450195,-7.4322404861450195,7.4322404861450195,0.0,0.0,7.4322404861450195,10.649992942810059,-5.324996471405029,0.0,0.0,0.0,0.0,9.6686372756958,worst_uncertainty_stratified_mhz
1215,280.0,3,6.774834632873535,-6.774834632873535,6.774834632873535,0.0,0.0,6.774834632873535,10.580324172973633,-5.290162086486816,0.0,0.0,0.0,0.0,8.925447463989258,worst_uncertainty_stratified_mhz
835,280.0,3,6.683382034301758,-6.683382034301758,6.683382034301758,0.0,0.0,6.683382034301758,10.59627628326416,-5.29813814163208,0.0,0.0,0.0,0.0,8.540112495422363,worst_uncertainty_stratified_mhz
1294,280.0,3,6.575628280639648,-6.575628280639648,6.575628280639648,0.0,0.0,6.575628280639648,10.622849464416504,-5.311424732208252,0.0,0.0,0.0,0.0,7.920454502105713,worst_uncertainty_stratified_mhz
1253,280.0,3,6.154849529266357,-6.154849529266357,6.154849529266357,0.0,0.0,6.154849529266357,10.569543838500977,-5.284771919250488,0.0,0.0,0.0,0.0,9.485880851745605,worst_uncertainty_stratified_mhz
440,280.0,3,5.528107166290283,-5.528107166290283,5.528107166290283,0.0,0.0,5.528107166290283,10.595335006713867,-5.297667503356934,0.0,0.0,0.0,0.0,8.258673667907715,worst_uncertainty_stratified_mhz
1496,300.0,3,7.096750736236572,-7.096750736236572,7.096750736236572,0.0,0.0,7.096750736236572,10.664359092712402,-5.332179546356201,0.0,0.0,0.0,0.0,7.175518989562988,worst_uncertainty_stratified_mhz
1535,300.0,3,6.493046760559082,-6.493046760559082,6.493046760559082,0.0,0.0,6.493046760559082,10.645116806030273,-5.322558403015137,0.0,0.0,0.0,0.0,8.044931411743164,worst_uncertainty_stratified_mhz
93,300.0,3,6.135774612426758,-6.135774612426758,6.135774612426758,0.0,0.0,6.135774612426758,10.730875015258789,-5.3654375076293945,0.0,0.0,0.0,0.0,6.082037448883057,worst_uncertainty_stratified_mhz
1175,300.0,3,6.039400100708008,-6.039400100708008,6.039400100708008,0.0,0.0,6.039400100708008,10.609180450439453,-5.304590225219727,0.0,0.0,0.0,0.0,7.9591169357299805,worst_uncertainty_stratified_mhz
280,300.0,3,5.899014472961426,-5.899014472961426,5.899014472961426,0.0,0.0,5.899014472961426,10.585039138793945,-5.292519569396973,0.0,0.0,0.0,0.0,7.5690765380859375,worst_uncertainty_stratified_mhz
215,300.0,3,5.868279933929443,-5.868279933929443,5.868279933929443,0.0,0.0,5.868279933929443,10.613707542419434,-5.306853771209717,0.0,0.0,0.0,0.0,7.308507442474365,worst_uncertainty_stratified_mhz
644,230.0,3,9.375455856323242,-9.375455856323242,9.375455856323242,0.0,0.0,9.375455856323242,10.833258628845215,-5.416629314422607,0.0,0.0,0.0,0.0,8.579299926757812,worst_uncertainty_stratified_mhz
1512,230.0,3,9.208439826965332,-9.208439826965332,9.208439826965332,0.0,0.0,9.208439826965332,10.873376846313477,-5.436688423156738,0.0,0.0,0.0,0.0,5.196900844573975,worst_uncertainty_stratified_mhz
1301,230.0,3,9.183222770690918,-9.183222770690918,9.183222770690918,0.0,0.0,9.183222770690918,10.718632698059082,-5.359316349029541,0.0,0.0,0.0,0.0,7.595070838928223,worst_uncertainty_stratified_mhz
1111,200.0,3,8.894859313964844,-8.894859313964844,8.894859313964844,0.0,0.0,8.894859313964844,10.580930709838867,-5.290465354919434,0.0,0.0,0.0,0.0,9.63253116607666,worst_uncertainty_stratified_mhz
2034,120.0,4,25.791526794433594,-25.791526794433594,25.791526794433594,0.0,0.0,25.791526794433594,10.819625854492188,-5.409812927246094,0.0,0.0,0.0,0.0,7.3653669357299805,worst_uncertainty_stratified_mhz
1855,120.0,4,23.085834503173828,-23.085834503173828,23.085834503173828,0.0,0.0,23.085834503173828,10.729874610900879,-5.3649373054504395,0.0,0.0,0.0,0.0,6.444029808044434,worst_uncertainty_stratified_mhz
3121,120.0,4,21.785873413085938,-21.785873413085938,21.785873413085938,0.0,0.0,21.785873413085938,10.735230445861816,-5.367615222930908,0.0,0.0,0.0,0.0,7.046929359436035,worst_uncertainty_stratified_mhz
1823,150.0,4,2.7861523628234863,-2.7861523628234863,2.7861523628234863,0.0,0.0,2.7861523628234863,10.878813743591309,-5.439406871795654,0.0,0.0,0.0,0.0,2.676191806793213,worst_uncertainty_stratified_mhz
1851,155.0,4,4.7986369132995605,-4.7986369132995605,4.7986369132995605,0.0,0.0,4.7986369132995605,10.830078125,-5.4150390625,0.0,0.0,0.0,0.0,3.3636326789855957,worst_uncertainty_stratified_mhz
2445,155.0,4,4.399445533752441,-4.399445533752441,4.399445533752441,0.0,0.0,4.399445533752441,10.75502872467041,-5.377514362335205,0.0,0.0,0.0,0.0,3.2087044715881348,worst_uncertainty_stratified_mhz
2058,155.0,4,4.209671497344971,-4.209671497344971,4.209671497344971,0.0,0.0,4.209671497344971,10.59914493560791,-5.299572467803955,0.0,0.0,0.0,0.0,3.4141578674316406,worst_uncertainty_stratified_mhz
2175,155.0,4,4.1859636306762695,-4.1859636306762695,4.1859636306762695,0.0,0.0,4.1859636306762695,10.642358779907227,-5.321179389953613,0.0,0.0,0.0,0.0,3.4290547370910645,worst_uncertainty_stratified_mhz
2497,155.0,4,4.017064094543457,-4.017064094543457,4.017064094543457,0.0,0.0,4.017064094543457,10.632467269897461,-5.3162336349487305,0.0,0.0,0.0,0.0,3.359025239944458,worst_uncertainty_stratified_mhz
3003,155.0,4,3.865138530731201,-3.865138530731201,3.865138530731201,0.0,0.0,3.865138530731201,10.823095321655273,-5.411547660827637,0.0,0.0,0.0,0.0,3.3321919441223145,worst_uncertainty_stratified_mhz
2031,155.0,4,3.774688482284546,-3.774688482284546,3.774688482284546,0.0,0.0,3.774688482284546,10.567712783813477,-5.283856391906738,0.0,0.0,0.0,0.0,3.497072458267212,worst_uncertainty_stratified_mhz
2242,155.0,4,3.684426784515381,-3.684426784515381,3.684426784515381,0.0,0.0,3.684426784515381,10.610119819641113,-5.305059909820557,0.0,0.0,0.0,0.0,3.581383228302002,worst_uncertainty_stratified_mhz
2378,170.0,4,5.302236080169678,-5.302236080169678,5.302236080169678,0.0,0.0,5.302236080169678,10.629130363464355,-5.314565181732178,0.0,0.0,0.0,0.0,4.68246603012085,worst_uncertainty_stratified_mhz
3075,170.0,4,3.9246222972869873,-3.9246222972869873,3.9246222972869873,0.0,0.0,3.9246222972869873,10.587407112121582,-5.293703556060791,0.0,0.0,0.0,0.0,4.595087051391602,worst_uncertainty_stratified_mhz
1891,170.0,4,3.842897653579712,-3.842897653579712,3.842897653579712,0.0,0.0,3.842897653579712,10.644732475280762,-5.322366237640381,0.0,0.0,0.0,0.0,4.290098190307617,worst_uncertainty_stratified_mhz
2210,180.0,4,4.283797264099121,-4.283797264099121,4.283797264099121,0.0,0.0,4.283797264099121,10.5999116897583,-5.29995584487915,0.0,0.0,0.0,0.0,5.033328056335449,worst_uncertainty_stratified_mhz
2345,180.0,4,4.243739604949951,-4.243739604949951,4.243739604949951,0.0,0.0,4.243739604949951,10.546387672424316,-5.273193836212158,0.0,0.0,0.0,0.0,6.362259864807129,worst_uncertainty_stratified_mhz
2179,180.0,4,4.175481796264648,-4.175481796264648,4.175481796264648,0.0,0.0,4.175481796264648,10.663431167602539,-5.3317155838012695,0.0,0.0,0.0,0.0,5.932565689086914,worst_uncertainty_stratified_mhz
1672,180.0,4,4.084484577178955,-4.084484577178955,4.084484577178955,0.0,0.0,4.084484577178955,10.548354148864746,-5.274177074432373,0.0,0.0,0.0,0.0,5.976561069488525,worst_uncertainty_stratified_mhz
2100,200.0,4,12.5235595703125,-12.5235595703125,12.5235595703125,0.0,0.0,12.5235595703125,10.662760734558105,-5.331380367279053,0.0,0.0,0.0,0.0,8.9680814743042,worst_uncertainty_stratified_mhz
2130,200.0,4,11.246848106384277,-11.246848106384277,11.246848106384277,0.0,0.0,11.246848106384277,10.62299919128418,-5.31149959564209,0.0,0.0,0.0,0.0,12.89772891998291,worst_uncertainty_stratified_mhz
1807,200.0,4,9.830767631530762,-9.830767631530762,9.830767631530762,0.0,0.0,9.830767631530762,10.601771354675293,-5.3008856773376465,0.0,0.0,0.0,0.0,10.801557540893555,worst_uncertainty_stratified_mhz
3091,200.0,4,9.699210166931152,-9.699210166931152,9.699210166931152,0.0,0.0,9.699210166931152,10.620146751403809,-5.310073375701904,0.0,0.0,0.0,0.0,12.316939353942871,worst_uncertainty_stratified_mhz
2392,200.0,4,9.311625480651855,-9.311625480651855,9.311625480651855,0.0,0.0,9.311625480651855,10.596050262451172,-5.298025131225586,0.0,0.0,0.0,0.0,11.504559516906738,worst_uncertainty_stratified_mhz
2487,200.0,4,9.228898048400879,-9.228898048400879,9.228898048400879,0.0,0.0,9.228898048400879,10.654769897460938,-5.327384948730469,0.0,0.0,0.0,0.0,9.186232566833496,worst_uncertainty_stratified_mhz
1777,200.0,4,9.167339324951172,-9.167339324951172,9.167339324951172,0.0,0.0,9.167339324951172,10.584065437316895,-5.292032718658447,0.0,0.0,0.0,0.0,10.723770141601562,worst_uncertainty_stratified_mhz
2054,200.0,4,9.130359649658203,-9.130359649658203,9.130359649658203,0.0,0.0,9.130359649658203,10.637436866760254,-5.318718433380127,0.0,0.0,0.0,0.0,11.336790084838867,worst_uncertainty_stratified_mhz
2866,230.0,4,12.439937591552734,-12.439937591552734,12.439937591552734,0.0,0.0,12.439937591552734,11.038168907165527,-5.519084453582764,0.0,0.0,0.0,0.0,5.365102291107178,worst_uncertainty_stratified_mhz
2974,230.0,4,11.819578170776367,-11.819578170776367,11.819578170776367,0.0,0.0,11.819578170776367,10.83403205871582,-5.41701602935791,0.0,0.0,0.0,0.0,5.635712146759033,worst_uncertainty_stratified_mhz
2840,230.0,4,11.693767547607422,-11.693767547607422,11.693767547607422,0.0,0.0,11.693767547607422,10.932259559631348,-5.466129779815674,0.0,0.0,0.0,0.0,4.708652019500732,worst_uncertainty_stratified_mhz
2685,230.0,4,11.413043022155762,-11.413043022155762,11.413043022155762,0.0,0.0,11.413043022155762,10.886757850646973,-5.443378925323486,0.0,0.0,0.0,0.0,6.301769733428955,worst_uncertainty_stratified_mhz
1903,230.0,4,11.360654830932617,-11.360654830932617,11.360654830932617,0.0,0.0,11.360654830932617,10.662795066833496,-5.331397533416748,0.0,0.0,0.0,0.0,10.960311889648438,worst_uncertainty_stratified_mhz
2958,230.0,4,11.146567344665527,-11.146567344665527,11.146567344665527,0.0,0.0,11.146567344665527,10.82887077331543,-5.414435386657715,0.0,0.0,0.0,0.0,5.4292826652526855,worst_uncertainty_stratified_mhz
2384,230.0,4,10.95079231262207,-10.95079231262207,10.95079231262207,0.0,0.0,10.95079231262207,11.046290397644043,-5.5231451988220215,0.0,0.0,0.0,0.0,5.394489288330078,worst_uncertainty_stratified_mhz
2811,230.0,4,10.81090259552002,-10.81090259552002,10.81090259552002,0.0,0.0,10.81090259552002,10.888230323791504,-5.444115161895752,0.0,0.0,0.0,0.0,6.4807353019714355,worst_uncertainty_stratified_mhz
3025,250.0,4,9.747282028198242,-9.747282028198242,9.747282028198242,0.0,0.0,9.747282028198242,10.802533149719238,-5.401266574859619,0.0,0.0,0.0,0.0,10.102372169494629,worst_uncertainty_stratified_mhz
2683,250.0,4,9.49553394317627,-9.49553394317627,9.49553394317627,0.0,0.0,9.49553394317627,10.717105865478516,-5.358552932739258,0.0,0.0,0.0,0.0,11.610565185546875,worst_uncertainty_stratified_mhz
2181,250.0,4,9.132831573486328,-9.132831573486328,9.132831573486328,0.0,0.0,9.132831573486328,10.832298278808594,-5.416149139404297,0.0,0.0,0.0,0.0,12.68010139465332,worst_uncertainty_stratified_mhz
2350,250.0,4,8.908515930175781,-8.908515930175781,8.908515930175781,0.0,0.0,8.908515930175781,10.920166969299316,-5.460083484649658,0.0,0.0,0.0,0.0,6.464025974273682,worst_uncertainty_stratified_mhz
1983,250.0,4,8.476826667785645,-8.476826667785645,8.476826667785645,0.0,0.0,8.476826667785645,10.824433326721191,-5.412216663360596,0.0,0.0,0.0,0.0,8.991365432739258,worst_uncertainty_stratified_mhz
3181,250.0,4,7.991198539733887,-7.991198539733887,7.991198539733887,0.0,0.0,7.991198539733887,10.629058837890625,-5.3145294189453125,0.0,0.0,0.0,0.0,11.298808097839355,worst_uncertainty_stratified_mhz
2940,250.0,4,7.958652973175049,-7.958652973175049,7.958652973175049,0.0,0.0,7.958652973175049,10.698673248291016,-5.349336624145508,0.0,0.0,0.0,0.0,10.282071113586426,worst_uncertainty_stratified_mhz
1622,250.0,4,7.852566719055176,-7.852566719055176,7.852566719055176,0.0,0.0,7.852566719055176,10.678887367248535,-5.339443683624268,0.0,0.0,0.0,0.0,11.260740280151367,worst_uncertainty_stratified_mhz
2332,250.0,4,7.667552471160889,-7.667552471160889,7.667552471160889,0.0,0.0,7.667552471160889,10.836553573608398,-5.418276786804199,0.0,0.0,0.0,0.0,6.045280933380127,worst_uncertainty_stratified_mhz
2959,250.0,4,7.638700485229492,-7.638700485229492,7.638700485229492,0.0,0.0,7.638700485229492,10.734797477722168,-5.367398738861084,0.0,0.0,0.0,0.0,11.262774467468262,worst_uncertainty_stratified_mhz
2550,250.0,4,7.5701727867126465,-7.5701727867126465,7.5701727867126465,0.0,0.0,7.5701727867126465,10.792351722717285,-5.396175861358643,0.0,0.0,0.0,0.0,8.46924114227295,worst_uncertainty_stratified_mhz
2715,250.0,4,7.382313251495361,-7.382313251495361,7.382313251495361,0.0,0.0,7.382313251495361,10.721851348876953,-5.360925674438477,0.0,0.0,0.0,0.0,11.85702133178711,worst_uncertainty_stratified_mhz
1648,265.0,4,6.48500919342041,-6.48500919342041,6.48500919342041,0.0,0.0,6.48500919342041,10.524930000305176,-5.262465000152588,0.0,0.0,0.0,0.0,9.955036163330078,worst_uncertainty_stratified_mhz
2048,265.0,4,6.441521167755127,-6.441521167755127,6.441521167755127,0.0,0.0,6.441521167755127,10.551254272460938,-5.275627136230469,0.0,0.0,0.0,0.0,9.933782577514648,worst_uncertainty_stratified_mhz
3178,265.0,4,5.624073028564453,-5.624073028564453,5.624073028564453,0.0,0.0,5.624073028564453,10.561735153198242,-5.280867576599121,0.0,0.0,0.0,0.0,9.554412841796875,worst_uncertainty_stratified_mhz
2706,265.0,4,5.52101469039917,-5.52101469039917,5.52101469039917,0.0,0.0,5.52101469039917,10.556447982788086,-5.278223991394043,0.0,0.0,0.0,0.0,10.21543025970459,worst_uncertainty_stratified_mhz
1649,265.0,4,5.372516632080078,-5.372516632080078,5.372516632080078,0.0,0.0,5.372516632080078,10.626986503601074,-5.313493251800537,0.0,0.0,0.0,0.0,9.901263236999512,worst_uncertainty_stratified_mhz
1747,265.0,4,5.33856725692749,-5.33856725692749,5.33856725692749,0.0,0.0,5.33856725692749,10.576384544372559,-5.288192272186279,0.0,0.0,0.0,0.0,10.361016273498535,worst_uncertainty_stratified_mhz
2846,265.0,4,5.337901592254639,-5.337901592254639,5.337901592254639,0.0,0.0,5.337901592254639,10.544264793395996,-5.272132396697998,0.0,0.0,0.0,0.0,9.71596622467041,worst_uncertainty_stratified_mhz
3064,265.0,4,5.154285907745361,-5.154285907745361,5.154285907745361,0.0,0.0,5.154285907745361,10.614604949951172,-5.307302474975586,0.0,0.0,0.0,0.0,9.647293090820312,worst_uncertainty_stratified_mhz
1610,265.0,4,5.111019134521484,-5.111019134521484,5.111019134521484,0.0,0.0,5.111019134521484,10.694068908691406,-5.347034454345703,0.0,0.0,0.0,0.0,9.824102401733398,worst_uncertainty_stratified_mhz
2677,265.0,4,4.982292652130127,-4.982292652130127,4.982292652130127,0.0,0.0,4.982292652130127,10.590596199035645,-5.295298099517822,0.0,0.0,0.0,0.0,9.569811820983887,worst_uncertainty_stratified_mhz
2924,265.0,4,4.923499584197998,-4.923499584197998,4.923499584197998,0.0,0.0,4.923499584197998,10.532292366027832,-5.266146183013916,0.0,0.0,0.0,0.0,10.07548999786377,worst_uncertainty_stratified_mhz
2727,270.0,4,7.157199859619141,-7.157199859619141,7.157199859619141,0.0,0.0,7.157199859619141,10.594287872314453,-5.297143936157227,0.0,0.0,0.0,0.0,10.775720596313477,worst_uncertainty_stratified_mhz
2616,270.0,4,6.84205436706543,-6.84205436706543,6.84205436706543,0.0,0.0,6.84205436706543,10.627199172973633,-5.313599586486816,0.0,0.0,0.0,0.0,10.519989013671875,worst_uncertainty_stratified_mhz
2818,270.0,4,6.543919563293457,-6.543919563293457,6.543919563293457,0.0,0.0,6.543919563293457,10.63154125213623,-5.315770626068115,0.0,0.0,0.0,0.0,11.119562149047852,worst_uncertainty_stratified_mhz
1865,270.0,4,6.363115310668945,-6.363115310668945,6.363115310668945,0.0,0.0,6.363115310668945,10.58693790435791,-5.293468952178955,0.0,0.0,0.0,0.0,11.916667938232422,worst_uncertainty_stratified_mhz
1902,270.0,4,6.33111572265625,-6.33111572265625,6.33111572265625,0.0,0.0,6.33111572265625,10.634366989135742,-5.317183494567871,0.0,0.0,0.0,0.0,12.588038444519043,worst_uncertainty_stratified_mhz
2533,270.0,4,6.282842636108398,-6.282842636108398,6.282842636108398,0.0,0.0,6.282842636108398,10.636550903320312,-5.318275451660156,0.0,0.0,0.0,0.0,10.158613204956055,worst_uncertainty_stratified_mhz
1948,270.0,4,6.223086357116699,-6.223086357116699,6.223086357116699,0.0,0.0,6.223086357116699,10.538567543029785,-5.269283771514893,0.0,0.0,0.0,0.0,11.467100143432617,worst_uncertainty_stratified_mhz
3139,280.0,4,8.425341606140137,-8.425341606140137,8.425341606140137,0.0,0.0,8.425341606140137,10.6087007522583,-5.30435037612915,0.0,0.0,0.0,0.0,10.673376083374023,worst_uncertainty_stratified_mhz
2820,280.0,4,7.587019920349121,-7.587019920349121,7.587019920349121,0.0,0.0,7.587019920349121,10.59251594543457,-5.296257972717285,0.0,0.0,0.0,0.0,10.013748168945312,worst_uncertainty_stratified_mhz
1796,280.0,4,7.085884094238281,-7.085884094238281,7.085884094238281,0.0,0.0,7.085884094238281,10.574789047241211,-5.2873945236206055,0.0,0.0,0.0,0.0,10.377971649169922,worst_uncertainty_stratified_mhz
2443,280.0,4,6.932311534881592,-6.932311534881592,6.932311534881592,0.0,0.0,6.932311534881592,10.607108116149902,-5.303554058074951,0.0,0.0,0.0,0.0,10.849442481994629,worst_uncertainty_stratified_mhz
2250,280.0,4,6.866598129272461,-6.866598129272461,6.866598129272461,0.0,0.0,6.866598129272461,10.595686912536621,-5.2978434562683105,0.0,0.0,0.0,0.0,8.804137229919434,worst_uncertainty_stratified_mhz
3115,280.0,4,6.715913772583008,-6.715913772583008,6.715913772583008,0.0,0.0,6.715913772583008,10.614457130432129,-5.3072285652160645,0.0,0.0,0.0,0.0,10.522767066955566,worst_uncertainty_stratified_mhz
2133,300.0,4,7.231714725494385,-7.231714725494385,7.231714725494385,0.0,0.0,7.231714725494385,10.639467239379883,-5.319733619689941,0.0,0.0,0.0,0.0,8.546504020690918,worst_uncertainty_stratified_mhz
2980,300.0,4,6.76557731628418,-6.76557731628418,6.76557731628418,0.0,0.0,6.76557731628418,10.571441650390625,-5.2857208251953125,0.0,0.0,0.0,0.0,7.2651591300964355,worst_uncertainty_stratified_mhz
2340,300.0,4,6.704808235168457,-6.704808235168457,6.704808235168457,0.0,0.0,6.704808235168457,10.576714515686035,-5.288357257843018,0.0,0.0,0.0,0.0,7.90234375,worst_uncertainty_stratified_mhz
2912,300.0,4,6.354779243469238,-6.354779243469238,6.354779243469238,0.0,0.0,6.354779243469238,10.670504570007324,-5.335252285003662,0.0,0.0,0.0,0.0,7.150423526763916,worst_uncertainty_stratified_mhz
1839,300.0,4,6.186133861541748,-6.186133861541748,6.186133861541748,0.0,0.0,6.186133861541748,10.599716186523438,-5.299858093261719,0.0,0.0,0.0,0.0,7.1281867027282715,worst_uncertainty_stratified_mhz
1978,300.0,4,6.1606879234313965,-6.1606879234313965,6.1606879234313965,0.0,0.0,6.1606879234313965,10.608123779296875,-5.3040618896484375,0.0,0.0,0.0,0.0,8.346786499023438,worst_uncertainty_stratified_mhz
3035,120.0,4,21.636348724365234,-21.636348724365234,21.636348724365234,0.0,0.0,21.636348724365234,10.754819869995117,-5.377409934997559,0.0,0.0,0.0,0.0,7.097175598144531,worst_uncertainty_stratified_mhz
1879,120.0,4,21.100120544433594,-21.100120544433594,21.100120544433594,0.0,0.0,21.100120544433594,10.874999046325684,-5.437499523162842,0.0,0.0,0.0,0.0,6.394644260406494,worst_uncertainty_stratified_mhz
2923,120.0,4,20.64458465576172,-20.64458465576172,20.64458465576172,0.0,0.0,20.64458465576172,10.764043807983398,-5.382021903991699,0.0,0.0,0.0,0.0,7.450621604919434,worst_uncertainty_stratified_mhz
3618,120.0,5,20.39873504638672,-20.39873504638672,20.39873504638672,0.0,0.0,20.39873504638672,10.773089408874512,-5.386544704437256,0.0,0.0,0.0,0.0,5.886861324310303,worst_uncertainty_stratified_mhz
4772,120.0,5,19.780006408691406,-19.780006408691406,19.780006408691406,0.0,0.0,19.780006408691406,10.682068824768066,-5.341034412384033,0.0,0.0,0.0,0.0,7.202731609344482,worst_uncertainty_stratified_mhz
3271,120.0,5,19.632904052734375,-19.632904052734375,19.632904052734375,0.0,0.0,19.632904052734375,10.686114311218262,-5.343057155609131,0.0,0.0,0.0,0.0,7.270033836364746,worst_uncertainty_stratified_mhz
4172,150.0,5,10.447168350219727,-10.447168350219727,10.447168350219727,0.0,0.0,10.447168350219727,11.086188316345215,-5.543094158172607,0.0,0.0,0.0,0.0,3.661130666732788,worst_uncertainty_stratified_mhz
4280,150.0,5,9.025975227355957,-9.025975227355957,9.025975227355957,0.0,0.0,9.025975227355957,11.16825008392334,-5.58412504196167,0.0,0.0,0.0,0.0,2.8320021629333496,worst_uncertainty_stratified_mhz
3829,150.0,5,7.208783149719238,-7.208783149719238,7.208783149719238,0.0,0.0,7.208783149719238,11.02470874786377,-5.512354373931885,0.0,0.0,0.0,0.0,2.11905574798584,worst_uncertainty_stratified_mhz
3490,150.0,5,6.670472621917725,-6.670472621917725,6.670472621917725,0.0,0.0,6.670472621917725,11.003868103027344,-5.501934051513672,0.0,0.0,0.0,0.0,2.0818634033203125,worst_uncertainty_stratified_mhz
4534,155.0,5,5.118305683135986,-5.118305683135986,5.118305683135986,0.0,0.0,5.118305683135986,10.636903762817383,-5.318451881408691,0.0,0.0,0.0,0.0,3.3015034198760986,worst_uncertainty_stratified_mhz
3695,155.0,5,4.328155517578125,-4.328155517578125,4.328155517578125,0.0,0.0,4.328155517578125,10.537859916687012,-5.268929958343506,0.0,0.0,0.0,0.0,3.2851483821868896,worst_uncertainty_stratified_mhz
4628,155.0,5,4.180204391479492,-4.180204391479492,4.180204391479492,0.0,0.0,4.180204391479492,10.595983505249023,-5.297991752624512,0.0,0.0,0.0,0.0,3.352886915206909,worst_uncertainty_stratified_mhz
4609,155.0,5,4.175770282745361,-4.175770282745361,4.175770282745361,0.0,0.0,4.175770282745361,10.582650184631348,-5.291325092315674,0.0,0.0,0.0,0.0,3.389150619506836,worst_uncertainty_stratified_mhz
3806,155.0,5,4.163842678070068,-4.163842678070068,4.163842678070068,0.0,0.0,4.163842678070068,10.600253105163574,-5.300126552581787,0.0,0.0,0.0,0.0,3.479602813720703,worst_uncertainty_stratified_mhz
4765,155.0,5,3.9436755180358887,-3.9436755180358887,3.9436755180358887,0.0,0.0,3.9436755180358887,10.555168151855469,-5.277584075927734,0.0,0.0,0.0,0.0,3.5683295726776123,worst_uncertainty_stratified_mhz
3773,155.0,5,3.8012726306915283,-3.8012726306915283,3.8012726306915283,0.0,0.0,3.8012726306915283,10.580025672912598,-5.290012836456299,0.0,0.0,0.0,0.0,3.3797547817230225,worst_uncertainty_stratified_mhz
3582,155.0,5,3.6891112327575684,-3.6891112327575684,3.6891112327575684,0.0,0.0,3.6891112327575684,10.60037612915039,-5.300188064575195,0.0,0.0,0.0,0.0,3.3917930126190186,worst_uncertainty_stratified_mhz
4221,170.0,5,2.795360565185547,-2.795360565185547,2.795360565185547,0.0,0.0,2.795360565185547,10.723318099975586,-5.361659049987793,0.0,0.0,0.0,0.0,3.9647693634033203,worst_uncertainty_stratified_mhz
4557,170.0,5,2.526592254638672,-2.526592254638672,2.526592254638672,0.0,0.0,2.526592254638672,10.584494590759277,-5.292247295379639,0.0,0.0,0.0,0.0,4.219088077545166,worst_uncertainty_stratified_mhz
4720,180.0,5,3.6113455295562744,-3.6113455295562744,3.6113455295562744,0.0,0.0,3.6113455295562744,10.639771461486816,-5.319885730743408,0.0,0.0,0.0,0.0,4.4661712646484375,worst_uncertainty_stratified_mhz
3599,180.0,5,3.177281618118286,-3.177281618118286,3.177281618118286,0.0,0.0,3.177281618118286,10.596844673156738,-5.298422336578369,0.0,0.0,0.0,0.0,5.7074151039123535,worst_uncertainty_stratified_mhz
4593,180.0,5,2.6275033950805664,-2.6275033950805664,2.6275033950805664,0.0,0.0,2.6275033950805664,10.570958137512207,-5.2854790687561035,0.0,0.0,0.0,0.0,4.486992835998535,worst_uncertainty_stratified_mhz
4583,200.0,5,8.599864959716797,-8.599864959716797,8.599864959716797,0.0,0.0,8.599864959716797,10.63905143737793,-5.319525718688965,0.0,0.0,0.0,0.0,10.730090141296387,worst_uncertainty_stratified_mhz
4070,200.0,5,7.892826557159424,-7.892826557159424,7.892826557159424,0.0,0.0,7.892826557159424,10.706476211547852,-5.353238105773926,0.0,0.0,0.0,0.0,10.539750099182129,worst_uncertainty_stratified_mhz
4046,200.0,5,7.733648777008057,-7.733648777008057,7.733648777008057,0.0,0.0,7.733648777008057,10.583175659179688,-5.291587829589844,0.0,0.0,0.0,0.0,10.652494430541992,worst_uncertainty_stratified_mhz
4506,200.0,5,6.837749481201172,-6.837749481201172,6.837749481201172,0.0,0.0,6.837749481201172,10.551475524902344,-5.275737762451172,0.0,0.0,0.0,0.0,9.089742660522461,worst_uncertainty_stratified_mhz
3857,200.0,5,6.678865909576416,-6.678865909576416,6.678865909576416,0.0,0.0,6.678865909576416,10.585685729980469,-5.292842864990234,0.0,0.0,0.0,0.0,9.496577262878418,worst_uncertainty_stratified_mhz
3893,200.0,5,6.298699378967285,-6.298699378967285,6.298699378967285,0.0,0.0,6.298699378967285,10.578022003173828,-5.289011001586914,0.0,0.0,0.0,0.0,10.852871894836426,worst_uncertainty_stratified_mhz
4055,200.0,5,6.051700592041016,-6.051700592041016,6.051700592041016,0.0,0.0,6.051700592041016,10.58474349975586,-5.29237174987793,0.0,0.0,0.0,0.0,10.39777946472168,worst_uncertainty_stratified_mhz
4656,200.0,5,6.016887664794922,-6.016887664794922,6.016887664794922,0.0,0.0,6.016887664794922,10.617448806762695,-5.308724403381348,0.0,0.0,0.0,0.0,11.76943302154541,worst_uncertainty_stratified_mhz
4011,230.0,5,12.54570484161377,-12.54570484161377,12.54570484161377,0.0,0.0,12.54570484161377,10.750627517700195,-5.375313758850098,0.0,0.0,0.0,0.0,9.988183975219727,worst_uncertainty_stratified_mhz
3227,230.0,5,12.482168197631836,-12.482168197631836,12.482168197631836,0.0,0.0,12.482168197631836,10.839773178100586,-5.419886589050293,0.0,0.0,0.0,0.0,6.630429744720459,worst_uncertainty_stratified_mhz
4594,230.0,5,11.276433944702148,-11.276433944702148,11.276433944702148,0.0,0.0,11.276433944702148,10.763640403747559,-5.381820201873779,0.0,0.0,0.0,0.0,7.7167277336120605,worst_uncertainty_stratified_mhz
4430,230.0,5,11.258493423461914,-11.258493423461914,11.258493423461914,0.0,0.0,11.258493423461914,10.936694145202637,-5.468347072601318,0.0,0.0,0.0,0.0,5.132384300231934,worst_uncertainty_stratified_mhz
3239,230.0,5,10.974859237670898,-10.974859237670898,10.974859237670898,0.0,0.0,10.974859237670898,10.636957168579102,-5.318478584289551,0.0,0.0,0.0,0.0,11.793574333190918,worst_uncertainty_stratified_mhz
3457,230.0,5,10.735595703125,-10.735595703125,10.735595703125,0.0,0.0,10.735595703125,10.893256187438965,-5.446628093719482,0.0,0.0,0.0,0.0,6.850902557373047,worst_uncertainty_stratified_mhz
3354,230.0,5,10.724863052368164,-10.724863052368164,10.724863052368164,0.0,0.0,10.724863052368164,10.765554428100586,-5.382777214050293,0.0,0.0,0.0,0.0,6.539205551147461,worst_uncertainty_stratified_mhz
3228,230.0,5,10.244684219360352,-10.244684219360352,10.244684219360352,0.0,0.0,10.244684219360352,10.70399284362793,-5.351996421813965,0.0,0.0,0.0,0.0,9.430334091186523,worst_uncertainty_stratified_mhz
4348,250.0,5,11.622610092163086,-11.622610092163086,11.622610092163086,0.0,0.0,11.622610092163086,10.817910194396973,-5.408955097198486,0.0,0.0,0.0,0.0,6.476690292358398,worst_uncertainty_stratified_mhz
3389,250.0,5,11.120185852050781,-11.120185852050781,11.120185852050781,0.0,0.0,11.120185852050781,10.681354522705078,-5.340677261352539,0.0,0.0,0.0,0.0,9.040128707885742,worst_uncertainty_stratified_mhz
3231,250.0,5,10.632932662963867,-10.632932662963867,10.632932662963867,0.0,0.0,10.632932662963867,10.728239059448242,-5.364119529724121,0.0,0.0,0.0,0.0,11.169816970825195,worst_uncertainty_stratified_mhz
3390,250.0,5,10.342185974121094,-10.342185974121094,10.342185974121094,0.0,0.0,10.342185974121094,10.7193603515625,-5.35968017578125,0.0,0.0,0.0,0.0,9.931117057800293,worst_uncertainty_stratified_mhz
3820,250.0,5,10.254863739013672,-10.254863739013672,10.254863739013672,0.0,0.0,10.254863739013672,10.836738586425781,-5.418369293212891,0.0,0.0,0.0,0.0,10.231698989868164,worst_uncertainty_stratified_mhz
4228,250.0,5,10.205665588378906,-10.205665588378906,10.205665588378906,0.0,0.0,10.205665588378906,10.760250091552734,-5.380125045776367,0.0,0.0,0.0,0.0,11.38107967376709,worst_uncertainty_stratified_mhz
3541,250.0,5,10.121820449829102,-10.121820449829102,10.121820449829102,0.0,0.0,10.121820449829102,10.737091064453125,-5.3685455322265625,0.0,0.0,0.0,0.0,10.025490760803223,worst_uncertainty_stratified_mhz
3998,250.0,5,9.928733825683594,-9.928733825683594,9.928733825683594,0.0,0.0,9.928733825683594,10.750129699707031,-5.375064849853516,0.0,0.0,0.0,0.0,10.875380516052246,worst_uncertainty_stratified_mhz
3895,250.0,5,9.865015029907227,-9.865015029907227,9.865015029907227,0.0,0.0,9.865015029907227,10.758143424987793,-5.3790717124938965,0.0,0.0,0.0,0.0,11.148835182189941,worst_uncertainty_stratified_mhz
4602,250.0,5,9.704265594482422,-9.704265594482422,9.704265594482422,0.0,0.0,9.704265594482422,10.651397705078125,-5.3256988525390625,0.0,0.0,0.0,0.0,9.972357749938965,worst_uncertainty_stratified_mhz
3572,250.0,5,9.672460556030273,-9.672460556030273,9.672460556030273,0.0,0.0,9.672460556030273,10.675490379333496,-5.337745189666748,0.0,0.0,0.0,0.0,11.38049602508545,worst_uncertainty_stratified_mhz
3890,250.0,5,9.550352096557617,-9.550352096557617,9.550352096557617,0.0,0.0,9.550352096557617,10.784330368041992,-5.392165184020996,0.0,0.0,0.0,0.0,8.657482147216797,worst_uncertainty_stratified_mhz
3677,265.0,5,6.442460536956787,-6.442460536956787,6.442460536956787,0.0,0.0,6.442460536956787,10.597285270690918,-5.298642635345459,0.0,0.0,0.0,0.0,9.43718147277832,worst_uncertainty_stratified_mhz
3472,265.0,5,5.79518985748291,-5.79518985748291,5.79518985748291,0.0,0.0,5.79518985748291,10.610154151916504,-5.305077075958252,0.0,0.0,0.0,0.0,9.690004348754883,worst_uncertainty_stratified_mhz
3584,265.0,5,5.6120429039001465,-5.6120429039001465,5.6120429039001465,0.0,0.0,5.6120429039001465,10.571990966796875,-5.2859954833984375,0.0,0.0,0.0,0.0,9.828801155090332,worst_uncertainty_stratified_mhz
3406,265.0,5,5.427560806274414,-5.427560806274414,5.427560806274414,0.0,0.0,5.427560806274414,10.740776062011719,-5.370388031005859,0.0,0.0,0.0,0.0,10.039839744567871,worst_uncertainty_stratified_mhz
3516,265.0,5,5.174510955810547,-5.174510955810547,5.174510955810547,0.0,0.0,5.174510955810547,10.647172927856445,-5.323586463928223,0.0,0.0,0.0,0.0,9.988360404968262,worst_uncertainty_stratified_mhz
4532,265.0,5,5.123012542724609,-5.123012542724609,5.123012542724609,0.0,0.0,5.123012542724609,10.6069917678833,-5.30349588394165,0.0,0.0,0.0,0.0,9.867289543151855,worst_uncertainty_stratified_mhz
3494,265.0,5,5.102142810821533,-5.102142810821533,5.102142810821533,0.0,0.0,5.102142810821533,10.57543659210205,-5.287718296051025,0.0,0.0,0.0,0.0,10.114616394042969,worst_uncertainty_stratified_mhz
4380,265.0,5,5.099907398223877,-5.099907398223877,5.099907398223877,0.0,0.0,5.099907398223877,10.652620315551758,-5.326310157775879,0.0,0.0,0.0,0.0,8.759002685546875,worst_uncertainty_stratified_mhz
4588,265.0,5,4.984958648681641,-4.984958648681641,4.984958648681641,0.0,0.0,4.984958648681641,10.590846061706543,-5.2954230308532715,0.0,0.0,0.0,0.0,9.192200660705566,worst_uncertainty_stratified_mhz
4077,265.0,5,4.827037811279297,-4.827037811279297,4.827037811279297,0.0,0.0,4.827037811279297,10.63117504119873,-5.315587520599365,0.0,0.0,0.0,0.0,9.77640151977539,worst_uncertainty_stratified_mhz
3838,265.0,5,4.8166069984436035,-4.8166069984436035,4.8166069984436035,0.0,0.0,4.8166069984436035,10.618026733398438,-5.309013366699219,0.0,0.0,0.0,0.0,10.045784950256348,worst_uncertainty_stratified_mhz
4242,270.0,5,7.934005260467529,-7.934005260467529,7.934005260467529,0.0,0.0,7.934005260467529,10.603917121887207,-5.3019585609436035,0.0,0.0,0.0,0.0,10.734145164489746,worst_uncertainty_stratified_mhz
4062,270.0,5,7.106504440307617,-7.106504440307617,7.106504440307617,0.0,0.0,7.106504440307617,10.630409240722656,-5.315204620361328,0.0,0.0,0.0,0.0,10.611555099487305,worst_uncertainty_stratified_mhz
4339,270.0,5,6.787906646728516,-6.787906646728516,6.787906646728516,0.0,0.0,6.787906646728516,10.576656341552734,-5.288328170776367,0.0,0.0,0.0,0.0,10.616178512573242,worst_uncertainty_stratified_mhz
3632,270.0,5,6.653131484985352,-6.653131484985352,6.653131484985352,0.0,0.0,6.653131484985352,10.68248176574707,-5.341240882873535,0.0,0.0,0.0,0.0,9.745945930480957,worst_uncertainty_stratified_mhz
4424,270.0,5,6.118220329284668,-6.118220329284668,6.118220329284668,0.0,0.0,6.118220329284668,10.698468208312988,-5.349234104156494,0.0,0.0,0.0,0.0,10.356428146362305,worst_uncertainty_stratified_mhz
4367,270.0,5,6.035623550415039,-6.035623550415039,6.035623550415039,0.0,0.0,6.035623550415039,10.602853775024414,-5.301426887512207,0.0,0.0,0.0,0.0,11.161105155944824,worst_uncertainty_stratified_mhz
4371,270.0,5,6.012256622314453,-6.012256622314453,6.012256622314453,0.0,0.0,6.012256622314453,10.64755630493164,-5.32377815246582,0.0,0.0,0.0,0.0,10.411147117614746,worst_uncertainty_stratified_mhz
4767,280.0,5,7.458956718444824,-7.458956718444824,7.458956718444824,0.0,0.0,7.458956718444824,10.555878639221191,-5.277939319610596,0.0,0.0,0.0,0.0,10.001144409179688,worst_uncertainty_stratified_mhz
4562,280.0,5,7.359921455383301,-7.359921455383301,7.359921455383301,0.0,0.0,7.359921455383301,10.613541603088379,-5.3067708015441895,0.0,0.0,0.0,0.0,9.568615913391113,worst_uncertainty_stratified_mhz
3518,280.0,5,7.030515670776367,-7.030515670776367,7.030515670776367,0.0,0.0,7.030515670776367,10.603507041931152,-5.301753520965576,0.0,0.0,0.0,0.0,10.497248649597168,worst_uncertainty_stratified_mhz
3235,280.0,5,6.983697891235352,-6.983697891235352,6.983697891235352,0.0,0.0,6.983697891235352,10.632397651672363,-5.316198825836182,0.0,0.0,0.0,0.0,7.87401819229126,worst_uncertainty_stratified_mhz
3358,280.0,5,6.91734504699707,-6.91734504699707,6.91734504699707,0.0,0.0,6.91734504699707,10.621077537536621,-5.3105387687683105,0.0,0.0,0.0,0.0,11.25771713256836,worst_uncertainty_stratified_mhz
3817,280.0,5,6.880363464355469,-6.880363464355469,6.880363464355469,0.0,0.0,6.880363464355469,10.646437644958496,-5.323218822479248,0.0,0.0,0.0,0.0,8.463889122009277,worst_uncertainty_stratified_mhz
4757,300.0,5,8.75914192199707,-8.75914192199707,8.75914192199707,0.0,0.0,8.75914192199707,10.693954467773438,-5.346977233886719,0.0,0.0,0.0,0.0,7.321757793426514,worst_uncertainty_stratified_mhz
3781,300.0,5,7.9359941482543945,-7.9359941482543945,7.9359941482543945,0.0,0.0,7.9359941482543945,10.65913200378418,-5.32956600189209,0.0,0.0,0.0,0.0,8.270848274230957,worst_uncertainty_stratified_mhz
3482,300.0,5,7.125877380371094,-7.125877380371094,7.125877380371094,0.0,0.0,7.125877380371094,10.780608177185059,-5.390304088592529,0.0,0.0,0.0,0.0,8.433945655822754,worst_uncertainty_stratified_mhz
3694,300.0,5,6.831165313720703,-6.831165313720703,6.831165313720703,0.0,0.0,6.831165313720703,10.671557426452637,-5.335778713226318,0.0,0.0,0.0,0.0,7.323144435882568,worst_uncertainty_stratified_mhz
4171,300.0,5,6.797389984130859,-6.797389984130859,6.797389984130859,0.0,0.0,6.797389984130859,10.66960334777832,-5.33480167388916,0.0,0.0,0.0,0.0,8.588374137878418,worst_uncertainty_stratified_mhz
3332,300.0,5,6.53495979309082,-6.53495979309082,6.53495979309082,0.0,0.0,6.53495979309082,10.626245498657227,-5.313122749328613,0.0,0.0,0.0,0.0,8.414950370788574,worst_uncertainty_stratified_mhz
3637,120.0,5,19.220312118530273,-19.220312118530273,19.220312118530273,0.0,0.0,19.220312118530273,10.762932777404785,-5.381466388702393,0.0,0.0,0.0,0.0,6.517943382263184,worst_uncertainty_stratified_mhz
3292,120.0,5,18.177410125732422,-18.177410125732422,18.177410125732422,0.0,0.0,18.177410125732422,10.682190895080566,-5.341095447540283,0.0,0.0,0.0,0.0,7.543691158294678,worst_uncertainty_stratified_mhz
6177,120.0,6,17.433727264404297,-17.433727264404297,17.433727264404297,0.0,0.0,17.433727264404297,10.78515338897705,-5.392576694488525,0.0,0.0,0.0,0.0,7.07551908493042,worst_uncertainty_stratified_mhz
5203,120.0,6,16.9866886138916,-16.9866886138916,16.9866886138916,0.0,0.0,16.9866886138916,10.69793701171875,-5.348968505859375,0.0,0.0,0.0,0.0,7.103204727172852,worst_uncertainty_stratified_mhz
5604,120.0,6,15.143498420715332,-15.143498420715332,15.143498420715332,0.0,0.0,15.143498420715332,10.643176078796387,-5.321588039398193,0.0,0.0,0.0,0.0,6.0917534828186035,worst_uncertainty_stratified_mhz
5938,150.0,6,21.094776153564453,-21.094776153564453,21.094776153564453,0.0,0.0,21.094776153564453,10.86682415008545,-5.433412075042725,0.0,0.0,0.0,0.0,6.944274425506592,worst_uncertainty_stratified_mhz
6387,150.0,6,20.6903076171875,-20.6903076171875,20.6903076171875,0.0,0.0,20.6903076171875,10.835373878479004,-5.417686939239502,0.0,0.0,0.0,0.0,4.994105339050293,worst_uncertainty_stratified_mhz
5860,150.0,6,20.330528259277344,-20.330528259277344,20.330528259277344,0.0,0.0,20.330528259277344,10.7625093460083,-5.38125467300415,0.0,0.0,0.0,0.0,5.792313575744629,worst_uncertainty_stratified_mhz
5012,150.0,6,19.82790756225586,-19.82790756225586,19.82790756225586,0.0,0.0,19.82790756225586,10.757892608642578,-5.378946304321289,0.0,0.0,0.0,0.0,7.7399702072143555,worst_uncertainty_stratified_mhz
5109,155.0,6,5.812338829040527,-5.812338829040527,5.812338829040527,0.0,0.0,5.812338829040527,10.771390914916992,-5.385695457458496,0.0,0.0,0.0,0.0,3.296574354171753,worst_uncertainty_stratified_mhz
5255,155.0,6,5.604873180389404,-5.604873180389404,5.604873180389404,0.0,0.0,5.604873180389404,10.581355094909668,-5.290677547454834,0.0,0.0,0.0,0.0,3.452622652053833,worst_uncertainty_stratified_mhz
6286,155.0,6,5.574917316436768,-5.574917316436768,5.574917316436768,0.0,0.0,5.574917316436768,10.534258842468262,-5.267129421234131,0.0,0.0,0.0,0.0,3.805320978164673,worst_uncertainty_stratified_mhz
5690,155.0,6,5.3845086097717285,-5.3845086097717285,5.3845086097717285,0.0,0.0,5.3845086097717285,10.711227416992188,-5.355613708496094,0.0,0.0,0.0,0.0,3.4485855102539062,worst_uncertainty_stratified_mhz
5106,155.0,6,5.1171417236328125,-5.1171417236328125,5.1171417236328125,0.0,0.0,5.1171417236328125,10.556229591369629,-5.2781147956848145,0.0,0.0,0.0,0.0,3.7991254329681396,worst_uncertainty_stratified_mhz
5346,155.0,6,4.898591041564941,-4.898591041564941,4.898591041564941,0.0,0.0,4.898591041564941,10.59391975402832,-5.29695987701416,0.0,0.0,0.0,0.0,3.9409499168395996,worst_uncertainty_stratified_mhz
4892,155.0,6,4.776439189910889,-4.776439189910889,4.776439189910889,0.0,0.0,4.776439189910889,10.619946479797363,-5.309973239898682,0.0,0.0,0.0,0.0,3.5652990341186523,worst_uncertainty_stratified_mhz
5741,155.0,6,4.659178733825684,-4.659178733825684,4.659178733825684,0.0,0.0,4.659178733825684,10.562179565429688,-5.281089782714844,0.0,0.0,0.0,0.0,3.8639004230499268,worst_uncertainty_stratified_mhz
5292,170.0,6,3.6007304191589355,-3.6007304191589355,3.6007304191589355,0.0,0.0,3.6007304191589355,10.6602783203125,-5.33013916015625,0.0,0.0,0.0,0.0,2.8096179962158203,worst_uncertainty_stratified_mhz
4986,170.0,6,3.1771345138549805,-3.1771345138549805,3.1771345138549805,0.0,0.0,3.1771345138549805,10.659011840820312,-5.329505920410156,0.0,0.0,0.0,0.0,2.5642242431640625,worst_uncertainty_stratified_mhz
5904,180.0,6,4.410735130310059,-4.410735130310059,4.410735130310059,0.0,0.0,4.410735130310059,10.679803848266602,-5.339901924133301,0.0,0.0,0.0,0.0,5.930222511291504,worst_uncertainty_stratified_mhz
5699,180.0,6,3.143594741821289,-3.143594741821289,3.143594741821289,0.0,0.0,3.143594741821289,10.6605863571167,-5.33029317855835,0.0,0.0,0.0,0.0,4.374098300933838,worst_uncertainty_stratified_mhz
5383,180.0,6,2.9668538570404053,-2.9668538570404053,2.9668538570404053,0.0,0.0,2.9668538570404053,10.692708969116211,-5.3463544845581055,0.0,0.0,0.0,0.0,5.042967319488525,worst_uncertainty_stratified_mhz
5082,200.0,6,6.640167713165283,-6.640167713165283,6.640167713165283,0.0,0.0,6.640167713165283,10.700359344482422,-5.350179672241211,0.0,0.0,0.0,0.0,11.372262001037598,worst_uncertainty_stratified_mhz
6228,200.0,6,5.23554801940918,-5.23554801940918,5.23554801940918,0.0,0.0,5.23554801940918,10.664046287536621,-5.3320231437683105,0.0,0.0,0.0,0.0,10.620159149169922,worst_uncertainty_stratified_mhz
5130,200.0,6,5.224486351013184,-5.224486351013184,5.224486351013184,0.0,0.0,5.224486351013184,10.666315078735352,-5.333157539367676,0.0,0.0,0.0,0.0,10.552030563354492,worst_uncertainty_stratified_mhz
5069,200.0,6,4.026914119720459,-4.026914119720459,4.026914119720459,0.0,0.0,4.026914119720459,10.619640350341797,-5.309820175170898,0.0,0.0,0.0,0.0,8.545724868774414,worst_uncertainty_stratified_mhz
4972,200.0,6,3.997100353240967,-3.997100353240967,3.997100353240967,0.0,0.0,3.997100353240967,10.630425453186035,-5.315212726593018,0.0,0.0,0.0,0.0,8.43228816986084,worst_uncertainty_stratified_mhz
5675,200.0,6,3.8734548091888428,-3.8734548091888428,3.8734548091888428,0.0,0.0,3.8734548091888428,10.62540054321289,-5.312700271606445,0.0,0.0,0.0,0.0,9.52433967590332,worst_uncertainty_stratified_mhz
6215,200.0,6,3.759031057357788,-3.759031057357788,3.759031057357788,0.0,0.0,3.759031057357788,10.698225975036621,-5.3491129875183105,0.0,0.0,0.0,0.0,7.067720890045166,worst_uncertainty_stratified_mhz
5709,200.0,6,3.6928977966308594,-3.6928977966308594,3.6928977966308594,0.0,0.0,3.6928977966308594,10.611555099487305,-5.305777549743652,0.0,0.0,0.0,0.0,9.58822250366211,worst_uncertainty_stratified_mhz
6165,230.0,6,14.430540084838867,-14.430540084838867,14.430540084838867,0.0,0.0,14.430540084838867,10.875326156616211,-5.4376630783081055,0.0,0.0,0.0,0.0,7.420559883117676,worst_uncertainty_stratified_mhz
5574,230.0,6,11.95095443725586,-11.95095443725586,11.95095443725586,0.0,0.0,11.95095443725586,10.758712768554688,-5.379356384277344,0.0,0.0,0.0,0.0,8.095821380615234,worst_uncertainty_stratified_mhz
5758,230.0,6,11.403860092163086,-11.403860092163086,11.403860092163086,0.0,0.0,11.403860092163086,10.75169563293457,-5.375847816467285,0.0,0.0,0.0,0.0,8.750621795654297,worst_uncertainty_stratified_mhz
5554,230.0,6,10.661285400390625,-10.661285400390625,10.661285400390625,0.0,0.0,10.661285400390625,10.68660831451416,-5.34330415725708,0.0,0.0,0.0,0.0,10.643074035644531,worst_uncertainty_stratified_mhz
4977,230.0,6,10.583036422729492,-10.583036422729492,10.583036422729492,0.0,0.0,10.583036422729492,10.775174140930176,-5.387587070465088,0.0,0.0,0.0,0.0,10.688852310180664,worst_uncertainty_stratified_mhz
6197,230.0,6,10.46763801574707,-10.46763801574707,10.46763801574707,0.0,0.0,10.46763801574707,10.743585586547852,-5.371792793273926,0.0,0.0,0.0,0.0,8.933632850646973,worst_uncertainty_stratified_mhz
5354,230.0,6,10.19476318359375,-10.19476318359375,10.19476318359375,0.0,0.0,10.19476318359375,10.662206649780273,-5.331103324890137,0.0,0.0,0.0,0.0,8.843429565429688,worst_uncertainty_stratified_mhz
6129,230.0,6,10.121989250183105,-10.121989250183105,10.121989250183105,0.0,0.0,10.121989250183105,10.606138229370117,-5.303069114685059,0.0,0.0,0.0,0.0,11.189501762390137,worst_uncertainty_stratified_mhz
6154,250.0,6,10.825674057006836,-10.825674057006836,10.825674057006836,0.0,0.0,10.825674057006836,10.82431411743164,-5.41215705871582,0.0,0.0,0.0,0.0,8.505415916442871,worst_uncertainty_stratified_mhz
5073,250.0,6,10.795565605163574,-10.795565605163574,10.795565605163574,0.0,0.0,10.795565605163574,10.751033782958984,-5.375516891479492,0.0,0.0,0.0,0.0,10.62109088897705,worst_uncertainty_stratified_mhz
5715,250.0,6,10.544944763183594,-10.544944763183594,10.544944763183594,0.0,0.0,10.544944763183594,10.671178817749023,-5.335589408874512,0.0,0.0,0.0,0.0,9.118416786193848,worst_uncertainty_stratified_mhz
6296,250.0,6,10.51778793334961,-10.51778793334961,10.51778793334961,0.0,0.0,10.51778793334961,10.74165153503418,-5.37082576751709,0.0,0.0,0.0,0.0,7.418643474578857,worst_uncertainty_stratified_mhz
5007,250.0,6,10.367968559265137,-10.367968559265137,10.367968559265137,0.0,0.0,10.367968559265137,10.750808715820312,-5.375404357910156,0.0,0.0,0.0,0.0,9.263997077941895,worst_uncertainty_stratified_mhz
6090,250.0,6,10.327817916870117,-10.327817916870117,10.327817916870117,0.0,0.0,10.327817916870117,10.779319763183594,-5.389659881591797,0.0,0.0,0.0,0.0,9.840545654296875,worst_uncertainty_stratified_mhz
6127,250.0,6,9.97053050994873,-9.97053050994873,9.97053050994873,0.0,0.0,9.97053050994873,10.73771858215332,-5.36885929107666,0.0,0.0,0.0,0.0,6.729557514190674,worst_uncertainty_stratified_mhz
6290,250.0,6,9.931039810180664,-9.931039810180664,9.931039810180664,0.0,0.0,9.931039810180664,10.792279243469238,-5.396139621734619,0.0,0.0,0.0,0.0,5.9774861335754395,worst_uncertainty_stratified_mhz
5230,250.0,6,9.369024276733398,-9.369024276733398,9.369024276733398,0.0,0.0,9.369024276733398,10.718008995056152,-5.359004497528076,0.0,0.0,0.0,0.0,7.713089466094971,worst_uncertainty_stratified_mhz
5228,250.0,6,9.316658020019531,-9.316658020019531,9.316658020019531,0.0,0.0,9.316658020019531,10.772150039672852,-5.386075019836426,0.0,0.0,0.0,0.0,10.306888580322266,worst_uncertainty_stratified_mhz
5743,250.0,6,9.268535614013672,-9.268535614013672,9.268535614013672,0.0,0.0,9.268535614013672,10.738665580749512,-5.369332790374756,0.0,0.0,0.0,0.0,8.854110717773438,worst_uncertainty_stratified_mhz
6118,250.0,6,9.123111724853516,-9.123111724853516,9.123111724853516,0.0,0.0,9.123111724853516,10.877822875976562,-5.438911437988281,0.0,0.0,0.0,0.0,11.181975364685059,worst_uncertainty_stratified_mhz
6180,265.0,6,5.959517002105713,-5.959517002105713,5.959517002105713,0.0,0.0,5.959517002105713,10.641550064086914,-5.320775032043457,0.0,0.0,0.0,0.0,9.748220443725586,worst_uncertainty_stratified_mhz
5721,265.0,6,5.517984867095947,-5.517984867095947,5.517984867095947,0.0,0.0,5.517984867095947,10.629501342773438,-5.314750671386719,0.0,0.0,0.0,0.0,9.865347862243652,worst_uncertainty_stratified_mhz
5120,265.0,6,5.490034580230713,-5.490034580230713,5.490034580230713,0.0,0.0,5.490034580230713,10.614701271057129,-5.3073506355285645,0.0,0.0,0.0,0.0,9.9180269241333,worst_uncertainty_stratified_mhz
6217,265.0,6,5.3021345138549805,-5.3021345138549805,5.3021345138549805,0.0,0.0,5.3021345138549805,10.589713096618652,-5.294856548309326,0.0,0.0,0.0,0.0,10.065596580505371,worst_uncertainty_stratified_mhz
5914,265.0,6,5.274742126464844,-5.274742126464844,5.274742126464844,0.0,0.0,5.274742126464844,10.60101318359375,-5.300506591796875,0.0,0.0,0.0,0.0,9.628625869750977,worst_uncertainty_stratified_mhz
6190,265.0,6,5.187321186065674,-5.187321186065674,5.187321186065674,0.0,0.0,5.187321186065674,10.657170295715332,-5.328585147857666,0.0,0.0,0.0,0.0,9.528956413269043,worst_uncertainty_stratified_mhz
6068,265.0,6,5.187287330627441,-5.187287330627441,5.187287330627441,0.0,0.0,5.187287330627441,10.679132461547852,-5.339566230773926,0.0,0.0,0.0,0.0,9.84401798248291,worst_uncertainty_stratified_mhz
5896,265.0,6,4.976463794708252,-4.976463794708252,4.976463794708252,0.0,0.0,4.976463794708252,10.60790729522705,-5.303953647613525,0.0,0.0,0.0,0.0,8.214102745056152,worst_uncertainty_stratified_mhz
6102,265.0,6,4.817201614379883,-4.817201614379883,4.817201614379883,0.0,0.0,4.817201614379883,10.656795501708984,-5.328397750854492,0.0,0.0,0.0,0.0,8.733426094055176,worst_uncertainty_stratified_mhz
5316,265.0,6,4.801480770111084,-4.801480770111084,4.801480770111084,0.0,0.0,4.801480770111084,10.625208854675293,-5.3126044273376465,0.0,0.0,0.0,0.0,10.173933982849121,worst_uncertainty_stratified_mhz
5794,265.0,6,4.690227508544922,-4.690227508544922,4.690227508544922,0.0,0.0,4.690227508544922,10.645437240600586,-5.322718620300293,0.0,0.0,0.0,0.0,9.804607391357422,worst_uncertainty_stratified_mhz
4841,270.0,6,7.362247467041016,-7.362247467041016,7.362247467041016,0.0,0.0,7.362247467041016,10.597393989562988,-5.298696994781494,0.0,0.0,0.0,0.0,10.742704391479492,worst_uncertainty_stratified_mhz
5291,270.0,6,7.323370933532715,-7.323370933532715,7.323370933532715,0.0,0.0,7.323370933532715,10.63607406616211,-5.318037033081055,0.0,0.0,0.0,0.0,11.494247436523438,worst_uncertainty_stratified_mhz
6111,270.0,6,6.993643760681152,-6.993643760681152,6.993643760681152,0.0,0.0,6.993643760681152,10.629899978637695,-5.314949989318848,0.0,0.0,0.0,0.0,12.168257713317871,worst_uncertainty_stratified_mhz
5522,270.0,6,6.990694999694824,-6.990694999694824,6.990694999694824,0.0,0.0,6.990694999694824,10.616826057434082,-5.308413028717041,0.0,0.0,0.0,0.0,9.700948715209961,worst_uncertainty_stratified_mhz
5684,270.0,6,6.5579376220703125,-6.5579376220703125,6.5579376220703125,0.0,0.0,6.5579376220703125,10.774751663208008,-5.387375831604004,0.0,0.0,0.0,0.0,12.011109352111816,worst_uncertainty_stratified_mhz
5277,270.0,6,6.4542036056518555,-6.4542036056518555,6.4542036056518555,0.0,0.0,6.4542036056518555,10.647903442382812,-5.323951721191406,0.0,0.0,0.0,0.0,11.929638862609863,worst_uncertainty_stratified_mhz
4869,270.0,6,6.039604187011719,-6.039604187011719,6.039604187011719,0.0,0.0,6.039604187011719,10.663848876953125,-5.3319244384765625,0.0,0.0,0.0,0.0,8.854177474975586,worst_uncertainty_stratified_mhz
5126,280.0,6,7.755753993988037,-7.755753993988037,7.755753993988037,0.0,0.0,7.755753993988037,10.616243362426758,-5.308121681213379,0.0,0.0,0.0,0.0,11.300370216369629,worst_uncertainty_stratified_mhz
6021,280.0,6,6.932703018188477,-6.932703018188477,6.932703018188477,0.0,0.0,6.932703018188477,10.620169639587402,-5.310084819793701,0.0,0.0,0.0,0.0,9.269885063171387,worst_uncertainty_stratified_mhz
5345,280.0,6,6.91581916809082,-6.91581916809082,6.91581916809082,0.0,0.0,6.91581916809082,10.65005874633789,-5.325029373168945,0.0,0.0,0.0,0.0,8.998210906982422,worst_uncertainty_stratified_mhz
4861,280.0,6,6.773985862731934,-6.773985862731934,6.773985862731934,0.0,0.0,6.773985862731934,10.638409614562988,-5.319204807281494,0.0,0.0,0.0,0.0,10.54999828338623,worst_uncertainty_stratified_mhz
5368,280.0,6,6.5938520431518555,-6.5938520431518555,6.5938520431518555,0.0,0.0,6.5938520431518555,10.61803913116455,-5.309019565582275,0.0,0.0,0.0,0.0,8.76419734954834,worst_uncertainty_stratified_mhz
4864,280.0,6,6.558298110961914,-6.558298110961914,6.558298110961914,0.0,0.0,6.558298110961914,10.66856861114502,-5.33428430557251,0.0,0.0,0.0,0.0,9.766578674316406,worst_uncertainty_stratified_mhz
6105,300.0,6,7.384139060974121,-7.384139060974121,7.384139060974121,0.0,0.0,7.384139060974121,10.663942337036133,-5.331971168518066,0.0,0.0,0.0,0.0,8.9893217086792,worst_uncertainty_stratified_mhz
4940,300.0,6,7.0954108238220215,-7.0954108238220215,7.0954108238220215,0.0,0.0,7.0954108238220215,10.77337646484375,-5.386688232421875,0.0,0.0,0.0,0.0,7.079638957977295,worst_uncertainty_stratified_mhz
5886,300.0,6,7.065424919128418,-7.065424919128418,7.065424919128418,0.0,0.0,7.065424919128418,10.607339859008789,-5.3036699295043945,0.0,0.0,0.0,0.0,8.462318420410156,worst_uncertainty_stratified_mhz
6156,300.0,6,6.947559356689453,-6.947559356689453,6.947559356689453,0.0,0.0,6.947559356689453,10.63625717163086,-5.31812858581543,0.0,0.0,0.0,0.0,9.184782981872559,worst_uncertainty_stratified_mhz
5515,300.0,6,6.893557071685791,-6.893557071685791,6.893557071685791,0.0,0.0,6.893557071685791,10.692937850952148,-5.346468925476074,0.0,0.0,0.0,0.0,8.461729049682617,worst_uncertainty_stratified_mhz
6185,300.0,6,6.781943321228027,-6.781943321228027,6.781943321228027,0.0,0.0,6.781943321228027,10.61423397064209,-5.307116985321045,0.0,0.0,0.0,0.0,7.7713775634765625,worst_uncertainty_stratified_mhz
4826,150.0,6,19.652000427246094,-19.652000427246094,19.652000427246094,0.0,0.0,19.652000427246094,10.803502082824707,-5.4017510414123535,0.0,0.0,0.0,0.0,7.414534568786621,worst_uncertainty_stratified_mhz
5998,150.0,6,19.456886291503906,-19.456886291503906,19.456886291503906,0.0,0.0,19.456886291503906,10.741552352905273,-5.370776176452637,0.0,0.0,0.0,0.0,5.1764116287231445,worst_uncertainty_stratified_mhz
7720,120.0,7,12.643620491027832,-12.643620491027832,12.643620491027832,0.0,0.0,12.643620491027832,10.62582015991211,-5.312910079956055,0.0,0.0,0.0,0.0,5.419607162475586,worst_uncertainty_stratified_mhz
7893,120.0,7,12.460156440734863,-12.460156440734863,12.460156440734863,0.0,0.0,12.460156440734863,10.769726753234863,-5.384863376617432,0.0,0.0,0.0,0.0,5.121531963348389,worst_uncertainty_stratified_mhz
7349,120.0,7,11.550514221191406,-11.550514221191406,11.550514221191406,0.0,0.0,11.550514221191406,10.751852035522461,-5.3759260177612305,0.0,0.0,0.0,0.0,4.672256946563721,worst_uncertainty_stratified_mhz
7663,150.0,7,19.005516052246094,-19.005516052246094,19.005516052246094,0.0,0.0,19.005516052246094,10.750919342041016,-5.375459671020508,0.0,0.0,0.0,0.0,8.69490909576416,worst_uncertainty_stratified_mhz
6755,150.0,7,18.9769287109375,-18.9769287109375,18.9769287109375,0.0,0.0,18.9769287109375,10.741820335388184,-5.370910167694092,0.0,0.0,0.0,0.0,6.693872451782227,worst_uncertainty_stratified_mhz
7136,150.0,7,18.962831497192383,-18.962831497192383,18.962831497192383,0.0,0.0,18.962831497192383,10.796701431274414,-5.398350715637207,0.0,0.0,0.0,0.0,7.647100448608398,worst_uncertainty_stratified_mhz
6546,150.0,7,18.937685012817383,-18.937685012817383,18.937685012817383,0.0,0.0,18.937685012817383,10.737308502197266,-5.368654251098633,0.0,0.0,0.0,0.0,8.58222770690918,worst_uncertainty_stratified_mhz
7758,155.0,7,7.315791130065918,-7.315791130065918,7.315791130065918,0.0,0.0,7.315791130065918,10.646783828735352,-5.323391914367676,0.0,0.0,0.0,0.0,3.8136210441589355,worst_uncertainty_stratified_mhz
7679,155.0,7,7.0824761390686035,-7.0824761390686035,7.0824761390686035,0.0,0.0,7.0824761390686035,10.588665008544922,-5.294332504272461,0.0,0.0,0.0,0.0,3.9089338779449463,worst_uncertainty_stratified_mhz
7248,155.0,7,6.554561614990234,-6.554561614990234,6.554561614990234,0.0,0.0,6.554561614990234,10.658225059509277,-5.329112529754639,0.0,0.0,0.0,0.0,3.876047372817993,worst_uncertainty_stratified_mhz
7239,155.0,7,6.5148162841796875,-6.5148162841796875,6.5148162841796875,0.0,0.0,6.5148162841796875,10.61111068725586,-5.30555534362793,0.0,0.0,0.0,0.0,3.457991600036621,worst_uncertainty_stratified_mhz
6608,155.0,7,6.36441707611084,-6.36441707611084,6.36441707611084,0.0,0.0,6.36441707611084,10.580277442932129,-5.2901387214660645,0.0,0.0,0.0,0.0,3.92767071723938,worst_uncertainty_stratified_mhz
7487,155.0,7,6.285784721374512,-6.285784721374512,6.285784721374512,0.0,0.0,6.285784721374512,10.700122833251953,-5.350061416625977,0.0,0.0,0.0,0.0,3.896225690841675,worst_uncertainty_stratified_mhz
6507,155.0,7,6.169698715209961,-6.169698715209961,6.169698715209961,0.0,0.0,6.169698715209961,10.5850248336792,-5.2925124168396,0.0,0.0,0.0,0.0,4.023603916168213,worst_uncertainty_stratified_mhz
7524,155.0,7,5.864168167114258,-5.864168167114258,5.864168167114258,0.0,0.0,5.864168167114258,10.640236854553223,-5.320118427276611,0.0,0.0,0.0,0.0,3.915896415710449,worst_uncertainty_stratified_mhz
7231,170.0,7,13.573474884033203,-13.573474884033203,13.573474884033203,0.0,0.0,13.573474884033203,10.696423530578613,-5.348211765289307,0.0,0.0,0.0,0.0,7.03807258605957,worst_uncertainty_stratified_mhz
7843,170.0,7,12.795208930969238,-12.795208930969238,12.795208930969238,0.0,0.0,12.795208930969238,10.961536407470703,-5.480768203735352,0.0,0.0,0.0,0.0,2.760977268218994,worst_uncertainty_stratified_mhz
6445,170.0,7,12.113993644714355,-12.113993644714355,12.113993644714355,0.0,0.0,12.113993644714355,10.882977485656738,-5.441488742828369,0.0,0.0,0.0,0.0,3.545146942138672,worst_uncertainty_stratified_mhz
7063,200.0,7,5.15297794342041,-5.15297794342041,5.15297794342041,0.0,0.0,5.15297794342041,10.65909481048584,-5.32954740524292,0.0,0.0,0.0,0.0,9.556169509887695,worst_uncertainty_stratified_mhz
7755,200.0,7,3.9055800437927246,-3.9055800437927246,3.9055800437927246,0.0,0.0,3.9055800437927246,10.63173770904541,-5.315868854522705,0.0,0.0,0.0,0.0,8.998516082763672,worst_uncertainty_stratified_mhz
7703,200.0,7,3.3039374351501465,-3.3039374351501465,3.3039374351501465,0.0,0.0,3.3039374351501465,10.652510643005371,-5.3262553215026855,0.0,0.0,0.0,0.0,8.274694442749023,worst_uncertainty_stratified_mhz
6703,200.0,7,3.1145694255828857,-3.1145694255828857,3.1145694255828857,0.0,0.0,3.1145694255828857,10.710321426391602,-5.355160713195801,0.0,0.0,0.0,0.0,8.35330867767334,worst_uncertainty_stratified_mhz
7791,200.0,7,2.910747528076172,-2.910747528076172,2.910747528076172,0.0,0.0,2.910747528076172,10.607766151428223,-5.303883075714111,0.0,0.0,0.0,0.0,8.827125549316406,worst_uncertainty_stratified_mhz
7425,200.0,7,2.883596181869507,-2.883596181869507,2.883596181869507,0.0,0.0,2.883596181869507,10.74799633026123,-5.373998165130615,0.0,0.0,0.0,0.0,8.497537612915039,worst_uncertainty_stratified_mhz
6689,230.0,7,11.653749465942383,-11.653749465942383,11.653749465942383,0.0,0.0,11.653749465942383,10.846266746520996,-5.423133373260498,0.0,0.0,0.0,0.0,8.404488563537598,worst_uncertainty_stratified_mhz
7683,230.0,7,11.055120468139648,-11.055120468139648,11.055120468139648,0.0,0.0,11.055120468139648,10.785530090332031,-5.392765045166016,0.0,0.0,0.0,0.0,7.767627239227295,worst_uncertainty_stratified_mhz
6719,230.0,7,10.991497039794922,-10.991497039794922,10.991497039794922,0.0,0.0,10.991497039794922,10.685724258422852,-5.342862129211426,0.0,0.0,0.0,0.0,10.364813804626465,worst_uncertainty_stratified_mhz
7960,230.0,7,10.66230583190918,-10.66230583190918,10.66230583190918,0.0,0.0,10.66230583190918,10.789158821105957,-5.3945794105529785,0.0,0.0,0.0,0.0,8.949287414550781,worst_uncertainty_stratified_mhz
7738,230.0,7,10.503808975219727,-10.503808975219727,10.503808975219727,0.0,0.0,10.503808975219727,10.682065963745117,-5.341032981872559,0.0,0.0,0.0,0.0,10.728747367858887,worst_uncertainty_stratified_mhz
6780,230.0,7,10.281756401062012,-10.281756401062012,10.281756401062012,0.0,0.0,10.281756401062012,10.763012886047363,-5.381506443023682,0.0,0.0,0.0,0.0,11.510972023010254,worst_uncertainty_stratified_mhz
7120,230.0,7,10.09327507019043,-10.09327507019043,10.09327507019043,0.0,0.0,10.09327507019043,10.717377662658691,-5.358688831329346,0.0,0.0,0.0,0.0,7.659658432006836,worst_uncertainty_stratified_mhz
6627,230.0,7,9.806840896606445,-9.806840896606445,9.806840896606445,0.0,0.0,9.806840896606445,10.720462799072266,-5.360231399536133,0.0,0.0,0.0,0.0,8.049941062927246,worst_uncertainty_stratified_mhz
7378,250.0,7,11.638416290283203,-11.638416290283203,11.638416290283203,0.0,0.0,11.638416290283203,10.765106201171875,-5.3825531005859375,0.0,0.0,0.0,0.0,10.000774383544922,worst_uncertainty_stratified_mhz
6871,250.0,7,11.18075942993164,-11.18075942993164,11.18075942993164,0.0,0.0,11.18075942993164,10.810613632202148,-5.405306816101074,0.0,0.0,0.0,0.0,7.808930397033691,worst_uncertainty_stratified_mhz
7704,250.0,7,10.856565475463867,-10.856565475463867,10.856565475463867,0.0,0.0,10.856565475463867,10.840923309326172,-5.420461654663086,0.0,0.0,0.0,0.0,7.38134241104126,worst_uncertainty_stratified_mhz
6888,250.0,7,10.706544876098633,-10.706544876098633,10.706544876098633,0.0,0.0,10.706544876098633,10.852729797363281,-5.426364898681641,0.0,0.0,0.0,0.0,8.380794525146484,worst_uncertainty_stratified_mhz
7397,250.0,7,10.582212448120117,-10.582212448120117,10.582212448120117,0.0,0.0,10.582212448120117,10.81777572631836,-5.40888786315918,0.0,0.0,0.0,0.0,5.800602436065674,worst_uncertainty_stratified_mhz
6865,250.0,7,10.087881088256836,-10.087881088256836,10.087881088256836,0.0,0.0,10.087881088256836,10.8814058303833,-5.44070291519165,0.0,0.0,0.0,0.0,6.672654151916504,worst_uncertainty_stratified_mhz
6464,250.0,7,9.998167037963867,-9.998167037963867,9.998167037963867,0.0,0.0,9.998167037963867,10.605253219604492,-5.302626609802246,0.0,0.0,0.0,0.0,8.949466705322266,worst_uncertainty_stratified_mhz
7418,250.0,7,9.81749439239502,-9.81749439239502,9.81749439239502,0.0,0.0,9.81749439239502,10.701374053955078,-5.350687026977539,0.0,0.0,0.0,0.0,7.649855136871338,worst_uncertainty_stratified_mhz
6551,250.0,7,9.816399574279785,-9.816399574279785,9.816399574279785,0.0,0.0,9.816399574279785,10.757448196411133,-5.378724098205566,0.0,0.0,0.0,0.0,8.057475090026855,worst_uncertainty_stratified_mhz
7870,250.0,7,9.74994945526123,-9.74994945526123,9.74994945526123,0.0,0.0,9.74994945526123,10.674162864685059,-5.337081432342529,0.0,0.0,0.0,0.0,9.442009925842285,worst_uncertainty_stratified_mhz
6927,250.0,7,9.67778491973877,-9.67778491973877,9.67778491973877,0.0,0.0,9.67778491973877,10.827771186828613,-5.413885593414307,0.0,0.0,0.0,0.0,7.022864818572998,worst_uncertainty_stratified_mhz
7985,250.0,7,9.659329414367676,-9.659329414367676,9.659329414367676,0.0,0.0,9.659329414367676,10.876331329345703,-5.438165664672852,0.0,0.0,0.0,0.0,5.54842472076416,worst_uncertainty_stratified_mhz
6493,265.0,7,7.015627861022949,-7.015627861022949,7.015627861022949,0.0,0.0,7.015627861022949,10.6692476272583,-5.33462381362915,0.0,0.0,0.0,0.0,9.89737319946289,worst_uncertainty_stratified_mhz
7737,265.0,7,6.942452430725098,-6.942452430725098,6.942452430725098,0.0,0.0,6.942452430725098,10.662836074829102,-5.331418037414551,0.0,0.0,0.0,0.0,9.298086166381836,worst_uncertainty_stratified_mhz
7025,265.0,7,6.57070255279541,-6.57070255279541,6.57070255279541,0.0,0.0,6.57070255279541,10.778836250305176,-5.389418125152588,0.0,0.0,0.0,0.0,9.224470138549805,worst_uncertainty_stratified_mhz
6500,265.0,7,6.224958419799805,-6.224958419799805,6.224958419799805,0.0,0.0,6.224958419799805,10.668115615844727,-5.334057807922363,0.0,0.0,0.0,0.0,9.745448112487793,worst_uncertainty_stratified_mhz
7684,265.0,7,5.726770401000977,-5.726770401000977,5.726770401000977,0.0,0.0,5.726770401000977,10.632732391357422,-5.316366195678711,0.0,0.0,0.0,0.0,9.378608703613281,worst_uncertainty_stratified_mhz
6955,265.0,7,5.691009044647217,-5.691009044647217,5.691009044647217,0.0,0.0,5.691009044647217,10.6690034866333,-5.33450174331665,0.0,0.0,0.0,0.0,9.067665100097656,worst_uncertainty_stratified_mhz
6933,265.0,7,5.587559223175049,-5.587559223175049,5.587559223175049,0.0,0.0,5.587559223175049,10.595322608947754,-5.297661304473877,0.0,0.0,0.0,0.0,8.131836891174316,worst_uncertainty_stratified_mhz
7739,265.0,7,5.495841026306152,-5.495841026306152,5.495841026306152,0.0,0.0,5.495841026306152,10.663470268249512,-5.331735134124756,0.0,0.0,0.0,0.0,10.881690979003906,worst_uncertainty_stratified_mhz
7121,265.0,7,5.495311737060547,-5.495311737060547,5.495311737060547,0.0,0.0,5.495311737060547,10.647563934326172,-5.323781967163086,0.0,0.0,0.0,0.0,9.433402061462402,worst_uncertainty_stratified_mhz
6404,265.0,7,5.348607540130615,-5.348607540130615,5.348607540130615,0.0,0.0,5.348607540130615,10.63893985748291,-5.319469928741455,0.0,0.0,0.0,0.0,8.540849685668945,worst_uncertainty_stratified_mhz
7351,265.0,7,5.114986419677734,-5.114986419677734,5.114986419677734,0.0,0.0,5.114986419677734,10.594127655029297,-5.297063827514648,0.0,0.0,0.0,0.0,8.85245132446289,worst_uncertainty_stratified_mhz
7242,270.0,7,7.525983810424805,-7.525983810424805,7.525983810424805,0.0,0.0,7.525983810424805,10.73353385925293,-5.366766929626465,0.0,0.0,0.0,0.0,9.713974952697754,worst_uncertainty_stratified_mhz
7590,270.0,7,7.2437310218811035,-7.2437310218811035,7.2437310218811035,0.0,0.0,7.2437310218811035,10.766501426696777,-5.383250713348389,0.0,0.0,0.0,0.0,12.22270679473877,worst_uncertainty_stratified_mhz
7029,270.0,7,7.078977584838867,-7.078977584838867,7.078977584838867,0.0,0.0,7.078977584838867,10.612431526184082,-5.306215763092041,0.0,0.0,0.0,0.0,10.148527145385742,worst_uncertainty_stratified_mhz
7469,270.0,7,6.870678901672363,-6.870678901672363,6.870678901672363,0.0,0.0,6.870678901672363,10.688970565795898,-5.344485282897949,0.0,0.0,0.0,0.0,12.59636402130127,worst_uncertainty_stratified_mhz
6575,270.0,7,6.842233657836914,-6.842233657836914,6.842233657836914,0.0,0.0,6.842233657836914,10.636785507202148,-5.318392753601074,0.0,0.0,0.0,0.0,10.62846565246582,worst_uncertainty_stratified_mhz
6737,270.0,7,6.821423053741455,-6.821423053741455,6.821423053741455,0.0,0.0,6.821423053741455,10.691256523132324,-5.345628261566162,0.0,0.0,0.0,0.0,11.865961074829102,worst_uncertainty_stratified_mhz
6993,270.0,7,6.6167097091674805,-6.6167097091674805,6.6167097091674805,0.0,0.0,6.6167097091674805,10.638937950134277,-5.319468975067139,0.0,0.0,0.0,0.0,12.047426223754883,worst_uncertainty_stratified_mhz
7701,280.0,7,6.868824005126953,-6.868824005126953,6.868824005126953,0.0,0.0,6.868824005126953,10.748671531677246,-5.374335765838623,0.0,0.0,0.0,0.0,9.177936553955078,worst_uncertainty_stratified_mhz
7091,280.0,7,6.570788383483887,-6.570788383483887,6.570788383483887,0.0,0.0,6.570788383483887,10.595120429992676,-5.297560214996338,0.0,0.0,0.0,0.0,10.724698066711426,worst_uncertainty_stratified_mhz
7650,280.0,7,5.913280010223389,-5.913280010223389,5.913280010223389,0.0,0.0,5.913280010223389,10.74124813079834,-5.37062406539917,0.0,0.0,0.0,0.0,8.122783660888672,worst_uncertainty_stratified_mhz
7416,280.0,7,5.904282093048096,-5.904282093048096,5.904282093048096,0.0,0.0,5.904282093048096,10.743254661560059,-5.371627330780029,0.0,0.0,0.0,0.0,8.465435981750488,worst_uncertainty_stratified_mhz
7977,280.0,7,5.655868053436279,-5.655868053436279,5.655868053436279,0.0,0.0,5.655868053436279,10.615402221679688,-5.307701110839844,0.0,0.0,0.0,0.0,9.649136543273926,worst_uncertainty_stratified_mhz
6574,280.0,7,5.4571380615234375,-5.4571380615234375,5.4571380615234375,0.0,0.0,5.4571380615234375,10.622105598449707,-5.3110527992248535,0.0,0.0,0.0,0.0,7.986832141876221,worst_uncertainty_stratified_mhz
7615,300.0,7,7.7272443771362305,-7.7272443771362305,7.7272443771362305,0.0,0.0,7.7272443771362305,10.676565170288086,-5.338282585144043,0.0,0.0,0.0,0.0,8.00140380859375,worst_uncertainty_stratified_mhz
7885,300.0,7,7.22607421875,-7.22607421875,7.22607421875,0.0,0.0,7.22607421875,10.681682586669922,-5.340841293334961,0.0,0.0,0.0,0.0,7.994870662689209,worst_uncertainty_stratified_mhz
7899,300.0,7,6.513739585876465,-6.513739585876465,6.513739585876465,0.0,0.0,6.513739585876465,10.621321678161621,-5.3106608390808105,0.0,0.0,0.0,0.0,9.178244590759277,worst_uncertainty_stratified_mhz
6922,300.0,7,6.447247505187988,-6.447247505187988,6.447247505187988,0.0,0.0,6.447247505187988,10.61976146697998,-5.30988073348999,0.0,0.0,0.0,0.0,7.32956075668335,worst_uncertainty_stratified_mhz
7014,300.0,7,6.0483551025390625,-6.0483551025390625,6.0483551025390625,0.0,0.0,6.0483551025390625,10.632781028747559,-5.316390514373779,0.0,0.0,0.0,0.0,9.68361759185791,worst_uncertainty_stratified_mhz
7109,300.0,7,5.9900617599487305,-5.9900617599487305,5.9900617599487305,0.0,0.0,5.9900617599487305,10.773306846618652,-5.386653423309326,0.0,0.0,0.0,0.0,8.358970642089844,worst_uncertainty_stratified_mhz
7855,150.0,7,18.631938934326172,-18.631938934326172,18.631938934326172,0.0,0.0,18.631938934326172,10.710918426513672,-5.355459213256836,0.0,0.0,0.0,0.0,8.423348426818848,worst_uncertainty_stratified_mhz
7666,150.0,7,18.475982666015625,-18.475982666015625,18.475982666015625,0.0,0.0,18.475982666015625,10.7056245803833,-5.35281229019165,0.0,0.0,0.0,0.0,8.851614952087402,worst_uncertainty_stratified_mhz
7825,150.0,7,17.670841217041016,-17.670841217041016,17.670841217041016,0.0,0.0,17.670841217041016,10.694360733032227,-5.347180366516113,0.0,0.0,0.0,0.0,7.298856258392334,worst_uncertainty_stratified_mhz
7081,150.0,7,17.422901153564453,-17.422901153564453,17.422901153564453,0.0,0.0,17.422901153564453,10.731328010559082,-5.365664005279541,0.0,0.0,0.0,0.0,7.428247928619385,worst_uncertainty_stratified_mhz
7384,150.0,7,17.277740478515625,-17.277740478515625,17.277740478515625,0.0,0.0,17.277740478515625,10.754806518554688,-5.377403259277344,0.0,0.0,0.0,0.0,8.722042083740234,worst_uncertainty_stratified_mhz
7740,150.0,7,17.160123825073242,-17.160123825073242,17.160123825073242,0.0,0.0,17.160123825073242,10.841777801513672,-5.420888900756836,0.0,0.0,0.0,0.0,8.781983375549316,worst_uncertainty_stratified_mhz
9052,120.0,8,12.71424388885498,-12.71424388885498,12.71424388885498,0.0,0.0,12.71424388885498,10.968799591064453,-5.484399795532227,0.0,0.0,0.0,0.0,4.670248508453369,worst_uncertainty_stratified_mhz
8451,120.0,8,8.353689193725586,-8.353689193725586,8.353689193725586,0.0,0.0,8.353689193725586,10.627914428710938,-5.313957214355469,0.0,0.0,0.0,0.0,4.144467830657959,worst_uncertainty_stratified_mhz
8379,120.0,8,8.208379745483398,-8.208379745483398,8.208379745483398,0.0,0.0,8.208379745483398,10.53384780883789,-5.266923904418945,0.0,0.0,0.0,0.0,4.609922885894775,worst_uncertainty_stratified_mhz
9528,150.0,8,16.226943969726562,-16.226943969726562,16.226943969726562,0.0,0.0,16.226943969726562,10.80221176147461,-5.401105880737305,0.0,0.0,0.0,0.0,8.00700855255127,worst_uncertainty_stratified_mhz
8470,150.0,8,14.570731163024902,-14.570731163024902,14.570731163024902,0.0,0.0,14.570731163024902,10.613870620727539,-5.3069353103637695,0.0,0.0,0.0,0.0,6.10770320892334,worst_uncertainty_stratified_mhz
9499,150.0,8,14.51286792755127,-14.51286792755127,14.51286792755127,0.0,0.0,14.51286792755127,10.73331356048584,-5.36665678024292,0.0,0.0,0.0,0.0,8.225691795349121,worst_uncertainty_stratified_mhz
9111,150.0,8,13.600532531738281,-13.600532531738281,13.600532531738281,0.0,0.0,13.600532531738281,10.7302885055542,-5.3651442527771,0.0,0.0,0.0,0.0,8.644638061523438,worst_uncertainty_stratified_mhz
9409,155.0,8,8.319303512573242,-8.319303512573242,8.319303512573242,0.0,0.0,8.319303512573242,10.583370208740234,-5.291685104370117,0.0,0.0,0.0,0.0,4.285840034484863,worst_uncertainty_stratified_mhz
8903,155.0,8,8.019289016723633,-8.019289016723633,8.019289016723633,0.0,0.0,8.019289016723633,10.549676895141602,-5.274838447570801,0.0,0.0,0.0,0.0,3.9926364421844482,worst_uncertainty_stratified_mhz
9023,155.0,8,7.460516929626465,-7.460516929626465,7.460516929626465,0.0,0.0,7.460516929626465,10.631946563720703,-5.315973281860352,0.0,0.0,0.0,0.0,4.276020526885986,worst_uncertainty_stratified_mhz
8360,155.0,8,7.436061382293701,-7.436061382293701,7.436061382293701,0.0,0.0,7.436061382293701,10.580998420715332,-5.290499210357666,0.0,0.0,0.0,0.0,4.146285057067871,worst_uncertainty_stratified_mhz
9353,155.0,8,7.223257064819336,-7.223257064819336,7.223257064819336,0.0,0.0,7.223257064819336,10.581755638122559,-5.290877819061279,0.0,0.0,0.0,0.0,4.217516899108887,worst_uncertainty_stratified_mhz
8867,155.0,8,7.188616752624512,-7.188616752624512,7.188616752624512,0.0,0.0,7.188616752624512,10.667404174804688,-5.333702087402344,0.0,0.0,0.0,0.0,4.3134765625,worst_uncertainty_stratified_mhz
8924,155.0,8,7.036818027496338,-7.036818027496338,7.036818027496338,0.0,0.0,7.036818027496338,10.610867500305176,-5.305433750152588,0.0,0.0,0.0,0.0,3.9356255531311035,worst_uncertainty_stratified_mhz
8022,155.0,8,6.950979232788086,-6.950979232788086,6.950979232788086,0.0,0.0,6.950979232788086,10.681890487670898,-5.340945243835449,0.0,0.0,0.0,0.0,4.543763637542725,worst_uncertainty_stratified_mhz
8003,170.0,8,16.15743637084961,-16.15743637084961,16.15743637084961,0.0,0.0,16.15743637084961,10.704782485961914,-5.352391242980957,0.0,0.0,0.0,0.0,6.327795028686523,worst_uncertainty_stratified_mhz
9326,170.0,8,15.92294979095459,-15.92294979095459,15.92294979095459,0.0,0.0,15.92294979095459,10.758283615112305,-5.379141807556152,0.0,0.0,0.0,0.0,7.28323221206665,worst_uncertainty_stratified_mhz
8291,170.0,8,15.34419059753418,-15.34419059753418,15.34419059753418,0.0,0.0,15.34419059753418,10.748751640319824,-5.374375820159912,0.0,0.0,0.0,0.0,7.993901252746582,worst_uncertainty_stratified_mhz
9171,180.0,8,14.205739974975586,-14.205739974975586,14.205739974975586,0.0,0.0,14.205739974975586,10.857281684875488,-5.428640842437744,0.0,0.0,0.0,0.0,3.683222770690918,worst_uncertainty_stratified_mhz
8632,180.0,8,13.121811866760254,-13.121811866760254,13.121811866760254,0.0,0.0,13.121811866760254,10.896024703979492,-5.448012351989746,0.0,0.0,0.0,0.0,4.741044521331787,worst_uncertainty_stratified_mhz
8660,180.0,8,12.671368598937988,-12.671368598937988,12.671368598937988,0.0,0.0,12.671368598937988,10.67676830291748,-5.33838415145874,0.0,0.0,0.0,0.0,5.355979919433594,worst_uncertainty_stratified_mhz
8953,180.0,8,12.430354118347168,-12.430354118347168,12.430354118347168,0.0,0.0,12.430354118347168,10.806597709655762,-5.403298854827881,0.0,0.0,0.0,0.0,5.642282009124756,worst_uncertainty_stratified_mhz
8527,230.0,8,10.937713623046875,-10.937713623046875,10.937713623046875,0.0,0.0,10.937713623046875,10.659056663513184,-5.329528331756592,0.0,0.0,0.0,0.0,9.470775604248047,worst_uncertainty_stratified_mhz
8345,230.0,8,9.832839012145996,-9.832839012145996,9.832839012145996,0.0,0.0,9.832839012145996,10.859756469726562,-5.429878234863281,0.0,0.0,0.0,0.0,8.092489242553711,worst_uncertainty_stratified_mhz
9043,230.0,8,9.483041763305664,-9.483041763305664,9.483041763305664,0.0,0.0,9.483041763305664,10.637572288513184,-5.318786144256592,0.0,0.0,0.0,0.0,11.213281631469727,worst_uncertainty_stratified_mhz
8404,230.0,8,9.278884887695312,-9.278884887695312,9.278884887695312,0.0,0.0,9.278884887695312,10.634875297546387,-5.317437648773193,0.0,0.0,0.0,0.0,10.410184860229492,worst_uncertainty_stratified_mhz
9122,230.0,8,9.175846099853516,-9.175846099853516,9.175846099853516,0.0,0.0,9.175846099853516,10.701641082763672,-5.350820541381836,0.0,0.0,0.0,0.0,9.979387283325195,worst_uncertainty_stratified_mhz
8402,230.0,8,9.04292106628418,-9.04292106628418,9.04292106628418,0.0,0.0,9.04292106628418,10.805073738098145,-5.402536869049072,0.0,0.0,0.0,0.0,7.819698333740234,worst_uncertainty_stratified_mhz
8986,230.0,8,8.99563980102539,-8.99563980102539,8.99563980102539,0.0,0.0,8.99563980102539,10.79413890838623,-5.397069454193115,0.0,0.0,0.0,0.0,11.04692554473877,worst_uncertainty_stratified_mhz
8585,230.0,8,8.843372344970703,-8.843372344970703,8.843372344970703,0.0,0.0,8.843372344970703,10.697470664978027,-5.348735332489014,0.0,0.0,0.0,0.0,10.651866912841797,worst_uncertainty_stratified_mhz
9045,250.0,8,13.540926933288574,-13.540926933288574,13.540926933288574,0.0,0.0,13.540926933288574,10.801068305969238,-5.400534152984619,0.0,0.0,0.0,0.0,7.786857604980469,worst_uncertainty_stratified_mhz
8234,250.0,8,10.731639862060547,-10.731639862060547,10.731639862060547,0.0,0.0,10.731639862060547,10.815683364868164,-5.407841682434082,0.0,0.0,0.0,0.0,7.727110385894775,worst_uncertainty_stratified_mhz
9464,250.0,8,10.390678405761719,-10.390678405761719,10.390678405761719,0.0,0.0,10.390678405761719,10.781830787658691,-5.390915393829346,0.0,0.0,0.0,0.0,9.178394317626953,worst_uncertainty_stratified_mhz
9301,250.0,8,10.324122428894043,-10.324122428894043,10.324122428894043,0.0,0.0,10.324122428894043,10.72269058227539,-5.361345291137695,0.0,0.0,0.0,0.0,8.3560791015625,worst_uncertainty_stratified_mhz
8537,250.0,8,10.160457611083984,-10.160457611083984,10.160457611083984,0.0,0.0,10.160457611083984,10.642428398132324,-5.321214199066162,0.0,0.0,0.0,0.0,10.689995765686035,worst_uncertainty_stratified_mhz
8686,250.0,8,9.829343795776367,-9.829343795776367,9.829343795776367,0.0,0.0,9.829343795776367,10.72507381439209,-5.362536907196045,0.0,0.0,0.0,0.0,8.33273696899414,worst_uncertainty_stratified_mhz
8664,250.0,8,9.766267776489258,-9.766267776489258,9.766267776489258,0.0,0.0,9.766267776489258,10.68559455871582,-5.34279727935791,0.0,0.0,0.0,0.0,13.972201347351074,worst_uncertainty_stratified_mhz
8938,250.0,8,9.717192649841309,-9.717192649841309,9.717192649841309,0.0,0.0,9.717192649841309,10.710857391357422,-5.355428695678711,0.0,0.0,0.0,0.0,8.461556434631348,worst_uncertainty_stratified_mhz
8213,250.0,8,9.671388626098633,-9.671388626098633,9.671388626098633,0.0,0.0,9.671388626098633,10.684891700744629,-5.3424458503723145,0.0,0.0,0.0,0.0,9.670637130737305,worst_uncertainty_stratified_mhz
8971,250.0,8,9.545924186706543,-9.545924186706543,9.545924186706543,0.0,0.0,9.545924186706543,10.739828109741211,-5.3699140548706055,0.0,0.0,0.0,0.0,8.972702026367188,worst_uncertainty_stratified_mhz
9246,250.0,8,9.32105827331543,-9.32105827331543,9.32105827331543,0.0,0.0,9.32105827331543,10.760930061340332,-5.380465030670166,0.0,0.0,0.0,0.0,12.247217178344727,worst_uncertainty_stratified_mhz
8263,250.0,8,9.252766609191895,-9.252766609191895,9.252766609191895,0.0,0.0,9.252766609191895,10.735907554626465,-5.367953777313232,0.0,0.0,0.0,0.0,8.182282447814941,worst_uncertainty_stratified_mhz
8920,265.0,8,6.289245128631592,-6.289245128631592,6.289245128631592,0.0,0.0,6.289245128631592,10.62264347076416,-5.31132173538208,0.0,0.0,0.0,0.0,9.222573280334473,worst_uncertainty_stratified_mhz
8089,265.0,8,5.922119140625,-5.922119140625,5.922119140625,0.0,0.0,5.922119140625,10.645376205444336,-5.322688102722168,0.0,0.0,0.0,0.0,10.400925636291504,worst_uncertainty_stratified_mhz
8434,265.0,8,5.71973991394043,-5.71973991394043,5.71973991394043,0.0,0.0,5.71973991394043,10.671835899353027,-5.335917949676514,0.0,0.0,0.0,0.0,10.801187515258789,worst_uncertainty_stratified_mhz
9247,265.0,8,5.666275978088379,-5.666275978088379,5.666275978088379,0.0,0.0,5.666275978088379,10.62712287902832,-5.31356143951416,0.0,0.0,0.0,0.0,9.948606491088867,worst_uncertainty_stratified_mhz
8813,265.0,8,5.511724472045898,-5.511724472045898,5.511724472045898,0.0,0.0,5.511724472045898,10.81291675567627,-5.406458377838135,0.0,0.0,0.0,0.0,9.520028114318848,worst_uncertainty_stratified_mhz
9095,265.0,8,5.4982452392578125,-5.4982452392578125,5.4982452392578125,0.0,0.0,5.4982452392578125,10.645049095153809,-5.322524547576904,0.0,0.0,0.0,0.0,9.78800106048584,worst_uncertainty_stratified_mhz
8242,265.0,8,5.485165596008301,-5.485165596008301,5.485165596008301,0.0,0.0,5.485165596008301,10.636144638061523,-5.318072319030762,0.0,0.0,0.0,0.0,9.595218658447266,worst_uncertainty_stratified_mhz
8695,265.0,8,5.472754955291748,-5.472754955291748,5.472754955291748,0.0,0.0,5.472754955291748,10.647883415222168,-5.323941707611084,0.0,0.0,0.0,0.0,8.296152114868164,worst_uncertainty_stratified_mhz
9073,265.0,8,5.455347061157227,-5.455347061157227,5.455347061157227,0.0,0.0,5.455347061157227,10.590794563293457,-5.2953972816467285,0.0,0.0,0.0,0.0,9.729560852050781,worst_uncertainty_stratified_mhz
8302,265.0,8,5.4372758865356445,-5.4372758865356445,5.4372758865356445,0.0,0.0,5.4372758865356445,10.609370231628418,-5.304685115814209,0.0,0.0,0.0,0.0,9.508866310119629,worst_uncertainty_stratified_mhz
8948,265.0,8,5.340443134307861,-5.340443134307861,5.340443134307861,0.0,0.0,5.340443134307861,10.682807922363281,-5.341403961181641,0.0,0.0,0.0,0.0,10.189323425292969,worst_uncertainty_stratified_mhz
8978,270.0,8,7.834369659423828,-7.834369659423828,7.834369659423828,0.0,0.0,7.834369659423828,10.685669898986816,-5.342834949493408,0.0,0.0,0.0,0.0,11.567329406738281,worst_uncertainty_stratified_mhz
8286,270.0,8,7.645768165588379,-7.645768165588379,7.645768165588379,0.0,0.0,7.645768165588379,10.689970970153809,-5.344985485076904,0.0,0.0,0.0,0.0,13.191601753234863,worst_uncertainty_stratified_mhz
8522,270.0,8,7.537161350250244,-7.537161350250244,7.537161350250244,0.0,0.0,7.537161350250244,10.773320198059082,-5.386660099029541,0.0,0.0,0.0,0.0,11.619697570800781,worst_uncertainty_stratified_mhz
9236,270.0,8,7.536170482635498,-7.536170482635498,7.536170482635498,0.0,0.0,7.536170482635498,10.622750282287598,-5.311375141143799,0.0,0.0,0.0,0.0,11.219008445739746,worst_uncertainty_stratified_mhz
8605,270.0,8,7.3430867195129395,-7.3430867195129395,7.3430867195129395,0.0,0.0,7.3430867195129395,10.733757972717285,-5.366878986358643,0.0,0.0,0.0,0.0,10.856722831726074,worst_uncertainty_stratified_mhz
9141,270.0,8,7.330899238586426,-7.330899238586426,7.330899238586426,0.0,0.0,7.330899238586426,10.701916694641113,-5.350958347320557,0.0,0.0,0.0,0.0,8.250788688659668,worst_uncertainty_stratified_mhz
9258,270.0,8,7.167052745819092,-7.167052745819092,7.167052745819092,0.0,0.0,7.167052745819092,10.697378158569336,-5.348689079284668,0.0,0.0,0.0,0.0,10.443840980529785,worst_uncertainty_stratified_mhz
8778,280.0,8,8.314228057861328,-8.314228057861328,8.314228057861328,0.0,0.0,8.314228057861328,10.810301780700684,-5.405150890350342,0.0,0.0,0.0,0.0,9.41503620147705,worst_uncertainty_stratified_mhz
8732,280.0,8,7.573124408721924,-7.573124408721924,7.573124408721924,0.0,0.0,7.573124408721924,10.6452054977417,-5.32260274887085,0.0,0.0,0.0,0.0,9.605822563171387,worst_uncertainty_stratified_mhz
9218,280.0,8,7.497498989105225,-7.497498989105225,7.497498989105225,0.0,0.0,7.497498989105225,10.638675689697266,-5.319337844848633,0.0,0.0,0.0,0.0,10.807394027709961,worst_uncertainty_stratified_mhz
8569,280.0,8,7.230231285095215,-7.230231285095215,7.230231285095215,0.0,0.0,7.230231285095215,10.6438570022583,-5.32192850112915,0.0,0.0,0.0,0.0,11.304427146911621,worst_uncertainty_stratified_mhz
9042,280.0,8,7.163382053375244,-7.163382053375244,7.163382053375244,0.0,0.0,7.163382053375244,10.679244995117188,-5.339622497558594,0.0,0.0,0.0,0.0,9.323814392089844,worst_uncertainty_stratified_mhz
8602,280.0,8,7.103681564331055,-7.103681564331055,7.103681564331055,0.0,0.0,7.103681564331055,10.639311790466309,-5.319655895233154,0.0,0.0,0.0,0.0,10.711711883544922,worst_uncertainty_stratified_mhz
8835,300.0,8,9.963634490966797,-9.963634490966797,9.963634490966797,0.0,0.0,9.963634490966797,10.706308364868164,-5.353154182434082,0.0,0.0,0.0,0.0,8.16349983215332,worst_uncertainty_stratified_mhz
8665,300.0,8,8.014911651611328,-8.014911651611328,8.014911651611328,0.0,0.0,8.014911651611328,10.738603591918945,-5.369301795959473,0.0,0.0,0.0,0.0,8.126571655273438,worst_uncertainty_stratified_mhz
9237,300.0,8,7.570442199707031,-7.570442199707031,7.570442199707031,0.0,0.0,7.570442199707031,10.769181251525879,-5.3845906257629395,0.0,0.0,0.0,0.0,7.720491886138916,worst_uncertainty_stratified_mhz
8814,300.0,8,7.50008487701416,-7.50008487701416,7.50008487701416,0.0,0.0,7.50008487701416,10.585342407226562,-5.292671203613281,0.0,0.0,0.0,0.0,8.685500144958496,worst_uncertainty_stratified_mhz
9568,300.0,8,7.147688388824463,-7.147688388824463,7.147688388824463,0.0,0.0,7.147688388824463,10.663751602172852,-5.331875801086426,0.0,0.0,0.0,0.0,8.77039623260498,worst_uncertainty_stratified_mhz
9440,300.0,8,7.0913615226745605,-7.0913615226745605,7.0913615226745605,0.0,0.0,7.0913615226745605,10.620231628417969,-5.310115814208984,0.0,0.0,0.0,0.0,8.220309257507324,worst_uncertainty_stratified_mhz
8012,170.0,8,15.073827743530273,-15.073827743530273,15.073827743530273,0.0,0.0,15.073827743530273,10.64790153503418,-5.32395076751709,0.0,0.0,0.0,0.0,6.267173767089844,worst_uncertainty_stratified_mhz
8205,170.0,8,14.758988380432129,-14.758988380432129,14.758988380432129,0.0,0.0,14.758988380432129,10.706477165222168,-5.353238582611084,0.0,0.0,0.0,0.0,7.298939228057861,worst_uncertainty_stratified_mhz
9168,170.0,8,14.526724815368652,-14.526724815368652,14.526724815368652,0.0,0.0,14.526724815368652,10.717839241027832,-5.358919620513916,0.0,0.0,0.0,0.0,7.634468078613281,worst_uncertainty_stratified_mhz
8343,170.0,8,14.311261177062988,-14.311261177062988,14.311261177062988,0.0,0.0,14.311261177062988,10.798852920532227,-5.399426460266113,0.0,0.0,0.0,0.0,8.985276222229004,worst_uncertainty_stratified_mhz
8028,170.0,8,14.15142822265625,-14.15142822265625,14.15142822265625,0.0,0.0,14.15142822265625,10.707600593566895,-5.353800296783447,0.0,0.0,0.0,0.0,8.701238632202148,worst_uncertainty_stratified_mhz
8001,170.0,8,13.989277839660645,-13.989277839660645,13.989277839660645,0.0,0.0,13.989277839660645,10.801412582397461,-5.4007062911987305,0.0,0.0,0.0,0.0,6.810467720031738,worst_uncertainty_stratified_mhz
9548,170.0,8,13.768028259277344,-13.768028259277344,13.768028259277344,0.0,0.0,13.768028259277344,10.641647338867188,-5.320823669433594,0.0,0.0,0.0,0.0,7.207124710083008,worst_uncertainty_stratified_mhz
8728,170.0,8,13.765793800354004,-13.765793800354004,13.765793800354004,0.0,0.0,13.765793800354004,10.82792854309082,-5.41396427154541,0.0,0.0,0.0,0.0,7.835731506347656,worst_uncertainty_stratified_mhz
10392,120.0,9,8.760164260864258,-8.760164260864258,8.760164260864258,0.0,0.0,8.760164260864258,10.73359489440918,-5.36679744720459,0.0,0.0,0.0,0.0,3.5476129055023193,worst_uncertainty_stratified_mhz
9870,120.0,9,5.070600509643555,-5.070600509643555,5.070600509643555,0.0,0.0,5.070600509643555,10.562166213989258,-5.281083106994629,0.0,0.0,0.0,0.0,3.8991289138793945,worst_uncertainty_stratified_mhz
10285,120.0,9,4.2992377281188965,-4.2992377281188965,4.2992377281188965,0.0,0.0,4.2992377281188965,10.642924308776855,-5.321462154388428,0.0,0.0,0.0,0.0,3.6929662227630615,worst_uncertainty_stratified_mhz
9934,150.0,9,17.582454681396484,-17.582454681396484,17.582454681396484,0.0,0.0,17.582454681396484,10.789270401000977,-5.394635200500488,0.0,0.0,0.0,0.0,7.813442707061768,worst_uncertainty_stratified_mhz
10179,150.0,9,16.74722671508789,-16.74722671508789,16.74722671508789,0.0,0.0,16.74722671508789,10.72484302520752,-5.36242151260376,0.0,0.0,0.0,0.0,7.65246057510376,worst_uncertainty_stratified_mhz
9853,150.0,9,15.322755813598633,-15.322755813598633,15.322755813598633,0.0,0.0,15.322755813598633,10.711955070495605,-5.355977535247803,0.0,0.0,0.0,0.0,7.036160469055176,worst_uncertainty_stratified_mhz
10709,150.0,9,13.541923522949219,-13.541923522949219,13.541923522949219,0.0,0.0,13.541923522949219,10.770380973815918,-5.385190486907959,0.0,0.0,0.0,0.0,7.2006072998046875,worst_uncertainty_stratified_mhz
11150,155.0,9,7.936214447021484,-7.936214447021484,7.936214447021484,0.0,0.0,7.936214447021484,10.77550220489502,-5.38775110244751,0.0,0.0,0.0,0.0,4.3911027908325195,worst_uncertainty_stratified_mhz
11080,155.0,9,7.5802459716796875,-7.5802459716796875,7.5802459716796875,0.0,0.0,7.5802459716796875,10.600483894348145,-5.300241947174072,0.0,0.0,0.0,0.0,4.368031978607178,worst_uncertainty_stratified_mhz
10534,155.0,9,7.472188949584961,-7.472188949584961,7.472188949584961,0.0,0.0,7.472188949584961,10.678411483764648,-5.339205741882324,0.0,0.0,0.0,0.0,3.9549734592437744,worst_uncertainty_stratified_mhz
10530,155.0,9,7.438192844390869,-7.438192844390869,7.438192844390869,0.0,0.0,7.438192844390869,10.657356262207031,-5.328678131103516,0.0,0.0,0.0,0.0,4.380234718322754,worst_uncertainty_stratified_mhz
10042,155.0,9,7.431587219238281,-7.431587219238281,7.431587219238281,0.0,0.0,7.431587219238281,10.725175857543945,-5.362587928771973,0.0,0.0,0.0,0.0,4.27577543258667,worst_uncertainty_stratified_mhz
11175,155.0,9,7.085626602172852,-7.085626602172852,7.085626602172852,0.0,0.0,7.085626602172852,10.578972816467285,-5.289486408233643,0.0,0.0,0.0,0.0,4.488598823547363,worst_uncertainty_stratified_mhz
10269,155.0,9,6.722235202789307,-6.722235202789307,6.722235202789307,0.0,0.0,6.722235202789307,10.669013977050781,-5.334506988525391,0.0,0.0,0.0,0.0,4.016230583190918,worst_uncertainty_stratified_mhz
10046,155.0,9,6.672013282775879,-6.672013282775879,6.672013282775879,0.0,0.0,6.672013282775879,10.694483757019043,-5.3472418785095215,0.0,0.0,0.0,0.0,3.9851958751678467,worst_uncertainty_stratified_mhz
10755,170.0,9,17.81496810913086,-17.81496810913086,17.81496810913086,0.0,0.0,17.81496810913086,10.782044410705566,-5.391022205352783,0.0,0.0,0.0,0.0,5.279780864715576,worst_uncertainty_stratified_mhz
10909,170.0,9,17.416976928710938,-17.416976928710938,17.416976928710938,0.0,0.0,17.416976928710938,10.732569694519043,-5.3662848472595215,0.0,0.0,0.0,0.0,8.201065063476562,worst_uncertainty_stratified_mhz
11177,170.0,9,16.51547622680664,-16.51547622680664,16.51547622680664,0.0,0.0,16.51547622680664,10.791230201721191,-5.395615100860596,0.0,0.0,0.0,0.0,7.355886459350586,worst_uncertainty_stratified_mhz
10221,180.0,9,16.945877075195312,-16.945877075195312,16.945877075195312,0.0,0.0,16.945877075195312,10.72600269317627,-5.363001346588135,0.0,0.0,0.0,0.0,4.373492240905762,worst_uncertainty_stratified_mhz
10489,180.0,9,16.756370544433594,-16.756370544433594,16.756370544433594,0.0,0.0,16.756370544433594,10.731081008911133,-5.365540504455566,0.0,0.0,0.0,0.0,8.206297874450684,worst_uncertainty_stratified_mhz
10160,180.0,9,16.100910186767578,-16.100910186767578,16.100910186767578,0.0,0.0,16.100910186767578,10.727388381958008,-5.363694190979004,0.0,0.0,0.0,0.0,9.258402824401855,worst_uncertainty_stratified_mhz
10290,180.0,9,14.822305679321289,-14.822305679321289,14.822305679321289,0.0,0.0,14.822305679321289,10.818833351135254,-5.409416675567627,0.0,0.0,0.0,0.0,8.687893867492676,worst_uncertainty_stratified_mhz
10661,200.0,9,6.006096839904785,-6.006096839904785,6.006096839904785,0.0,0.0,6.006096839904785,10.872703552246094,-5.436351776123047,0.0,0.0,0.0,0.0,2.9395034313201904,worst_uncertainty_stratified_mhz
10658,200.0,9,4.192943572998047,-4.192943572998047,4.192943572998047,0.0,0.0,4.192943572998047,10.825164794921875,-5.4125823974609375,0.0,0.0,0.0,0.0,3.166887044906616,worst_uncertainty_stratified_mhz
11182,200.0,9,3.8270370960235596,-3.8270370960235596,3.8270370960235596,0.0,0.0,3.8270370960235596,10.858821868896484,-5.429410934448242,0.0,0.0,0.0,0.0,3.0926618576049805,worst_uncertainty_stratified_mhz
9954,230.0,9,9.993461608886719,-9.993461608886719,9.993461608886719,0.0,0.0,9.993461608886719,10.728047370910645,-5.364023685455322,0.0,0.0,0.0,0.0,10.158822059631348,worst_uncertainty_stratified_mhz
10899,230.0,9,9.485836029052734,-9.485836029052734,9.485836029052734,0.0,0.0,9.485836029052734,10.743427276611328,-5.371713638305664,0.0,0.0,0.0,0.0,8.782204627990723,worst_uncertainty_stratified_mhz
10685,230.0,9,9.240800857543945,-9.240800857543945,9.240800857543945,0.0,0.0,9.240800857543945,10.732784271240234,-5.366392135620117,0.0,0.0,0.0,0.0,11.350356101989746,worst_uncertainty_stratified_mhz
10318,230.0,9,8.71212387084961,-8.71212387084961,8.71212387084961,0.0,0.0,8.71212387084961,10.681983947753906,-5.340991973876953,0.0,0.0,0.0,0.0,9.403741836547852,worst_uncertainty_stratified_mhz
10509,230.0,9,8.456939697265625,-8.456939697265625,8.456939697265625,0.0,0.0,8.456939697265625,10.736536026000977,-5.368268013000488,0.0,0.0,0.0,0.0,7.92263650894165,worst_uncertainty_stratified_mhz
10889,230.0,9,8.231712341308594,-8.231712341308594,8.231712341308594,0.0,0.0,8.231712341308594,10.656522750854492,-5.328261375427246,0.0,0.0,0.0,0.0,9.408828735351562,worst_uncertainty_stratified_mhz
10256,230.0,9,7.937841415405273,-7.937841415405273,7.937841415405273,0.0,0.0,7.937841415405273,10.677288055419922,-5.338644027709961,0.0,0.0,0.0,0.0,10.214926719665527,worst_uncertainty_stratified_mhz
10689,230.0,9,7.603764533996582,-7.603764533996582,7.603764533996582,0.0,0.0,7.603764533996582,10.686347007751465,-5.343173503875732,0.0,0.0,0.0,0.0,9.546561241149902,worst_uncertainty_stratified_mhz
10393,250.0,9,11.610458374023438,-11.610458374023438,11.610458374023438,0.0,0.0,11.610458374023438,10.739864349365234,-5.369932174682617,0.0,0.0,0.0,0.0,9.491083145141602,worst_uncertainty_stratified_mhz
10558,250.0,9,11.38009262084961,-11.38009262084961,11.38009262084961,0.0,0.0,11.38009262084961,10.678848266601562,-5.339424133300781,0.0,0.0,0.0,0.0,10.361729621887207,worst_uncertainty_stratified_mhz
10921,250.0,9,11.227585792541504,-11.227585792541504,11.227585792541504,0.0,0.0,11.227585792541504,10.746171951293945,-5.373085975646973,0.0,0.0,0.0,0.0,7.929176330566406,worst_uncertainty_stratified_mhz
10507,250.0,9,10.69321060180664,-10.69321060180664,10.69321060180664,0.0,0.0,10.69321060180664,10.681207656860352,-5.340603828430176,0.0,0.0,0.0,0.0,11.683363914489746,worst_uncertainty_stratified_mhz
9699,250.0,9,10.434494972229004,-10.434494972229004,10.434494972229004,0.0,0.0,10.434494972229004,10.695815086364746,-5.347907543182373,0.0,0.0,0.0,0.0,10.59807300567627,worst_uncertainty_stratified_mhz
11018,250.0,9,9.99635124206543,-9.99635124206543,9.99635124206543,0.0,0.0,9.99635124206543,10.67219066619873,-5.336095333099365,0.0,0.0,0.0,0.0,11.76960277557373,worst_uncertainty_stratified_mhz
10014,250.0,9,9.604978561401367,-9.604978561401367,9.604978561401367,0.0,0.0,9.604978561401367,10.73802661895752,-5.36901330947876,0.0,0.0,0.0,0.0,9.59577751159668,worst_uncertainty_stratified_mhz
10989,250.0,9,9.52821159362793,-9.52821159362793,9.52821159362793,0.0,0.0,9.52821159362793,10.655929565429688,-5.327964782714844,0.0,0.0,0.0,0.0,10.010941505432129,worst_uncertainty_stratified_mhz
9671,250.0,9,9.412788391113281,-9.412788391113281,9.412788391113281,0.0,0.0,9.412788391113281,10.799450874328613,-5.399725437164307,0.0,0.0,0.0,0.0,6.057784557342529,worst_uncertainty_stratified_mhz
9737,250.0,9,9.373977661132812,-9.373977661132812,9.373977661132812,0.0,0.0,9.373977661132812,10.642934799194336,-5.321467399597168,0.0,0.0,0.0,0.0,12.856712341308594,worst_uncertainty_stratified_mhz
11062,250.0,9,9.297350883483887,-9.297350883483887,9.297350883483887,0.0,0.0,9.297350883483887,10.755772590637207,-5.3778862953186035,0.0,0.0,0.0,0.0,10.015763282775879,worst_uncertainty_stratified_mhz
10170,250.0,9,9.059518814086914,-9.059518814086914,9.059518814086914,0.0,0.0,9.059518814086914,10.670209884643555,-5.335104942321777,0.0,0.0,0.0,0.0,5.895594120025635,worst_uncertainty_stratified_mhz
11060,265.0,9,7.085827350616455,-7.085827350616455,7.085827350616455,0.0,0.0,7.085827350616455,10.595252990722656,-5.297626495361328,0.0,0.0,0.0,0.0,9.2843656539917,worst_uncertainty_stratified_mhz
11138,265.0,9,6.4202880859375,-6.4202880859375,6.4202880859375,0.0,0.0,6.4202880859375,10.733126640319824,-5.366563320159912,0.0,0.0,0.0,0.0,10.762760162353516,worst_uncertainty_stratified_mhz
10644,265.0,9,6.022766590118408,-6.022766590118408,6.022766590118408,0.0,0.0,6.022766590118408,10.670809745788574,-5.335404872894287,0.0,0.0,0.0,0.0,9.166778564453125,worst_uncertainty_stratified_mhz
9776,265.0,9,5.928816795349121,-5.928816795349121,5.928816795349121,0.0,0.0,5.928816795349121,10.561524391174316,-5.280762195587158,0.0,0.0,0.0,0.0,6.6402201652526855,worst_uncertainty_stratified_mhz
10108,265.0,9,5.7285847663879395,-5.7285847663879395,5.7285847663879395,0.0,0.0,5.7285847663879395,10.7394380569458,-5.3697190284729,0.0,0.0,0.0,0.0,8.293002128601074,worst_uncertainty_stratified_mhz
10531,265.0,9,5.708610534667969,-5.708610534667969,5.708610534667969,0.0,0.0,5.708610534667969,10.649942398071289,-5.3249711990356445,0.0,0.0,0.0,0.0,7.839354991912842,worst_uncertainty_stratified_mhz
10832,265.0,9,5.683256149291992,-5.683256149291992,5.683256149291992,0.0,0.0,5.683256149291992,10.644915580749512,-5.322457790374756,0.0,0.0,0.0,0.0,11.331399917602539,worst_uncertainty_stratified_mhz
9924,265.0,9,5.626892566680908,-5.626892566680908,5.626892566680908,0.0,0.0,5.626892566680908,10.619205474853516,-5.309602737426758,0.0,0.0,0.0,0.0,9.827621459960938,worst_uncertainty_stratified_mhz
10115,265.0,9,5.616101264953613,-5.616101264953613,5.616101264953613,0.0,0.0,5.616101264953613,10.677706718444824,-5.338853359222412,0.0,0.0,0.0,0.0,9.05846118927002,worst_uncertainty_stratified_mhz
10554,265.0,9,5.381705284118652,-5.381705284118652,5.381705284118652,0.0,0.0,5.381705284118652,10.629545211791992,-5.314772605895996,0.0,0.0,0.0,0.0,8.40357494354248,worst_uncertainty_stratified_mhz
9968,265.0,9,5.352349758148193,-5.352349758148193,5.352349758148193,0.0,0.0,5.352349758148193,10.560197830200195,-5.280098915100098,0.0,0.0,0.0,0.0,10.686500549316406,worst_uncertainty_stratified_mhz
9814,270.0,9,8.680959701538086,-8.680959701538086,8.680959701538086,0.0,0.0,8.680959701538086,10.763209342956543,-5.3816046714782715,0.0,0.0,0.0,0.0,7.484358787536621,worst_uncertainty_stratified_mhz
9637,270.0,9,7.818314075469971,-7.818314075469971,7.818314075469971,0.0,0.0,7.818314075469971,10.647564888000488,-5.323782444000244,0.0,0.0,0.0,0.0,7.91153621673584,worst_uncertainty_stratified_mhz
10818,270.0,9,7.564718246459961,-7.564718246459961,7.564718246459961,0.0,0.0,7.564718246459961,10.770609855651855,-5.385304927825928,0.0,0.0,0.0,0.0,12.841935157775879,worst_uncertainty_stratified_mhz
10088,270.0,9,7.562128067016602,-7.562128067016602,7.562128067016602,0.0,0.0,7.562128067016602,10.6376371383667,-5.31881856918335,0.0,0.0,0.0,0.0,11.795938491821289,worst_uncertainty_stratified_mhz
10360,270.0,9,7.304428577423096,-7.304428577423096,7.304428577423096,0.0,0.0,7.304428577423096,10.641822814941406,-5.320911407470703,0.0,0.0,0.0,0.0,9.619672775268555,worst_uncertainty_stratified_mhz
10655,270.0,9,7.291933059692383,-7.291933059692383,7.291933059692383,0.0,0.0,7.291933059692383,10.72758960723877,-5.363794803619385,0.0,0.0,0.0,0.0,6.96315336227417,worst_uncertainty_stratified_mhz
9700,270.0,9,6.848423957824707,-6.848423957824707,6.848423957824707,0.0,0.0,6.848423957824707,10.620670318603516,-5.310335159301758,0.0,0.0,0.0,0.0,12.426934242248535,worst_uncertainty_stratified_mhz
9620,280.0,9,10.353923797607422,-10.353923797607422,10.353923797607422,0.0,0.0,10.353923797607422,10.719836235046387,-5.359918117523193,0.0,0.0,0.0,0.0,9.972984313964844,worst_uncertainty_stratified_mhz
11192,280.0,9,8.384244918823242,-8.384244918823242,8.384244918823242,0.0,0.0,8.384244918823242,10.646259307861328,-5.323129653930664,0.0,0.0,0.0,0.0,11.054814338684082,worst_uncertainty_stratified_mhz
10739,280.0,9,7.8621907234191895,-7.8621907234191895,7.8621907234191895,0.0,0.0,7.8621907234191895,10.710850715637207,-5.3554253578186035,0.0,0.0,0.0,0.0,10.867104530334473,worst_uncertainty_stratified_mhz
9733,280.0,9,7.479471206665039,-7.479471206665039,7.479471206665039,0.0,0.0,7.479471206665039,10.733670234680176,-5.366835117340088,0.0,0.0,0.0,0.0,10.042201042175293,worst_uncertainty_stratified_mhz
10963,280.0,9,7.383697509765625,-7.383697509765625,7.383697509765625,0.0,0.0,7.383697509765625,10.675702095031738,-5.337851047515869,0.0,0.0,0.0,0.0,9.183523178100586,worst_uncertainty_stratified_mhz
9966,280.0,9,7.270390033721924,-7.270390033721924,7.270390033721924,0.0,0.0,7.270390033721924,10.64130687713623,-5.320653438568115,0.0,0.0,0.0,0.0,9.767792701721191,worst_uncertainty_stratified_mhz
10342,300.0,9,8.298270225524902,-8.298270225524902,8.298270225524902,0.0,0.0,8.298270225524902,10.774953842163086,-5.387476921081543,0.0,0.0,0.0,0.0,8.70723819732666,worst_uncertainty_stratified_mhz
10008,300.0,9,7.170917510986328,-7.170917510986328,7.170917510986328,0.0,0.0,7.170917510986328,10.637779235839844,-5.318889617919922,0.0,0.0,0.0,0.0,8.706122398376465,worst_uncertainty_stratified_mhz
10187,300.0,9,7.113093852996826,-7.113093852996826,7.113093852996826,0.0,0.0,7.113093852996826,10.684494972229004,-5.342247486114502,0.0,0.0,0.0,0.0,8.095673561096191,worst_uncertainty_stratified_mhz
10939,300.0,9,7.046065807342529,-7.046065807342529,7.046065807342529,0.0,0.0,7.046065807342529,10.708233833312988,-5.354116916656494,0.0,0.0,0.0,0.0,8.925342559814453,worst_uncertainty_stratified_mhz
10695,300.0,9,6.984731674194336,-6.984731674194336,6.984731674194336,0.0,0.0,6.984731674194336,10.693388938903809,-5.346694469451904,0.0,0.0,0.0,0.0,8.091099739074707,worst_uncertainty_stratified_mhz
11006,300.0,9,6.940399169921875,-6.940399169921875,6.940399169921875,0.0,0.0,6.940399169921875,10.733826637268066,-5.366913318634033,0.0,0.0,0.0,0.0,7.733661651611328,worst_uncertainty_stratified_mhz
10361,170.0,9,16.503849029541016,-16.503849029541016,16.503849029541016,0.0,0.0,16.503849029541016,10.701020240783691,-5.350510120391846,0.0,0.0,0.0,0.0,7.565618515014648,worst_uncertainty_stratified_mhz
10592,170.0,9,15.784342765808105,-15.784342765808105,15.784342765808105,0.0,0.0,15.784342765808105,10.782776832580566,-5.391388416290283,0.0,0.0,0.0,0.0,5.376913070678711,worst_uncertainty_stratified_mhz
10773,170.0,9,15.32272720336914,-15.32272720336914,15.32272720336914,0.0,0.0,15.32272720336914,10.756033897399902,-5.378016948699951,0.0,0.0,0.0,0.0,6.761900901794434,worst_uncertainty_stratified_mhz
9872,170.0,9,14.837533950805664,-14.837533950805664,14.837533950805664,0.0,0.0,14.837533950805664,10.805989265441895,-5.402994632720947,0.0,0.0,0.0,0.0,8.884037971496582,worst_uncertainty_stratified_mhz
11078,170.0,9,14.768136978149414,-14.768136978149414,14.768136978149414,0.0,0.0,14.768136978149414,10.666645050048828,-5.333322525024414,0.0,0.0,0.0,0.0,8.600763320922852,worst_uncertainty_stratified_mhz
12180,120.0,10,5.661352157592773,-5.661352157592773,5.661352157592773,0.0,0.0,5.661352157592773,10.693683624267578,-5.346841812133789,0.0,0.0,0.0,0.0,3.7253048419952393,worst_uncertainty_stratified_mhz
11505,120.0,10,4.455276966094971,-4.455276966094971,4.455276966094971,0.0,0.0,4.455276966094971,10.651968002319336,-5.325984001159668,0.0,0.0,0.0,0.0,3.259711503982544,worst_uncertainty_stratified_mhz
12266,120.0,10,3.954768657684326,-3.954768657684326,3.954768657684326,0.0,0.0,3.954768657684326,10.718719482421875,-5.3593597412109375,0.0,0.0,0.0,0.0,2.6557834148406982,worst_uncertainty_stratified_mhz
11322,150.0,10,16.71834945678711,-16.71834945678711,16.71834945678711,0.0,0.0,16.71834945678711,10.694276809692383,-5.347138404846191,0.0,0.0,0.0,0.0,5.819682598114014,worst_uncertainty_stratified_mhz
12121,150.0,10,12.348440170288086,-12.348440170288086,12.348440170288086,0.0,0.0,12.348440170288086,10.77347183227539,-5.386735916137695,0.0,0.0,0.0,0.0,5.504948616027832,worst_uncertainty_stratified_mhz
11722,150.0,10,12.0858793258667,-12.0858793258667,12.0858793258667,0.0,0.0,12.0858793258667,10.86587142944336,-5.43293571472168,0.0,0.0,0.0,0.0,5.943365573883057,worst_uncertainty_stratified_mhz
11813,150.0,10,10.175223350524902,-10.175223350524902,10.175223350524902,0.0,0.0,10.175223350524902,10.704082489013672,-5.352041244506836,0.0,0.0,0.0,0.0,5.878630638122559,worst_uncertainty_stratified_mhz
12385,155.0,10,8.28052043914795,-8.28052043914795,8.28052043914795,0.0,0.0,8.28052043914795,10.682819366455078,-5.341409683227539,0.0,0.0,0.0,0.0,3.8467016220092773,worst_uncertainty_stratified_mhz
11969,155.0,10,8.150713920593262,-8.150713920593262,8.150713920593262,0.0,0.0,8.150713920593262,10.688770294189453,-5.344385147094727,0.0,0.0,0.0,0.0,4.052703857421875,worst_uncertainty_stratified_mhz
12625,155.0,10,7.891353130340576,-7.891353130340576,7.891353130340576,0.0,0.0,7.891353130340576,10.704386711120605,-5.352193355560303,0.0,0.0,0.0,0.0,3.785336494445801,worst_uncertainty_stratified_mhz
12533,155.0,10,7.505840301513672,-7.505840301513672,7.505840301513672,0.0,0.0,7.505840301513672,10.636313438415527,-5.318156719207764,0.0,0.0,0.0,0.0,4.285401821136475,worst_uncertainty_stratified_mhz
11208,155.0,10,7.206833362579346,-7.206833362579346,7.206833362579346,0.0,0.0,7.206833362579346,10.643573760986328,-5.321786880493164,0.0,0.0,0.0,0.0,4.362736701965332,worst_uncertainty_stratified_mhz
12594,155.0,10,7.155966758728027,-7.155966758728027,7.155966758728027,0.0,0.0,7.155966758728027,10.60570240020752,-5.30285120010376,0.0,0.0,0.0,0.0,4.178164482116699,worst_uncertainty_stratified_mhz
12152,155.0,10,7.042513847351074,-7.042513847351074,7.042513847351074,0.0,0.0,7.042513847351074,10.604427337646484,-5.302213668823242,0.0,0.0,0.0,0.0,4.474125385284424,worst_uncertainty_stratified_mhz
11558,155.0,10,6.6510114669799805,-6.6510114669799805,6.6510114669799805,0.0,0.0,6.6510114669799805,10.769966125488281,-5.384983062744141,0.0,0.0,0.0,0.0,4.218235492706299,worst_uncertainty_stratified_mhz
11860,170.0,10,16.041812896728516,-16.041812896728516,16.041812896728516,0.0,0.0,16.041812896728516,10.78612232208252,-5.39306116104126,0.0,0.0,0.0,0.0,8.226699829101562,worst_uncertainty_stratified_mhz
11385,170.0,10,15.31876277923584,-15.31876277923584,15.31876277923584,0.0,0.0,15.31876277923584,10.828091621398926,-5.414045810699463,0.0,0.0,0.0,0.0,5.547750473022461,worst_uncertainty_stratified_mhz
12245,170.0,10,15.08742618560791,-15.08742618560791,15.08742618560791,0.0,0.0,15.08742618560791,10.825562477111816,-5.412781238555908,0.0,0.0,0.0,0.0,7.244569778442383,worst_uncertainty_stratified_mhz
11391,180.0,10,17.961257934570312,-17.961257934570312,17.961257934570312,0.0,0.0,17.961257934570312,10.743433952331543,-5.3717169761657715,0.0,0.0,0.0,0.0,8.273744583129883,worst_uncertainty_stratified_mhz
11941,180.0,10,15.533793449401855,-15.533793449401855,15.533793449401855,0.0,0.0,15.533793449401855,10.738715171813965,-5.369357585906982,0.0,0.0,0.0,0.0,5.9980854988098145,worst_uncertainty_stratified_mhz
12470,180.0,10,13.957319259643555,-13.957319259643555,13.957319259643555,0.0,0.0,13.957319259643555,10.71332836151123,-5.356664180755615,0.0,0.0,0.0,0.0,7.359967231750488,worst_uncertainty_stratified_mhz
11716,180.0,10,13.834517478942871,-13.834517478942871,13.834517478942871,0.0,0.0,13.834517478942871,10.742789268493652,-5.371394634246826,0.0,0.0,0.0,0.0,8.891653060913086,worst_uncertainty_stratified_mhz
11457,200.0,10,11.634172439575195,-11.634172439575195,11.634172439575195,0.0,0.0,11.634172439575195,11.053923606872559,-5.526961803436279,0.0,0.0,0.0,0.0,5.71470308303833,worst_uncertainty_stratified_mhz
11975,200.0,10,11.457332611083984,-11.457332611083984,11.457332611083984,0.0,0.0,11.457332611083984,10.845624923706055,-5.422812461853027,0.0,0.0,0.0,0.0,5.364726543426514,worst_uncertainty_stratified_mhz
12727,200.0,10,11.28370475769043,-11.28370475769043,11.28370475769043,0.0,0.0,11.28370475769043,10.824076652526855,-5.412038326263428,0.0,0.0,0.0,0.0,4.243903636932373,worst_uncertainty_stratified_mhz
12130,200.0,10,10.397659301757812,-10.397659301757812,10.397659301757812,0.0,0.0,10.397659301757812,10.746039390563965,-5.373019695281982,0.0,0.0,0.0,0.0,7.333427429199219,worst_uncertainty_stratified_mhz
12596,200.0,10,10.383504867553711,-10.383504867553711,10.383504867553711,0.0,0.0,10.383504867553711,10.862071990966797,-5.431035995483398,0.0,0.0,0.0,0.0,6.464882850646973,worst_uncertainty_stratified_mhz
12749,200.0,10,9.96933364868164,-9.96933364868164,9.96933364868164,0.0,0.0,9.96933364868164,10.819812774658203,-5.409906387329102,0.0,0.0,0.0,0.0,6.198919773101807,worst_uncertainty_stratified_mhz
11390,200.0,10,9.81951904296875,-9.81951904296875,9.81951904296875,0.0,0.0,9.81951904296875,11.002182006835938,-5.501091003417969,0.0,0.0,0.0,0.0,3.7583200931549072,worst_uncertainty_stratified_mhz
11465,200.0,10,9.557233810424805,-9.557233810424805,9.557233810424805,0.0,0.0,9.557233810424805,10.609407424926758,-5.304703712463379,0.0,0.0,0.0,0.0,8.579925537109375,worst_uncertainty_stratified_mhz
11274,230.0,10,7.052576065063477,-7.052576065063477,7.052576065063477,0.0,0.0,7.052576065063477,10.835822105407715,-5.417911052703857,0.0,0.0,0.0,0.0,8.207368850708008,worst_uncertainty_stratified_mhz
11492,230.0,10,6.191171646118164,-6.191171646118164,6.191171646118164,0.0,0.0,6.191171646118164,10.621360778808594,-5.310680389404297,0.0,0.0,0.0,0.0,9.092787742614746,worst_uncertainty_stratified_mhz
12018,230.0,10,6.140096664428711,-6.140096664428711,6.140096664428711,0.0,0.0,6.140096664428711,10.74583911895752,-5.37291955947876,0.0,0.0,0.0,0.0,9.370156288146973,worst_uncertainty_stratified_mhz
12039,230.0,10,5.892117977142334,-5.892117977142334,5.892117977142334,0.0,0.0,5.892117977142334,10.768278121948242,-5.384139060974121,0.0,0.0,0.0,0.0,6.949046611785889,worst_uncertainty_stratified_mhz
12532,230.0,10,5.241028308868408,-5.241028308868408,5.241028308868408,0.0,0.0,5.241028308868408,10.687357902526855,-5.343678951263428,0.0,0.0,0.0,0.0,11.225876808166504,worst_uncertainty_stratified_mhz
12331,230.0,10,5.211101531982422,-5.211101531982422,5.211101531982422,0.0,0.0,5.211101531982422,10.848530769348145,-5.424265384674072,0.0,0.0,0.0,0.0,7.567437648773193,worst_uncertainty_stratified_mhz
11343,230.0,10,5.155163764953613,-5.155163764953613,5.155163764953613,0.0,0.0,5.155163764953613,10.715083122253418,-5.357541561126709,0.0,0.0,0.0,0.0,8.789981842041016,worst_uncertainty_stratified_mhz
11668,230.0,10,5.114299774169922,-5.114299774169922,5.114299774169922,0.0,0.0,5.114299774169922,10.761905670166016,-5.380952835083008,0.0,0.0,0.0,0.0,7.4234395027160645,worst_uncertainty_stratified_mhz
12708,250.0,10,9.68873405456543,-9.68873405456543,9.68873405456543,0.0,0.0,9.68873405456543,10.62566089630127,-5.312830448150635,0.0,0.0,0.0,0.0,12.890286445617676,worst_uncertainty_stratified_mhz
12344,250.0,10,9.59614086151123,-9.59614086151123,9.59614086151123,0.0,0.0,9.59614086151123,10.731541633605957,-5.3657708168029785,0.0,0.0,0.0,0.0,11.458657264709473,worst_uncertainty_stratified_mhz
11581,250.0,10,8.902118682861328,-8.902118682861328,8.902118682861328,0.0,0.0,8.902118682861328,10.727755546569824,-5.363877773284912,0.0,0.0,0.0,0.0,12.307604789733887,worst_uncertainty_stratified_mhz
11629,250.0,10,8.689685821533203,-8.689685821533203,8.689685821533203,0.0,0.0,8.689685821533203,10.613731384277344,-5.306865692138672,0.0,0.0,0.0,0.0,12.351609230041504,worst_uncertainty_stratified_mhz
12306,250.0,10,8.595867156982422,-8.595867156982422,8.595867156982422,0.0,0.0,8.595867156982422,10.73188304901123,-5.365941524505615,0.0,0.0,0.0,0.0,10.329343795776367,worst_uncertainty_stratified_mhz
11801,250.0,10,8.536310195922852,-8.536310195922852,8.536310195922852,0.0,0.0,8.536310195922852,10.695252418518066,-5.347626209259033,0.0,0.0,0.0,0.0,10.70037841796875,worst_uncertainty_stratified_mhz
12480,250.0,10,8.523401260375977,-8.523401260375977,8.523401260375977,0.0,0.0,8.523401260375977,10.664581298828125,-5.3322906494140625,0.0,0.0,0.0,0.0,9.337072372436523,worst_uncertainty_stratified_mhz
12084,250.0,10,8.46045207977295,-8.46045207977295,8.46045207977295,0.0,0.0,8.46045207977295,10.681236267089844,-5.340618133544922,0.0,0.0,0.0,0.0,12.081228256225586,worst_uncertainty_stratified_mhz
12080,250.0,10,8.450180053710938,-8.450180053710938,8.450180053710938,0.0,0.0,8.450180053710938,10.696527481079102,-5.348263740539551,0.0,0.0,0.0,0.0,9.299723625183105,worst_uncertainty_stratified_mhz
12171,250.0,10,8.411399841308594,-8.411399841308594,8.411399841308594,0.0,0.0,8.411399841308594,10.680377960205078,-5.340188980102539,0.0,0.0,0.0,0.0,11.044441223144531,worst_uncertainty_stratified_mhz
11201,250.0,10,8.368436813354492,-8.368436813354492,8.368436813354492,0.0,0.0,8.368436813354492,10.696486473083496,-5.348243236541748,0.0,0.0,0.0,0.0,12.021817207336426,worst_uncertainty_stratified_mhz
12648,250.0,10,8.34800910949707,-8.34800910949707,8.34800910949707,0.0,0.0,8.34800910949707,10.693669319152832,-5.346834659576416,0.0,0.0,0.0,0.0,8.248934745788574,worst_uncertainty_stratified_mhz
11623,265.0,10,7.348541736602783,-7.348541736602783,7.348541736602783,0.0,0.0,7.348541736602783,10.733576774597168,-5.366788387298584,0.0,0.0,0.0,0.0,9.339731216430664,worst_uncertainty_stratified_mhz
12382,265.0,10,6.228730201721191,-6.228730201721191,6.228730201721191,0.0,0.0,6.228730201721191,10.662439346313477,-5.331219673156738,0.0,0.0,0.0,0.0,10.37405014038086,worst_uncertainty_stratified_mhz
11601,265.0,10,5.721169948577881,-5.721169948577881,5.721169948577881,0.0,0.0,5.721169948577881,10.673884391784668,-5.336942195892334,0.0,0.0,0.0,0.0,9.441333770751953,worst_uncertainty_stratified_mhz
11403,265.0,10,5.7094244956970215,-5.7094244956970215,5.7094244956970215,0.0,0.0,5.7094244956970215,10.579298973083496,-5.289649486541748,0.0,0.0,0.0,0.0,8.864860534667969,worst_uncertainty_stratified_mhz
11543,265.0,10,5.528633117675781,-5.528633117675781,5.528633117675781,0.0,0.0,5.528633117675781,10.61497688293457,-5.307488441467285,0.0,0.0,0.0,0.0,8.492436408996582,worst_uncertainty_stratified_mhz
12231,265.0,10,5.524306774139404,-5.524306774139404,5.524306774139404,0.0,0.0,5.524306774139404,10.679424285888672,-5.339712142944336,0.0,0.0,0.0,0.0,8.779867172241211,worst_uncertainty_stratified_mhz
11851,265.0,10,5.368507385253906,-5.368507385253906,5.368507385253906,0.0,0.0,5.368507385253906,10.735953330993652,-5.367976665496826,0.0,0.0,0.0,0.0,8.28603458404541,worst_uncertainty_stratified_mhz
12430,265.0,10,5.249880790710449,-5.249880790710449,5.249880790710449,0.0,0.0,5.249880790710449,10.55965518951416,-5.27982759475708,0.0,0.0,0.0,0.0,8.817422866821289,worst_uncertainty_stratified_mhz
12655,265.0,10,5.08870792388916,-5.08870792388916,5.08870792388916,0.0,0.0,5.08870792388916,10.650896072387695,-5.325448036193848,0.0,0.0,0.0,0.0,9.307721138000488,worst_uncertainty_stratified_mhz
12680,265.0,10,5.003734111785889,-5.003734111785889,5.003734111785889,0.0,0.0,5.003734111785889,10.79118824005127,-5.395594120025635,0.0,0.0,0.0,0.0,10.682646751403809,worst_uncertainty_stratified_mhz
11613,265.0,10,4.969401836395264,-4.969401836395264,4.969401836395264,0.0,0.0,4.969401836395264,10.729120254516602,-5.364560127258301,0.0,0.0,0.0,0.0,8.873576164245605,worst_uncertainty_stratified_mhz
11803,270.0,10,8.297245025634766,-8.297245025634766,8.297245025634766,0.0,0.0,8.297245025634766,10.731139183044434,-5.365569591522217,0.0,0.0,0.0,0.0,12.998303413391113,worst_uncertainty_stratified_mhz
12424,270.0,10,7.984760761260986,-7.984760761260986,7.984760761260986,0.0,0.0,7.984760761260986,10.723873138427734,-5.361936569213867,0.0,0.0,0.0,0.0,7.158700466156006,worst_uncertainty_stratified_mhz
12400,270.0,10,7.784702301025391,-7.784702301025391,7.784702301025391,0.0,0.0,7.784702301025391,10.634288787841797,-5.317144393920898,0.0,0.0,0.0,0.0,10.356218338012695,worst_uncertainty_stratified_mhz
11478,270.0,10,7.547970294952393,-7.547970294952393,7.547970294952393,0.0,0.0,7.547970294952393,10.667489051818848,-5.333744525909424,0.0,0.0,0.0,0.0,9.196070671081543,worst_uncertainty_stratified_mhz
11563,270.0,10,7.527897834777832,-7.527897834777832,7.527897834777832,0.0,0.0,7.527897834777832,10.70797061920166,-5.35398530960083,0.0,0.0,0.0,0.0,12.66207504272461,worst_uncertainty_stratified_mhz
11817,270.0,10,7.004749298095703,-7.004749298095703,7.004749298095703,0.0,0.0,7.004749298095703,10.728038787841797,-5.364019393920898,0.0,0.0,0.0,0.0,8.270732879638672,worst_uncertainty_stratified_mhz
11445,270.0,10,6.579767227172852,-6.579767227172852,6.579767227172852,0.0,0.0,6.579767227172852,10.645822525024414,-5.322911262512207,0.0,0.0,0.0,0.0,9.25396728515625,worst_uncertainty_stratified_mhz
11815,280.0,10,9.397809982299805,-9.397809982299805,9.397809982299805,0.0,0.0,9.397809982299805,10.61197566986084,-5.30598783493042,0.0,0.0,0.0,0.0,9.840973854064941,worst_uncertainty_stratified_mhz
12073,280.0,10,8.984464645385742,-8.984464645385742,8.984464645385742,0.0,0.0,8.984464645385742,10.580110549926758,-5.290055274963379,0.0,0.0,0.0,0.0,11.184732437133789,worst_uncertainty_stratified_mhz
11279,280.0,10,7.890839576721191,-7.890839576721191,7.890839576721191,0.0,0.0,7.890839576721191,10.751019477844238,-5.375509738922119,0.0,0.0,0.0,0.0,7.278216361999512,worst_uncertainty_stratified_mhz
11983,280.0,10,7.509206771850586,-7.509206771850586,7.509206771850586,0.0,0.0,7.509206771850586,10.734190940856934,-5.367095470428467,0.0,0.0,0.0,0.0,11.032291412353516,worst_uncertainty_stratified_mhz
12274,280.0,10,7.479540824890137,-7.479540824890137,7.479540824890137,0.0,0.0,7.479540824890137,10.603750228881836,-5.301875114440918,0.0,0.0,0.0,0.0,10.641342163085938,worst_uncertainty_stratified_mhz
11374,280.0,10,7.458845615386963,-7.458845615386963,7.458845615386963,0.0,0.0,7.458845615386963,10.775351524353027,-5.387675762176514,0.0,0.0,0.0,0.0,9.604454040527344,worst_uncertainty_stratified_mhz
11534,300.0,10,8.080689430236816,-8.080689430236816,8.080689430236816,0.0,0.0,8.080689430236816,10.876843452453613,-5.438421726226807,0.0,0.0,0.0,0.0,9.027356147766113,worst_uncertainty_stratified_mhz
12137,300.0,10,7.821237087249756,-7.821237087249756,7.821237087249756,0.0,0.0,7.821237087249756,10.71088695526123,-5.355443477630615,0.0,0.0,0.0,0.0,8.517848014831543,worst_uncertainty_stratified_mhz
11965,300.0,10,7.584550857543945,-7.584550857543945,7.584550857543945,0.0,0.0,7.584550857543945,10.755765914916992,-5.377882957458496,0.0,0.0,0.0,0.0,9.114328384399414,worst_uncertainty_stratified_mhz
12791,300.0,10,7.407654762268066,-7.407654762268066,7.407654762268066,0.0,0.0,7.407654762268066,10.809338569641113,-5.404669284820557,0.0,0.0,0.0,0.0,6.589317798614502,worst_uncertainty_stratified_mhz
12744,300.0,10,7.23078727722168,-7.23078727722168,7.23078727722168,0.0,0.0,7.23078727722168,10.702595710754395,-5.351297855377197,0.0,0.0,0.0,0.0,8.723974227905273,worst_uncertainty_stratified_mhz
12373,300.0,10,7.078586101531982,-7.078586101531982,7.078586101531982,0.0,0.0,7.078586101531982,10.678080558776855,-5.339040279388428,0.0,0.0,0.0,0.0,7.443531513214111,worst_uncertainty_stratified_mhz
