candidate_id,mhz,k,badness,quality_score,uncertainty,heatmap_mc_mse,decoder_mc_rce,epistemic_score,disagreement_score,prior_tension_score,peak_bias_score,p99_var,p99_mc_range,peak_loc_spread_px,pred_p99_mean,selected_reason
492,120.0,3,1.6532061100006104,-1.6532061100006104,1.6532061100006104,0.0,0.0,1.6532061100006104,0.5772861242294312,-0.2886430621147156,0.0,0.0,0.0,0.0,1.6398727893829346,worst_uncertainty_stratified_mhz
886,120.0,3,1.4977772235870361,-1.4977772235870361,1.4977772235870361,0.0,0.0,1.4977772235870361,0.5757694244384766,-0.2878847122192383,0.0,0.0,0.0,0.0,1.7065035104751587,worst_uncertainty_stratified_mhz
118,120.0,3,1.4887393712997437,-1.4887393712997437,1.4887393712997437,0.0,0.0,1.4887393712997437,0.5728910565376282,-0.2864455282688141,0.0,0.0,0.0,0.0,1.6968661546707153,worst_uncertainty_stratified_mhz
831,150.0,3,0.7306861877441406,-0.7306861877441406,0.7306861877441406,0.0,0.0,0.7306861877441406,0.5600287914276123,-0.28001439571380615,0.0,0.0,0.0,0.0,3.431886672973633,worst_uncertainty_stratified_mhz
573,150.0,3,0.7019849419593811,-0.7019849419593811,0.7019849419593811,0.0,0.0,0.7019849419593811,0.5685935020446777,-0.28429675102233887,0.0,0.0,0.0,0.0,3.208867073059082,worst_uncertainty_stratified_mhz
143,150.0,3,0.6947368383407593,-0.6947368383407593,0.6947368383407593,0.0,0.0,0.6947368383407593,0.5628390312194824,-0.2814195156097412,0.0,0.0,0.0,0.0,3.3651747703552246,worst_uncertainty_stratified_mhz
863,150.0,3,0.6729865670204163,-0.6729865670204163,0.6729865670204163,0.0,0.0,0.6729865670204163,0.5587368607521057,-0.27936843037605286,0.0,0.0,0.0,0.0,3.5845677852630615,worst_uncertainty_stratified_mhz
1106,155.0,3,0.8484973311424255,-0.8484973311424255,0.8484973311424255,0.0,0.0,0.8484973311424255,0.5620205998420715,-0.28101029992103577,0.0,0.0,0.0,0.0,4.830352783203125,worst_uncertainty_stratified_mhz
1341,155.0,3,0.7282074689865112,-0.7282074689865112,0.7282074689865112,0.0,0.0,0.7282074689865112,0.5625474452972412,-0.2812737226486206,0.0,0.0,0.0,0.0,4.741018295288086,worst_uncertainty_stratified_mhz
1347,155.0,3,0.696224570274353,-0.696224570274353,0.696224570274353,0.0,0.0,0.696224570274353,0.5567699074745178,-0.2783849537372589,0.0,0.0,0.0,0.0,4.956710338592529,worst_uncertainty_stratified_mhz
355,155.0,3,0.6862626075744629,-0.6862626075744629,0.6862626075744629,0.0,0.0,0.6862626075744629,0.5567345023155212,-0.2783672511577606,0.0,0.0,0.0,0.0,4.870599746704102,worst_uncertainty_stratified_mhz
1290,155.0,3,0.6836587190628052,-0.6836587190628052,0.6836587190628052,0.0,0.0,0.6836587190628052,0.5562916994094849,-0.27814584970474243,0.0,0.0,0.0,0.0,4.912530422210693,worst_uncertainty_stratified_mhz
337,155.0,3,0.6449075937271118,-0.6449075937271118,0.6449075937271118,0.0,0.0,0.6449075937271118,0.5650476813316345,-0.28252384066581726,0.0,0.0,0.0,0.0,5.421006679534912,worst_uncertainty_stratified_mhz
208,155.0,3,0.6444833278656006,-0.6444833278656006,0.6444833278656006,0.0,0.0,0.6444833278656006,0.5579021573066711,-0.27895107865333557,0.0,0.0,0.0,0.0,4.822829246520996,worst_uncertainty_stratified_mhz
1212,155.0,3,0.6381134986877441,-0.6381134986877441,0.6381134986877441,0.0,0.0,0.6381134986877441,0.5591956973075867,-0.27959784865379333,0.0,0.0,0.0,0.0,4.682778835296631,worst_uncertainty_stratified_mhz
579,170.0,3,0.9414443969726562,-0.9414443969726562,0.9414443969726562,0.0,0.0,0.9414443969726562,0.5582327842712402,-0.2791163921356201,0.0,0.0,0.0,0.0,5.590763092041016,worst_uncertainty_stratified_mhz
517,170.0,3,0.7924867272377014,-0.7924867272377014,0.7924867272377014,0.0,0.0,0.7924867272377014,0.5547832250595093,-0.27739161252975464,0.0,0.0,0.0,0.0,5.815476417541504,worst_uncertainty_stratified_mhz
1448,170.0,3,0.790378212928772,-0.790378212928772,0.790378212928772,0.0,0.0,0.790378212928772,0.5550554394721985,-0.27752771973609924,0.0,0.0,0.0,0.0,5.353626251220703,worst_uncertainty_stratified_mhz
1126,180.0,3,0.8613899946212769,-0.8613899946212769,0.8613899946212769,0.0,0.0,0.8613899946212769,0.5596135854721069,-0.27980679273605347,0.0,0.0,0.0,0.0,6.631854057312012,worst_uncertainty_stratified_mhz
298,180.0,3,0.8352243900299072,-0.8352243900299072,0.8352243900299072,0.0,0.0,0.8352243900299072,0.5550838112831116,-0.2775419056415558,0.0,0.0,0.0,0.0,7.00483512878418,worst_uncertainty_stratified_mhz
1197,180.0,3,0.8061121702194214,-0.8061121702194214,0.8061121702194214,0.0,0.0,0.8061121702194214,0.55553138256073,-0.277765691280365,0.0,0.0,0.0,0.0,6.7483625411987305,worst_uncertainty_stratified_mhz
1060,180.0,3,0.7947013974189758,-0.7947013974189758,0.7947013974189758,0.0,0.0,0.7947013974189758,0.5587674975395203,-0.27938374876976013,0.0,0.0,0.0,0.0,5.950318336486816,worst_uncertainty_stratified_mhz
458,200.0,3,1.3141417503356934,-1.3141417503356934,1.3141417503356934,0.0,0.0,1.3141417503356934,0.5635972023010254,-0.2817986011505127,0.0,0.0,0.0,0.0,5.770421981811523,worst_uncertainty_stratified_mhz
705,200.0,3,1.1584446430206299,-1.1584446430206299,1.1584446430206299,0.0,0.0,1.1584446430206299,0.5619855523109436,-0.2809927761554718,0.0,0.0,0.0,0.0,5.670009136199951,worst_uncertainty_stratified_mhz
87,200.0,3,1.1364684104919434,-1.1364684104919434,1.1364684104919434,0.0,0.0,1.1364684104919434,0.5750733017921448,-0.2875366508960724,0.0,0.0,0.0,0.0,5.95573616027832,worst_uncertainty_stratified_mhz
496,200.0,3,1.1094510555267334,-1.1094510555267334,1.1094510555267334,0.0,0.0,1.1094510555267334,0.5664728283882141,-0.28323641419410706,0.0,0.0,0.0,0.0,5.8279924392700195,worst_uncertainty_stratified_mhz
1014,200.0,3,0.9640909433364868,-0.9640909433364868,0.9640909433364868,0.0,0.0,0.9640909433364868,0.5567510724067688,-0.2783755362033844,0.0,0.0,0.0,0.0,6.43653678894043,worst_uncertainty_stratified_mhz
1540,200.0,3,0.9572205543518066,-0.9572205543518066,0.9572205543518066,0.0,0.0,0.9572205543518066,0.5592057704925537,-0.27960288524627686,0.0,0.0,0.0,0.0,7.814218044281006,worst_uncertainty_stratified_mhz
211,200.0,3,0.9384884834289551,-0.9384884834289551,0.9384884834289551,0.0,0.0,0.9384884834289551,0.5627849698066711,-0.28139248490333557,0.0,0.0,0.0,0.0,8.129878044128418,worst_uncertainty_stratified_mhz
1184,200.0,3,0.933976411819458,-0.933976411819458,0.933976411819458,0.0,0.0,0.933976411819458,0.5592663288116455,-0.27963316440582275,0.0,0.0,0.0,0.0,7.176886558532715,worst_uncertainty_stratified_mhz
662,230.0,3,1.2531384229660034,-1.2531384229660034,1.2531384229660034,0.0,0.0,1.2531384229660034,0.5837875604629517,-0.29189378023147583,0.0,0.0,0.0,0.0,2.51035213470459,worst_uncertainty_stratified_mhz
1176,230.0,3,1.1073763370513916,-1.1073763370513916,1.1073763370513916,0.0,0.0,1.1073763370513916,0.5770601630210876,-0.2885300815105438,0.0,0.0,0.0,0.0,3.4608700275421143,worst_uncertainty_stratified_mhz
21,230.0,3,1.086221694946289,-1.086221694946289,1.086221694946289,0.0,0.0,1.086221694946289,0.5712324976921082,-0.2856162488460541,0.0,0.0,0.0,0.0,2.877197027206421,worst_uncertainty_stratified_mhz
1544,230.0,3,1.0126844644546509,-1.0126844644546509,1.0126844644546509,0.0,0.0,1.0126844644546509,0.5967932939529419,-0.29839664697647095,0.0,0.0,0.0,0.0,2.592904567718506,worst_uncertainty_stratified_mhz
779,230.0,3,0.9809870719909668,-0.9809870719909668,0.9809870719909668,0.0,0.0,0.9809870719909668,0.5831051468849182,-0.2915525734424591,0.0,0.0,0.0,0.0,2.6508612632751465,worst_uncertainty_stratified_mhz
1081,230.0,3,0.9214831590652466,-0.9214831590652466,0.9214831590652466,0.0,0.0,0.9214831590652466,0.574321985244751,-0.2871609926223755,0.0,0.0,0.0,0.0,2.668897867202759,worst_uncertainty_stratified_mhz
963,230.0,3,0.9065512418746948,-0.9065512418746948,0.9065512418746948,0.0,0.0,0.9065512418746948,0.5756518840789795,-0.28782594203948975,0.0,0.0,0.0,0.0,3.2456436157226562,worst_uncertainty_stratified_mhz
261,230.0,3,0.8821640610694885,-0.8821640610694885,0.8821640610694885,0.0,0.0,0.8821640610694885,0.5779703259468079,-0.28898516297340393,0.0,0.0,0.0,0.0,3.0942351818084717,worst_uncertainty_stratified_mhz
719,250.0,3,0.6746731996536255,-0.6746731996536255,0.6746731996536255,0.0,0.0,0.6746731996536255,0.5712165832519531,-0.28560829162597656,0.0,0.0,0.0,0.0,6.182444095611572,worst_uncertainty_stratified_mhz
991,250.0,3,0.6733222007751465,-0.6733222007751465,0.6733222007751465,0.0,0.0,0.6733222007751465,0.571792483329773,-0.2858962416648865,0.0,0.0,0.0,0.0,6.553499221801758,worst_uncertainty_stratified_mhz
388,250.0,3,0.6468510627746582,-0.6468510627746582,0.6468510627746582,0.0,0.0,0.6468510627746582,0.5713178515434265,-0.28565892577171326,0.0,0.0,0.0,0.0,6.923129081726074,worst_uncertainty_stratified_mhz
914,250.0,3,0.6368067860603333,-0.6368067860603333,0.6368067860603333,0.0,0.0,0.6368067860603333,0.5670497417449951,-0.28352487087249756,0.0,0.0,0.0,0.0,5.891910076141357,worst_uncertainty_stratified_mhz
804,250.0,3,0.6274576187133789,-0.6274576187133789,0.6274576187133789,0.0,0.0,0.6274576187133789,0.5644288063049316,-0.2822144031524658,0.0,0.0,0.0,0.0,4.793355941772461,worst_uncertainty_stratified_mhz
867,250.0,3,0.6162172555923462,-0.6162172555923462,0.6162172555923462,0.0,0.0,0.6162172555923462,0.570016622543335,-0.2850083112716675,0.0,0.0,0.0,0.0,7.285447597503662,worst_uncertainty_stratified_mhz
1598,250.0,3,0.6068888902664185,-0.6068888902664185,0.6068888902664185,0.0,0.0,0.6068888902664185,0.5624260306358337,-0.28121301531791687,0.0,0.0,0.0,0.0,6.095029830932617,worst_uncertainty_stratified_mhz
1578,250.0,3,0.59679114818573,-0.59679114818573,0.59679114818573,0.0,0.0,0.59679114818573,0.5684255361557007,-0.28421276807785034,0.0,0.0,0.0,0.0,7.263123512268066,worst_uncertainty_stratified_mhz
422,250.0,3,0.5957865118980408,-0.5957865118980408,0.5957865118980408,0.0,0.0,0.5957865118980408,0.5689741373062134,-0.2844870686531067,0.0,0.0,0.0,0.0,4.793421268463135,worst_uncertainty_stratified_mhz
1536,250.0,3,0.5953191518783569,-0.5953191518783569,0.5953191518783569,0.0,0.0,0.5953191518783569,0.564976692199707,-0.2824883460998535,0.0,0.0,0.0,0.0,6.0342535972595215,worst_uncertainty_stratified_mhz
185,250.0,3,0.5912160873413086,-0.5912160873413086,0.5912160873413086,0.0,0.0,0.5912160873413086,0.5631009936332703,-0.28155049681663513,0.0,0.0,0.0,0.0,5.6925201416015625,worst_uncertainty_stratified_mhz
484,250.0,3,0.5891961455345154,-0.5891961455345154,0.5891961455345154,0.0,0.0,0.5891961455345154,0.5684016346931458,-0.2842008173465729,0.0,0.0,0.0,0.0,4.644030570983887,worst_uncertainty_stratified_mhz
567,265.0,3,0.5003964304924011,-0.5003964304924011,0.5003964304924011,0.0,0.0,0.5003964304924011,0.5612511038780212,-0.2806255519390106,0.0,0.0,0.0,0.0,4.770982265472412,worst_uncertainty_stratified_mhz
813,265.0,3,0.4964412748813629,-0.4964412748813629,0.4964412748813629,0.0,0.0,0.4964412748813629,0.5611235499382019,-0.28056177496910095,0.0,0.0,0.0,0.0,4.7390456199646,worst_uncertainty_stratified_mhz
1220,265.0,3,0.49621689319610596,-0.49621689319610596,0.49621689319610596,0.0,0.0,0.49621689319610596,0.5631240010261536,-0.2815620005130768,0.0,0.0,0.0,0.0,4.802485466003418,worst_uncertainty_stratified_mhz
966,265.0,3,0.4931712746620178,-0.4931712746620178,0.4931712746620178,0.0,0.0,0.4931712746620178,0.5627861618995667,-0.2813930809497833,0.0,0.0,0.0,0.0,4.899511814117432,worst_uncertainty_stratified_mhz
1365,265.0,3,0.4719000458717346,-0.4719000458717346,0.4719000458717346,0.0,0.0,0.4719000458717346,0.5645301938056946,-0.2822650969028473,0.0,0.0,0.0,0.0,4.431558609008789,worst_uncertainty_stratified_mhz
326,265.0,3,0.47000885009765625,-0.47000885009765625,0.47000885009765625,0.0,0.0,0.47000885009765625,0.559752881526947,-0.2798764407634735,0.0,0.0,0.0,0.0,4.4226508140563965,worst_uncertainty_stratified_mhz
1025,265.0,3,0.4633815586566925,-0.4633815586566925,0.4633815586566925,0.0,0.0,0.4633815586566925,0.563463568687439,-0.2817317843437195,0.0,0.0,0.0,0.0,4.552313327789307,worst_uncertainty_stratified_mhz
1275,265.0,3,0.4580419361591339,-0.4580419361591339,0.4580419361591339,0.0,0.0,0.4580419361591339,0.5588955283164978,-0.2794477641582489,0.0,0.0,0.0,0.0,4.872059345245361,worst_uncertainty_stratified_mhz
1331,265.0,3,0.45393818616867065,-0.45393818616867065,0.45393818616867065,0.0,0.0,0.45393818616867065,0.568565845489502,-0.284282922744751,0.0,0.0,0.0,0.0,4.5018839836120605,worst_uncertainty_stratified_mhz
1247,265.0,3,0.4514259696006775,-0.4514259696006775,0.4514259696006775,0.0,0.0,0.4514259696006775,0.5619823932647705,-0.28099119663238525,0.0,0.0,0.0,0.0,5.2396979331970215,worst_uncertainty_stratified_mhz
38,270.0,3,0.544867992401123,-0.544867992401123,0.544867992401123,0.0,0.0,0.544867992401123,0.5567981600761414,-0.2783990800380707,0.0,0.0,0.0,0.0,5.429905414581299,worst_uncertainty_stratified_mhz
1066,270.0,3,0.5370988249778748,-0.5370988249778748,0.5370988249778748,0.0,0.0,0.5370988249778748,0.5605120658874512,-0.2802560329437256,0.0,0.0,0.0,0.0,5.429233551025391,worst_uncertainty_stratified_mhz
441,270.0,3,0.5331152081489563,-0.5331152081489563,0.5331152081489563,0.0,0.0,0.5331152081489563,0.561346173286438,-0.280673086643219,0.0,0.0,0.0,0.0,5.201987266540527,worst_uncertainty_stratified_mhz
150,270.0,3,0.5265541076660156,-0.5265541076660156,0.5265541076660156,0.0,0.0,0.5265541076660156,0.5593202114105225,-0.27966010570526123,0.0,0.0,0.0,0.0,5.1884026527404785,worst_uncertainty_stratified_mhz
686,270.0,3,0.5222665071487427,-0.5222665071487427,0.5222665071487427,0.0,0.0,0.5222665071487427,0.5683227181434631,-0.28416135907173157,0.0,0.0,0.0,0.0,4.6446027755737305,worst_uncertainty_stratified_mhz
764,270.0,3,0.5196523070335388,-0.5196523070335388,0.5196523070335388,0.0,0.0,0.5196523070335388,0.5613594651222229,-0.28067973256111145,0.0,0.0,0.0,0.0,4.8073859214782715,worst_uncertainty_stratified_mhz
1129,270.0,3,0.5115771889686584,-0.5115771889686584,0.5115771889686584,0.0,0.0,0.5115771889686584,0.557766854763031,-0.2788834273815155,0.0,0.0,0.0,0.0,5.121212482452393,worst_uncertainty_stratified_mhz
846,280.0,3,0.5589069724082947,-0.5589069724082947,0.5589069724082947,0.0,0.0,0.5589069724082947,0.5622076392173767,-0.28110381960868835,0.0,0.0,0.0,0.0,4.419661521911621,worst_uncertainty_stratified_mhz
1568,280.0,3,0.5437156558036804,-0.5437156558036804,0.5437156558036804,0.0,0.0,0.5437156558036804,0.564741313457489,-0.2823706567287445,0.0,0.0,0.0,0.0,3.904465436935425,worst_uncertainty_stratified_mhz
464,280.0,3,0.5322089791297913,-0.5322089791297913,0.5322089791297913,0.0,0.0,0.5322089791297913,0.5595701932907104,-0.2797850966453552,0.0,0.0,0.0,0.0,4.345569610595703,worst_uncertainty_stratified_mhz
1221,280.0,3,0.5284572243690491,-0.5284572243690491,0.5284572243690491,0.0,0.0,0.5284572243690491,0.5637409687042236,-0.2818704843521118,0.0,0.0,0.0,0.0,4.115419864654541,worst_uncertainty_stratified_mhz
697,280.0,3,0.5258477926254272,-0.5258477926254272,0.5258477926254272,0.0,0.0,0.5258477926254272,0.5612897276878357,-0.28064486384391785,0.0,0.0,0.0,0.0,4.082160949707031,worst_uncertainty_stratified_mhz
653,280.0,3,0.5184342861175537,-0.5184342861175537,0.5184342861175537,0.0,0.0,0.5184342861175537,0.5637633800506592,-0.2818816900253296,0.0,0.0,0.0,0.0,4.090386867523193,worst_uncertainty_stratified_mhz
785,300.0,3,0.5817712545394897,-0.5817712545394897,0.5817712545394897,0.0,0.0,0.5817712545394897,0.5670080184936523,-0.28350400924682617,0.0,0.0,0.0,0.0,2.520026922225952,worst_uncertainty_stratified_mhz
1013,300.0,3,0.5684096217155457,-0.5684096217155457,0.5684096217155457,0.0,0.0,0.5684096217155457,0.5696041584014893,-0.28480207920074463,0.0,0.0,0.0,0.0,3.112067699432373,worst_uncertainty_stratified_mhz
295,300.0,3,0.5669388771057129,-0.5669388771057129,0.5669388771057129,0.0,0.0,0.5669388771057129,0.5698307752609253,-0.28491538763046265,0.0,0.0,0.0,0.0,3.3219783306121826,worst_uncertainty_stratified_mhz
53,300.0,3,0.5570816993713379,-0.5570816993713379,0.5570816993713379,0.0,0.0,0.5570816993713379,0.5724722146987915,-0.28623610734939575,0.0,0.0,0.0,0.0,3.242530584335327,worst_uncertainty_stratified_mhz
879,300.0,3,0.5553203821182251,-0.5553203821182251,0.5553203821182251,0.0,0.0,0.5553203821182251,0.5691110491752625,-0.2845555245876312,0.0,0.0,0.0,0.0,3.948852062225342,worst_uncertainty_stratified_mhz
939,300.0,3,0.5443581342697144,-0.5443581342697144,0.5443581342697144,0.0,0.0,0.5443581342697144,0.5760671496391296,-0.2880335748195648,0.0,0.0,0.0,0.0,3.219740390777588,worst_uncertainty_stratified_mhz
531,120.0,3,1.4883671998977661,-1.4883671998977661,1.4883671998977661,0.0,0.0,1.4883671998977661,0.5772967338562012,-0.2886483669281006,0.0,0.0,0.0,0.0,1.7640641927719116,worst_uncertainty_stratified_mhz
1983,120.0,4,2.5079214572906494,-2.5079214572906494,2.5079214572906494,0.0,0.0,2.5079214572906494,0.5772270560264587,-0.28861352801322937,0.0,0.0,0.0,0.0,3.4154040813446045,worst_uncertainty_stratified_mhz
1638,120.0,4,2.4912548065185547,-2.4912548065185547,2.4912548065185547,0.0,0.0,2.4912548065185547,0.5943986177444458,-0.2971993088722229,0.0,0.0,0.0,0.0,2.9914331436157227,worst_uncertainty_stratified_mhz
2678,120.0,4,2.4472484588623047,-2.4472484588623047,2.4472484588623047,0.0,0.0,2.4472484588623047,0.5833345651626587,-0.29166728258132935,0.0,0.0,0.0,0.0,3.5903594493865967,worst_uncertainty_stratified_mhz
1752,150.0,4,0.6465080380439758,-0.6465080380439758,0.6465080380439758,0.0,0.0,0.6465080380439758,0.5655063390731812,-0.2827531695365906,0.0,0.0,0.0,0.0,2.9155948162078857,worst_uncertainty_stratified_mhz
2847,150.0,4,0.6134920120239258,-0.6134920120239258,0.6134920120239258,0.0,0.0,0.6134920120239258,0.5621568560600281,-0.28107842803001404,0.0,0.0,0.0,0.0,2.7286367416381836,worst_uncertainty_stratified_mhz
2125,150.0,4,0.5756778717041016,-0.5756778717041016,0.5756778717041016,0.0,0.0,0.5756778717041016,0.565544068813324,-0.282772034406662,0.0,0.0,0.0,0.0,2.716670274734497,worst_uncertainty_stratified_mhz
2671,150.0,4,0.5653270483016968,-0.5653270483016968,0.5653270483016968,0.0,0.0,0.5653270483016968,0.5733640193939209,-0.28668200969696045,0.0,0.0,0.0,0.0,2.9277262687683105,worst_uncertainty_stratified_mhz
1840,155.0,4,0.7260550260543823,-0.7260550260543823,0.7260550260543823,0.0,0.0,0.7260550260543823,0.5605286955833435,-0.28026434779167175,0.0,0.0,0.0,0.0,4.551175594329834,worst_uncertainty_stratified_mhz
2887,155.0,4,0.7018171548843384,-0.7018171548843384,0.7018171548843384,0.0,0.0,0.7018171548843384,0.564174234867096,-0.282087117433548,0.0,0.0,0.0,0.0,4.913950443267822,worst_uncertainty_stratified_mhz
2952,155.0,4,0.6804656386375427,-0.6804656386375427,0.6804656386375427,0.0,0.0,0.6804656386375427,0.5595333576202393,-0.27976667881011963,0.0,0.0,0.0,0.0,4.758882999420166,worst_uncertainty_stratified_mhz
3082,155.0,4,0.6638327836990356,-0.6638327836990356,0.6638327836990356,0.0,0.0,0.6638327836990356,0.5583093762397766,-0.2791546881198883,0.0,0.0,0.0,0.0,4.497425556182861,worst_uncertainty_stratified_mhz
2513,155.0,4,0.65932297706604,-0.65932297706604,0.65932297706604,0.0,0.0,0.65932297706604,0.5601793527603149,-0.28008967638015747,0.0,0.0,0.0,0.0,4.7726826667785645,worst_uncertainty_stratified_mhz
1643,155.0,4,0.6568130850791931,-0.6568130850791931,0.6568130850791931,0.0,0.0,0.6568130850791931,0.5577588677406311,-0.27887943387031555,0.0,0.0,0.0,0.0,4.344966888427734,worst_uncertainty_stratified_mhz
2473,155.0,4,0.6537231802940369,-0.6537231802940369,0.6537231802940369,0.0,0.0,0.6537231802940369,0.5634248852729797,-0.28171244263648987,0.0,0.0,0.0,0.0,4.668243408203125,worst_uncertainty_stratified_mhz
2682,155.0,4,0.637556254863739,-0.637556254863739,0.637556254863739,0.0,0.0,0.637556254863739,0.5605705976486206,-0.2802852988243103,0.0,0.0,0.0,0.0,4.78628396987915,worst_uncertainty_stratified_mhz
2512,170.0,4,0.6640081405639648,-0.6640081405639648,0.6640081405639648,0.0,0.0,0.6640081405639648,0.5730974674224854,-0.2865487337112427,0.0,0.0,0.0,0.0,5.206456184387207,worst_uncertainty_stratified_mhz
2379,170.0,4,0.6608014702796936,-0.6608014702796936,0.6608014702796936,0.0,0.0,0.6608014702796936,0.5580697059631348,-0.2790348529815674,0.0,0.0,0.0,0.0,5.055917739868164,worst_uncertainty_stratified_mhz
2277,170.0,4,0.6443425416946411,-0.6443425416946411,0.6443425416946411,0.0,0.0,0.6443425416946411,0.5584407448768616,-0.2792203724384308,0.0,0.0,0.0,0.0,5.028053283691406,worst_uncertainty_stratified_mhz
2940,180.0,4,0.7062923908233643,-0.7062923908233643,0.7062923908233643,0.0,0.0,0.7062923908233643,0.5543510317802429,-0.27717551589012146,0.0,0.0,0.0,0.0,6.130295753479004,worst_uncertainty_stratified_mhz
1827,180.0,4,0.6682314872741699,-0.6682314872741699,0.6682314872741699,0.0,0.0,0.6682314872741699,0.5584543347358704,-0.2792271673679352,0.0,0.0,0.0,0.0,5.00985860824585,worst_uncertainty_stratified_mhz
2980,180.0,4,0.6307376027107239,-0.6307376027107239,0.6307376027107239,0.0,0.0,0.6307376027107239,0.5556303262710571,-0.27781516313552856,0.0,0.0,0.0,0.0,5.627533912658691,worst_uncertainty_stratified_mhz
3176,180.0,4,0.6297116279602051,-0.6297116279602051,0.6297116279602051,0.0,0.0,0.6297116279602051,0.5594179630279541,-0.27970898151397705,0.0,0.0,0.0,0.0,5.561506271362305,worst_uncertainty_stratified_mhz
1740,200.0,4,0.9385068416595459,-0.9385068416595459,0.9385068416595459,0.0,0.0,0.9385068416595459,0.5597804188728333,-0.2798902094364166,0.0,0.0,0.0,0.0,5.258991718292236,worst_uncertainty_stratified_mhz
2935,200.0,4,0.9202522039413452,-0.9202522039413452,0.9202522039413452,0.0,0.0,0.9202522039413452,0.5672436356544495,-0.28362181782722473,0.0,0.0,0.0,0.0,6.447596549987793,worst_uncertainty_stratified_mhz
2586,200.0,4,0.8942865133285522,-0.8942865133285522,0.8942865133285522,0.0,0.0,0.8942865133285522,0.5615556240081787,-0.28077781200408936,0.0,0.0,0.0,0.0,6.420903205871582,worst_uncertainty_stratified_mhz
2905,200.0,4,0.8938614130020142,-0.8938614130020142,0.8938614130020142,0.0,0.0,0.8938614130020142,0.5603704452514648,-0.2801852226257324,0.0,0.0,0.0,0.0,6.131878852844238,worst_uncertainty_stratified_mhz
2390,200.0,4,0.8671948909759521,-0.8671948909759521,0.8671948909759521,0.0,0.0,0.8671948909759521,0.5597266554832458,-0.2798633277416229,0.0,0.0,0.0,0.0,6.731886386871338,worst_uncertainty_stratified_mhz
1671,200.0,4,0.8616177439689636,-0.8616177439689636,0.8616177439689636,0.0,0.0,0.8616177439689636,0.5590298175811768,-0.2795149087905884,0.0,0.0,0.0,0.0,7.272473335266113,worst_uncertainty_stratified_mhz
2533,200.0,4,0.850353479385376,-0.850353479385376,0.850353479385376,0.0,0.0,0.850353479385376,0.5642970204353333,-0.2821485102176666,0.0,0.0,0.0,0.0,6.585179805755615,worst_uncertainty_stratified_mhz
2034,200.0,4,0.8158887624740601,-0.8158887624740601,0.8158887624740601,0.0,0.0,0.8158887624740601,0.5652672648429871,-0.28263363242149353,0.0,0.0,0.0,0.0,8.37826919555664,worst_uncertainty_stratified_mhz
3116,230.0,4,1.6155498027801514,-1.6155498027801514,1.6155498027801514,0.0,0.0,1.6155498027801514,0.5903831124305725,-0.29519155621528625,0.0,0.0,0.0,0.0,2.3044686317443848,worst_uncertainty_stratified_mhz
2631,230.0,4,1.372413158416748,-1.372413158416748,1.372413158416748,0.0,0.0,1.372413158416748,0.5815037488937378,-0.2907518744468689,0.0,0.0,0.0,0.0,1.9988973140716553,worst_uncertainty_stratified_mhz
2415,230.0,4,1.3233911991119385,-1.3233911991119385,1.3233911991119385,0.0,0.0,1.3233911991119385,0.572178840637207,-0.2860894203186035,0.0,0.0,0.0,0.0,3.076725959777832,worst_uncertainty_stratified_mhz
2258,230.0,4,1.3023085594177246,-1.3023085594177246,1.3023085594177246,0.0,0.0,1.3023085594177246,0.5740302801132202,-0.2870151400566101,0.0,0.0,0.0,0.0,2.58430552482605,worst_uncertainty_stratified_mhz
2560,230.0,4,1.300816535949707,-1.300816535949707,1.300816535949707,0.0,0.0,1.300816535949707,0.5749989151954651,-0.28749945759773254,0.0,0.0,0.0,0.0,2.807386636734009,worst_uncertainty_stratified_mhz
1697,230.0,4,1.2446086406707764,-1.2446086406707764,1.2446086406707764,0.0,0.0,1.2446086406707764,0.5725367069244385,-0.28626835346221924,0.0,0.0,0.0,0.0,1.8880165815353394,worst_uncertainty_stratified_mhz
2271,230.0,4,1.2327609062194824,-1.2327609062194824,1.2327609062194824,0.0,0.0,1.2327609062194824,0.5720963478088379,-0.28604817390441895,0.0,0.0,0.0,0.0,2.56801438331604,worst_uncertainty_stratified_mhz
2029,230.0,4,1.2047686576843262,-1.2047686576843262,1.2047686576843262,0.0,0.0,1.2047686576843262,0.5747709274291992,-0.2873854637145996,0.0,0.0,0.0,0.0,2.398002862930298,worst_uncertainty_stratified_mhz
2519,250.0,4,0.7607091069221497,-0.7607091069221497,0.7607091069221497,0.0,0.0,0.7607091069221497,0.5677052140235901,-0.28385260701179504,0.0,0.0,0.0,0.0,5.650815486907959,worst_uncertainty_stratified_mhz
2365,250.0,4,0.73256516456604,-0.73256516456604,0.73256516456604,0.0,0.0,0.73256516456604,0.5739641189575195,-0.28698205947875977,0.0,0.0,0.0,0.0,5.759371757507324,worst_uncertainty_stratified_mhz
2944,250.0,4,0.6777701377868652,-0.6777701377868652,0.6777701377868652,0.0,0.0,0.6777701377868652,0.5687546730041504,-0.2843773365020752,0.0,0.0,0.0,0.0,5.595014572143555,worst_uncertainty_stratified_mhz
3078,250.0,4,0.6464200019836426,-0.6464200019836426,0.6464200019836426,0.0,0.0,0.6464200019836426,0.5653413534164429,-0.28267067670822144,0.0,0.0,0.0,0.0,4.408574104309082,worst_uncertainty_stratified_mhz
1694,250.0,4,0.6423329710960388,-0.6423329710960388,0.6423329710960388,0.0,0.0,0.6423329710960388,0.5651344060897827,-0.28256720304489136,0.0,0.0,0.0,0.0,6.359260082244873,worst_uncertainty_stratified_mhz
1924,250.0,4,0.6419886946678162,-0.6419886946678162,0.6419886946678162,0.0,0.0,0.6419886946678162,0.5625064969062805,-0.28125324845314026,0.0,0.0,0.0,0.0,6.011631488800049,worst_uncertainty_stratified_mhz
3005,250.0,4,0.6283828020095825,-0.6283828020095825,0.6283828020095825,0.0,0.0,0.6283828020095825,0.5672318339347839,-0.28361591696739197,0.0,0.0,0.0,0.0,5.815563201904297,worst_uncertainty_stratified_mhz
2260,250.0,4,0.6273272633552551,-0.6273272633552551,0.6273272633552551,0.0,0.0,0.6273272633552551,0.5704506039619446,-0.2852253019809723,0.0,0.0,0.0,0.0,6.441291332244873,worst_uncertainty_stratified_mhz
1660,250.0,4,0.6236023306846619,-0.6236023306846619,0.6236023306846619,0.0,0.0,0.6236023306846619,0.5643525719642639,-0.28217628598213196,0.0,0.0,0.0,0.0,5.536839485168457,worst_uncertainty_stratified_mhz
3120,250.0,4,0.6215038299560547,-0.6215038299560547,0.6215038299560547,0.0,0.0,0.6215038299560547,0.5742373466491699,-0.28711867332458496,0.0,0.0,0.0,0.0,4.5424885749816895,worst_uncertainty_stratified_mhz
2132,250.0,4,0.6184738874435425,-0.6184738874435425,0.6184738874435425,0.0,0.0,0.6184738874435425,0.5739057660102844,-0.2869528830051422,0.0,0.0,0.0,0.0,2.5233590602874756,worst_uncertainty_stratified_mhz
2179,250.0,4,0.6022299528121948,-0.6022299528121948,0.6022299528121948,0.0,0.0,0.6022299528121948,0.5666037797927856,-0.2833018898963928,0.0,0.0,0.0,0.0,5.110830783843994,worst_uncertainty_stratified_mhz
2018,265.0,4,0.5016406774520874,-0.5016406774520874,0.5016406774520874,0.0,0.0,0.5016406774520874,0.561161458492279,-0.2805807292461395,0.0,0.0,0.0,0.0,4.899486064910889,worst_uncertainty_stratified_mhz
2183,265.0,4,0.48845231533050537,-0.48845231533050537,0.48845231533050537,0.0,0.0,0.48845231533050537,0.5568732619285583,-0.2784366309642792,0.0,0.0,0.0,0.0,4.6963887214660645,worst_uncertainty_stratified_mhz
1654,265.0,4,0.4772065579891205,-0.4772065579891205,0.4772065579891205,0.0,0.0,0.4772065579891205,0.5607442259788513,-0.28037211298942566,0.0,0.0,0.0,0.0,4.428516387939453,worst_uncertainty_stratified_mhz
3029,265.0,4,0.47630053758621216,-0.47630053758621216,0.47630053758621216,0.0,0.0,0.47630053758621216,0.5597177743911743,-0.27985888719558716,0.0,0.0,0.0,0.0,4.861328125,worst_uncertainty_stratified_mhz
1913,265.0,4,0.4684149920940399,-0.4684149920940399,0.4684149920940399,0.0,0.0,0.4684149920940399,0.5680938363075256,-0.2840469181537628,0.0,0.0,0.0,0.0,4.405238628387451,worst_uncertainty_stratified_mhz
2912,265.0,4,0.4529596269130707,-0.4529596269130707,0.4529596269130707,0.0,0.0,0.4529596269130707,0.5612401962280273,-0.28062009811401367,0.0,0.0,0.0,0.0,4.734082221984863,worst_uncertainty_stratified_mhz
2543,265.0,4,0.44845715165138245,-0.44845715165138245,0.44845715165138245,0.0,0.0,0.44845715165138245,0.5597728490829468,-0.2798864245414734,0.0,0.0,0.0,0.0,5.119892597198486,worst_uncertainty_stratified_mhz
2820,265.0,4,0.44836676120758057,-0.44836676120758057,0.44836676120758057,0.0,0.0,0.44836676120758057,0.570026695728302,-0.285013347864151,0.0,0.0,0.0,0.0,4.699943542480469,worst_uncertainty_stratified_mhz
1676,265.0,4,0.44794005155563354,-0.44794005155563354,0.44794005155563354,0.0,0.0,0.44794005155563354,0.5656665563583374,-0.2828332781791687,0.0,0.0,0.0,0.0,4.574274063110352,worst_uncertainty_stratified_mhz
2231,265.0,4,0.4442673325538635,-0.4442673325538635,0.4442673325538635,0.0,0.0,0.4442673325538635,0.5588074326515198,-0.2794037163257599,0.0,0.0,0.0,0.0,4.562155723571777,worst_uncertainty_stratified_mhz
2273,265.0,4,0.4403577148914337,-0.4403577148914337,0.4403577148914337,0.0,0.0,0.4403577148914337,0.563922643661499,-0.2819613218307495,0.0,0.0,0.0,0.0,4.495158672332764,worst_uncertainty_stratified_mhz
3061,270.0,4,0.5713638067245483,-0.5713638067245483,0.5713638067245483,0.0,0.0,0.5713638067245483,0.56336510181427,-0.281682550907135,0.0,0.0,0.0,0.0,5.4927520751953125,worst_uncertainty_stratified_mhz
2080,270.0,4,0.532581627368927,-0.532581627368927,0.532581627368927,0.0,0.0,0.532581627368927,0.5584444999694824,-0.2792222499847412,0.0,0.0,0.0,0.0,5.242380142211914,worst_uncertainty_stratified_mhz
1899,270.0,4,0.5108540058135986,-0.5108540058135986,0.5108540058135986,0.0,0.0,0.5108540058135986,0.5602839589118958,-0.2801419794559479,0.0,0.0,0.0,0.0,5.02316951751709,worst_uncertainty_stratified_mhz
1790,270.0,4,0.5056813955307007,-0.5056813955307007,0.5056813955307007,0.0,0.0,0.5056813955307007,0.5598578453063965,-0.27992892265319824,0.0,0.0,0.0,0.0,4.990098476409912,worst_uncertainty_stratified_mhz
2217,270.0,4,0.5041939616203308,-0.5041939616203308,0.5041939616203308,0.0,0.0,0.5041939616203308,0.5640213489532471,-0.28201067447662354,0.0,0.0,0.0,0.0,4.4632344245910645,worst_uncertainty_stratified_mhz
2240,270.0,4,0.502626359462738,-0.502626359462738,0.502626359462738,0.0,0.0,0.502626359462738,0.5626460909843445,-0.28132304549217224,0.0,0.0,0.0,0.0,5.2505106925964355,worst_uncertainty_stratified_mhz
2241,270.0,4,0.5015724301338196,-0.5015724301338196,0.5015724301338196,0.0,0.0,0.5015724301338196,0.5597212314605713,-0.27986061573028564,0.0,0.0,0.0,0.0,5.276179313659668,worst_uncertainty_stratified_mhz
2328,280.0,4,0.6253881454467773,-0.6253881454467773,0.6253881454467773,0.0,0.0,0.6253881454467773,0.5593480467796326,-0.2796740233898163,0.0,0.0,0.0,0.0,3.9072091579437256,worst_uncertainty_stratified_mhz
1802,280.0,4,0.6129035353660583,-0.6129035353660583,0.6129035353660583,0.0,0.0,0.6129035353660583,0.5613250732421875,-0.28066253662109375,0.0,0.0,0.0,0.0,4.345700263977051,worst_uncertainty_stratified_mhz
1743,280.0,4,0.6054575443267822,-0.6054575443267822,0.6054575443267822,0.0,0.0,0.6054575443267822,0.5613906979560852,-0.2806953489780426,0.0,0.0,0.0,0.0,4.01619815826416,worst_uncertainty_stratified_mhz
1641,280.0,4,0.5960995554924011,-0.5960995554924011,0.5960995554924011,0.0,0.0,0.5960995554924011,0.5628592371940613,-0.28142961859703064,0.0,0.0,0.0,0.0,4.234042644500732,worst_uncertainty_stratified_mhz
2395,280.0,4,0.5739930272102356,-0.5739930272102356,0.5739930272102356,0.0,0.0,0.5739930272102356,0.5603144764900208,-0.2801572382450104,0.0,0.0,0.0,0.0,4.311183929443359,worst_uncertainty_stratified_mhz
3051,280.0,4,0.5624164938926697,-0.5624164938926697,0.5624164938926697,0.0,0.0,0.5624164938926697,0.5575519800186157,-0.27877599000930786,0.0,0.0,0.0,0.0,4.3893723487854,worst_uncertainty_stratified_mhz
2810,300.0,4,0.6856098771095276,-0.6856098771095276,0.6856098771095276,0.0,0.0,0.6856098771095276,0.5629519820213318,-0.2814759910106659,0.0,0.0,0.0,0.0,3.6959822177886963,worst_uncertainty_stratified_mhz
2236,300.0,4,0.6851315498352051,-0.6851315498352051,0.6851315498352051,0.0,0.0,0.6851315498352051,0.5649645924568176,-0.2824822962284088,0.0,0.0,0.0,0.0,2.86598539352417,worst_uncertainty_stratified_mhz
3075,300.0,4,0.6666866540908813,-0.6666866540908813,0.6666866540908813,0.0,0.0,0.6666866540908813,0.5668614506721497,-0.28343072533607483,0.0,0.0,0.0,0.0,4.082223892211914,worst_uncertainty_stratified_mhz
2772,300.0,4,0.6570629477500916,-0.6570629477500916,0.6570629477500916,0.0,0.0,0.6570629477500916,0.5639487504959106,-0.2819743752479553,0.0,0.0,0.0,0.0,3.677724599838257,worst_uncertainty_stratified_mhz
1682,300.0,4,0.6460340023040771,-0.6460340023040771,0.6460340023040771,0.0,0.0,0.6460340023040771,0.5626198649406433,-0.28130993247032166,0.0,0.0,0.0,0.0,3.2609782218933105,worst_uncertainty_stratified_mhz
2828,300.0,4,0.642021119594574,-0.642021119594574,0.642021119594574,0.0,0.0,0.642021119594574,0.5616909265518188,-0.2808454632759094,0.0,0.0,0.0,0.0,3.684293031692505,worst_uncertainty_stratified_mhz
4477,120.0,5,1.7876148223876953,-1.7876148223876953,1.7876148223876953,0.0,0.0,1.7876148223876953,0.5727465748786926,-0.2863732874393463,0.0,0.0,0.0,0.0,8.048614501953125,worst_uncertainty_stratified_mhz
3637,120.0,5,1.741938829421997,-1.741938829421997,1.741938829421997,0.0,0.0,1.741938829421997,0.5727579593658447,-0.28637897968292236,0.0,0.0,0.0,0.0,9.443647384643555,worst_uncertainty_stratified_mhz
3609,120.0,5,1.710420846939087,-1.710420846939087,1.710420846939087,0.0,0.0,1.710420846939087,0.5669741630554199,-0.28348708152770996,0.0,0.0,0.0,0.0,12.418450355529785,worst_uncertainty_stratified_mhz
4078,150.0,5,1.32435941696167,-1.32435941696167,1.32435941696167,0.0,0.0,1.32435941696167,0.5727488994598389,-0.28637444972991943,0.0,0.0,0.0,0.0,1.9810508489608765,worst_uncertainty_stratified_mhz
4162,150.0,5,1.2458336353302002,-1.2458336353302002,1.2458336353302002,0.0,0.0,1.2458336353302002,0.5670969486236572,-0.2835484743118286,0.0,0.0,0.0,0.0,1.8491954803466797,worst_uncertainty_stratified_mhz
3437,150.0,5,1.244126319885254,-1.244126319885254,1.244126319885254,0.0,0.0,1.244126319885254,0.5719570517539978,-0.2859785258769989,0.0,0.0,0.0,0.0,1.8623988628387451,worst_uncertainty_stratified_mhz
3993,150.0,5,1.213913083076477,-1.213913083076477,1.213913083076477,0.0,0.0,1.213913083076477,0.571545422077179,-0.2857727110385895,0.0,0.0,0.0,0.0,1.9791854619979858,worst_uncertainty_stratified_mhz
3464,155.0,5,0.740684986114502,-0.740684986114502,0.740684986114502,0.0,0.0,0.740684986114502,0.5617585182189941,-0.28087925910949707,0.0,0.0,0.0,0.0,4.637409687042236,worst_uncertainty_stratified_mhz
4723,155.0,5,0.7335364818572998,-0.7335364818572998,0.7335364818572998,0.0,0.0,0.7335364818572998,0.5678178071975708,-0.2839089035987854,0.0,0.0,0.0,0.0,4.360332489013672,worst_uncertainty_stratified_mhz
4089,155.0,5,0.7099126577377319,-0.7099126577377319,0.7099126577377319,0.0,0.0,0.7099126577377319,0.5614932775497437,-0.2807466387748718,0.0,0.0,0.0,0.0,4.62393856048584,worst_uncertainty_stratified_mhz
4445,155.0,5,0.7055747509002686,-0.7055747509002686,0.7055747509002686,0.0,0.0,0.7055747509002686,0.5602834224700928,-0.2801417112350464,0.0,0.0,0.0,0.0,4.288504123687744,worst_uncertainty_stratified_mhz
3917,155.0,5,0.6853014230728149,-0.6853014230728149,0.6853014230728149,0.0,0.0,0.6853014230728149,0.5588765740394592,-0.2794382870197296,0.0,0.0,0.0,0.0,4.3429155349731445,worst_uncertainty_stratified_mhz
3449,155.0,5,0.6599209308624268,-0.6599209308624268,0.6599209308624268,0.0,0.0,0.6599209308624268,0.5633128881454468,-0.2816564440727234,0.0,0.0,0.0,0.0,4.671915531158447,worst_uncertainty_stratified_mhz
3289,155.0,5,0.6564314365386963,-0.6564314365386963,0.6564314365386963,0.0,0.0,0.6564314365386963,0.5571833252906799,-0.27859166264533997,0.0,0.0,0.0,0.0,4.400718688964844,worst_uncertainty_stratified_mhz
4269,155.0,5,0.6441411972045898,-0.6441411972045898,0.6441411972045898,0.0,0.0,0.6441411972045898,0.5583792328834534,-0.2791896164417267,0.0,0.0,0.0,0.0,4.314969062805176,worst_uncertainty_stratified_mhz
4668,170.0,5,0.6516649723052979,-0.6516649723052979,0.6516649723052979,0.0,0.0,0.6516649723052979,0.5769551396369934,-0.2884775698184967,0.0,0.0,0.0,0.0,4.010073184967041,worst_uncertainty_stratified_mhz
3422,170.0,5,0.5670597553253174,-0.5670597553253174,0.5670597553253174,0.0,0.0,0.5670597553253174,0.5611514449119568,-0.2805757224559784,0.0,0.0,0.0,0.0,3.579378128051758,worst_uncertainty_stratified_mhz
4282,170.0,5,0.5411998629570007,-0.5411998629570007,0.5411998629570007,0.0,0.0,0.5411998629570007,0.5618945956230164,-0.2809472978115082,0.0,0.0,0.0,0.0,3.142990827560425,worst_uncertainty_stratified_mhz
3867,180.0,5,0.6451279520988464,-0.6451279520988464,0.6451279520988464,0.0,0.0,0.6451279520988464,0.560211718082428,-0.280105859041214,0.0,0.0,0.0,0.0,5.322877883911133,worst_uncertainty_stratified_mhz
4489,180.0,5,0.6089746356010437,-0.6089746356010437,0.6089746356010437,0.0,0.0,0.6089746356010437,0.5584020614624023,-0.27920103073120117,0.0,0.0,0.0,0.0,4.891350746154785,worst_uncertainty_stratified_mhz
4243,180.0,5,0.6051539182662964,-0.6051539182662964,0.6051539182662964,0.0,0.0,0.6051539182662964,0.5577591061592102,-0.2788795530796051,0.0,0.0,0.0,0.0,4.902219295501709,worst_uncertainty_stratified_mhz
4773,180.0,5,0.6030890345573425,-0.6030890345573425,0.6030890345573425,0.0,0.0,0.6030890345573425,0.5597009062767029,-0.27985045313835144,0.0,0.0,0.0,0.0,4.292827129364014,worst_uncertainty_stratified_mhz
3959,200.0,5,0.836644172668457,-0.836644172668457,0.836644172668457,0.0,0.0,0.836644172668457,0.5643417835235596,-0.2821708917617798,0.0,0.0,0.0,0.0,5.80624532699585,worst_uncertainty_stratified_mhz
4688,200.0,5,0.8333811163902283,-0.8333811163902283,0.8333811163902283,0.0,0.0,0.8333811163902283,0.5600879192352295,-0.28004395961761475,0.0,0.0,0.0,0.0,5.844455242156982,worst_uncertainty_stratified_mhz
3362,200.0,5,0.8125332593917847,-0.8125332593917847,0.8125332593917847,0.0,0.0,0.8125332593917847,0.5556874871253967,-0.27784374356269836,0.0,0.0,0.0,0.0,6.533265590667725,worst_uncertainty_stratified_mhz
3958,200.0,5,0.7831805348396301,-0.7831805348396301,0.7831805348396301,0.0,0.0,0.7831805348396301,0.5640833377838135,-0.28204166889190674,0.0,0.0,0.0,0.0,5.9079389572143555,worst_uncertainty_stratified_mhz
3567,200.0,5,0.7691712379455566,-0.7691712379455566,0.7691712379455566,0.0,0.0,0.7691712379455566,0.5595170259475708,-0.2797585129737854,0.0,0.0,0.0,0.0,5.691620349884033,worst_uncertainty_stratified_mhz
3374,200.0,5,0.7464290261268616,-0.7464290261268616,0.7464290261268616,0.0,0.0,0.7464290261268616,0.5593419671058655,-0.27967098355293274,0.0,0.0,0.0,0.0,5.977266311645508,worst_uncertainty_stratified_mhz
4174,200.0,5,0.7304370403289795,-0.7304370403289795,0.7304370403289795,0.0,0.0,0.7304370403289795,0.5574437975883484,-0.2787218987941742,0.0,0.0,0.0,0.0,6.196691989898682,worst_uncertainty_stratified_mhz
4248,200.0,5,0.7274357080459595,-0.7274357080459595,0.7274357080459595,0.0,0.0,0.7274357080459595,0.5600713491439819,-0.28003567457199097,0.0,0.0,0.0,0.0,5.843114376068115,worst_uncertainty_stratified_mhz
3698,230.0,5,1.4482084512710571,-1.4482084512710571,1.4482084512710571,0.0,0.0,1.4482084512710571,0.5739820599555969,-0.28699102997779846,0.0,0.0,0.0,0.0,2.657600164413452,worst_uncertainty_stratified_mhz
3751,230.0,5,1.3689658641815186,-1.3689658641815186,1.3689658641815186,0.0,0.0,1.3689658641815186,0.5756274461746216,-0.2878137230873108,0.0,0.0,0.0,0.0,2.6550140380859375,worst_uncertainty_stratified_mhz
4045,230.0,5,1.3682326078414917,-1.3682326078414917,1.3682326078414917,0.0,0.0,1.3682326078414917,0.5870324373245239,-0.29351621866226196,0.0,0.0,0.0,0.0,2.020646095275879,worst_uncertainty_stratified_mhz
3784,230.0,5,1.3614574670791626,-1.3614574670791626,1.3614574670791626,0.0,0.0,1.3614574670791626,0.5716902613639832,-0.2858451306819916,0.0,0.0,0.0,0.0,1.8806780576705933,worst_uncertainty_stratified_mhz
4569,230.0,5,1.3107976913452148,-1.3107976913452148,1.3107976913452148,0.0,0.0,1.3107976913452148,0.5775349140167236,-0.2887674570083618,0.0,0.0,0.0,0.0,2.506704807281494,worst_uncertainty_stratified_mhz
3342,230.0,5,1.3052520751953125,-1.3052520751953125,1.3052520751953125,0.0,0.0,1.3052520751953125,0.5703114867210388,-0.2851557433605194,0.0,0.0,0.0,0.0,2.6351511478424072,worst_uncertainty_stratified_mhz
4245,230.0,5,1.2850711345672607,-1.2850711345672607,1.2850711345672607,0.0,0.0,1.2850711345672607,0.5694025754928589,-0.28470128774642944,0.0,0.0,0.0,0.0,2.4489810466766357,worst_uncertainty_stratified_mhz
3800,230.0,5,1.2817881107330322,-1.2817881107330322,1.2817881107330322,0.0,0.0,1.2817881107330322,0.5699785947799683,-0.28498929738998413,0.0,0.0,0.0,0.0,2.4419608116149902,worst_uncertainty_stratified_mhz
3747,250.0,5,0.7942687273025513,-0.7942687273025513,0.7942687273025513,0.0,0.0,0.7942687273025513,0.5665124654769897,-0.2832562327384949,0.0,0.0,0.0,0.0,5.100005626678467,worst_uncertainty_stratified_mhz
4770,250.0,5,0.7438198924064636,-0.7438198924064636,0.7438198924064636,0.0,0.0,0.7438198924064636,0.5685951709747314,-0.2842975854873657,0.0,0.0,0.0,0.0,4.296550750732422,worst_uncertainty_stratified_mhz
3689,250.0,5,0.7092868089675903,-0.7092868089675903,0.7092868089675903,0.0,0.0,0.7092868089675903,0.572247326374054,-0.286123663187027,0.0,0.0,0.0,0.0,2.57643461227417,worst_uncertainty_stratified_mhz
3774,250.0,5,0.6890391707420349,-0.6890391707420349,0.6890391707420349,0.0,0.0,0.6890391707420349,0.5756109952926636,-0.2878054976463318,0.0,0.0,0.0,0.0,3.6298117637634277,worst_uncertainty_stratified_mhz
4724,250.0,5,0.6835596561431885,-0.6835596561431885,0.6835596561431885,0.0,0.0,0.6835596561431885,0.5643123388290405,-0.28215616941452026,0.0,0.0,0.0,0.0,4.588624000549316,worst_uncertainty_stratified_mhz
4601,250.0,5,0.6822474002838135,-0.6822474002838135,0.6822474002838135,0.0,0.0,0.6822474002838135,0.5672568678855896,-0.2836284339427948,0.0,0.0,0.0,0.0,2.8418431282043457,worst_uncertainty_stratified_mhz
4407,250.0,5,0.6803104281425476,-0.6803104281425476,0.6803104281425476,0.0,0.0,0.6803104281425476,0.5621488094329834,-0.2810744047164917,0.0,0.0,0.0,0.0,5.317006587982178,worst_uncertainty_stratified_mhz
4224,250.0,5,0.6702170372009277,-0.6702170372009277,0.6702170372009277,0.0,0.0,0.6702170372009277,0.5658673048019409,-0.28293365240097046,0.0,0.0,0.0,0.0,5.694138050079346,worst_uncertainty_stratified_mhz
3253,250.0,5,0.6676275134086609,-0.6676275134086609,0.6676275134086609,0.0,0.0,0.6676275134086609,0.5652917623519897,-0.2826458811759949,0.0,0.0,0.0,0.0,2.8666415214538574,worst_uncertainty_stratified_mhz
4409,250.0,5,0.6654989719390869,-0.6654989719390869,0.6654989719390869,0.0,0.0,0.6654989719390869,0.575325071811676,-0.287662535905838,0.0,0.0,0.0,0.0,3.919497013092041,worst_uncertainty_stratified_mhz
3311,250.0,5,0.6653900146484375,-0.6653900146484375,0.6653900146484375,0.0,0.0,0.6653900146484375,0.5675868391990662,-0.2837934195995331,0.0,0.0,0.0,0.0,2.988130569458008,worst_uncertainty_stratified_mhz
3299,250.0,5,0.6578750014305115,-0.6578750014305115,0.6578750014305115,0.0,0.0,0.6578750014305115,0.5719296336174011,-0.28596481680870056,0.0,0.0,0.0,0.0,2.6625163555145264,worst_uncertainty_stratified_mhz
3309,265.0,5,0.5426173210144043,-0.5426173210144043,0.5426173210144043,0.0,0.0,0.5426173210144043,0.5668500661849976,-0.2834250330924988,0.0,0.0,0.0,0.0,4.673251628875732,worst_uncertainty_stratified_mhz
4066,265.0,5,0.5395496487617493,-0.5395496487617493,0.5395496487617493,0.0,0.0,0.5395496487617493,0.5618116855621338,-0.2809058427810669,0.0,0.0,0.0,0.0,4.8588409423828125,worst_uncertainty_stratified_mhz
3384,265.0,5,0.5209183692932129,-0.5209183692932129,0.5209183692932129,0.0,0.0,0.5209183692932129,0.568799614906311,-0.2843998074531555,0.0,0.0,0.0,0.0,4.857220649719238,worst_uncertainty_stratified_mhz
3781,265.0,5,0.5151185989379883,-0.5151185989379883,0.5151185989379883,0.0,0.0,0.5151185989379883,0.5642741322517395,-0.28213706612586975,0.0,0.0,0.0,0.0,4.231773376464844,worst_uncertainty_stratified_mhz
4539,265.0,5,0.4820196032524109,-0.4820196032524109,0.4820196032524109,0.0,0.0,0.4820196032524109,0.5612845420837402,-0.2806422710418701,0.0,0.0,0.0,0.0,4.84922456741333,worst_uncertainty_stratified_mhz
4071,265.0,5,0.46001866459846497,-0.46001866459846497,0.46001866459846497,0.0,0.0,0.46001866459846497,0.5614404082298279,-0.28072020411491394,0.0,0.0,0.0,0.0,4.7447333335876465,worst_uncertainty_stratified_mhz
3983,265.0,5,0.45563727617263794,-0.45563727617263794,0.45563727617263794,0.0,0.0,0.45563727617263794,0.5667820572853088,-0.2833910286426544,0.0,0.0,0.0,0.0,4.74276876449585,worst_uncertainty_stratified_mhz
4192,265.0,5,0.4527052342891693,-0.4527052342891693,0.4527052342891693,0.0,0.0,0.4527052342891693,0.5628722906112671,-0.28143614530563354,0.0,0.0,0.0,0.0,4.317216396331787,worst_uncertainty_stratified_mhz
3574,265.0,5,0.44902002811431885,-0.44902002811431885,0.44902002811431885,0.0,0.0,0.44902002811431885,0.5605297088623047,-0.28026485443115234,0.0,0.0,0.0,0.0,4.428922176361084,worst_uncertainty_stratified_mhz
3333,265.0,5,0.4438896179199219,-0.4438896179199219,0.4438896179199219,0.0,0.0,0.4438896179199219,0.5632127523422241,-0.28160637617111206,0.0,0.0,0.0,0.0,4.7291083335876465,worst_uncertainty_stratified_mhz
4732,265.0,5,0.44013193249702454,-0.44013193249702454,0.44013193249702454,0.0,0.0,0.44013193249702454,0.5596399307250977,-0.27981996536254883,0.0,0.0,0.0,0.0,5.031347751617432,worst_uncertainty_stratified_mhz
4685,270.0,5,0.5702115893363953,-0.5702115893363953,0.5702115893363953,0.0,0.0,0.5702115893363953,0.5655720829963684,-0.2827860414981842,0.0,0.0,0.0,0.0,5.236137866973877,worst_uncertainty_stratified_mhz
3586,270.0,5,0.5439022779464722,-0.5439022779464722,0.5439022779464722,0.0,0.0,0.5439022779464722,0.5642154216766357,-0.28210771083831787,0.0,0.0,0.0,0.0,4.4801859855651855,worst_uncertainty_stratified_mhz
4074,270.0,5,0.5277084112167358,-0.5277084112167358,0.5277084112167358,0.0,0.0,0.5277084112167358,0.5592141151428223,-0.27960705757141113,0.0,0.0,0.0,0.0,5.366628170013428,worst_uncertainty_stratified_mhz
3948,270.0,5,0.498379647731781,-0.498379647731781,0.498379647731781,0.0,0.0,0.498379647731781,0.558984637260437,-0.2794923186302185,0.0,0.0,0.0,0.0,3.828932285308838,worst_uncertainty_stratified_mhz
4412,270.0,5,0.4955044686794281,-0.4955044686794281,0.4955044686794281,0.0,0.0,0.4955044686794281,0.5605635046958923,-0.28028175234794617,0.0,0.0,0.0,0.0,4.322851181030273,worst_uncertainty_stratified_mhz
4400,270.0,5,0.4929460287094116,-0.4929460287094116,0.4929460287094116,0.0,0.0,0.4929460287094116,0.5570787787437439,-0.27853938937187195,0.0,0.0,0.0,0.0,4.4717020988464355,worst_uncertainty_stratified_mhz
3706,270.0,5,0.49287399649620056,-0.49287399649620056,0.49287399649620056,0.0,0.0,0.49287399649620056,0.56615149974823,-0.283075749874115,0.0,0.0,0.0,0.0,5.1679368019104,worst_uncertainty_stratified_mhz
3476,280.0,5,0.5953772664070129,-0.5953772664070129,0.5953772664070129,0.0,0.0,0.5953772664070129,0.5633164644241333,-0.28165823221206665,0.0,0.0,0.0,0.0,4.59142541885376,worst_uncertainty_stratified_mhz
3228,280.0,5,0.5484622716903687,-0.5484622716903687,0.5484622716903687,0.0,0.0,0.5484622716903687,0.5601732134819031,-0.28008660674095154,0.0,0.0,0.0,0.0,4.934042930603027,worst_uncertainty_stratified_mhz
3995,280.0,5,0.5460869073867798,-0.5460869073867798,0.5460869073867798,0.0,0.0,0.5460869073867798,0.5593607425689697,-0.27968037128448486,0.0,0.0,0.0,0.0,4.368886470794678,worst_uncertainty_stratified_mhz
4420,280.0,5,0.5404667258262634,-0.5404667258262634,0.5404667258262634,0.0,0.0,0.5404667258262634,0.5627490878105164,-0.2813745439052582,0.0,0.0,0.0,0.0,4.932269096374512,worst_uncertainty_stratified_mhz
4026,280.0,5,0.532142698764801,-0.532142698764801,0.532142698764801,0.0,0.0,0.532142698764801,0.5602307915687561,-0.28011539578437805,0.0,0.0,0.0,0.0,4.716488838195801,worst_uncertainty_stratified_mhz
4346,280.0,5,0.5221234560012817,-0.5221234560012817,0.5221234560012817,0.0,0.0,0.5221234560012817,0.5590808391571045,-0.27954041957855225,0.0,0.0,0.0,0.0,3.793680191040039,worst_uncertainty_stratified_mhz
4650,300.0,5,0.7191986441612244,-0.7191986441612244,0.7191986441612244,0.0,0.0,0.7191986441612244,0.5655208826065063,-0.2827604413032532,0.0,0.0,0.0,0.0,3.8756308555603027,worst_uncertainty_stratified_mhz
3952,300.0,5,0.6847373843193054,-0.6847373843193054,0.6847373843193054,0.0,0.0,0.6847373843193054,0.5666462779045105,-0.28332313895225525,0.0,0.0,0.0,0.0,3.9175972938537598,worst_uncertainty_stratified_mhz
4051,300.0,5,0.666803240776062,-0.666803240776062,0.666803240776062,0.0,0.0,0.666803240776062,0.5679731965065002,-0.2839865982532501,0.0,0.0,0.0,0.0,3.568725109100342,worst_uncertainty_stratified_mhz
4793,300.0,5,0.627639651298523,-0.627639651298523,0.627639651298523,0.0,0.0,0.627639651298523,0.565139889717102,-0.282569944858551,0.0,0.0,0.0,0.0,2.7659945487976074,worst_uncertainty_stratified_mhz
4556,300.0,5,0.615529477596283,-0.615529477596283,0.615529477596283,0.0,0.0,0.615529477596283,0.5629251599311829,-0.28146257996559143,0.0,0.0,0.0,0.0,3.8944568634033203,worst_uncertainty_stratified_mhz
4583,300.0,5,0.6043186187744141,-0.6043186187744141,0.6043186187744141,0.0,0.0,0.6043186187744141,0.5666326284408569,-0.28331631422042847,0.0,0.0,0.0,0.0,3.920696258544922,worst_uncertainty_stratified_mhz
6260,120.0,6,1.4114916324615479,-1.4114916324615479,1.4114916324615479,0.0,0.0,1.4114916324615479,0.5772956013679504,-0.2886478006839752,0.0,0.0,0.0,0.0,11.48399829864502,worst_uncertainty_stratified_mhz
5256,120.0,6,1.2988313436508179,-1.2988313436508179,1.2988313436508179,0.0,0.0,1.2988313436508179,0.5655884146690369,-0.28279420733451843,0.0,0.0,0.0,0.0,12.93089771270752,worst_uncertainty_stratified_mhz
5670,120.0,6,1.2486677169799805,-1.2486677169799805,1.2486677169799805,0.0,0.0,1.2486677169799805,0.5733785033226013,-0.28668925166130066,0.0,0.0,0.0,0.0,11.115813255310059,worst_uncertainty_stratified_mhz
5961,150.0,6,2.5721850395202637,-2.5721850395202637,2.5721850395202637,0.0,0.0,2.5721850395202637,0.5759865641593933,-0.28799328207969666,0.0,0.0,0.0,0.0,1.76359224319458,worst_uncertainty_stratified_mhz
5390,150.0,6,2.505751132965088,-2.505751132965088,2.505751132965088,0.0,0.0,2.505751132965088,0.5861941576004028,-0.2930970788002014,0.0,0.0,0.0,0.0,2.4913337230682373,worst_uncertainty_stratified_mhz
5517,150.0,6,2.458704948425293,-2.458704948425293,2.458704948425293,0.0,0.0,2.458704948425293,0.5978545546531677,-0.29892727732658386,0.0,0.0,0.0,0.0,2.4717013835906982,worst_uncertainty_stratified_mhz
5493,150.0,6,2.4581246376037598,-2.4581246376037598,2.4581246376037598,0.0,0.0,2.4581246376037598,0.5798759460449219,-0.28993797302246094,0.0,0.0,0.0,0.0,1.751787781715393,worst_uncertainty_stratified_mhz
4818,155.0,6,0.8348398804664612,-0.8348398804664612,0.8348398804664612,0.0,0.0,0.8348398804664612,0.5721766352653503,-0.28608831763267517,0.0,0.0,0.0,0.0,4.695125579833984,worst_uncertainty_stratified_mhz
5591,155.0,6,0.8044532537460327,-0.8044532537460327,0.8044532537460327,0.0,0.0,0.8044532537460327,0.5757459998130798,-0.2878729999065399,0.0,0.0,0.0,0.0,4.316166877746582,worst_uncertainty_stratified_mhz
5402,155.0,6,0.8019798994064331,-0.8019798994064331,0.8019798994064331,0.0,0.0,0.8019798994064331,0.5654832720756531,-0.28274163603782654,0.0,0.0,0.0,0.0,4.434890270233154,worst_uncertainty_stratified_mhz
5511,155.0,6,0.7987542748451233,-0.7987542748451233,0.7987542748451233,0.0,0.0,0.7987542748451233,0.5637683868408203,-0.28188419342041016,0.0,0.0,0.0,0.0,4.614563941955566,worst_uncertainty_stratified_mhz
6156,155.0,6,0.7879989743232727,-0.7879989743232727,0.7879989743232727,0.0,0.0,0.7879989743232727,0.5695769786834717,-0.28478848934173584,0.0,0.0,0.0,0.0,3.992966413497925,worst_uncertainty_stratified_mhz
6376,155.0,6,0.784923791885376,-0.784923791885376,0.784923791885376,0.0,0.0,0.784923791885376,0.5631674528121948,-0.2815837264060974,0.0,0.0,0.0,0.0,3.9057328701019287,worst_uncertainty_stratified_mhz
6230,155.0,6,0.7743438482284546,-0.7743438482284546,0.7743438482284546,0.0,0.0,0.7743438482284546,0.5680782794952393,-0.28403913974761963,0.0,0.0,0.0,0.0,4.99155855178833,worst_uncertainty_stratified_mhz
6251,155.0,6,0.7630703449249268,-0.7630703449249268,0.7630703449249268,0.0,0.0,0.7630703449249268,0.5687803030014038,-0.2843901515007019,0.0,0.0,0.0,0.0,3.97415828704834,worst_uncertainty_stratified_mhz
5515,170.0,6,0.9529502391815186,-0.9529502391815186,0.9529502391815186,0.0,0.0,0.9529502391815186,0.5677721500396729,-0.2838860750198364,0.0,0.0,0.0,0.0,2.857565402984619,worst_uncertainty_stratified_mhz
5881,170.0,6,0.7302138805389404,-0.7302138805389404,0.7302138805389404,0.0,0.0,0.7302138805389404,0.5694027543067932,-0.2847013771533966,0.0,0.0,0.0,0.0,2.866755723953247,worst_uncertainty_stratified_mhz
5476,170.0,6,0.6972008943557739,-0.6972008943557739,0.6972008943557739,0.0,0.0,0.6972008943557739,0.5667173266410828,-0.2833586633205414,0.0,0.0,0.0,0.0,2.449533224105835,worst_uncertainty_stratified_mhz
4814,180.0,6,0.8116167187690735,-0.8116167187690735,0.8116167187690735,0.0,0.0,0.8116167187690735,0.5733287930488586,-0.2866643965244293,0.0,0.0,0.0,0.0,4.191488742828369,worst_uncertainty_stratified_mhz
5274,180.0,6,0.6674448251724243,-0.6674448251724243,0.6674448251724243,0.0,0.0,0.6674448251724243,0.5811706185340881,-0.29058530926704407,0.0,0.0,0.0,0.0,3.582578659057617,worst_uncertainty_stratified_mhz
5014,180.0,6,0.6150322556495667,-0.6150322556495667,0.6150322556495667,0.0,0.0,0.6150322556495667,0.5623654127120972,-0.2811827063560486,0.0,0.0,0.0,0.0,3.7757725715637207,worst_uncertainty_stratified_mhz
4938,180.0,6,0.6021754741668701,-0.6021754741668701,0.6021754741668701,0.0,0.0,0.6021754741668701,0.5605072379112244,-0.2802536189556122,0.0,0.0,0.0,0.0,3.068066120147705,worst_uncertainty_stratified_mhz
6127,200.0,6,0.8662116527557373,-0.8662116527557373,0.8662116527557373,0.0,0.0,0.8662116527557373,0.5597792863845825,-0.27988964319229126,0.0,0.0,0.0,0.0,5.098058700561523,worst_uncertainty_stratified_mhz
5105,200.0,6,0.8409721851348877,-0.8409721851348877,0.8409721851348877,0.0,0.0,0.8409721851348877,0.5590465664863586,-0.2795232832431793,0.0,0.0,0.0,0.0,5.999840259552002,worst_uncertainty_stratified_mhz
5760,200.0,6,0.8147236108779907,-0.8147236108779907,0.8147236108779907,0.0,0.0,0.8147236108779907,0.561915397644043,-0.2809576988220215,0.0,0.0,0.0,0.0,6.139560699462891,worst_uncertainty_stratified_mhz
4937,200.0,6,0.8107688426971436,-0.8107688426971436,0.8107688426971436,0.0,0.0,0.8107688426971436,0.5584394931793213,-0.27921974658966064,0.0,0.0,0.0,0.0,5.359127521514893,worst_uncertainty_stratified_mhz
6369,200.0,6,0.7670077085494995,-0.7670077085494995,0.7670077085494995,0.0,0.0,0.7670077085494995,0.5639731884002686,-0.2819865942001343,0.0,0.0,0.0,0.0,5.42217493057251,worst_uncertainty_stratified_mhz
5721,200.0,6,0.733316957950592,-0.733316957950592,0.733316957950592,0.0,0.0,0.733316957950592,0.5577516555786133,-0.27887582778930664,0.0,0.0,0.0,0.0,6.48861837387085,worst_uncertainty_stratified_mhz
6220,200.0,6,0.7266830205917358,-0.7266830205917358,0.7266830205917358,0.0,0.0,0.7266830205917358,0.5660293698310852,-0.2830146849155426,0.0,0.0,0.0,0.0,6.29463529586792,worst_uncertainty_stratified_mhz
6398,200.0,6,0.7248122692108154,-0.7248122692108154,0.7248122692108154,0.0,0.0,0.7248122692108154,0.5616921782493591,-0.28084608912467957,0.0,0.0,0.0,0.0,5.865240097045898,worst_uncertainty_stratified_mhz
6044,230.0,6,1.4518846273422241,-1.4518846273422241,1.4518846273422241,0.0,0.0,1.4518846273422241,0.5812273621559143,-0.29061368107795715,0.0,0.0,0.0,0.0,2.198296070098877,worst_uncertainty_stratified_mhz
5258,230.0,6,1.442081332206726,-1.442081332206726,1.442081332206726,0.0,0.0,1.442081332206726,0.5757863521575928,-0.2878931760787964,0.0,0.0,0.0,0.0,3.3708250522613525,worst_uncertainty_stratified_mhz
6358,230.0,6,1.4107729196548462,-1.4107729196548462,1.4107729196548462,0.0,0.0,1.4107729196548462,0.5730769038200378,-0.2865384519100189,0.0,0.0,0.0,0.0,2.5788819789886475,worst_uncertainty_stratified_mhz
5844,230.0,6,1.4007883071899414,-1.4007883071899414,1.4007883071899414,0.0,0.0,1.4007883071899414,0.5693086981773376,-0.2846543490886688,0.0,0.0,0.0,0.0,3.6148521900177,worst_uncertainty_stratified_mhz
5780,230.0,6,1.355849027633667,-1.355849027633667,1.355849027633667,0.0,0.0,1.355849027633667,0.5712981820106506,-0.2856490910053253,0.0,0.0,0.0,0.0,2.9948742389678955,worst_uncertainty_stratified_mhz
5461,230.0,6,1.3135805130004883,-1.3135805130004883,1.3135805130004883,0.0,0.0,1.3135805130004883,0.5652573108673096,-0.2826286554336548,0.0,0.0,0.0,0.0,3.2808609008789062,worst_uncertainty_stratified_mhz
5249,230.0,6,1.2750887870788574,-1.2750887870788574,1.2750887870788574,0.0,0.0,1.2750887870788574,0.5685979127883911,-0.28429895639419556,0.0,0.0,0.0,0.0,3.4980905055999756,worst_uncertainty_stratified_mhz
5211,230.0,6,1.2624605894088745,-1.2624605894088745,1.2624605894088745,0.0,0.0,1.2624605894088745,0.570517361164093,-0.2852586805820465,0.0,0.0,0.0,0.0,3.0257515907287598,worst_uncertainty_stratified_mhz
5474,250.0,6,1.137054681777954,-1.137054681777954,1.137054681777954,0.0,0.0,1.137054681777954,0.5731761455535889,-0.28658807277679443,0.0,0.0,0.0,0.0,3.4949252605438232,worst_uncertainty_stratified_mhz
5831,250.0,6,0.9457386136054993,-0.9457386136054993,0.9457386136054993,0.0,0.0,0.9457386136054993,0.5797262787818909,-0.28986313939094543,0.0,0.0,0.0,0.0,2.058999538421631,worst_uncertainty_stratified_mhz
5694,250.0,6,0.929328203201294,-0.929328203201294,0.929328203201294,0.0,0.0,0.929328203201294,0.570763885974884,-0.285381942987442,0.0,0.0,0.0,0.0,2.0860822200775146,worst_uncertainty_stratified_mhz
4823,250.0,6,0.8972536325454712,-0.8972536325454712,0.8972536325454712,0.0,0.0,0.8972536325454712,0.5698349475860596,-0.2849174737930298,0.0,0.0,0.0,0.0,3.9780490398406982,worst_uncertainty_stratified_mhz
5015,250.0,6,0.8887144923210144,-0.8887144923210144,0.8887144923210144,0.0,0.0,0.8887144923210144,0.5669317841529846,-0.2834658920764923,0.0,0.0,0.0,0.0,4.713283061981201,worst_uncertainty_stratified_mhz
5532,250.0,6,0.8796284198760986,-0.8796284198760986,0.8796284198760986,0.0,0.0,0.8796284198760986,0.5723943710327148,-0.2861971855163574,0.0,0.0,0.0,0.0,4.734972953796387,worst_uncertainty_stratified_mhz
5862,250.0,6,0.8584564924240112,-0.8584564924240112,0.8584564924240112,0.0,0.0,0.8584564924240112,0.573516309261322,-0.286758154630661,0.0,0.0,0.0,0.0,2.420391082763672,worst_uncertainty_stratified_mhz
6078,250.0,6,0.8446248769760132,-0.8446248769760132,0.8446248769760132,0.0,0.0,0.8446248769760132,0.5761992931365967,-0.28809964656829834,0.0,0.0,0.0,0.0,2.8412656784057617,worst_uncertainty_stratified_mhz
6055,250.0,6,0.8277323842048645,-0.8277323842048645,0.8277323842048645,0.0,0.0,0.8277323842048645,0.5858117341995239,-0.29290586709976196,0.0,0.0,0.0,0.0,1.9790199995040894,worst_uncertainty_stratified_mhz
5342,250.0,6,0.8241307735443115,-0.8241307735443115,0.8241307735443115,0.0,0.0,0.8241307735443115,0.5770469903945923,-0.28852349519729614,0.0,0.0,0.0,0.0,1.9723856449127197,worst_uncertainty_stratified_mhz
5272,250.0,6,0.8210078477859497,-0.8210078477859497,0.8210078477859497,0.0,0.0,0.8210078477859497,0.5649314522743225,-0.28246572613716125,0.0,0.0,0.0,0.0,3.281559944152832,worst_uncertainty_stratified_mhz
6068,250.0,6,0.7913635969161987,-0.7913635969161987,0.7913635969161987,0.0,0.0,0.7913635969161987,0.581965446472168,-0.290982723236084,0.0,0.0,0.0,0.0,2.3433501720428467,worst_uncertainty_stratified_mhz
4903,265.0,6,0.5381410717964172,-0.5381410717964172,0.5381410717964172,0.0,0.0,0.5381410717964172,0.5623992085456848,-0.2811996042728424,0.0,0.0,0.0,0.0,4.990676403045654,worst_uncertainty_stratified_mhz
6109,265.0,6,0.531243085861206,-0.531243085861206,0.531243085861206,0.0,0.0,0.531243085861206,0.5602359771728516,-0.2801179885864258,0.0,0.0,0.0,0.0,3.992098331451416,worst_uncertainty_stratified_mhz
5430,265.0,6,0.525381326675415,-0.525381326675415,0.525381326675415,0.0,0.0,0.525381326675415,0.5674868226051331,-0.28374341130256653,0.0,0.0,0.0,0.0,4.459161281585693,worst_uncertainty_stratified_mhz
6308,265.0,6,0.5246061682701111,-0.5246061682701111,0.5246061682701111,0.0,0.0,0.5246061682701111,0.5593124628067017,-0.27965623140335083,0.0,0.0,0.0,0.0,4.5084075927734375,worst_uncertainty_stratified_mhz
6148,265.0,6,0.5183788537979126,-0.5183788537979126,0.5183788537979126,0.0,0.0,0.5183788537979126,0.5621165633201599,-0.28105828166007996,0.0,0.0,0.0,0.0,4.941850662231445,worst_uncertainty_stratified_mhz
5546,265.0,6,0.5164280533790588,-0.5164280533790588,0.5164280533790588,0.0,0.0,0.5164280533790588,0.5620236992835999,-0.2810118496417999,0.0,0.0,0.0,0.0,4.901496887207031,worst_uncertainty_stratified_mhz
6390,265.0,6,0.5096083283424377,-0.5096083283424377,0.5096083283424377,0.0,0.0,0.5096083283424377,0.5597072839736938,-0.2798536419868469,0.0,0.0,0.0,0.0,4.8654303550720215,worst_uncertainty_stratified_mhz
5482,265.0,6,0.5047211647033691,-0.5047211647033691,0.5047211647033691,0.0,0.0,0.5047211647033691,0.5590028762817383,-0.27950143814086914,0.0,0.0,0.0,0.0,4.5005879402160645,worst_uncertainty_stratified_mhz
5121,265.0,6,0.49993276596069336,-0.49993276596069336,0.49993276596069336,0.0,0.0,0.49993276596069336,0.5649008750915527,-0.28245043754577637,0.0,0.0,0.0,0.0,4.776328086853027,worst_uncertainty_stratified_mhz
6141,265.0,6,0.48198166489601135,-0.48198166489601135,0.48198166489601135,0.0,0.0,0.48198166489601135,0.5638546347618103,-0.28192731738090515,0.0,0.0,0.0,0.0,4.864842891693115,worst_uncertainty_stratified_mhz
6039,265.0,6,0.4819096028804779,-0.4819096028804779,0.4819096028804779,0.0,0.0,0.4819096028804779,0.5615853071212769,-0.2807926535606384,0.0,0.0,0.0,0.0,4.316694736480713,worst_uncertainty_stratified_mhz
6195,270.0,6,0.6130827069282532,-0.6130827069282532,0.6130827069282532,0.0,0.0,0.6130827069282532,0.5669261813163757,-0.28346309065818787,0.0,0.0,0.0,0.0,4.892185211181641,worst_uncertainty_stratified_mhz
5484,270.0,6,0.6065090894699097,-0.6065090894699097,0.6065090894699097,0.0,0.0,0.6065090894699097,0.5715891718864441,-0.28579458594322205,0.0,0.0,0.0,0.0,4.844084739685059,worst_uncertainty_stratified_mhz
5588,270.0,6,0.5969234108924866,-0.5969234108924866,0.5969234108924866,0.0,0.0,0.5969234108924866,0.5777798891067505,-0.28888994455337524,0.0,0.0,0.0,0.0,5.1492204666137695,worst_uncertainty_stratified_mhz
5560,270.0,6,0.59220290184021,-0.59220290184021,0.59220290184021,0.0,0.0,0.59220290184021,0.5730346441268921,-0.28651732206344604,0.0,0.0,0.0,0.0,4.447564601898193,worst_uncertainty_stratified_mhz
5098,270.0,6,0.5767371654510498,-0.5767371654510498,0.5767371654510498,0.0,0.0,0.5767371654510498,0.5711520910263062,-0.2855760455131531,0.0,0.0,0.0,0.0,4.6797776222229,worst_uncertainty_stratified_mhz
5135,270.0,6,0.5726887583732605,-0.5726887583732605,0.5726887583732605,0.0,0.0,0.5726887583732605,0.5681208968162537,-0.28406044840812683,0.0,0.0,0.0,0.0,4.868767738342285,worst_uncertainty_stratified_mhz
5713,270.0,6,0.5613693594932556,-0.5613693594932556,0.5613693594932556,0.0,0.0,0.5613693594932556,0.5641320943832397,-0.2820660471916199,0.0,0.0,0.0,0.0,5.045283794403076,worst_uncertainty_stratified_mhz
5614,280.0,6,0.6239367127418518,-0.6239367127418518,0.6239367127418518,0.0,0.0,0.6239367127418518,0.5645943880081177,-0.28229719400405884,0.0,0.0,0.0,0.0,4.150688171386719,worst_uncertainty_stratified_mhz
5189,280.0,6,0.6235196590423584,-0.6235196590423584,0.6235196590423584,0.0,0.0,0.6235196590423584,0.5572333931922913,-0.27861669659614563,0.0,0.0,0.0,0.0,4.770857810974121,worst_uncertainty_stratified_mhz
5779,280.0,6,0.6015886068344116,-0.6015886068344116,0.6015886068344116,0.0,0.0,0.6015886068344116,0.5605469942092896,-0.2802734971046448,0.0,0.0,0.0,0.0,4.391936302185059,worst_uncertainty_stratified_mhz
4868,280.0,6,0.5865333676338196,-0.5865333676338196,0.5865333676338196,0.0,0.0,0.5865333676338196,0.560966432094574,-0.280483216047287,0.0,0.0,0.0,0.0,4.272857666015625,worst_uncertainty_stratified_mhz
5578,280.0,6,0.5822767019271851,-0.5822767019271851,0.5822767019271851,0.0,0.0,0.5822767019271851,0.5651730895042419,-0.28258654475212097,0.0,0.0,0.0,0.0,4.69888973236084,worst_uncertainty_stratified_mhz
5842,280.0,6,0.5754534602165222,-0.5754534602165222,0.5754534602165222,0.0,0.0,0.5754534602165222,0.5634604096412659,-0.28173020482063293,0.0,0.0,0.0,0.0,5.039206027984619,worst_uncertainty_stratified_mhz
5543,300.0,6,0.7903490662574768,-0.7903490662574768,0.7903490662574768,0.0,0.0,0.7903490662574768,0.5669887661933899,-0.28349438309669495,0.0,0.0,0.0,0.0,4.266172885894775,worst_uncertainty_stratified_mhz
5487,300.0,6,0.763303816318512,-0.763303816318512,0.763303816318512,0.0,0.0,0.763303816318512,0.5700682997703552,-0.2850341498851776,0.0,0.0,0.0,0.0,3.684885263442993,worst_uncertainty_stratified_mhz
4825,300.0,6,0.7363781929016113,-0.7363781929016113,0.7363781929016113,0.0,0.0,0.7363781929016113,0.5770077705383301,-0.28850388526916504,0.0,0.0,0.0,0.0,4.237180709838867,worst_uncertainty_stratified_mhz
5548,300.0,6,0.7260197997093201,-0.7260197997093201,0.7260197997093201,0.0,0.0,0.7260197997093201,0.5744320154190063,-0.2872160077095032,0.0,0.0,0.0,0.0,4.417967319488525,worst_uncertainty_stratified_mhz
5180,300.0,6,0.7077126502990723,-0.7077126502990723,0.7077126502990723,0.0,0.0,0.7077126502990723,0.5644622445106506,-0.2822311222553253,0.0,0.0,0.0,0.0,3.3331339359283447,worst_uncertainty_stratified_mhz
5718,300.0,6,0.6963386535644531,-0.6963386535644531,0.6963386535644531,0.0,0.0,0.6963386535644531,0.5685811042785645,-0.2842905521392822,0.0,0.0,0.0,0.0,4.044159412384033,worst_uncertainty_stratified_mhz
6850,120.0,7,0.889100193977356,-0.889100193977356,0.889100193977356,0.0,0.0,0.889100193977356,0.5667317509651184,-0.2833658754825592,0.0,0.0,0.0,0.0,12.385475158691406,worst_uncertainty_stratified_mhz
7618,120.0,7,0.8641372919082642,-0.8641372919082642,0.8641372919082642,0.0,0.0,0.8641372919082642,0.5683533549308777,-0.28417667746543884,0.0,0.0,0.0,0.0,10.956964492797852,worst_uncertainty_stratified_mhz
7773,120.0,7,0.7922765612602234,-0.7922765612602234,0.7922765612602234,0.0,0.0,0.7922765612602234,0.5656804442405701,-0.28284022212028503,0.0,0.0,0.0,0.0,12.032527923583984,worst_uncertainty_stratified_mhz
7203,150.0,7,2.0862011909484863,-2.0862011909484863,2.0862011909484863,0.0,0.0,2.0862011909484863,0.5817432403564453,-0.29087162017822266,0.0,0.0,0.0,0.0,2.921410083770752,worst_uncertainty_stratified_mhz
7147,150.0,7,2.0311243534088135,-2.0311243534088135,2.0311243534088135,0.0,0.0,2.0311243534088135,0.5776890516281128,-0.2888445258140564,0.0,0.0,0.0,0.0,4.935046672821045,worst_uncertainty_stratified_mhz
7213,150.0,7,1.9654860496520996,-1.9654860496520996,1.9654860496520996,0.0,0.0,1.9654860496520996,0.5798208713531494,-0.2899104356765747,0.0,0.0,0.0,0.0,3.426036834716797,worst_uncertainty_stratified_mhz
7487,150.0,7,1.9102773666381836,-1.9102773666381836,1.9102773666381836,0.0,0.0,1.9102773666381836,0.5685917735099792,-0.2842958867549896,0.0,0.0,0.0,0.0,6.155121803283691,worst_uncertainty_stratified_mhz
6874,155.0,7,0.8014236092567444,-0.8014236092567444,0.8014236092567444,0.0,0.0,0.8014236092567444,0.5624755024909973,-0.28123775124549866,0.0,0.0,0.0,0.0,3.625274658203125,worst_uncertainty_stratified_mhz
6842,155.0,7,0.737383246421814,-0.737383246421814,0.737383246421814,0.0,0.0,0.737383246421814,0.5637689232826233,-0.28188446164131165,0.0,0.0,0.0,0.0,4.0853095054626465,worst_uncertainty_stratified_mhz
6508,155.0,7,0.7297294735908508,-0.7297294735908508,0.7297294735908508,0.0,0.0,0.7297294735908508,0.5631476640701294,-0.2815738320350647,0.0,0.0,0.0,0.0,3.884788751602173,worst_uncertainty_stratified_mhz
7140,155.0,7,0.719565212726593,-0.719565212726593,0.719565212726593,0.0,0.0,0.719565212726593,0.5652129054069519,-0.28260645270347595,0.0,0.0,0.0,0.0,4.004138946533203,worst_uncertainty_stratified_mhz
7036,155.0,7,0.7129566073417664,-0.7129566073417664,0.7129566073417664,0.0,0.0,0.7129566073417664,0.5630277395248413,-0.28151386976242065,0.0,0.0,0.0,0.0,3.9686591625213623,worst_uncertainty_stratified_mhz
7713,155.0,7,0.7024263143539429,-0.7024263143539429,0.7024263143539429,0.0,0.0,0.7024263143539429,0.5622498989105225,-0.28112494945526123,0.0,0.0,0.0,0.0,3.6513779163360596,worst_uncertainty_stratified_mhz
7840,155.0,7,0.6989489793777466,-0.6989489793777466,0.6989489793777466,0.0,0.0,0.6989489793777466,0.5611124038696289,-0.28055620193481445,0.0,0.0,0.0,0.0,3.588512659072876,worst_uncertainty_stratified_mhz
7960,155.0,7,0.6957793235778809,-0.6957793235778809,0.6957793235778809,0.0,0.0,0.6957793235778809,0.5674580931663513,-0.28372904658317566,0.0,0.0,0.0,0.0,4.504507064819336,worst_uncertainty_stratified_mhz
6572,170.0,7,1.8563354015350342,-1.8563354015350342,1.8563354015350342,0.0,0.0,1.8563354015350342,0.5833761692047119,-0.29168808460235596,0.0,0.0,0.0,0.0,1.9753459692001343,worst_uncertainty_stratified_mhz
7105,170.0,7,1.5267505645751953,-1.5267505645751953,1.5267505645751953,0.0,0.0,1.5267505645751953,0.5780699849128723,-0.28903499245643616,0.0,0.0,0.0,0.0,1.8336143493652344,worst_uncertainty_stratified_mhz
7635,170.0,7,1.4890636205673218,-1.4890636205673218,1.4890636205673218,0.0,0.0,1.4890636205673218,0.5726907849311829,-0.28634539246559143,0.0,0.0,0.0,0.0,1.7814527750015259,worst_uncertainty_stratified_mhz
6803,180.0,7,0.8581161499023438,-0.8581161499023438,0.8581161499023438,0.0,0.0,0.8581161499023438,0.570350706577301,-0.2851753532886505,0.0,0.0,0.0,0.0,2.1777305603027344,worst_uncertainty_stratified_mhz
7728,180.0,7,0.7513852119445801,-0.7513852119445801,0.7513852119445801,0.0,0.0,0.7513852119445801,0.5680882930755615,-0.28404414653778076,0.0,0.0,0.0,0.0,2.4504668712615967,worst_uncertainty_stratified_mhz
6453,180.0,7,0.7251620292663574,-0.7251620292663574,0.7251620292663574,0.0,0.0,0.7251620292663574,0.5699926018714905,-0.28499630093574524,0.0,0.0,0.0,0.0,2.2247188091278076,worst_uncertainty_stratified_mhz
6718,180.0,7,0.7240083813667297,-0.7240083813667297,0.7240083813667297,0.0,0.0,0.7240083813667297,0.5723016262054443,-0.28615081310272217,0.0,0.0,0.0,0.0,2.1595041751861572,worst_uncertainty_stratified_mhz
7172,200.0,7,0.6415441036224365,-0.6415441036224365,0.6415441036224365,0.0,0.0,0.6415441036224365,0.5657909512519836,-0.2828954756259918,0.0,0.0,0.0,0.0,4.891688823699951,worst_uncertainty_stratified_mhz
7517,200.0,7,0.5910360813140869,-0.5910360813140869,0.5910360813140869,0.0,0.0,0.5910360813140869,0.5652533173561096,-0.2826266586780548,0.0,0.0,0.0,0.0,4.69110107421875,worst_uncertainty_stratified_mhz
7118,200.0,7,0.5840961933135986,-0.5840961933135986,0.5840961933135986,0.0,0.0,0.5840961933135986,0.5645438432693481,-0.2822719216346741,0.0,0.0,0.0,0.0,5.195215225219727,worst_uncertainty_stratified_mhz
7981,200.0,7,0.5728318691253662,-0.5728318691253662,0.5728318691253662,0.0,0.0,0.5728318691253662,0.5628466010093689,-0.28142330050468445,0.0,0.0,0.0,0.0,4.586435317993164,worst_uncertainty_stratified_mhz
6877,200.0,7,0.5664003491401672,-0.5664003491401672,0.5664003491401672,0.0,0.0,0.5664003491401672,0.5622464418411255,-0.28112322092056274,0.0,0.0,0.0,0.0,4.21347188949585,worst_uncertainty_stratified_mhz
6911,200.0,7,0.5618932843208313,-0.5618932843208313,0.5618932843208313,0.0,0.0,0.5618932843208313,0.5637184977531433,-0.28185924887657166,0.0,0.0,0.0,0.0,3.7535130977630615,worst_uncertainty_stratified_mhz
7829,200.0,7,0.5601450204849243,-0.5601450204849243,0.5601450204849243,0.0,0.0,0.5601450204849243,0.5596625208854675,-0.27983126044273376,0.0,0.0,0.0,0.0,5.436118125915527,worst_uncertainty_stratified_mhz
7791,200.0,7,0.5563333034515381,-0.5563333034515381,0.5563333034515381,0.0,0.0,0.5563333034515381,0.5606381893157959,-0.28031909465789795,0.0,0.0,0.0,0.0,5.665299415588379,worst_uncertainty_stratified_mhz
7001,230.0,7,1.289729356765747,-1.289729356765747,1.289729356765747,0.0,0.0,1.289729356765747,0.5693612098693848,-0.2846806049346924,0.0,0.0,0.0,0.0,3.4094507694244385,worst_uncertainty_stratified_mhz
6795,230.0,7,1.2643418312072754,-1.2643418312072754,1.2643418312072754,0.0,0.0,1.2643418312072754,0.5666136145591736,-0.2833068072795868,0.0,0.0,0.0,0.0,4.5748610496521,worst_uncertainty_stratified_mhz
7965,230.0,7,1.185333013534546,-1.185333013534546,1.185333013534546,0.0,0.0,1.185333013534546,0.5655890107154846,-0.2827945053577423,0.0,0.0,0.0,0.0,3.8687713146209717,worst_uncertainty_stratified_mhz
7533,230.0,7,1.1711121797561646,-1.1711121797561646,1.1711121797561646,0.0,0.0,1.1711121797561646,0.5700898766517639,-0.28504493832588196,0.0,0.0,0.0,0.0,3.557720422744751,worst_uncertainty_stratified_mhz
7974,230.0,7,1.091813564300537,-1.091813564300537,1.091813564300537,0.0,0.0,1.091813564300537,0.5711755156517029,-0.28558775782585144,0.0,0.0,0.0,0.0,3.395305633544922,worst_uncertainty_stratified_mhz
6775,230.0,7,1.084427833557129,-1.084427833557129,1.084427833557129,0.0,0.0,1.084427833557129,0.5676451325416565,-0.28382256627082825,0.0,0.0,0.0,0.0,3.3872082233428955,worst_uncertainty_stratified_mhz
7216,230.0,7,1.0659030675888062,-1.0659030675888062,1.0659030675888062,0.0,0.0,1.0659030675888062,0.5724666118621826,-0.2862333059310913,0.0,0.0,0.0,0.0,4.3170247077941895,worst_uncertainty_stratified_mhz
6996,230.0,7,1.034809947013855,-1.034809947013855,1.034809947013855,0.0,0.0,1.034809947013855,0.5658047199249268,-0.2829023599624634,0.0,0.0,0.0,0.0,4.764985084533691,worst_uncertainty_stratified_mhz
6677,250.0,7,1.3888211250305176,-1.3888211250305176,1.3888211250305176,0.0,0.0,1.3888211250305176,0.5850714445114136,-0.2925357222557068,0.0,0.0,0.0,0.0,1.5308316946029663,worst_uncertainty_stratified_mhz
6417,250.0,7,1.2733585834503174,-1.2733585834503174,1.2733585834503174,0.0,0.0,1.2733585834503174,0.5748660564422607,-0.28743302822113037,0.0,0.0,0.0,0.0,1.9889097213745117,worst_uncertainty_stratified_mhz
6908,250.0,7,1.2295427322387695,-1.2295427322387695,1.2295427322387695,0.0,0.0,1.2295427322387695,0.5780401825904846,-0.2890200912952423,0.0,0.0,0.0,0.0,1.4890385866165161,worst_uncertainty_stratified_mhz
6702,250.0,7,1.1616061925888062,-1.1616061925888062,1.1616061925888062,0.0,0.0,1.1616061925888062,0.5747497081756592,-0.2873748540878296,0.0,0.0,0.0,0.0,1.665353536605835,worst_uncertainty_stratified_mhz
7640,250.0,7,1.1610462665557861,-1.1610462665557861,1.1610462665557861,0.0,0.0,1.1610462665557861,0.5920587182044983,-0.29602935910224915,0.0,0.0,0.0,0.0,1.6582671403884888,worst_uncertainty_stratified_mhz
7577,250.0,7,1.1501753330230713,-1.1501753330230713,1.1501753330230713,0.0,0.0,1.1501753330230713,0.572106659412384,-0.286053329706192,0.0,0.0,0.0,0.0,2.288339138031006,worst_uncertainty_stratified_mhz
6791,250.0,7,1.1193432807922363,-1.1193432807922363,1.1193432807922363,0.0,0.0,1.1193432807922363,0.5743023157119751,-0.28715115785598755,0.0,0.0,0.0,0.0,2.939270496368408,worst_uncertainty_stratified_mhz
6995,250.0,7,1.0873346328735352,-1.0873346328735352,1.0873346328735352,0.0,0.0,1.0873346328735352,0.5693760514259338,-0.2846880257129669,0.0,0.0,0.0,0.0,2.2080843448638916,worst_uncertainty_stratified_mhz
6441,250.0,7,1.076690435409546,-1.076690435409546,1.076690435409546,0.0,0.0,1.076690435409546,0.5702787637710571,-0.28513938188552856,0.0,0.0,0.0,0.0,2.2362091541290283,worst_uncertainty_stratified_mhz
7534,250.0,7,1.0667213201522827,-1.0667213201522827,1.0667213201522827,0.0,0.0,1.0667213201522827,0.5774948596954346,-0.2887474298477173,0.0,0.0,0.0,0.0,2.0003790855407715,worst_uncertainty_stratified_mhz
7933,250.0,7,1.0505878925323486,-1.0505878925323486,1.0505878925323486,0.0,0.0,1.0505878925323486,0.570422351360321,-0.2852111756801605,0.0,0.0,0.0,0.0,2.6377487182617188,worst_uncertainty_stratified_mhz
7431,250.0,7,1.0404187440872192,-1.0404187440872192,1.0404187440872192,0.0,0.0,1.0404187440872192,0.5647994875907898,-0.2823997437953949,0.0,0.0,0.0,0.0,4.103631019592285,worst_uncertainty_stratified_mhz
7513,265.0,7,0.5828731060028076,-0.5828731060028076,0.5828731060028076,0.0,0.0,0.5828731060028076,0.5681453347206116,-0.2840726673603058,0.0,0.0,0.0,0.0,3.522948741912842,worst_uncertainty_stratified_mhz
7479,265.0,7,0.5423668622970581,-0.5423668622970581,0.5423668622970581,0.0,0.0,0.5423668622970581,0.5652768015861511,-0.28263840079307556,0.0,0.0,0.0,0.0,4.008184909820557,worst_uncertainty_stratified_mhz
7518,265.0,7,0.5227605700492859,-0.5227605700492859,0.5227605700492859,0.0,0.0,0.5227605700492859,0.5621882081031799,-0.28109410405158997,0.0,0.0,0.0,0.0,3.2279629707336426,worst_uncertainty_stratified_mhz
7327,265.0,7,0.5149438977241516,-0.5149438977241516,0.5149438977241516,0.0,0.0,0.5149438977241516,0.5660070776939392,-0.2830035388469696,0.0,0.0,0.0,0.0,4.9123029708862305,worst_uncertainty_stratified_mhz
6420,265.0,7,0.509809672832489,-0.509809672832489,0.509809672832489,0.0,0.0,0.509809672832489,0.5635074377059937,-0.2817537188529968,0.0,0.0,0.0,0.0,5.082222938537598,worst_uncertainty_stratified_mhz
7993,265.0,7,0.4974501430988312,-0.4974501430988312,0.4974501430988312,0.0,0.0,0.4974501430988312,0.56532222032547,-0.282661110162735,0.0,0.0,0.0,0.0,3.60509991645813,worst_uncertainty_stratified_mhz
7656,265.0,7,0.4936694800853729,-0.4936694800853729,0.4936694800853729,0.0,0.0,0.4936694800853729,0.5621888637542725,-0.28109443187713623,0.0,0.0,0.0,0.0,3.962876796722412,worst_uncertainty_stratified_mhz
6740,265.0,7,0.4683043658733368,-0.4683043658733368,0.4683043658733368,0.0,0.0,0.4683043658733368,0.5684890747070312,-0.2842445373535156,0.0,0.0,0.0,0.0,3.944531202316284,worst_uncertainty_stratified_mhz
7914,265.0,7,0.4656757116317749,-0.4656757116317749,0.4656757116317749,0.0,0.0,0.4656757116317749,0.5615977644920349,-0.28079888224601746,0.0,0.0,0.0,0.0,4.3221635818481445,worst_uncertainty_stratified_mhz
7482,265.0,7,0.4618818163871765,-0.4618818163871765,0.4618818163871765,0.0,0.0,0.4618818163871765,0.5658475756645203,-0.28292378783226013,0.0,0.0,0.0,0.0,4.314967632293701,worst_uncertainty_stratified_mhz
7807,265.0,7,0.4590948820114136,-0.4590948820114136,0.4590948820114136,0.0,0.0,0.4590948820114136,0.5638401508331299,-0.28192007541656494,0.0,0.0,0.0,0.0,3.288306474685669,worst_uncertainty_stratified_mhz
7547,270.0,7,0.5820807218551636,-0.5820807218551636,0.5820807218551636,0.0,0.0,0.5820807218551636,0.5674800276756287,-0.28374001383781433,0.0,0.0,0.0,0.0,4.563933849334717,worst_uncertainty_stratified_mhz
6882,270.0,7,0.5280048251152039,-0.5280048251152039,0.5280048251152039,0.0,0.0,0.5280048251152039,0.5747146606445312,-0.2873573303222656,0.0,0.0,0.0,0.0,4.399445533752441,worst_uncertainty_stratified_mhz
7907,270.0,7,0.5279688835144043,-0.5279688835144043,0.5279688835144043,0.0,0.0,0.5279688835144043,0.565358579158783,-0.2826792895793915,0.0,0.0,0.0,0.0,4.036440372467041,worst_uncertainty_stratified_mhz
7215,270.0,7,0.5198845267295837,-0.5198845267295837,0.5198845267295837,0.0,0.0,0.5198845267295837,0.5634836554527283,-0.28174182772636414,0.0,0.0,0.0,0.0,5.525121688842773,worst_uncertainty_stratified_mhz
6733,270.0,7,0.5152812004089355,-0.5152812004089355,0.5152812004089355,0.0,0.0,0.5152812004089355,0.5639955401420593,-0.28199777007102966,0.0,0.0,0.0,0.0,3.8274545669555664,worst_uncertainty_stratified_mhz
7231,270.0,7,0.5110151767730713,-0.5110151767730713,0.5110151767730713,0.0,0.0,0.5110151767730713,0.5702047348022461,-0.28510236740112305,0.0,0.0,0.0,0.0,4.091936111450195,worst_uncertainty_stratified_mhz
6427,270.0,7,0.49956396222114563,-0.49956396222114563,0.49956396222114563,0.0,0.0,0.49956396222114563,0.5704300403594971,-0.28521502017974854,0.0,0.0,0.0,0.0,4.4311065673828125,worst_uncertainty_stratified_mhz
7262,280.0,7,0.6495258808135986,-0.6495258808135986,0.6495258808135986,0.0,0.0,0.6495258808135986,0.5843923687934875,-0.2921961843967438,0.0,0.0,0.0,0.0,3.42564058303833,worst_uncertainty_stratified_mhz
7104,280.0,7,0.5847710371017456,-0.5847710371017456,0.5847710371017456,0.0,0.0,0.5847710371017456,0.5665628910064697,-0.28328144550323486,0.0,0.0,0.0,0.0,3.244133234024048,worst_uncertainty_stratified_mhz
7287,280.0,7,0.5441415905952454,-0.5441415905952454,0.5441415905952454,0.0,0.0,0.5441415905952454,0.5634446144104004,-0.2817223072052002,0.0,0.0,0.0,0.0,4.235825538635254,worst_uncertainty_stratified_mhz
6895,280.0,7,0.5223995447158813,-0.5223995447158813,0.5223995447158813,0.0,0.0,0.5223995447158813,0.5644068717956543,-0.28220343589782715,0.0,0.0,0.0,0.0,3.706963062286377,worst_uncertainty_stratified_mhz
7671,280.0,7,0.5171809792518616,-0.5171809792518616,0.5171809792518616,0.0,0.0,0.5171809792518616,0.5681020617485046,-0.2840510308742523,0.0,0.0,0.0,0.0,4.2078447341918945,worst_uncertainty_stratified_mhz
6749,280.0,7,0.5151200294494629,-0.5151200294494629,0.5151200294494629,0.0,0.0,0.5151200294494629,0.5656778812408447,-0.28283894062042236,0.0,0.0,0.0,0.0,4.886266708374023,worst_uncertainty_stratified_mhz
7471,300.0,7,0.8163425326347351,-0.8163425326347351,0.8163425326347351,0.0,0.0,0.8163425326347351,0.5728986263275146,-0.2864493131637573,0.0,0.0,0.0,0.0,3.6677119731903076,worst_uncertainty_stratified_mhz
7525,300.0,7,0.7258937358856201,-0.7258937358856201,0.7258937358856201,0.0,0.0,0.7258937358856201,0.5670446157455444,-0.2835223078727722,0.0,0.0,0.0,0.0,3.5701489448547363,worst_uncertainty_stratified_mhz
7707,300.0,7,0.67331463098526,-0.67331463098526,0.67331463098526,0.0,0.0,0.67331463098526,0.5743480920791626,-0.2871740460395813,0.0,0.0,0.0,0.0,4.0755157470703125,worst_uncertainty_stratified_mhz
6614,300.0,7,0.6603127717971802,-0.6603127717971802,0.6603127717971802,0.0,0.0,0.6603127717971802,0.5720405578613281,-0.28602027893066406,0.0,0.0,0.0,0.0,3.545046806335449,worst_uncertainty_stratified_mhz
6549,300.0,7,0.6559451818466187,-0.6559451818466187,0.6559451818466187,0.0,0.0,0.6559451818466187,0.5679793953895569,-0.28398969769477844,0.0,0.0,0.0,0.0,3.5924410820007324,worst_uncertainty_stratified_mhz
7882,300.0,7,0.6475828886032104,-0.6475828886032104,0.6475828886032104,0.0,0.0,0.6475828886032104,0.5728435516357422,-0.2864217758178711,0.0,0.0,0.0,0.0,3.6885766983032227,worst_uncertainty_stratified_mhz
8323,120.0,8,0.7693613767623901,-0.7693613767623901,0.7693613767623901,0.0,0.0,0.7693613767623901,0.5719423890113831,-0.28597119450569153,0.0,0.0,0.0,0.0,6.157663822174072,worst_uncertainty_stratified_mhz
8232,120.0,8,0.7441980838775635,-0.7441980838775635,0.7441980838775635,0.0,0.0,0.7441980838775635,0.567873477935791,-0.2839367389678955,0.0,0.0,0.0,0.0,5.7208404541015625,worst_uncertainty_stratified_mhz
8594,120.0,8,0.6965624094009399,-0.6965624094009399,0.6965624094009399,0.0,0.0,0.6965624094009399,0.5670376420021057,-0.28351882100105286,0.0,0.0,0.0,0.0,7.505141735076904,worst_uncertainty_stratified_mhz
8888,150.0,8,1.5891015529632568,-1.5891015529632568,1.5891015529632568,0.0,0.0,1.5891015529632568,0.5753020644187927,-0.28765103220939636,0.0,0.0,0.0,0.0,7.593251705169678,worst_uncertainty_stratified_mhz
9322,150.0,8,1.2278193235397339,-1.2278193235397339,1.2278193235397339,0.0,0.0,1.2278193235397339,0.5651997327804565,-0.28259986639022827,0.0,0.0,0.0,0.0,6.968107223510742,worst_uncertainty_stratified_mhz
8128,150.0,8,1.219919204711914,-1.219919204711914,1.219919204711914,0.0,0.0,1.219919204711914,0.5849635004997253,-0.29248175024986267,0.0,0.0,0.0,0.0,7.489170074462891,worst_uncertainty_stratified_mhz
8736,150.0,8,1.1643249988555908,-1.1643249988555908,1.1643249988555908,0.0,0.0,1.1643249988555908,0.5647097826004028,-0.2823548913002014,0.0,0.0,0.0,0.0,9.249396324157715,worst_uncertainty_stratified_mhz
8552,155.0,8,0.8598827123641968,-0.8598827123641968,0.8598827123641968,0.0,0.0,0.8598827123641968,0.5617668032646179,-0.28088340163230896,0.0,0.0,0.0,0.0,4.0317230224609375,worst_uncertainty_stratified_mhz
9284,155.0,8,0.832490086555481,-0.832490086555481,0.832490086555481,0.0,0.0,0.832490086555481,0.5667197108268738,-0.2833598554134369,0.0,0.0,0.0,0.0,4.235525131225586,worst_uncertainty_stratified_mhz
8950,155.0,8,0.7844659686088562,-0.7844659686088562,0.7844659686088562,0.0,0.0,0.7844659686088562,0.5607010126113892,-0.2803505063056946,0.0,0.0,0.0,0.0,3.9528489112854004,worst_uncertainty_stratified_mhz
8123,155.0,8,0.7832105159759521,-0.7832105159759521,0.7832105159759521,0.0,0.0,0.7832105159759521,0.564578652381897,-0.2822893261909485,0.0,0.0,0.0,0.0,4.0387701988220215,worst_uncertainty_stratified_mhz
9468,155.0,8,0.7815274000167847,-0.7815274000167847,0.7815274000167847,0.0,0.0,0.7815274000167847,0.5596315860748291,-0.27981579303741455,0.0,0.0,0.0,0.0,3.8530373573303223,worst_uncertainty_stratified_mhz
8832,155.0,8,0.7723375558853149,-0.7723375558853149,0.7723375558853149,0.0,0.0,0.7723375558853149,0.5681529641151428,-0.2840764820575714,0.0,0.0,0.0,0.0,3.7874679565429688,worst_uncertainty_stratified_mhz
8497,155.0,8,0.7593936920166016,-0.7593936920166016,0.7593936920166016,0.0,0.0,0.7593936920166016,0.5643725395202637,-0.28218626976013184,0.0,0.0,0.0,0.0,3.5155386924743652,worst_uncertainty_stratified_mhz
9133,155.0,8,0.7498962879180908,-0.7498962879180908,0.7498962879180908,0.0,0.0,0.7498962879180908,0.563082218170166,-0.281541109085083,0.0,0.0,0.0,0.0,4.314119338989258,worst_uncertainty_stratified_mhz
9118,170.0,8,1.8671460151672363,-1.8671460151672363,1.8671460151672363,0.0,0.0,1.8671460151672363,0.5769650936126709,-0.28848254680633545,0.0,0.0,0.0,0.0,4.552565097808838,worst_uncertainty_stratified_mhz
9043,170.0,8,1.7967031002044678,-1.7967031002044678,1.7967031002044678,0.0,0.0,1.7967031002044678,0.5804758667945862,-0.2902379333972931,0.0,0.0,0.0,0.0,2.5387792587280273,worst_uncertainty_stratified_mhz
9409,170.0,8,1.7829179763793945,-1.7829179763793945,1.7829179763793945,0.0,0.0,1.7829179763793945,0.5780900120735168,-0.2890450060367584,0.0,0.0,0.0,0.0,1.7995284795761108,worst_uncertainty_stratified_mhz
8783,180.0,8,1.9386892318725586,-1.9386892318725586,1.9386892318725586,0.0,0.0,1.9386892318725586,0.5681688189506531,-0.28408440947532654,0.0,0.0,0.0,0.0,1.838761329650879,worst_uncertainty_stratified_mhz
8850,180.0,8,1.9071037769317627,-1.9071037769317627,1.9071037769317627,0.0,0.0,1.9071037769317627,0.5734425187110901,-0.28672125935554504,0.0,0.0,0.0,0.0,1.8454699516296387,worst_uncertainty_stratified_mhz
9145,180.0,8,1.8907525539398193,-1.8907525539398193,1.8907525539398193,0.0,0.0,1.8907525539398193,0.5678640007972717,-0.28393200039863586,0.0,0.0,0.0,0.0,2.3112988471984863,worst_uncertainty_stratified_mhz
9376,180.0,8,1.7664377689361572,-1.7664377689361572,1.7664377689361572,0.0,0.0,1.7664377689361572,0.581070601940155,-0.2905353009700775,0.0,0.0,0.0,0.0,1.9419159889221191,worst_uncertainty_stratified_mhz
8477,200.0,8,0.5352064967155457,-0.5352064967155457,0.5352064967155457,0.0,0.0,0.5352064967155457,0.5623481869697571,-0.28117409348487854,0.0,0.0,0.0,0.0,3.18318772315979,worst_uncertainty_stratified_mhz
9139,200.0,8,0.5211279392242432,-0.5211279392242432,0.5211279392242432,0.0,0.0,0.5211279392242432,0.5597354769706726,-0.2798677384853363,0.0,0.0,0.0,0.0,2.4160027503967285,worst_uncertainty_stratified_mhz
8639,200.0,8,0.5189303755760193,-0.5189303755760193,0.5189303755760193,0.0,0.0,0.5189303755760193,0.5630935430526733,-0.28154677152633667,0.0,0.0,0.0,0.0,4.404073715209961,worst_uncertainty_stratified_mhz
8247,200.0,8,0.4959053695201874,-0.4959053695201874,0.4959053695201874,0.0,0.0,0.4959053695201874,0.5666618347167969,-0.28333091735839844,0.0,0.0,0.0,0.0,3.0521721839904785,worst_uncertainty_stratified_mhz
9227,200.0,8,0.48927369713783264,-0.48927369713783264,0.48927369713783264,0.0,0.0,0.48927369713783264,0.5682383179664612,-0.2841191589832306,0.0,0.0,0.0,0.0,2.3317642211914062,worst_uncertainty_stratified_mhz
8393,200.0,8,0.48694390058517456,-0.48694390058517456,0.48694390058517456,0.0,0.0,0.48694390058517456,0.570338249206543,-0.2851691246032715,0.0,0.0,0.0,0.0,3.519440174102783,worst_uncertainty_stratified_mhz
9267,200.0,8,0.4815933108329773,-0.4815933108329773,0.4815933108329773,0.0,0.0,0.4815933108329773,0.5655500292778015,-0.28277501463890076,0.0,0.0,0.0,0.0,2.3205089569091797,worst_uncertainty_stratified_mhz
9109,200.0,8,0.4716331958770752,-0.4716331958770752,0.4716331958770752,0.0,0.0,0.4716331958770752,0.5668729543685913,-0.28343647718429565,0.0,0.0,0.0,0.0,3.1677165031433105,worst_uncertainty_stratified_mhz
8528,230.0,8,1.153334617614746,-1.153334617614746,1.153334617614746,0.0,0.0,1.153334617614746,0.5703794360160828,-0.2851897180080414,0.0,0.0,0.0,0.0,4.326103210449219,worst_uncertainty_stratified_mhz
9173,230.0,8,1.0871326923370361,-1.0871326923370361,1.0871326923370361,0.0,0.0,1.0871326923370361,0.5672527551651001,-0.28362637758255005,0.0,0.0,0.0,0.0,3.6036930084228516,worst_uncertainty_stratified_mhz
9584,230.0,8,1.085601806640625,-1.085601806640625,1.085601806640625,0.0,0.0,1.085601806640625,0.5646557807922363,-0.28232789039611816,0.0,0.0,0.0,0.0,4.215491771697998,worst_uncertainty_stratified_mhz
9310,230.0,8,1.0753486156463623,-1.0753486156463623,1.0753486156463623,0.0,0.0,1.0753486156463623,0.571923017501831,-0.2859615087509155,0.0,0.0,0.0,0.0,4.953664302825928,worst_uncertainty_stratified_mhz
8519,230.0,8,1.0253233909606934,-1.0253233909606934,1.0253233909606934,0.0,0.0,1.0253233909606934,0.568088948726654,-0.284044474363327,0.0,0.0,0.0,0.0,4.562148571014404,worst_uncertainty_stratified_mhz
9537,230.0,8,1.0036065578460693,-1.0036065578460693,1.0036065578460693,0.0,0.0,1.0036065578460693,0.568391740322113,-0.2841958701610565,0.0,0.0,0.0,0.0,5.119398593902588,worst_uncertainty_stratified_mhz
8290,230.0,8,0.9828857183456421,-0.9828857183456421,0.9828857183456421,0.0,0.0,0.9828857183456421,0.5675543546676636,-0.2837771773338318,0.0,0.0,0.0,0.0,4.41089391708374,worst_uncertainty_stratified_mhz
8692,230.0,8,0.982715368270874,-0.982715368270874,0.982715368270874,0.0,0.0,0.982715368270874,0.5691027045249939,-0.28455135226249695,0.0,0.0,0.0,0.0,6.455358982086182,worst_uncertainty_stratified_mhz
9465,250.0,8,1.4084434509277344,-1.4084434509277344,1.4084434509277344,0.0,0.0,1.4084434509277344,0.5756937265396118,-0.2878468632698059,0.0,0.0,0.0,0.0,1.6045827865600586,worst_uncertainty_stratified_mhz
8556,250.0,8,1.2889553308486938,-1.2889553308486938,1.2889553308486938,0.0,0.0,1.2889553308486938,0.5733272433280945,-0.28666362166404724,0.0,0.0,0.0,0.0,2.0548839569091797,worst_uncertainty_stratified_mhz
8246,250.0,8,1.269106388092041,-1.269106388092041,1.269106388092041,0.0,0.0,1.269106388092041,0.5739149451255798,-0.2869574725627899,0.0,0.0,0.0,0.0,2.044323444366455,worst_uncertainty_stratified_mhz
8040,250.0,8,1.2667803764343262,-1.2667803764343262,1.2667803764343262,0.0,0.0,1.2667803764343262,0.5784056782722473,-0.28920283913612366,0.0,0.0,0.0,0.0,2.147160530090332,worst_uncertainty_stratified_mhz
8972,250.0,8,1.2590694427490234,-1.2590694427490234,1.2590694427490234,0.0,0.0,1.2590694427490234,0.5739578008651733,-0.28697890043258667,0.0,0.0,0.0,0.0,1.5646859407424927,worst_uncertainty_stratified_mhz
9163,250.0,8,1.2349238395690918,-1.2349238395690918,1.2349238395690918,0.0,0.0,1.2349238395690918,0.5721844434738159,-0.28609222173690796,0.0,0.0,0.0,0.0,2.5845072269439697,worst_uncertainty_stratified_mhz
9176,250.0,8,1.2333238124847412,-1.2333238124847412,1.2333238124847412,0.0,0.0,1.2333238124847412,0.572269856929779,-0.2861349284648895,0.0,0.0,0.0,0.0,2.456685781478882,worst_uncertainty_stratified_mhz
8495,250.0,8,1.2032830715179443,-1.2032830715179443,1.2032830715179443,0.0,0.0,1.2032830715179443,0.5851556658744812,-0.2925778329372406,0.0,0.0,0.0,0.0,1.9654120206832886,worst_uncertainty_stratified_mhz
8437,250.0,8,1.1953339576721191,-1.1953339576721191,1.1953339576721191,0.0,0.0,1.1953339576721191,0.5724232196807861,-0.28621160984039307,0.0,0.0,0.0,0.0,2.313527822494507,worst_uncertainty_stratified_mhz
9442,250.0,8,1.1792948246002197,-1.1792948246002197,1.1792948246002197,0.0,0.0,1.1792948246002197,0.5700879096984863,-0.28504395484924316,0.0,0.0,0.0,0.0,2.321227788925171,worst_uncertainty_stratified_mhz
8283,250.0,8,1.165095567703247,-1.165095567703247,1.165095567703247,0.0,0.0,1.165095567703247,0.5743967294692993,-0.28719836473464966,0.0,0.0,0.0,0.0,2.050096035003662,worst_uncertainty_stratified_mhz
9172,250.0,8,1.1516079902648926,-1.1516079902648926,1.1516079902648926,0.0,0.0,1.1516079902648926,0.5814703106880188,-0.2907351553440094,0.0,0.0,0.0,0.0,1.773414969444275,worst_uncertainty_stratified_mhz
8059,265.0,8,0.6138486862182617,-0.6138486862182617,0.6138486862182617,0.0,0.0,0.6138486862182617,0.5662313103675842,-0.2831156551837921,0.0,0.0,0.0,0.0,3.797045946121216,worst_uncertainty_stratified_mhz
8787,265.0,8,0.5834280252456665,-0.5834280252456665,0.5834280252456665,0.0,0.0,0.5834280252456665,0.5633827447891235,-0.28169137239456177,0.0,0.0,0.0,0.0,3.4721662998199463,worst_uncertainty_stratified_mhz
8855,265.0,8,0.5728195905685425,-0.5728195905685425,0.5728195905685425,0.0,0.0,0.5728195905685425,0.5677849054336548,-0.2838924527168274,0.0,0.0,0.0,0.0,2.6300277709960938,worst_uncertainty_stratified_mhz
8835,265.0,8,0.5682644248008728,-0.5682644248008728,0.5682644248008728,0.0,0.0,0.5682644248008728,0.566009521484375,-0.2830047607421875,0.0,0.0,0.0,0.0,3.8181631565093994,worst_uncertainty_stratified_mhz
9324,265.0,8,0.5368689894676208,-0.5368689894676208,0.5368689894676208,0.0,0.0,0.5368689894676208,0.5630946755409241,-0.28154733777046204,0.0,0.0,0.0,0.0,3.583573341369629,worst_uncertainty_stratified_mhz
8782,265.0,8,0.5342891812324524,-0.5342891812324524,0.5342891812324524,0.0,0.0,0.5342891812324524,0.5644745826721191,-0.28223729133605957,0.0,0.0,0.0,0.0,3.4405884742736816,worst_uncertainty_stratified_mhz
8127,265.0,8,0.533115804195404,-0.533115804195404,0.533115804195404,0.0,0.0,0.533115804195404,0.5805731415748596,-0.2902865707874298,0.0,0.0,0.0,0.0,4.400993824005127,worst_uncertainty_stratified_mhz
8238,265.0,8,0.5299949645996094,-0.5299949645996094,0.5299949645996094,0.0,0.0,0.5299949645996094,0.5644315481185913,-0.28221577405929565,0.0,0.0,0.0,0.0,3.6748178005218506,worst_uncertainty_stratified_mhz
8036,265.0,8,0.5221046805381775,-0.5221046805381775,0.5221046805381775,0.0,0.0,0.5221046805381775,0.5674194693565369,-0.28370973467826843,0.0,0.0,0.0,0.0,4.228347301483154,worst_uncertainty_stratified_mhz
8590,265.0,8,0.5166191458702087,-0.5166191458702087,0.5166191458702087,0.0,0.0,0.5166191458702087,0.5607144832611084,-0.2803572416305542,0.0,0.0,0.0,0.0,2.8721814155578613,worst_uncertainty_stratified_mhz
8422,265.0,8,0.5152435898780823,-0.5152435898780823,0.5152435898780823,0.0,0.0,0.5152435898780823,0.5599084496498108,-0.2799542248249054,0.0,0.0,0.0,0.0,3.384352445602417,worst_uncertainty_stratified_mhz
8554,270.0,8,0.5418637990951538,-0.5418637990951538,0.5418637990951538,0.0,0.0,0.5418637990951538,0.563602864742279,-0.2818014323711395,0.0,0.0,0.0,0.0,3.137134552001953,worst_uncertainty_stratified_mhz
8369,270.0,8,0.5310415625572205,-0.5310415625572205,0.5310415625572205,0.0,0.0,0.5310415625572205,0.5711082220077515,-0.28555411100387573,0.0,0.0,0.0,0.0,4.158742904663086,worst_uncertainty_stratified_mhz
8047,270.0,8,0.5243581533432007,-0.5243581533432007,0.5243581533432007,0.0,0.0,0.5243581533432007,0.5620996952056885,-0.28104984760284424,0.0,0.0,0.0,0.0,4.154300689697266,worst_uncertainty_stratified_mhz
8948,270.0,8,0.5167750120162964,-0.5167750120162964,0.5167750120162964,0.0,0.0,0.5167750120162964,0.562656044960022,-0.281328022480011,0.0,0.0,0.0,0.0,4.118412017822266,worst_uncertainty_stratified_mhz
8031,270.0,8,0.5112486481666565,-0.5112486481666565,0.5112486481666565,0.0,0.0,0.5112486481666565,0.5649058222770691,-0.28245291113853455,0.0,0.0,0.0,0.0,4.869590759277344,worst_uncertainty_stratified_mhz
9264,270.0,8,0.5061178803443909,-0.5061178803443909,0.5061178803443909,0.0,0.0,0.5061178803443909,0.5636304616928101,-0.28181523084640503,0.0,0.0,0.0,0.0,3.5514752864837646,worst_uncertainty_stratified_mhz
9274,270.0,8,0.5055036544799805,-0.5055036544799805,0.5055036544799805,0.0,0.0,0.5055036544799805,0.5641193389892578,-0.2820596694946289,0.0,0.0,0.0,0.0,4.247074127197266,worst_uncertainty_stratified_mhz
8803,280.0,8,0.5857020020484924,-0.5857020020484924,0.5857020020484924,0.0,0.0,0.5857020020484924,0.5693628787994385,-0.28468143939971924,0.0,0.0,0.0,0.0,4.069069862365723,worst_uncertainty_stratified_mhz
9100,280.0,8,0.5632092356681824,-0.5632092356681824,0.5632092356681824,0.0,0.0,0.5632092356681824,0.5648954510688782,-0.2824477255344391,0.0,0.0,0.0,0.0,4.3725266456604,worst_uncertainty_stratified_mhz
9280,280.0,8,0.5406121611595154,-0.5406121611595154,0.5406121611595154,0.0,0.0,0.5406121611595154,0.5653165578842163,-0.28265827894210815,0.0,0.0,0.0,0.0,4.227816581726074,worst_uncertainty_stratified_mhz
8880,280.0,8,0.5322943925857544,-0.5322943925857544,0.5322943925857544,0.0,0.0,0.5322943925857544,0.5637407302856445,-0.28187036514282227,0.0,0.0,0.0,0.0,3.387274742126465,worst_uncertainty_stratified_mhz
8784,280.0,8,0.5258830785751343,-0.5258830785751343,0.5258830785751343,0.0,0.0,0.5258830785751343,0.5663161873817444,-0.2831580936908722,0.0,0.0,0.0,0.0,4.175718307495117,worst_uncertainty_stratified_mhz
8207,280.0,8,0.5182251930236816,-0.5182251930236816,0.5182251930236816,0.0,0.0,0.5182251930236816,0.5678251385688782,-0.2839125692844391,0.0,0.0,0.0,0.0,5.133207321166992,worst_uncertainty_stratified_mhz
9420,300.0,8,0.8451594710350037,-0.8451594710350037,0.8451594710350037,0.0,0.0,0.8451594710350037,0.5765929818153381,-0.28829649090766907,0.0,0.0,0.0,0.0,3.860347270965576,worst_uncertainty_stratified_mhz
8725,300.0,8,0.7704916000366211,-0.7704916000366211,0.7704916000366211,0.0,0.0,0.7704916000366211,0.5737603306770325,-0.28688016533851624,0.0,0.0,0.0,0.0,3.986166000366211,worst_uncertainty_stratified_mhz
8472,300.0,8,0.7469721436500549,-0.7469721436500549,0.7469721436500549,0.0,0.0,0.7469721436500549,0.57110995054245,-0.285554975271225,0.0,0.0,0.0,0.0,3.712555170059204,worst_uncertainty_stratified_mhz
9167,300.0,8,0.7217882871627808,-0.7217882871627808,0.7217882871627808,0.0,0.0,0.7217882871627808,0.5766204595565796,-0.2883102297782898,0.0,0.0,0.0,0.0,3.5331039428710938,worst_uncertainty_stratified_mhz
8186,300.0,8,0.6598119735717773,-0.6598119735717773,0.6598119735717773,0.0,0.0,0.6598119735717773,0.5660216808319092,-0.2830108404159546,0.0,0.0,0.0,0.0,4.391068458557129,worst_uncertainty_stratified_mhz
9521,300.0,8,0.6471155881881714,-0.6471155881881714,0.6471155881881714,0.0,0.0,0.6471155881881714,0.5675389170646667,-0.2837694585323334,0.0,0.0,0.0,0.0,4.434357643127441,worst_uncertainty_stratified_mhz
11055,120.0,9,0.7205959558486938,-0.7205959558486938,0.7205959558486938,0.0,0.0,0.7205959558486938,0.578559160232544,-0.289279580116272,0.0,0.0,0.0,0.0,6.707759857177734,worst_uncertainty_stratified_mhz
10882,120.0,9,0.5989588499069214,-0.5989588499069214,0.5989588499069214,0.0,0.0,0.5989588499069214,0.5618847608566284,-0.2809423804283142,0.0,0.0,0.0,0.0,4.384113311767578,worst_uncertainty_stratified_mhz
10334,120.0,9,0.5698380470275879,-0.5698380470275879,0.5698380470275879,0.0,0.0,0.5698380470275879,0.5784898400306702,-0.2892449200153351,0.0,0.0,0.0,0.0,3.60417103767395,worst_uncertainty_stratified_mhz
10632,150.0,9,1.1531589031219482,-1.1531589031219482,1.1531589031219482,0.0,0.0,1.1531589031219482,0.5808596611022949,-0.29042983055114746,0.0,0.0,0.0,0.0,10.268915176391602,worst_uncertainty_stratified_mhz
10440,150.0,9,1.0243760347366333,-1.0243760347366333,1.0243760347366333,0.0,0.0,1.0243760347366333,0.569673478603363,-0.2848367393016815,0.0,0.0,0.0,0.0,10.787248611450195,worst_uncertainty_stratified_mhz
11175,150.0,9,0.9826509952545166,-0.9826509952545166,0.9826509952545166,0.0,0.0,0.9826509952545166,0.5677162408828735,-0.28385812044143677,0.0,0.0,0.0,0.0,7.4764084815979,worst_uncertainty_stratified_mhz
10447,150.0,9,0.9659394025802612,-0.9659394025802612,0.9659394025802612,0.0,0.0,0.9659394025802612,0.5642958283424377,-0.28214791417121887,0.0,0.0,0.0,0.0,12.741957664489746,worst_uncertainty_stratified_mhz
10479,155.0,9,0.9804353713989258,-0.9804353713989258,0.9804353713989258,0.0,0.0,0.9804353713989258,0.5712270736694336,-0.2856135368347168,0.0,0.0,0.0,0.0,4.341104030609131,worst_uncertainty_stratified_mhz
10078,155.0,9,0.8768653869628906,-0.8768653869628906,0.8768653869628906,0.0,0.0,0.8768653869628906,0.567169725894928,-0.283584862947464,0.0,0.0,0.0,0.0,4.829068183898926,worst_uncertainty_stratified_mhz
10540,155.0,9,0.8534888029098511,-0.8534888029098511,0.8534888029098511,0.0,0.0,0.8534888029098511,0.5675823092460632,-0.2837911546230316,0.0,0.0,0.0,0.0,3.6879031658172607,worst_uncertainty_stratified_mhz
11106,155.0,9,0.8479034900665283,-0.8479034900665283,0.8479034900665283,0.0,0.0,0.8479034900665283,0.5626556873321533,-0.28132784366607666,0.0,0.0,0.0,0.0,4.228770732879639,worst_uncertainty_stratified_mhz
10415,155.0,9,0.8473306894302368,-0.8473306894302368,0.8473306894302368,0.0,0.0,0.8473306894302368,0.5600217580795288,-0.2800108790397644,0.0,0.0,0.0,0.0,4.755823612213135,worst_uncertainty_stratified_mhz
10830,155.0,9,0.8335738182067871,-0.8335738182067871,0.8335738182067871,0.0,0.0,0.8335738182067871,0.567516028881073,-0.2837580144405365,0.0,0.0,0.0,0.0,4.312560081481934,worst_uncertainty_stratified_mhz
10802,155.0,9,0.8234876394271851,-0.8234876394271851,0.8234876394271851,0.0,0.0,0.8234876394271851,0.5651159882545471,-0.28255799412727356,0.0,0.0,0.0,0.0,4.304598331451416,worst_uncertainty_stratified_mhz
10454,155.0,9,0.8233320713043213,-0.8233320713043213,0.8233320713043213,0.0,0.0,0.8233320713043213,0.5650391578674316,-0.2825195789337158,0.0,0.0,0.0,0.0,3.5430424213409424,worst_uncertainty_stratified_mhz
10316,170.0,9,1.639843225479126,-1.639843225479126,1.639843225479126,0.0,0.0,1.639843225479126,0.5863316655158997,-0.29316583275794983,0.0,0.0,0.0,0.0,2.871060609817505,worst_uncertainty_stratified_mhz
10217,170.0,9,1.5896236896514893,-1.5896236896514893,1.5896236896514893,0.0,0.0,1.5896236896514893,0.5757913589477539,-0.28789567947387695,0.0,0.0,0.0,0.0,2.9714174270629883,worst_uncertainty_stratified_mhz
10689,170.0,9,1.5474929809570312,-1.5474929809570312,1.5474929809570312,0.0,0.0,1.5474929809570312,0.5681572556495667,-0.2840786278247833,0.0,0.0,0.0,0.0,4.1447319984436035,worst_uncertainty_stratified_mhz
9670,180.0,9,1.8443782329559326,-1.8443782329559326,1.8443782329559326,0.0,0.0,1.8443782329559326,0.5754590630531311,-0.28772953152656555,0.0,0.0,0.0,0.0,2.2700963020324707,worst_uncertainty_stratified_mhz
9631,180.0,9,1.8248248100280762,-1.8248248100280762,1.8248248100280762,0.0,0.0,1.8248248100280762,0.5742960572242737,-0.28714802861213684,0.0,0.0,0.0,0.0,2.021740436553955,worst_uncertainty_stratified_mhz
10400,180.0,9,1.8155291080474854,-1.8155291080474854,1.8155291080474854,0.0,0.0,1.8155291080474854,0.5738371014595032,-0.2869185507297516,0.0,0.0,0.0,0.0,2.965195417404175,worst_uncertainty_stratified_mhz
11003,180.0,9,1.7348556518554688,-1.7348556518554688,1.7348556518554688,0.0,0.0,1.7348556518554688,0.571998655796051,-0.2859993278980255,0.0,0.0,0.0,0.0,4.164246559143066,worst_uncertainty_stratified_mhz
9717,200.0,9,0.7150788307189941,-0.7150788307189941,0.7150788307189941,0.0,0.0,0.7150788307189941,0.5682929158210754,-0.2841464579105377,0.0,0.0,0.0,0.0,1.7333468198776245,worst_uncertainty_stratified_mhz
11072,200.0,9,0.6866945624351501,-0.6866945624351501,0.6866945624351501,0.0,0.0,0.6866945624351501,0.5716896057128906,-0.2858448028564453,0.0,0.0,0.0,0.0,1.7940773963928223,worst_uncertainty_stratified_mhz
10683,200.0,9,0.6863409876823425,-0.6863409876823425,0.6863409876823425,0.0,0.0,0.6863409876823425,0.5682010054588318,-0.2841005027294159,0.0,0.0,0.0,0.0,1.8466914892196655,worst_uncertainty_stratified_mhz
9608,200.0,9,0.6830285787582397,-0.6830285787582397,0.6830285787582397,0.0,0.0,0.6830285787582397,0.5660879611968994,-0.2830439805984497,0.0,0.0,0.0,0.0,1.9988512992858887,worst_uncertainty_stratified_mhz
9770,200.0,9,0.671809732913971,-0.671809732913971,0.671809732913971,0.0,0.0,0.671809732913971,0.57088702917099,-0.285443514585495,0.0,0.0,0.0,0.0,1.8197524547576904,worst_uncertainty_stratified_mhz
9945,200.0,9,0.6595089435577393,-0.6595089435577393,0.6595089435577393,0.0,0.0,0.6595089435577393,0.5651518702507019,-0.28257593512535095,0.0,0.0,0.0,0.0,1.8714710474014282,worst_uncertainty_stratified_mhz
11099,200.0,9,0.6396543383598328,-0.6396543383598328,0.6396543383598328,0.0,0.0,0.6396543383598328,0.5697663426399231,-0.28488317131996155,0.0,0.0,0.0,0.0,1.9343152046203613,worst_uncertainty_stratified_mhz
9757,200.0,9,0.6374065279960632,-0.6374065279960632,0.6374065279960632,0.0,0.0,0.6374065279960632,0.5741888880729675,-0.28709444403648376,0.0,0.0,0.0,0.0,1.8971221446990967,worst_uncertainty_stratified_mhz
9840,230.0,9,1.1350321769714355,-1.1350321769714355,1.1350321769714355,0.0,0.0,1.1350321769714355,0.5721874237060547,-0.28609371185302734,0.0,0.0,0.0,0.0,5.106410503387451,worst_uncertainty_stratified_mhz
9865,230.0,9,1.0923635959625244,-1.0923635959625244,1.0923635959625244,0.0,0.0,1.0923635959625244,0.5673394203186035,-0.28366971015930176,0.0,0.0,0.0,0.0,3.87919545173645,worst_uncertainty_stratified_mhz
11196,230.0,9,1.0827800035476685,-1.0827800035476685,1.0827800035476685,0.0,0.0,1.0827800035476685,0.5801429748535156,-0.2900714874267578,0.0,0.0,0.0,0.0,6.484942436218262,worst_uncertainty_stratified_mhz
9723,230.0,9,0.9755218625068665,-0.9755218625068665,0.9755218625068665,0.0,0.0,0.9755218625068665,0.5714301466941833,-0.2857150733470917,0.0,0.0,0.0,0.0,4.596080780029297,worst_uncertainty_stratified_mhz
10406,230.0,9,0.9222233295440674,-0.9222233295440674,0.9222233295440674,0.0,0.0,0.9222233295440674,0.570349395275116,-0.285174697637558,0.0,0.0,0.0,0.0,5.469490051269531,worst_uncertainty_stratified_mhz
11129,230.0,9,0.903928279876709,-0.903928279876709,0.903928279876709,0.0,0.0,0.903928279876709,0.5694729089736938,-0.2847364544868469,0.0,0.0,0.0,0.0,5.154294490814209,worst_uncertainty_stratified_mhz
10082,230.0,9,0.8868347406387329,-0.8868347406387329,0.8868347406387329,0.0,0.0,0.8868347406387329,0.569473147392273,-0.2847365736961365,0.0,0.0,0.0,0.0,6.129395961761475,worst_uncertainty_stratified_mhz
10093,230.0,9,0.8703550100326538,-0.8703550100326538,0.8703550100326538,0.0,0.0,0.8703550100326538,0.5697420835494995,-0.28487104177474976,0.0,0.0,0.0,0.0,4.7944512367248535,worst_uncertainty_stratified_mhz
10267,250.0,9,1.2938898801803589,-1.2938898801803589,1.2938898801803589,0.0,0.0,1.2938898801803589,0.5678229331970215,-0.28391146659851074,0.0,0.0,0.0,0.0,2.670538902282715,worst_uncertainty_stratified_mhz
10095,250.0,9,1.2054824829101562,-1.2054824829101562,1.2054824829101562,0.0,0.0,1.2054824829101562,0.5802125334739685,-0.29010626673698425,0.0,0.0,0.0,0.0,1.9015986919403076,worst_uncertainty_stratified_mhz
10967,250.0,9,1.1683781147003174,-1.1683781147003174,1.1683781147003174,0.0,0.0,1.1683781147003174,0.576302170753479,-0.2881510853767395,0.0,0.0,0.0,0.0,2.5175108909606934,worst_uncertainty_stratified_mhz
10374,250.0,9,1.1514909267425537,-1.1514909267425537,1.1514909267425537,0.0,0.0,1.1514909267425537,0.567486047744751,-0.2837430238723755,0.0,0.0,0.0,0.0,2.5676984786987305,worst_uncertainty_stratified_mhz
9708,250.0,9,1.1407110691070557,-1.1407110691070557,1.1407110691070557,0.0,0.0,1.1407110691070557,0.5703083276748657,-0.28515416383743286,0.0,0.0,0.0,0.0,2.3086254596710205,worst_uncertainty_stratified_mhz
10676,250.0,9,1.1372509002685547,-1.1372509002685547,1.1372509002685547,0.0,0.0,1.1372509002685547,0.5751492381095886,-0.2875746190547943,0.0,0.0,0.0,0.0,2.2313501834869385,worst_uncertainty_stratified_mhz
10325,250.0,9,1.119986891746521,-1.119986891746521,1.119986891746521,0.0,0.0,1.119986891746521,0.5694032907485962,-0.2847016453742981,0.0,0.0,0.0,0.0,2.390793561935425,worst_uncertainty_stratified_mhz
10066,250.0,9,1.1080036163330078,-1.1080036163330078,1.1080036163330078,0.0,0.0,1.1080036163330078,0.5693269968032837,-0.28466349840164185,0.0,0.0,0.0,0.0,2.6947295665740967,worst_uncertainty_stratified_mhz
10732,250.0,9,1.0667474269866943,-1.0667474269866943,1.0667474269866943,0.0,0.0,1.0667474269866943,0.5674910545349121,-0.28374552726745605,0.0,0.0,0.0,0.0,1.7034132480621338,worst_uncertainty_stratified_mhz
10058,250.0,9,1.0540449619293213,-1.0540449619293213,1.0540449619293213,0.0,0.0,1.0540449619293213,0.5630863904953003,-0.28154319524765015,0.0,0.0,0.0,0.0,2.382296085357666,worst_uncertainty_stratified_mhz
9909,250.0,9,1.0212585926055908,-1.0212585926055908,1.0212585926055908,0.0,0.0,1.0212585926055908,0.5716274380683899,-0.28581371903419495,0.0,0.0,0.0,0.0,2.0703530311584473,worst_uncertainty_stratified_mhz
10614,250.0,9,1.0164484977722168,-1.0164484977722168,1.0164484977722168,0.0,0.0,1.0164484977722168,0.5735030770301819,-0.28675153851509094,0.0,0.0,0.0,0.0,2.2076833248138428,worst_uncertainty_stratified_mhz
10280,265.0,9,0.5900111198425293,-0.5900111198425293,0.5900111198425293,0.0,0.0,0.5900111198425293,0.5662031769752502,-0.2831015884876251,0.0,0.0,0.0,0.0,3.750054359436035,worst_uncertainty_stratified_mhz
10216,265.0,9,0.5890891551971436,-0.5890891551971436,0.5890891551971436,0.0,0.0,0.5890891551971436,0.5773448348045349,-0.28867241740226746,0.0,0.0,0.0,0.0,3.650474786758423,worst_uncertainty_stratified_mhz
10725,265.0,9,0.5767379999160767,-0.5767379999160767,0.5767379999160767,0.0,0.0,0.5767379999160767,0.5608752965927124,-0.2804376482963562,0.0,0.0,0.0,0.0,4.242449760437012,worst_uncertainty_stratified_mhz
10409,265.0,9,0.545987069606781,-0.545987069606781,0.545987069606781,0.0,0.0,0.545987069606781,0.5608092546463013,-0.28040462732315063,0.0,0.0,0.0,0.0,4.318039894104004,worst_uncertainty_stratified_mhz
10622,265.0,9,0.5405246019363403,-0.5405246019363403,0.5405246019363403,0.0,0.0,0.5405246019363403,0.5624483823776245,-0.28122419118881226,0.0,0.0,0.0,0.0,4.725375175476074,worst_uncertainty_stratified_mhz
9860,265.0,9,0.5264900326728821,-0.5264900326728821,0.5264900326728821,0.0,0.0,0.5264900326728821,0.5647287368774414,-0.2823643684387207,0.0,0.0,0.0,0.0,4.084441184997559,worst_uncertainty_stratified_mhz
10666,265.0,9,0.5213422179222107,-0.5213422179222107,0.5213422179222107,0.0,0.0,0.5213422179222107,0.5620907545089722,-0.2810453772544861,0.0,0.0,0.0,0.0,3.6080739498138428,worst_uncertainty_stratified_mhz
10068,265.0,9,0.517583429813385,-0.517583429813385,0.517583429813385,0.0,0.0,0.517583429813385,0.5644103288650513,-0.28220516443252563,0.0,0.0,0.0,0.0,4.288308620452881,worst_uncertainty_stratified_mhz
11178,265.0,9,0.501055121421814,-0.501055121421814,0.501055121421814,0.0,0.0,0.501055121421814,0.5613805055618286,-0.2806902527809143,0.0,0.0,0.0,0.0,3.4879331588745117,worst_uncertainty_stratified_mhz
9626,265.0,9,0.4986896514892578,-0.4986896514892578,0.4986896514892578,0.0,0.0,0.4986896514892578,0.5680868029594421,-0.28404340147972107,0.0,0.0,0.0,0.0,3.8741636276245117,worst_uncertainty_stratified_mhz
11138,265.0,9,0.4812896251678467,-0.4812896251678467,0.4812896251678467,0.0,0.0,0.4812896251678467,0.5624693632125854,-0.2812346816062927,0.0,0.0,0.0,0.0,4.0833821296691895,worst_uncertainty_stratified_mhz
9728,270.0,9,0.6853336095809937,-0.6853336095809937,0.6853336095809937,0.0,0.0,0.6853336095809937,0.5745054483413696,-0.2872527241706848,0.0,0.0,0.0,0.0,2.105128288269043,worst_uncertainty_stratified_mhz
9919,270.0,9,0.58018958568573,-0.58018958568573,0.58018958568573,0.0,0.0,0.58018958568573,0.570533812046051,-0.2852669060230255,0.0,0.0,0.0,0.0,5.28800106048584,worst_uncertainty_stratified_mhz
10233,270.0,9,0.5747945308685303,-0.5747945308685303,0.5747945308685303,0.0,0.0,0.5747945308685303,0.568293571472168,-0.284146785736084,0.0,0.0,0.0,0.0,3.618971347808838,worst_uncertainty_stratified_mhz
10301,270.0,9,0.5734405517578125,-0.5734405517578125,0.5734405517578125,0.0,0.0,0.5734405517578125,0.5704965591430664,-0.2852482795715332,0.0,0.0,0.0,0.0,3.0222342014312744,worst_uncertainty_stratified_mhz
10945,270.0,9,0.5622250437736511,-0.5622250437736511,0.5622250437736511,0.0,0.0,0.5622250437736511,0.5607234835624695,-0.28036174178123474,0.0,0.0,0.0,0.0,2.747291326522827,worst_uncertainty_stratified_mhz
10684,270.0,9,0.5592588186264038,-0.5592588186264038,0.5592588186264038,0.0,0.0,0.5592588186264038,0.5731528997421265,-0.28657644987106323,0.0,0.0,0.0,0.0,1.910033941268921,worst_uncertainty_stratified_mhz
9622,270.0,9,0.5587688088417053,-0.5587688088417053,0.5587688088417053,0.0,0.0,0.5587688088417053,0.5680819153785706,-0.2840409576892853,0.0,0.0,0.0,0.0,2.425053596496582,worst_uncertainty_stratified_mhz
11070,280.0,9,0.6748496294021606,-0.6748496294021606,0.6748496294021606,0.0,0.0,0.6748496294021606,0.5732212066650391,-0.28661060333251953,0.0,0.0,0.0,0.0,4.22055721282959,worst_uncertainty_stratified_mhz
10339,280.0,9,0.590185821056366,-0.590185821056366,0.590185821056366,0.0,0.0,0.590185821056366,0.5695629119873047,-0.28478145599365234,0.0,0.0,0.0,0.0,3.5396368503570557,worst_uncertainty_stratified_mhz
10185,280.0,9,0.5735229849815369,-0.5735229849815369,0.5735229849815369,0.0,0.0,0.5735229849815369,0.5755089521408081,-0.28775447607040405,0.0,0.0,0.0,0.0,3.5320920944213867,worst_uncertainty_stratified_mhz
10498,280.0,9,0.5727691650390625,-0.5727691650390625,0.5727691650390625,0.0,0.0,0.5727691650390625,0.5655595660209656,-0.2827797830104828,0.0,0.0,0.0,0.0,3.2748663425445557,worst_uncertainty_stratified_mhz
10011,280.0,9,0.5696566104888916,-0.5696566104888916,0.5696566104888916,0.0,0.0,0.5696566104888916,0.5620644092559814,-0.2810322046279907,0.0,0.0,0.0,0.0,4.441513538360596,worst_uncertainty_stratified_mhz
10544,280.0,9,0.5622897744178772,-0.5622897744178772,0.5622897744178772,0.0,0.0,0.5622897744178772,0.5638126134872437,-0.2819063067436218,0.0,0.0,0.0,0.0,2.6180825233459473,worst_uncertainty_stratified_mhz
10552,300.0,9,0.601647138595581,-0.601647138595581,0.601647138595581,0.0,0.0,0.601647138595581,0.5702999234199524,-0.2851499617099762,0.0,0.0,0.0,0.0,4.307823657989502,worst_uncertainty_stratified_mhz
10885,300.0,9,0.5877087116241455,-0.5877087116241455,0.5877087116241455,0.0,0.0,0.5877087116241455,0.5713521838188171,-0.28567609190940857,0.0,0.0,0.0,0.0,3.965134620666504,worst_uncertainty_stratified_mhz
10159,300.0,9,0.5804164409637451,-0.5804164409637451,0.5804164409637451,0.0,0.0,0.5804164409637451,0.570243775844574,-0.285121887922287,0.0,0.0,0.0,0.0,3.6825361251831055,worst_uncertainty_stratified_mhz
10063,300.0,9,0.5795263648033142,-0.5795263648033142,0.5795263648033142,0.0,0.0,0.5795263648033142,0.5698495507240295,-0.28492477536201477,0.0,0.0,0.0,0.0,4.320006370544434,worst_uncertainty_stratified_mhz
9991,300.0,9,0.5690896511077881,-0.5690896511077881,0.5690896511077881,0.0,0.0,0.5690896511077881,0.5717766284942627,-0.28588831424713135,0.0,0.0,0.0,0.0,3.920410394668579,worst_uncertainty_stratified_mhz
10166,300.0,9,0.5671578645706177,-0.5671578645706177,0.5671578645706177,0.0,0.0,0.5671578645706177,0.5683462023735046,-0.2841731011867523,0.0,0.0,0.0,0.0,3.60721755027771,worst_uncertainty_stratified_mhz
12627,120.0,10,0.6363759636878967,-0.6363759636878967,0.6363759636878967,0.0,0.0,0.6363759636878967,0.5691983103752136,-0.2845991551876068,0.0,0.0,0.0,0.0,3.4131784439086914,worst_uncertainty_stratified_mhz
12369,120.0,10,0.625368595123291,-0.625368595123291,0.625368595123291,0.0,0.0,0.625368595123291,0.5766924023628235,-0.28834620118141174,0.0,0.0,0.0,0.0,6.000002861022949,worst_uncertainty_stratified_mhz
12532,120.0,10,0.5490564703941345,-0.5490564703941345,0.5490564703941345,0.0,0.0,0.5490564703941345,0.5704341530799866,-0.2852170765399933,0.0,0.0,0.0,0.0,5.747359275817871,worst_uncertainty_stratified_mhz
12031,150.0,10,0.8580521941184998,-0.8580521941184998,0.8580521941184998,0.0,0.0,0.8580521941184998,0.5709323287010193,-0.28546616435050964,0.0,0.0,0.0,0.0,10.34624195098877,worst_uncertainty_stratified_mhz
12731,150.0,10,0.8406637907028198,-0.8406637907028198,0.8406637907028198,0.0,0.0,0.8406637907028198,0.568375825881958,-0.284187912940979,0.0,0.0,0.0,0.0,9.972310066223145,worst_uncertainty_stratified_mhz
11537,150.0,10,0.8073295950889587,-0.8073295950889587,0.8073295950889587,0.0,0.0,0.8073295950889587,0.5640767216682434,-0.2820383608341217,0.0,0.0,0.0,0.0,5.508225917816162,worst_uncertainty_stratified_mhz
11257,150.0,10,0.7899094820022583,-0.7899094820022583,0.7899094820022583,0.0,0.0,0.7899094820022583,0.5638605356216431,-0.28193026781082153,0.0,0.0,0.0,0.0,4.64957332611084,worst_uncertainty_stratified_mhz
11969,155.0,10,1.0149917602539062,-1.0149917602539062,1.0149917602539062,0.0,0.0,1.0149917602539062,0.566026508808136,-0.283013254404068,0.0,0.0,0.0,0.0,4.424954891204834,worst_uncertainty_stratified_mhz
11334,155.0,10,0.922187328338623,-0.922187328338623,0.922187328338623,0.0,0.0,0.922187328338623,0.5652526617050171,-0.28262633085250854,0.0,0.0,0.0,0.0,4.535408020019531,worst_uncertainty_stratified_mhz
11452,155.0,10,0.885783314704895,-0.885783314704895,0.885783314704895,0.0,0.0,0.885783314704895,0.5685072541236877,-0.28425362706184387,0.0,0.0,0.0,0.0,4.344431400299072,worst_uncertainty_stratified_mhz
12450,155.0,10,0.8692992925643921,-0.8692992925643921,0.8692992925643921,0.0,0.0,0.8692992925643921,0.559552013874054,-0.279776006937027,0.0,0.0,0.0,0.0,4.475707530975342,worst_uncertainty_stratified_mhz
11229,155.0,10,0.8674317598342896,-0.8674317598342896,0.8674317598342896,0.0,0.0,0.8674317598342896,0.5653014779090881,-0.28265073895454407,0.0,0.0,0.0,0.0,4.437832832336426,worst_uncertainty_stratified_mhz
12499,155.0,10,0.8468846082687378,-0.8468846082687378,0.8468846082687378,0.0,0.0,0.8468846082687378,0.5669782161712646,-0.2834891080856323,0.0,0.0,0.0,0.0,4.452642917633057,worst_uncertainty_stratified_mhz
12576,155.0,10,0.8289440274238586,-0.8289440274238586,0.8289440274238586,0.0,0.0,0.8289440274238586,0.5671418309211731,-0.28357091546058655,0.0,0.0,0.0,0.0,4.83635950088501,worst_uncertainty_stratified_mhz
12579,155.0,10,0.8226495981216431,-0.8226495981216431,0.8226495981216431,0.0,0.0,0.8226495981216431,0.5663675665855408,-0.2831837832927704,0.0,0.0,0.0,0.0,3.1010799407958984,worst_uncertainty_stratified_mhz
11498,170.0,10,1.2622830867767334,-1.2622830867767334,1.2622830867767334,0.0,0.0,1.2622830867767334,0.5781862139701843,-0.28909310698509216,0.0,0.0,0.0,0.0,6.865815162658691,worst_uncertainty_stratified_mhz
12415,170.0,10,1.2610658407211304,-1.2610658407211304,1.2610658407211304,0.0,0.0,1.2610658407211304,0.5718040466308594,-0.2859020233154297,0.0,0.0,0.0,0.0,6.653066635131836,worst_uncertainty_stratified_mhz
12566,170.0,10,1.1680421829223633,-1.1680421829223633,1.1680421829223633,0.0,0.0,1.1680421829223633,0.5764279961585999,-0.2882139980792999,0.0,0.0,0.0,0.0,8.385181427001953,worst_uncertainty_stratified_mhz
12276,180.0,10,1.3496968746185303,-1.3496968746185303,1.3496968746185303,0.0,0.0,1.3496968746185303,0.5715020895004272,-0.2857510447502136,0.0,0.0,0.0,0.0,6.993155002593994,worst_uncertainty_stratified_mhz
11432,180.0,10,1.3314096927642822,-1.3314096927642822,1.3314096927642822,0.0,0.0,1.3314096927642822,0.5760066509246826,-0.2880033254623413,0.0,0.0,0.0,0.0,6.153219223022461,worst_uncertainty_stratified_mhz
12457,180.0,10,1.3221886157989502,-1.3221886157989502,1.3221886157989502,0.0,0.0,1.3221886157989502,0.5793160200119019,-0.2896580100059509,0.0,0.0,0.0,0.0,2.4023258686065674,worst_uncertainty_stratified_mhz
11392,180.0,10,1.271834135055542,-1.271834135055542,1.271834135055542,0.0,0.0,1.271834135055542,0.5697475075721741,-0.28487375378608704,0.0,0.0,0.0,0.0,8.537692070007324,worst_uncertainty_stratified_mhz
12621,200.0,10,1.5186562538146973,-1.5186562538146973,1.5186562538146973,0.0,0.0,1.5186562538146973,0.5698198676109314,-0.2849099338054657,0.0,0.0,0.0,0.0,1.6046643257141113,worst_uncertainty_stratified_mhz
11814,200.0,10,1.4948840141296387,-1.4948840141296387,1.4948840141296387,0.0,0.0,1.4948840141296387,0.5683343410491943,-0.28416717052459717,0.0,0.0,0.0,0.0,1.6526951789855957,worst_uncertainty_stratified_mhz
12165,200.0,10,1.46742844581604,-1.46742844581604,1.46742844581604,0.0,0.0,1.46742844581604,0.5660614371299744,-0.2830307185649872,0.0,0.0,0.0,0.0,1.6774728298187256,worst_uncertainty_stratified_mhz
12519,200.0,10,1.44521164894104,-1.44521164894104,1.44521164894104,0.0,0.0,1.44521164894104,0.576687753200531,-0.2883438766002655,0.0,0.0,0.0,0.0,1.726025938987732,worst_uncertainty_stratified_mhz
12617,200.0,10,1.4216212034225464,-1.4216212034225464,1.4216212034225464,0.0,0.0,1.4216212034225464,0.5683498978614807,-0.28417494893074036,0.0,0.0,0.0,0.0,1.7287514209747314,worst_uncertainty_stratified_mhz
11288,200.0,10,1.4167273044586182,-1.4167273044586182,1.4167273044586182,0.0,0.0,1.4167273044586182,0.5673272609710693,-0.28366363048553467,0.0,0.0,0.0,0.0,2.024843692779541,worst_uncertainty_stratified_mhz
11492,200.0,10,1.3970799446105957,-1.3970799446105957,1.3970799446105957,0.0,0.0,1.3970799446105957,0.576137363910675,-0.2880686819553375,0.0,0.0,0.0,0.0,1.4687490463256836,worst_uncertainty_stratified_mhz
11736,200.0,10,1.3927383422851562,-1.3927383422851562,1.3927383422851562,0.0,0.0,1.3927383422851562,0.5732400417327881,-0.28662002086639404,0.0,0.0,0.0,0.0,1.6327426433563232,worst_uncertainty_stratified_mhz
11982,230.0,10,0.8461219072341919,-0.8461219072341919,0.8461219072341919,0.0,0.0,0.8461219072341919,0.5763940215110779,-0.28819701075553894,0.0,0.0,0.0,0.0,5.691687107086182,worst_uncertainty_stratified_mhz
11431,230.0,10,0.6989419460296631,-0.6989419460296631,0.6989419460296631,0.0,0.0,0.6989419460296631,0.5691311359405518,-0.2845655679702759,0.0,0.0,0.0,0.0,4.486972808837891,worst_uncertainty_stratified_mhz
11330,230.0,10,0.6965331435203552,-0.6965331435203552,0.6965331435203552,0.0,0.0,0.6965331435203552,0.5764491558074951,-0.28822457790374756,0.0,0.0,0.0,0.0,6.258464336395264,worst_uncertainty_stratified_mhz
12539,230.0,10,0.6923387050628662,-0.6923387050628662,0.6923387050628662,0.0,0.0,0.6923387050628662,0.5702084302902222,-0.2851042151451111,0.0,0.0,0.0,0.0,4.472739219665527,worst_uncertainty_stratified_mhz
12001,230.0,10,0.670825719833374,-0.670825719833374,0.670825719833374,0.0,0.0,0.670825719833374,0.5665156841278076,-0.2832578420639038,0.0,0.0,0.0,0.0,3.6389517784118652,worst_uncertainty_stratified_mhz
12766,230.0,10,0.6684909462928772,-0.6684909462928772,0.6684909462928772,0.0,0.0,0.6684909462928772,0.5673521161079407,-0.28367605805397034,0.0,0.0,0.0,0.0,6.08710241317749,worst_uncertainty_stratified_mhz
11293,230.0,10,0.6399502158164978,-0.6399502158164978,0.6399502158164978,0.0,0.0,0.6399502158164978,0.563236653804779,-0.2816183269023895,0.0,0.0,0.0,0.0,4.631551742553711,worst_uncertainty_stratified_mhz
12388,230.0,10,0.601592481136322,-0.601592481136322,0.601592481136322,0.0,0.0,0.601592481136322,0.5636061429977417,-0.28180307149887085,0.0,0.0,0.0,0.0,4.380510330200195,worst_uncertainty_stratified_mhz
12122,250.0,10,1.0243494510650635,-1.0243494510650635,1.0243494510650635,0.0,0.0,1.0243494510650635,0.5738463401794434,-0.2869231700897217,0.0,0.0,0.0,0.0,2.4326529502868652,worst_uncertainty_stratified_mhz
11521,250.0,10,1.0208429098129272,-1.0208429098129272,1.0208429098129272,0.0,0.0,1.0208429098129272,0.5673955678939819,-0.28369778394699097,0.0,0.0,0.0,0.0,4.154194355010986,worst_uncertainty_stratified_mhz
11427,250.0,10,0.9889074563980103,-0.9889074563980103,0.9889074563980103,0.0,0.0,0.9889074563980103,0.5757181644439697,-0.28785908222198486,0.0,0.0,0.0,0.0,2.773592948913574,worst_uncertainty_stratified_mhz
12281,250.0,10,0.9149870872497559,-0.9149870872497559,0.9149870872497559,0.0,0.0,0.9149870872497559,0.568388819694519,-0.2841944098472595,0.0,0.0,0.0,0.0,2.967135190963745,worst_uncertainty_stratified_mhz
12698,250.0,10,0.9097485542297363,-0.9097485542297363,0.9097485542297363,0.0,0.0,0.9097485542297363,0.5737040638923645,-0.28685203194618225,0.0,0.0,0.0,0.0,2.253455638885498,worst_uncertainty_stratified_mhz
11366,250.0,10,0.8929363489151001,-0.8929363489151001,0.8929363489151001,0.0,0.0,0.8929363489151001,0.5677384734153748,-0.2838692367076874,0.0,0.0,0.0,0.0,3.337493658065796,worst_uncertainty_stratified_mhz
12193,250.0,10,0.8794910907745361,-0.8794910907745361,0.8794910907745361,0.0,0.0,0.8794910907745361,0.5674282312393188,-0.2837141156196594,0.0,0.0,0.0,0.0,3.9147684574127197,worst_uncertainty_stratified_mhz
11778,250.0,10,0.8791173696517944,-0.8791173696517944,0.8791173696517944,0.0,0.0,0.8791173696517944,0.5653030872344971,-0.28265154361724854,0.0,0.0,0.0,0.0,2.3021178245544434,worst_uncertainty_stratified_mhz
12405,250.0,10,0.8449308276176453,-0.8449308276176453,0.8449308276176453,0.0,0.0,0.8449308276176453,0.5689265727996826,-0.2844632863998413,0.0,0.0,0.0,0.0,3.156867027282715,worst_uncertainty_stratified_mhz
12237,250.0,10,0.8427736163139343,-0.8427736163139343,0.8427736163139343,0.0,0.0,0.8427736163139343,0.5687134265899658,-0.2843567132949829,0.0,0.0,0.0,0.0,2.8398022651672363,worst_uncertainty_stratified_mhz
12110,250.0,10,0.8336432576179504,-0.8336432576179504,0.8336432576179504,0.0,0.0,0.8336432576179504,0.5704711079597473,-0.28523555397987366,0.0,0.0,0.0,0.0,2.398287057876587,worst_uncertainty_stratified_mhz
11426,250.0,10,0.7971493601799011,-0.7971493601799011,0.7971493601799011,0.0,0.0,0.7971493601799011,0.5682565569877625,-0.2841282784938812,0.0,0.0,0.0,0.0,3.8431267738342285,worst_uncertainty_stratified_mhz
11670,265.0,10,0.5544059872627258,-0.5544059872627258,0.5544059872627258,0.0,0.0,0.5544059872627258,0.560855507850647,-0.2804277539253235,0.0,0.0,0.0,0.0,4.890315532684326,worst_uncertainty_stratified_mhz
11367,265.0,10,0.5408790111541748,-0.5408790111541748,0.5408790111541748,0.0,0.0,0.5408790111541748,0.5605995655059814,-0.2802997827529907,0.0,0.0,0.0,0.0,4.846250534057617,worst_uncertainty_stratified_mhz
12026,265.0,10,0.5217576026916504,-0.5217576026916504,0.5217576026916504,0.0,0.0,0.5217576026916504,0.5732485055923462,-0.2866242527961731,0.0,0.0,0.0,0.0,4.818897247314453,worst_uncertainty_stratified_mhz
11540,265.0,10,0.5073448419570923,-0.5073448419570923,0.5073448419570923,0.0,0.0,0.5073448419570923,0.5714781880378723,-0.28573909401893616,0.0,0.0,0.0,0.0,3.0192067623138428,worst_uncertainty_stratified_mhz
11508,265.0,10,0.5061866044998169,-0.5061866044998169,0.5061866044998169,0.0,0.0,0.5061866044998169,0.5654007792472839,-0.28270038962364197,0.0,0.0,0.0,0.0,4.936662197113037,worst_uncertainty_stratified_mhz
12742,265.0,10,0.5043456554412842,-0.5043456554412842,0.5043456554412842,0.0,0.0,0.5043456554412842,0.5624521970748901,-0.28122609853744507,0.0,0.0,0.0,0.0,4.633184432983398,worst_uncertainty_stratified_mhz
12175,265.0,10,0.5000531673431396,-0.5000531673431396,0.5000531673431396,0.0,0.0,0.5000531673431396,0.5609047412872314,-0.2804523706436157,0.0,0.0,0.0,0.0,3.1795923709869385,worst_uncertainty_stratified_mhz
11577,265.0,10,0.4980732500553131,-0.4980732500553131,0.4980732500553131,0.0,0.0,0.4980732500553131,0.5654482841491699,-0.28272414207458496,0.0,0.0,0.0,0.0,4.478851318359375,worst_uncertainty_stratified_mhz
12173,265.0,10,0.4972124397754669,-0.4972124397754669,0.4972124397754669,0.0,0.0,0.4972124397754669,0.5678829550743103,-0.28394147753715515,0.0,0.0,0.0,0.0,2.8616957664489746,worst_uncertainty_stratified_mhz
12125,265.0,10,0.48960399627685547,-0.48960399627685547,0.48960399627685547,0.0,0.0,0.48960399627685547,0.5635821223258972,-0.2817910611629486,0.0,0.0,0.0,0.0,4.139728546142578,worst_uncertainty_stratified_mhz
12396,265.0,10,0.48650455474853516,-0.48650455474853516,0.48650455474853516,0.0,0.0,0.48650455474853516,0.5761823654174805,-0.28809118270874023,0.0,0.0,0.0,0.0,3.3486483097076416,worst_uncertainty_stratified_mhz
11473,270.0,10,0.7400074005126953,-0.7400074005126953,0.7400074005126953,0.0,0.0,0.7400074005126953,0.5650129914283752,-0.2825064957141876,0.0,0.0,0.0,0.0,2.8091208934783936,worst_uncertainty_stratified_mhz
12495,270.0,10,0.6953410506248474,-0.6953410506248474,0.6953410506248474,0.0,0.0,0.6953410506248474,0.5656424164772034,-0.2828212082386017,0.0,0.0,0.0,0.0,2.211012840270996,worst_uncertainty_stratified_mhz
12622,270.0,10,0.6465811729431152,-0.6465811729431152,0.6465811729431152,0.0,0.0,0.6465811729431152,0.5655869245529175,-0.28279346227645874,0.0,0.0,0.0,0.0,2.5033998489379883,worst_uncertainty_stratified_mhz
11976,270.0,10,0.6402602791786194,-0.6402602791786194,0.6402602791786194,0.0,0.0,0.6402602791786194,0.5671293139457703,-0.28356465697288513,0.0,0.0,0.0,0.0,3.216649055480957,worst_uncertainty_stratified_mhz
12078,270.0,10,0.6252080798149109,-0.6252080798149109,0.6252080798149109,0.0,0.0,0.6252080798149109,0.5685002207756042,-0.2842501103878021,0.0,0.0,0.0,0.0,4.752612590789795,worst_uncertainty_stratified_mhz
11583,270.0,10,0.6006612777709961,-0.6006612777709961,0.6006612777709961,0.0,0.0,0.6006612777709961,0.5678674578666687,-0.28393372893333435,0.0,0.0,0.0,0.0,3.518693208694458,worst_uncertainty_stratified_mhz
11373,270.0,10,0.5988459587097168,-0.5988459587097168,0.5988459587097168,0.0,0.0,0.5988459587097168,0.5627542734146118,-0.2813771367073059,0.0,0.0,0.0,0.0,1.8691916465759277,worst_uncertainty_stratified_mhz
11552,280.0,10,0.6616889834403992,-0.6616889834403992,0.6616889834403992,0.0,0.0,0.6616889834403992,0.5705500841140747,-0.28527504205703735,0.0,0.0,0.0,0.0,3.997683525085449,worst_uncertainty_stratified_mhz
12692,280.0,10,0.6269036531448364,-0.6269036531448364,0.6269036531448364,0.0,0.0,0.6269036531448364,0.5659923553466797,-0.28299617767333984,0.0,0.0,0.0,0.0,2.6689183712005615,worst_uncertainty_stratified_mhz
12161,280.0,10,0.6143686771392822,-0.6143686771392822,0.6143686771392822,0.0,0.0,0.6143686771392822,0.577213704586029,-0.2886068522930145,0.0,0.0,0.0,0.0,3.6807849407196045,worst_uncertainty_stratified_mhz
12348,280.0,10,0.61160808801651,-0.61160808801651,0.61160808801651,0.0,0.0,0.61160808801651,0.5689169764518738,-0.2844584882259369,0.0,0.0,0.0,0.0,2.9311866760253906,worst_uncertainty_stratified_mhz
12225,280.0,10,0.6052544116973877,-0.6052544116973877,0.6052544116973877,0.0,0.0,0.6052544116973877,0.5649141073226929,-0.28245705366134644,0.0,0.0,0.0,0.0,3.015876531600952,worst_uncertainty_stratified_mhz
12270,280.0,10,0.5978966355323792,-0.5978966355323792,0.5978966355323792,0.0,0.0,0.5978966355323792,0.5904486775398254,-0.2952243387699127,0.0,0.0,0.0,0.0,3.987802505493164,worst_uncertainty_stratified_mhz
11865,300.0,10,0.7799582481384277,-0.7799582481384277,0.7799582481384277,0.0,0.0,0.7799582481384277,0.573925256729126,-0.286962628364563,0.0,0.0,0.0,0.0,4.042413234710693,worst_uncertainty_stratified_mhz
12282,300.0,10,0.7418742775917053,-0.7418742775917053,0.7418742775917053,0.0,0.0,0.7418742775917053,0.5697063207626343,-0.28485316038131714,0.0,0.0,0.0,0.0,3.672255754470825,worst_uncertainty_stratified_mhz
12333,300.0,10,0.6733325123786926,-0.6733325123786926,0.6733325123786926,0.0,0.0,0.6733325123786926,0.5655613541603088,-0.2827806770801544,0.0,0.0,0.0,0.0,3.874541759490967,worst_uncertainty_stratified_mhz
11991,300.0,10,0.596905529499054,-0.596905529499054,0.596905529499054,0.0,0.0,0.596905529499054,0.5705758333206177,-0.28528791666030884,0.0,0.0,0.0,0.0,3.807898759841919,worst_uncertainty_stratified_mhz
11805,300.0,10,0.5875692367553711,-0.5875692367553711,0.5875692367553711,0.0,0.0,0.5875692367553711,0.5644792318344116,-0.2822396159172058,0.0,0.0,0.0,0.0,4.171158313751221,worst_uncertainty_stratified_mhz
11568,300.0,10,0.5847523808479309,-0.5847523808479309,0.5847523808479309,0.0,0.0,0.5847523808479309,0.5711639523506165,-0.2855819761753082,0.0,0.0,0.0,0.0,3.2365598678588867,worst_uncertainty_stratified_mhz
