candidate_id,mhz,k,badness,quality_score,uncertainty,heatmap_mc_mse,decoder_mc_rce,epistemic_score,disagreement_score,prior_tension_score,peak_bias_score,p99_var,p99_mc_range,peak_loc_spread_px,pred_p99_mean,selected_reason
760,120.0,3,25.280315171008887,-25.280315171008887,25.280315171008887,0.04488429481937672,0.9478148173388294,0.9926991121582062,19.815610695079553,12.40396803179811,0.0,3.323173787951145,5.705073595046997,27.279800219209818,3.4891393780708313,worst_uncertainty_stratified_mhz
1060,120.0,3,25.063954647803214,-25.063954647803214,25.063954647803214,0.023968474449242327,0.022272749773360537,0.046241224222602864,19.86713868151903,14.589164737125623,0.0,0.16698620650019347,1.125802993774414,38.27450195626326,2.3026048839092255,worst_uncertainty_stratified_mhz
470,120.0,3,21.387839457250358,-21.387839457250358,21.387839457250358,0.1982612576849887,0.11678115616837118,0.31504241385335985,16.89957550700465,11.728573104324742,0.0,0.5635355305469518,2.1723361015319824,30.499743851383407,2.750951275229454,worst_uncertainty_stratified_mhz
376,150.0,3,23.838389429766355,-23.838389429766355,23.838389429766355,0.0019271367758883489,0.008676406814150037,0.010603543590038386,19.950236515540656,11.017148990408216,0.0,0.1667826155416554,1.2924058437347412,38.27450195626326,4.738316565752029,worst_uncertainty_stratified_mhz
1565,150.0,3,23.468024309821768,-23.468024309821768,23.468024309821768,0.014049846089037624,0.009747202598110842,0.023797048687148464,19.7516094314878,10.502103349630417,0.0,0.11205366095199665,1.0046095848083496,38.27450195626326,4.957217276096344,worst_uncertainty_stratified_mhz
765,150.0,3,19.30478361633088,-19.30478361633088,19.30478361633088,0.008177404217858642,0.005551796575797038,0.01372920079365568,16.01142116965535,9.347871730840852,0.0,0.019256557838943422,0.4843292236328125,31.5,4.403577446937561,worst_uncertainty_stratified_mhz
1058,150.0,3,19.128060432250418,-19.128060432250418,19.128060432250418,0.010248254658290537,0.012953640490771495,0.023201895149062034,16.044615231312005,8.718721693449227,0.0,0.02823325232335705,0.5327639579772949,31.5,4.833537042140961,worst_uncertainty_stratified_mhz
1127,155.0,3,25.72185327377943,-25.72185327377943,25.72185327377943,0.0035216926693312587,0.00656516614087596,0.010086858810207218,21.930021817072827,10.78954829940046,0.0,0.014418686014405324,0.3428816795349121,43.48832458258193,5.556387841701508,worst_uncertainty_stratified_mhz
536,155.0,3,24.434122251404336,-24.434122251404336,24.434122251404336,0.018764932612306114,0.022143091070048807,0.040908023682354924,20.666532638659284,10.561530301074873,0.0,0.41829614302582385,2.221971035003662,38.27450195626326,5.3635517954826355,worst_uncertainty_stratified_mhz
1350,155.0,3,24.244485299712302,-24.244485299712302,24.244485299712302,0.00867519309881483,0.021318164260738605,0.029993357359553434,21.04383520973581,9.01824640129918,0.0,0.12752323916514285,1.2003169059753418,40.632307035165994,6.255985379219055,worst_uncertainty_stratified_mhz
75,155.0,3,23.021901106001405,-23.021901106001405,23.021901106001405,0.004514456446142868,0.009089635938533661,0.013604092384676528,19.709013341281697,9.387121478948664,0.0,0.09996966524357376,0.9435853958129883,38.27450195626326,5.73156863451004,worst_uncertainty_stratified_mhz
1418,155.0,3,20.62294633408998,-20.62294633408998,20.62294633408998,0.0074990387926961374,0.010530155258777082,0.01802919405147322,17.70467649133969,8.239996212225487,0.0,0.14459578626876635,0.9935588836669922,34.126602526474855,5.853006482124329,worst_uncertainty_stratified_mhz
1599,155.0,3,19.073555055059483,-19.073555055059483,19.073555055059483,0.006231108256041604,0.005336309614455645,0.011567417870497249,15.984001507787639,8.776254076689206,0.0,0.015455594091349667,0.4370918273925781,31.5,4.935545921325684,worst_uncertainty_stratified_mhz
454,155.0,3,18.954086540888166,-18.954086540888166,18.954086540888166,0.01146489556549346,0.013073098245291256,0.024537993810784718,15.884272929088564,8.652494181700039,0.0,0.1139063039187107,1.0409893989562988,30.499743851383407,4.991820693016052,worst_uncertainty_stratified_mhz
3,155.0,3,18.732134175182416,-18.732134175182416,18.732134175182416,0.046730730956343704,0.006828455863855623,0.05355918682019933,15.670882779066567,8.56116608765877,0.0,0.050597788418198064,0.7408261299133301,30.499743851383407,4.983559787273407,worst_uncertainty_stratified_mhz
543,170.0,3,26.62626662072335,-26.62626662072335,26.62626662072335,0.0018590830323145695,0.011984477572331658,0.013843560604646227,22.327844896444027,12.185780264571962,0.0,0.18153613595745455,1.5004234313964844,42.79219408957666,5.44705992937088,worst_uncertainty_stratified_mhz
1262,170.0,3,26.50251244630864,-26.50251244630864,26.50251244630864,0.029931888180944694,0.010802426626874398,0.04073431480781909,21.923436869536626,12.927932706441359,0.0,0.07152665526892577,0.9116263389587402,42.79219408957666,4.929014563560486,worst_uncertainty_stratified_mhz
1439,170.0,3,23.626513895063393,-23.626513895063393,23.626513895063393,0.003167419839157793,0.014714388230872089,0.017881808070029884,19.843406026937355,10.71606554936401,0.0,0.10383413930560437,1.2046418190002441,38.27450195626326,5.5165112018585205,worst_uncertainty_stratified_mhz
1454,180.0,3,26.14645842475713,-26.14645842475713,26.14645842475713,0.0035177012415447875,0.014887298143570532,0.01840499938511532,21.934293262649,11.943133714809889,0.0,0.09895218595454125,0.8784880638122559,42.79219408957666,5.755659759044647,worst_uncertainty_stratified_mhz
812,180.0,3,24.820205927610868,-24.820205927610868,24.820205927610868,0.010866118111952596,0.009259172163951376,0.02012529027590397,20.877592920099712,11.17372859890508,0.0,0.07532636107205448,1.0443925857543945,40.56014053230092,5.873135149478912,worst_uncertainty_stratified_mhz
1012,180.0,3,24.132738980770444,-24.132738980770444,24.132738980770444,0.021724178725801655,0.005402909078795998,0.027127087804597654,19.496515430163296,13.13161846138711,0.0,0.046456296018177134,0.6256163120269775,38.27450195626326,4.135403007268906,worst_uncertainty_stratified_mhz
1176,180.0,3,23.816204168479757,-23.816204168479757,23.816204168479757,0.002566329614223992,0.026366927785769812,0.028933257399993806,19.695383034238798,11.655389962019015,0.0,0.06670368086302858,0.9828567504882812,38.27450195626326,5.164836764335632,worst_uncertainty_stratified_mhz
782,200.0,3,28.114307153745678,-28.114307153745678,28.114307153745678,0.011650021321368791,0.012200520111784836,0.023850541433153627,22.5346108545398,15.808735467445178,0.0,0.142333656152001,1.2737798690795898,43.51077452769601,4.138862907886505,worst_uncertainty_stratified_mhz
190,200.0,3,27.77698485290948,-27.77698485290948,27.77698485290948,0.004641552270308537,0.020009231629106203,0.02465078389941474,22.574915941091387,14.752210965881988,0.0,0.07367287501122277,0.8068981170654297,44.1955880150949,4.797474443912506,worst_uncertainty_stratified_mhz
1584,200.0,3,27.459452231800874,-27.459452231800874,27.459452231800874,0.0038748069574487238,0.017705775951814107,0.02158058290926283,22.25217737287333,14.750156505457046,0.0,0.1869029150982433,1.3383548259735107,42.79219408957666,4.670830339193344,worst_uncertainty_stratified_mhz
1457,200.0,3,27.366219455278937,-27.366219455278937,27.366219455278937,0.00356419259447106,0.007109663912800279,0.010673856507271338,21.923482355502312,15.47130841279845,0.0,0.07768984276506785,0.8993909358978271,42.79219408957666,4.073722720146179,worst_uncertainty_stratified_mhz
1397,200.0,3,26.218526111877125,-26.218526111877125,26.218526111877125,0.01624098203009431,0.010242747339480999,0.02648372936957531,21.237035522774306,14.113537636660247,0.0,0.0805472085272072,1.0190606117248535,41.293916016769344,4.646902561187744,worst_uncertainty_stratified_mhz
769,200.0,3,25.590412478187446,-25.590412478187446,25.590412478187446,0.006494201979862168,0.017762301216900915,0.024256503196763084,21.152824613004196,12.569633846225521,0.0,0.0982812271981146,1.000997543334961,41.1080892282772,5.614420533180237,worst_uncertainty_stratified_mhz
1531,200.0,3,25.203921216386192,-25.203921216386192,25.203921216386192,0.010403684864159645,0.016981096751408447,0.027384781615568093,20.71798597732146,12.702745388801382,0.0,0.07272520518955616,0.7303810119628906,40.56014053230092,5.355148792266846,worst_uncertainty_stratified_mhz
119,200.0,3,24.301687958576785,-24.301687958576785,24.301687958576785,0.012557039396712466,0.008193087666616332,0.020750127063328797,19.602892644162644,13.324773994916779,0.0,0.06506698188794857,0.8011493682861328,38.27450195626326,4.436433374881744,worst_uncertainty_stratified_mhz
927,230.0,3,28.695908530547015,-28.695908530547015,28.695908530547015,0.004111192756485375,0.011159992459594812,0.015271185216080188,22.549318635452806,17.461321662153143,0.0,0.07869018385933657,0.745668888092041,44.1955880150949,3.5318782329559326,worst_uncertainty_stratified_mhz
1466,230.0,3,28.375789194282238,-28.375789194282238,28.375789194282238,0.0060955150942600565,0.02179460195813828,0.027890117052398338,22.63876315888477,16.261274019068495,0.0,0.09731270678776127,0.8873128890991211,44.1955880150949,4.408559083938599,worst_uncertainty_stratified_mhz
286,230.0,3,28.170997707329555,-28.170997707329555,28.170997707329555,0.0042660819510023556,0.005612177443044334,0.00987825939404669,21.824046260801193,18.044329621432325,0.0,0.054812814836409984,0.7462728023529053,42.79219408957666,2.7150399684906006,worst_uncertainty_stratified_mhz
678,230.0,3,27.535650171130335,-27.535650171130335,27.535650171130335,0.010773550393806385,0.013232065629610684,0.024005616023417067,21.62234170222614,16.80066931122425,0.0,0.01603099624396176,0.4204273223876953,42.79219408957666,3.4904410541057587,worst_uncertainty_stratified_mhz
1090,230.0,3,27.423928660347396,-27.423928660347396,27.423928660347396,0.00792694222747725,0.008328283316790527,0.016255225544267775,21.64069512465426,16.442809599799894,0.0,0.032461100742152915,0.5725939273834229,42.64387412044079,3.7551144659519196,worst_uncertainty_stratified_mhz
375,230.0,3,26.861070649618668,-26.861070649618668,26.861070649618668,0.011581362809128358,0.008903423443757549,0.020484786252885905,21.08719466219525,16.386631973901924,0.0,0.06373353764887835,0.6585180759429932,41.38840417314975,3.492734879255295,worst_uncertainty_stratified_mhz
633,230.0,3,26.74635248244761,-26.74635248244761,26.74635248244761,0.0258128201881925,0.017951149737503856,0.04376396992569635,21.168573137351327,15.764267140519605,0.0,0.07015544687959618,0.7036130428314209,41.49322233811204,4.0078489780426025,worst_uncertainty_stratified_mhz
220,230.0,3,26.514299825889,-26.514299825889,26.514299825889,0.028723254855946168,0.011632912593725033,0.0403561674496712,20.89935195548138,15.869759921007839,0.0,0.0931146542280743,1.0523340702056885,40.56014053230092,3.781113862991333,worst_uncertainty_stratified_mhz
476,250.0,3,28.017970470785336,-28.017970470785336,28.017970470785336,0.01968075113387668,0.014315467318354876,0.03399621845223155,22.09387048049407,16.76614869787916,0.0,0.12589929401262268,1.1437482833862305,42.79219408957666,4.040945112705231,worst_uncertainty_stratified_mhz
1376,250.0,3,27.931459512104464,-27.931459512104464,27.931459512104464,0.01279302366116232,0.00941628806920864,0.02220931173037096,21.849345932623887,17.262105079286314,0.0,0.06523695546250963,0.7760238647460938,42.79219408957666,3.514729619026184,worst_uncertainty_stratified_mhz
123,250.0,3,27.856977301176393,-27.856977301176393,27.856977301176393,0.010708026967567078,0.01506302209127707,0.02577104905884415,22.00270307380306,16.601495339156774,0.0,0.08720698211683864,1.0387980937957764,42.79219408957666,4.106109708547592,worst_uncertainty_stratified_mhz
429,250.0,3,27.370714763359054,-27.370714763359054,27.370714763359054,0.008311407271414873,0.020092349998760726,0.0284037572701756,21.887159943976123,15.54562432614596,0.0,0.07538988168596106,0.8313460350036621,42.79219408957666,4.839965641498566,worst_uncertainty_stratified_mhz
1086,250.0,3,26.867147819758177,-26.867147819758177,26.867147819758177,0.0122358560952071,0.006040740135420439,0.01827659623062754,20.966400938021074,16.77647430307362,0.0,0.0204614656279567,0.39865660667419434,41.49322233811204,3.340803563594818,worst_uncertainty_stratified_mhz
1318,250.0,3,26.016772888604564,-26.016772888604564,26.016772888604564,0.01410208819304932,0.02726820265702417,0.04137029085007349,20.95332319078434,14.315391422993978,0.0,0.06134173594118408,0.864262580871582,40.91970032881473,5.2955862283706665,worst_uncertainty_stratified_mhz
1477,250.0,3,25.81034715631444,-25.81034715631444,25.81034715631444,0.02944521530044684,0.03375618468853836,0.0632013999889852,20.64191264009298,14.512446263277884,0.0,0.26646005158783836,1.7022576332092285,39.04864754380105,4.987046420574188,worst_uncertainty_stratified_mhz
74,250.0,3,25.316366872801872,-25.316366872801872,25.316366872801872,0.0034381750406132492,0.004409245668000223,0.007847420708613473,19.453448836215337,16.67573417150025,0.0,0.03158055328176701,0.5692346096038818,38.27450195626326,2.3932406306266785,worst_uncertainty_stratified_mhz
595,250.0,3,25.045962804014803,-25.045962804014803,25.045962804014803,0.00298744905942165,0.0027437867039228196,0.0057312357633444696,19.268736323987135,16.463057843280666,0.0,0.00840616513803738,0.24615836143493652,38.27450195626326,2.4319668412208557,worst_uncertainty_stratified_mhz
611,250.0,3,24.838653005917454,-24.838653005917454,24.838653005917454,0.05294178285167387,0.020714995043313613,0.07365677789498748,19.871589109083573,13.953802439237418,0.0,0.036678884698915226,0.6211729049682617,39.04864754380105,4.999791622161865,worst_uncertainty_stratified_mhz
1346,250.0,3,24.776773219277406,-24.776773219277406,24.776773219277406,0.00960030815623121,0.023657578309341166,0.03325788646557237,19.80800574876187,14.03118476931541,0.0,0.23076956611410182,1.4028167724609375,37.7516555928346,4.882968842983246,worst_uncertainty_stratified_mhz
818,250.0,3,24.72305069560789,-24.72305069560789,24.72305069560789,0.02795807436568103,0.031435910375758595,0.05939398474143963,19.830192656827826,13.757881330837678,0.0,0.13988472335867286,1.1061139106750488,38.27450195626326,5.1359458565711975,worst_uncertainty_stratified_mhz
399,265.0,3,32.74511804979091,-32.74511804979091,32.74511804979091,0.08180469685589085,0.2684135244445864,0.35021822130047725,29.376911447604172,8.506346778414226,0.0,4.0897477615594084,6.378739356994629,44.1955880150949,12.401648759841919,worst_uncertainty_stratified_mhz
1141,265.0,3,32.25227536057027,-32.25227536057027,32.25227536057027,0.33626046006736265,0.7718564920440326,1.1081169521113954,27.8745686029558,9.200526531428505,0.0,5.494062009589797,6.48651123046875,38.27450195626326,11.860727190971375,worst_uncertainty_stratified_mhz
784,265.0,3,31.035754027415802,-31.035754027415802,31.035754027415802,0.22200917961360955,0.3013615178402861,0.5233706974538956,27.58645977723063,8.259327279190243,0.0,2.9767090139767873,5.843240737915039,43.376260788592646,12.267939448356628,worst_uncertainty_stratified_mhz
1541,265.0,3,30.955869772605652,-30.955869772605652,30.955869772605652,0.14550046644850947,0.3644760948773104,0.5099765613258199,27.537970021451645,8.18942562117033,0.0,4.194689760520475,5.58170223236084,41.1048582895015,12.301095724105835,worst_uncertainty_stratified_mhz
711,265.0,3,29.24695254155455,-29.24695254155455,29.24695254155455,0.13915578076378493,0.3358695284482735,0.47502530921205843,26.10488359077432,7.532613537237698,0.0,2.3259647747336203,4.994098663330078,42.56373896875132,12.448302268981934,worst_uncertainty_stratified_mhz
527,265.0,3,28.49871830140652,-28.49871830140652,28.49871830140652,0.04485719802982909,0.2762345348323396,0.3210917328621687,25.88841347321292,6.468174997385578,0.0,1.760007950620306,4.061223030090332,44.1955880150949,13.082409262657166,worst_uncertainty_stratified_mhz
1459,265.0,3,28.38367838971258,-28.38367838971258,28.38367838971258,0.23346501040072845,0.2748123518372356,0.508277362237964,25.147697341301164,7.714906107962771,0.0,1.783794910923234,3.935610771179199,42.79219408957666,12.147649765014648,worst_uncertainty_stratified_mhz
1313,265.0,3,28.25505447144789,-28.25505447144789,28.25505447144789,0.36355273813400263,0.3537155009335952,0.7172682390675978,25.034136383126448,7.074174501210772,0.0,1.9470142168194684,4.8797607421875,41.29448359042646,12.598558187484741,worst_uncertainty_stratified_mhz
835,265.0,3,27.761875468244813,-27.761875468244813,27.761875468244813,0.340473609091067,0.333133238232176,0.673606847323243,24.899061201513376,6.168141483215805,0.0,2.561592776371981,4.258356094360352,40.41658075592244,13.180240154266357,worst_uncertainty_stratified_mhz
938,265.0,3,27.66691473341746,-27.66691473341746,27.66691473341746,0.5721230227581776,0.5885125390169991,1.1606355617751767,23.858398616247886,7.468563160211108,0.0,2.728329157194125,4.293047904968262,37.96709101313926,12.187111258506775,worst_uncertainty_stratified_mhz
1409,265.0,3,27.41625828912151,-27.41625828912151,27.41625828912151,0.1636283072602683,0.13262983739673223,0.2962581446570005,24.681135216488354,6.901759257744673,0.0,1.3664762362752185,3.8371238708496094,42.79219408957666,12.569941759109497,worst_uncertainty_stratified_mhz
1045,270.0,3,29.99396073934604,-29.99396073934604,29.99396073934604,0.007093417615900027,0.020139621428003816,0.027233039043903843,22.997389221593586,19.778911327414146,0.0,0.22030759325101812,1.4465179443359375,44.1076453123492,2.511634409427643,worst_uncertainty_stratified_mhz
1019,270.0,3,28.75006329651266,-28.75006329651266,28.75006329651266,0.013409335852534036,0.018993072304763915,0.03240240815729795,22.284213851841557,18.27145277527385,0.0,0.2443514958257813,1.4014222621917725,42.67830244983978,3.2149952948093414,worst_uncertainty_stratified_mhz
94,270.0,3,28.419441137705128,-28.419441137705128,28.419441137705128,0.039686426146689255,0.023358490529907953,0.0630449166765972,22.17539134259462,17.611770685532385,0.0,0.061515876651582424,0.7169764041900635,43.51077452769601,3.672222524881363,worst_uncertainty_stratified_mhz
208,270.0,3,28.156257647666976,-28.156257647666976,28.156257647666976,0.0091904457708846,0.0282417240746767,0.0374321698455613,21.544341223289845,18.615295825438317,0.0,0.3387241706203967,1.5052825212478638,40.905951584091035,2.460650697350502,worst_uncertainty_stratified_mhz
307,270.0,3,26.8156442153386,-26.8156442153386,26.8156442153386,0.022458721358947678,0.027249828425494893,0.04970854978444257,21.10768278032629,16.058240948766038,0.0,0.41749144833868,1.642176866531372,39.73820579744385,4.265648722648621,worst_uncertainty_stratified_mhz
10,270.0,3,26.090621458340884,-26.090621458340884,26.090621458340884,0.0179149415822739,0.01910598609444999,0.037020927676723894,19.87685833696168,17.483841254053196,0.0,0.2532953428392517,1.6613906621932983,37.585735326051555,2.192091643810272,worst_uncertainty_stratified_mhz
984,270.0,3,25.93620747042974,-25.93620747042974,25.93620747042974,0.044274105130956025,0.033403167228461574,0.0776772723594176,20.84470819759609,14.249959458843197,0.0,0.3514999576169515,1.9377689361572266,39.04864754380105,5.627943158149719,worst_uncertainty_stratified_mhz
345,280.0,3,29.030902356809207,-29.030902356809207,29.030902356809207,0.0019665408483666292,0.004987015948337184,0.006953556796703814,22.30960820129149,19.150068064178,0.0,0.01460328580794279,0.3944218158721924,44.1955880150949,2.556620627641678,worst_uncertainty_stratified_mhz
1579,280.0,3,28.27597944179136,-28.27597944179136,28.27597944179136,0.08700804637993698,0.022425146995334284,0.10943319337527126,21.64009985152795,18.569126103725647,0.0,0.08317029900556516,0.8877193927764893,42.22613971226828,2.645584315061569,worst_uncertainty_stratified_mhz
1510,280.0,3,27.820657036354703,-27.820657036354703,27.820657036354703,0.03715571441286967,0.02552391223233435,0.06267962664520402,21.50032350663367,17.82659816167056,0.0,0.05257666952724005,0.6693539619445801,42.22613971226828,3.124852806329727,worst_uncertainty_stratified_mhz
1032,280.0,3,26.69444664644806,-26.69444664644806,26.69444664644806,0.0234634336878379,0.02152347873158549,0.04498691241942339,20.84453979835312,16.475572193043238,0.0,0.34573945060115463,1.9489531517028809,39.04864754380105,3.8211671710014343,worst_uncertainty_stratified_mhz
475,280.0,3,24.9288831242781,-24.9288831242781,24.9288831242781,0.010305521488022981,0.011542037415404056,0.021847558903427038,19.41848290333304,15.650761977666248,0.0,0.022921964836114306,0.5166199207305908,38.27450195626326,3.5091887414455414,worst_uncertainty_stratified_mhz
1514,280.0,3,24.69048691690423,-24.69048691690423,24.69048691690423,0.013670060932564539,0.015236680603155413,0.028906741535719954,18.982359066509453,16.123971683494585,0.0,0.15607375067605656,1.1142773628234863,36.538293268843304,2.7564224302768707,worst_uncertainty_stratified_mhz
435,300.0,3,28.23136214929857,-28.23136214929857,28.23136214929857,0.016201748901141833,0.00748059841623065,0.023682347317372482,21.947860188919517,17.82661934466196,0.0,0.0838844448285121,0.9357573986053467,42.79219408957666,3.5315605103969574,worst_uncertainty_stratified_mhz
1269,300.0,3,25.26565704914943,-25.26565704914943,25.26565704914943,0.0170995345935086,0.013726029885646017,0.03082556447915462,19.246010093940928,16.953647709990022,0.0,0.2550686289514077,1.5412205457687378,36.440662384210306,2.2937869876623154,worst_uncertainty_stratified_mhz
1005,300.0,3,25.217043143458742,-25.217043143458742,25.217043143458742,0.009474097977516475,0.008296899737425402,0.017770997714941877,19.177373867830447,17.149859050753808,0.0,0.024292028351172723,0.495988130569458,37.81017554838909,2.003575250506401,worst_uncertainty_stratified_mhz
1088,300.0,3,23.299471842562806,-23.299471842562806,23.299471842562806,0.017811419296119003,0.010723171528463925,0.02853459082458293,17.785769123293825,15.565936783268615,0.0,0.1254258955254519,1.1940839290618896,34.126602526474855,2.3871175348758698,worst_uncertainty_stratified_mhz
912,300.0,3,23.18177581540334,-23.18177581540334,23.18177581540334,0.011756104399614708,0.005073929610806539,0.016830034010421248,17.559874606031126,15.94181619070715,0.0,0.03201851983091242,0.6882129907608032,34.36749918163962,1.7587341964244843,worst_uncertainty_stratified_mhz
239,300.0,3,21.61672255510615,-21.61672255510615,21.61672255510615,0.009622431357540122,0.012774574388381851,0.022397005745921975,16.516603202213787,14.381920729652299,0.0,0.19016110554298393,1.1697537899017334,31.483130403439873,2.4748793840408325,worst_uncertainty_stratified_mhz
2592,120.0,4,44.85368513579396,-44.85368513579396,44.85368513579396,1.1362969311358393,2.1443692631707174,3.2806661943065567,41.467202029749274,0.0,0.0,16.103269536897137,13.14212965965271,37.585735326051555,9.480733901262283,worst_uncertainty_stratified_mhz
2927,120.0,4,41.41345746385822,-41.41345746385822,41.41345746385822,1.3837360708560782,1.7288292069428688,3.112565277798947,34.7180016210676,9.80737992409052,0.0,14.573906482180092,9.788446426391602,30.499743851383407,6.349610447883606,worst_uncertainty_stratified_mhz
1784,120.0,4,40.59781870483371,-40.59781870483371,40.59781870483371,0.651335901487493,0.9840081525416097,1.6353440540291027,33.85410337445275,14.19622969596348,0.0,8.27847493422908,8.359062790870667,42.79219408957666,5.149287208914757,worst_uncertainty_stratified_mhz
1836,150.0,4,26.923118581878633,-26.923118581878633,26.923118581878633,0.0030171263016557323,0.00846881050551939,0.011485936807175122,22.248523011254147,13.25619917526475,0.0,0.1609154083374582,1.3830211162567139,42.79219408957666,4.278412491083145,worst_uncertainty_stratified_mhz
2585,150.0,4,24.167190559448336,-24.167190559448336,24.167190559448336,0.0009738722052717568,0.006694456559320212,0.007668328764591969,19.87755726247053,12.174339272057068,0.0,0.11812451115316858,1.24436354637146,38.27450195626326,4.102081626653671,worst_uncertainty_stratified_mhz
2068,150.0,4,19.88259251831429,-19.88259251831429,19.88259251831429,0.006964403962120736,0.0028377427793739723,0.009802146741494707,15.996320033946589,11.042200801177493,0.0,0.023572350421502186,0.4454953670501709,31.5,3.2806014120578766,worst_uncertainty_stratified_mhz
3143,150.0,4,19.6350172676229,-19.6350172676229,19.6350172676229,0.013352856183616715,0.004975447109153636,0.01832830329277035,15.985451852310433,10.346386927295631,0.0,0.022359644401802825,0.42618441581726074,31.5,3.737654685974121,worst_uncertainty_stratified_mhz
2269,155.0,4,23.503272346530636,-23.503272346530636,23.503272346530636,0.005575640878059316,0.0159098090366615,0.021485449914720817,20.27856374963401,9.095837576635189,0.0,0.22588294095123373,1.830859661102295,38.27450195626326,6.037494361400604,worst_uncertainty_stratified_mhz
3007,155.0,4,22.117321759006106,-22.117321759006106,22.117321759006106,0.021199889325565418,0.011986206341909307,0.03318609566747473,18.933831589301228,8.959975347355241,0.0,0.10915037908762315,0.8978743553161621,36.75148806511105,5.770733118057251,worst_uncertainty_stratified_mhz
1864,155.0,4,19.78292181973091,-19.78292181973091,19.78292181973091,0.014592395441376799,0.01213834532740637,0.02673074076878317,16.590064925360817,8.979293751457957,0.0,0.22134272496714047,1.2374444007873535,31.5,5.032129943370819,worst_uncertainty_stratified_mhz
2839,155.0,4,19.436767259958437,-19.436767259958437,19.436767259958437,0.021962421352759564,0.01763889481745408,0.039601316170213646,16.324773560769117,8.738060206858924,0.0,0.08236385465339424,0.9848194122314453,31.5,5.098868250846863,worst_uncertainty_stratified_mhz
1774,155.0,4,19.380650347282916,-19.380650347282916,19.380650347282916,0.022410817022321828,0.014134250445713455,0.036545067468035285,16.302759204218777,8.586314963300223,0.0,0.5647419313682738,2.243400812149048,29.23263373355196,5.199084669351578,worst_uncertainty_stratified_mhz
2777,155.0,4,19.29663781770373,-19.29663781770373,19.29663781770373,0.010728298578935211,0.01440598448617796,0.025134283065113172,16.091641002644245,9.024771582625478,0.0,0.16679296649416742,1.349952220916748,30.499743851383407,4.817781865596771,worst_uncertainty_stratified_mhz
1620,155.0,4,19.20059097358642,-19.20059097358642,19.20059097358642,0.05132212174718439,0.01774615036204478,0.06906827210922917,16.08201804782075,8.68763004345151,0.0,0.03189626361054465,0.6002435684204102,31.5,5.054121911525726,worst_uncertainty_stratified_mhz
3097,155.0,4,19.0632894823646,-19.0632894823646,19.0632894823646,0.01418428277014311,0.016242845412603055,0.030427128182746163,15.976538598101648,8.673726005927776,0.0,0.16943786877530087,1.114457607269287,30.499743851383407,5.015049397945404,worst_uncertainty_stratified_mhz
2443,170.0,4,27.46007350006362,-27.46007350006362,27.46007350006362,0.00337232094414194,0.00589665091815898,0.009268971862300919,22.127327333300013,15.168340890962162,0.0,0.04828279520579315,0.6473145484924316,43.51077452769601,3.773444652557373,worst_uncertainty_stratified_mhz
2919,170.0,4,27.00758488098493,-27.00758488098493,27.00758488098493,0.034932716130997285,0.002794794477802202,0.03772751060879949,21.680566015510557,15.083400388721847,0.0,0.02187808555987303,0.525181770324707,42.79219408957666,3.6607568860054016,worst_uncertainty_stratified_mhz
1754,170.0,4,25.33593302001019,-25.33593302001019,25.33593302001019,0.005604368741569821,0.0053216099823536755,0.010925978723923497,20.59224660199194,13.495669153938723,0.0,0.023516852452458714,0.5051524639129639,40.632307035165994,4.132928043603897,worst_uncertainty_stratified_mhz
2937,180.0,4,27.549505540838343,-27.549505540838343,27.549505540838343,0.006003806752785785,0.0034177494311736813,0.009421556183959467,22.430333284149395,14.570620096955958,0.0,0.03156943750587615,0.6019396781921387,44.1955880150949,4.427043259143829,worst_uncertainty_stratified_mhz
2081,180.0,4,24.458076038339755,-24.458076038339755,24.458076038339755,0.011056009773180754,0.009522723831948165,0.02057873360512892,19.74422335585033,13.38641620333819,0.0,0.01711719144797197,0.4055647850036621,39.04864754380105,4.0741205513477325,worst_uncertainty_stratified_mhz
3133,180.0,4,23.839777507584202,-23.839777507584202,23.839777507584202,0.008631466960340891,0.010142823704884665,0.018774290665225554,19.78940412747316,11.471079913360612,0.0,0.12638343880075809,1.051539421081543,38.27450195626326,5.3152015209198,worst_uncertainty_stratified_mhz
1671,180.0,4,19.617080643459882,-19.617080643459882,19.617080643459882,0.0035132205660792725,0.0023473372314177354,0.005860557797497008,15.487381952072731,11.753294915146357,0.0,0.015451253340255988,0.44411754608154297,30.499743851383407,3.0511568188667297,worst_uncertainty_stratified_mhz
2998,200.0,4,27.95728401507426,-27.95728401507426,27.95728401507426,0.013405613261408933,0.00988157342808118,0.023287186689490112,22.125446673902726,16.522678111580337,0.0,0.12985076112580884,1.1989977359771729,42.79219408957666,3.5172637701034546,worst_uncertainty_stratified_mhz
2046,200.0,4,27.602680210399278,-27.602680210399278,27.602680210399278,0.01178671490272065,0.01903702421995161,0.030823739122672257,22.315289664278257,14.945501147472305,0.0,0.22075027959277005,1.3968846797943115,42.79219408957666,4.58087894320488,worst_uncertainty_stratified_mhz
2856,200.0,4,27.114795781831578,-27.114795781831578,27.114795781831578,0.01726997197678196,0.00923527873221847,0.02650525070900043,21.657785421146393,15.482861309531708,0.0,0.03306677429965177,0.4572432041168213,42.79219408957666,3.951847732067108,worst_uncertainty_stratified_mhz
1729,200.0,4,27.092739301660362,-27.092739301660362,27.092739301660362,0.027648606149904057,0.011280565893770439,0.03892917204367449,22.029888775601115,14.302811460187831,0.0,0.12176708977579764,1.0240492820739746,42.79219408957666,4.863476932048798,worst_uncertainty_stratified_mhz
1769,200.0,4,26.645597321626667,-26.645597321626667,26.645597321626667,0.08621113965874205,0.018521641492876825,0.10473278115161888,21.965051382074744,13.036416634069148,0.0,0.08731662099307869,0.9632754325866699,42.79219408957666,5.653291702270508,worst_uncertainty_stratified_mhz
3196,200.0,4,24.3539751772742,-24.3539751772742,24.3539751772742,0.0030455678042523014,0.00496013012722989,0.00800569793148219,19.498762587306953,13.817003926537408,0.0,0.0329338522936089,0.6571555137634277,38.27450195626326,4.030842214822769,worst_uncertainty_stratified_mhz
1917,200.0,4,24.29302178385303,-24.29302178385303,24.29302178385303,0.0016122807211143711,0.008904921028747688,0.010517201749862058,19.551577671747744,13.476083143632616,0.0,0.06048610409279931,0.7076811790466309,38.27450195626326,4.300295412540436,worst_uncertainty_stratified_mhz
1900,200.0,4,20.359445435427823,-20.359445435427823,20.359445435427823,0.008092636269152879,0.020957005234273355,0.029049641503426232,16.458189459406853,11.009771380817925,0.0,0.1192371564741137,1.1779046058654785,31.5,4.5951889753341675,worst_uncertainty_stratified_mhz
2302,230.0,4,29.340013160768926,-29.340013160768926,29.340013160768926,0.009354340655214738,0.046737268689709247,0.056091609344923986,22.931091886448705,18.008403866207843,0.0,0.4599699984444321,2.1500496864318848,42.79219408957666,3.3986461758613586,worst_uncertainty_stratified_mhz
2337,230.0,4,28.822754746336834,-28.822754746336834,28.822754746336834,0.05158324046307696,0.01537455813797942,0.06695779860105638,22.51478996216404,17.779390007844494,0.0,0.058584523304030967,0.7168228626251221,44.1955880150949,3.3210206627845764,worst_uncertainty_stratified_mhz
2352,230.0,4,28.703342355495842,-28.703342355495842,28.703342355495842,0.014435382860070255,0.01838985327500403,0.032825236135074286,22.463850193633945,17.689163273492216,0.0,0.0425484002893759,0.6470155715942383,44.1955880150949,3.3356334269046783,worst_uncertainty_stratified_mhz
2369,230.0,4,28.52582093754927,-28.52582093754927,28.52582093754927,0.019321814957671064,0.02282778241780495,0.042149597375476015,22.26824471048844,17.70294613612255,0.0,0.06264437195629213,0.9004261493682861,43.51077452769601,3.226119577884674,worst_uncertainty_stratified_mhz
1612,230.0,4,28.294113454533715,-28.294113454533715,28.294113454533715,0.007435993016897882,0.013939910928143262,0.021375903945041144,22.102702813248197,17.555624243643216,0.0,0.10906038309914745,1.1950907707214355,42.79219408957666,3.229285567998886,worst_uncertainty_stratified_mhz
2379,230.0,4,27.960439112500772,-27.960439112500772,27.960439112500772,0.03502930008557858,0.012477318032785926,0.047506618118364506,21.798363214159888,17.41810715315722,0.0,0.053310538115454165,0.697911262512207,42.79219408957666,3.1660484075546265,worst_uncertainty_stratified_mhz
2484,230.0,4,25.319212139742813,-25.319212139742813,25.319212139742813,0.0632451421865169,0.06097045104918414,0.12421559323570104,19.756261225781433,15.411063781612171,0.0,0.4007023061790953,1.959629774093628,36.75148806511105,3.52746444940567,worst_uncertainty_stratified_mhz
3075,230.0,4,25.0534028561453,-25.0534028561453,25.0534028561453,0.011971451890698431,0.008042704170973204,0.020014156061671635,19.62928916099258,15.382666427899853,0.0,0.07492285216484618,0.8342306613922119,38.27450195626326,3.393291473388672,worst_uncertainty_stratified_mhz
3006,250.0,4,28.84198767034684,-28.84198767034684,28.84198767034684,0.017072182557865044,0.00702491913816238,0.024097101696027426,22.407689447951576,18.27341883372058,0.0,0.03215567714423795,0.5554795265197754,44.1955880150949,3.0907594859600067,worst_uncertainty_stratified_mhz
2798,250.0,4,28.211308401481514,-28.211308401481514,28.211308401481514,0.015489069105402398,0.02125241348580473,0.03674148259120713,22.33507065863245,16.60697902191906,0.0,0.2164251290418724,1.4450969696044922,42.79219408957666,4.299012869596481,worst_uncertainty_stratified_mhz
2507,250.0,4,27.98154990498133,-27.98154990498133,27.98154990498133,0.01219215221162348,0.024604371647049962,0.03679652385867344,22.18772841152873,16.38030289383943,0.0,0.17601742936247078,1.2312278747558594,42.79219408957666,4.385060727596283,worst_uncertainty_stratified_mhz
2541,250.0,4,27.82678800635661,-27.82678800635661,27.82678800635661,0.0113739723811499,0.01860600822986157,0.02997998061101147,22.163723574677388,16.039157569542724,0.0,0.12830711002821715,1.2786388397216797,42.79219408957666,4.620907187461853,worst_uncertainty_stratified_mhz
2091,250.0,4,27.72762753836305,-27.72762753836305,27.72762753836305,0.017013077943519018,0.020724044537925944,0.037737122481444965,22.022044974983977,16.139611204324193,0.0,0.11530039487155008,1.0212950706481934,42.79219408957666,4.4722331166267395,worst_uncertainty_stratified_mhz
2454,250.0,4,27.31406683830421,-27.31406683830421,27.31406683830421,0.038878259240437404,0.016987275106794583,0.05586553434723199,21.80218567518711,15.556389288907797,0.0,0.04688481493857566,0.7184076309204102,42.79219408957666,4.799223482608795,worst_uncertainty_stratified_mhz
2548,250.0,4,27.244408154814842,-27.244408154814842,27.244408154814842,0.0289352118364954,0.008199743292358917,0.03713495512885431,21.747927923575585,15.563126230553506,0.0,0.054296651416038344,0.5950684547424316,42.79219408957666,4.7550119161605835,worst_uncertainty_stratified_mhz
2630,250.0,4,27.047340366959986,-27.047340366959986,27.047340366959986,0.015521344999875454,0.011987063080964632,0.027508408080840086,21.357317024880448,16.142005496710382,0.0,0.04380161375091518,0.6933033466339111,41.933727475625155,4.083512544631958,worst_uncertainty_stratified_mhz
2981,250.0,4,26.896187306984093,-26.896187306984093,26.896187306984093,0.03795616752972582,0.026759861469808247,0.06471602899953406,21.571871323889237,14.958525544466891,0.0,0.24624489083190326,1.619253158569336,41.03199970754533,5.144203066825867,worst_uncertainty_stratified_mhz
2651,250.0,4,26.741625740877968,-26.741625740877968,26.741625740877968,0.025767527291756017,0.023040503439384203,0.04880803073114022,21.223006189693002,15.569551492619638,0.0,0.13384544915581031,1.1463217735290527,41.03199970754533,4.468439042568207,worst_uncertainty_stratified_mhz
1601,250.0,4,26.69901655314714,-26.69901655314714,26.69901655314714,0.008685399543600604,0.014408917555472422,0.023094317099073024,21.01771229356394,16.128584178265246,0.0,0.042208118759282875,0.6570923328399658,41.293916016769344,3.889410763978958,worst_uncertainty_stratified_mhz
2062,250.0,4,26.434712353135033,-26.434712353135033,26.434712353135033,0.034483668885156,0.027778232499552285,0.06226190138470829,21.020296223044333,15.24519692282392,0.0,0.09083746136624526,0.9950046539306641,40.86391286942551,4.6125940680503845,worst_uncertainty_stratified_mhz
2271,265.0,4,29.53751115320796,-29.53751115320796,29.53751115320796,0.6217224040238417,0.4264311726476077,1.0481535766714494,25.873580185957476,7.387825318178085,0.0,2.293405878290727,4.368154525756836,42.79219408957666,12.603808760643005,worst_uncertainty_stratified_mhz
2117,265.0,4,29.436330481944545,-29.436330481944545,29.436330481944545,0.3861047506717507,0.4325779984248374,0.8186827490965881,26.24550636204876,6.691210484055854,0.0,2.4977287259825403,4.771147727966309,42.724407544166134,13.075286626815796,worst_uncertainty_stratified_mhz
2386,265.0,4,29.27462562566211,-29.27462562566211,29.27462562566211,0.183639292504427,0.291848046025547,0.475487338529974,26.083793798129967,7.67696955191362,0.0,1.9689479230554383,4.210519790649414,44.019171959499644,12.349804997444153,worst_uncertainty_stratified_mhz
2229,265.0,4,29.087596223535108,-29.087596223535108,29.087596223535108,0.0853163453040627,0.16408449100454978,0.24940083630861248,26.511942789148105,6.5604231425807145,0.0,2.4928231880548424,5.246045112609863,42.79219408957666,13.111559629440308,worst_uncertainty_stratified_mhz
3049,265.0,4,28.964482198788925,-28.964482198788925,28.964482198788925,0.3292429471514376,0.2754981001177702,0.6047410472692079,26.249850652780054,5.951284901982316,0.0,2.1224936950983277,4.059125900268555,44.1955880150949,13.519262433052063,worst_uncertainty_stratified_mhz
2545,265.0,4,27.849591336581373,-27.849591336581373,27.849591336581373,0.09476321641467537,0.26826089327954455,0.36302410969421994,24.682323400450574,7.8861177165608725,0.0,4.411203197300765,6.613316535949707,33.92892387034991,11.90567696094513,worst_uncertainty_stratified_mhz
2516,265.0,4,27.677574812755438,-27.677574812755438,27.677574812755438,0.3160262580368523,0.35137236946570427,0.6673986275025565,24.690205721035134,6.545604648098278,0.0,2.235860503470448,4.276383399963379,40.632307035165994,12.886412739753723,worst_uncertainty_stratified_mhz
1755,265.0,4,27.23198452911542,-27.23198452911542,27.23198452911542,0.1312921859094574,0.3212927668889555,0.45258495279841293,24.389449795592895,6.7614133748663265,0.0,1.4067553272648041,3.2870864868164062,42.67830244983978,12.641890168190002,worst_uncertainty_stratified_mhz
2314,265.0,4,26.5730709274497,-26.5730709274497,26.5730709274497,0.158386004547525,0.1984994072205546,0.3568854117680796,24.528354899949743,4.764298426309692,0.0,1.303397923299542,3.793766975402832,42.65614697789757,14.041808366775513,worst_uncertainty_stratified_mhz
2973,265.0,4,26.456859296031325,-26.456859296031325,26.456859296031325,0.17690421958676594,0.17391083935322424,0.3508150589399902,24.202036680663852,5.396153010569212,0.0,0.6924985553795864,2.823488235473633,44.1955880150949,13.549642324447632,worst_uncertainty_stratified_mhz
2390,265.0,4,26.10737161536054,-26.10737161536054,26.10737161536054,0.19049302529255163,0.1902084394010243,0.3807014646935759,23.638230953989613,5.90086749585166,0.0,1.470057172734741,3.70404052734375,40.632307035165994,13.101676106452942,worst_uncertainty_stratified_mhz
2288,270.0,4,29.27228035032774,-29.27228035032774,29.27228035032774,0.02641397965297285,0.010614105747155163,0.037028085400128016,22.426621838814476,19.37297557014936,0.0,0.07518581672151381,0.6837000846862793,44.019171959499644,2.4404620230197906,worst_uncertainty_stratified_mhz
2686,270.0,4,28.9939497366883,-28.9939497366883,28.9939497366883,0.011464061351673502,0.021786937167728303,0.0332509985194018,22.64390625203847,17.931379532140646,0.0,0.3664241691887602,1.874831199645996,42.68013296605342,3.7082516252994537,worst_uncertainty_stratified_mhz
3185,270.0,4,28.949085876772212,-28.949085876772212,28.949085876772212,0.01089788813714247,0.019392369083728645,0.030290257220871114,22.242587075426417,18.96290706654197,0.0,0.17151892696987314,1.3499422073364258,42.79219408957666,2.641854554414749,worst_uncertainty_stratified_mhz
1696,270.0,4,28.832725887889122,-28.832725887889122,28.832725887889122,0.00253996392144857,0.001754072794022059,0.004294036715470629,22.319624337199173,18.564674208707483,0.0,0.017626843209157528,0.40840697288513184,44.1955880150949,2.9710789918899536,worst_uncertainty_stratified_mhz
1625,270.0,4,28.80702850919549,-28.80702850919549,28.80702850919549,0.0035801520078272107,0.002718916234578681,0.006299068242405892,22.29672931628447,18.554529149029726,0.0,0.013823547643880829,0.3702235221862793,44.1955880150949,2.964561343193054,worst_uncertainty_stratified_mhz
2809,270.0,4,28.714954212594076,-28.714954212594076,28.714954212594076,0.007363305240534898,0.011552136997269029,0.018915442237803927,22.17754969950688,18.525973014806535,0.0,0.16287815463462518,1.2371490001678467,42.79219408957666,2.9331327974796295,worst_uncertainty_stratified_mhz
2907,270.0,4,28.69848760191144,-28.69848760191144,28.69848760191144,0.004128726108727335,0.01336148387109098,0.017490209979818316,22.358511607544205,17.96689066397285,0.0,0.22620128142976625,1.5402131080627441,42.724407544166134,3.4895044565200806,worst_uncertainty_stratified_mhz
1835,280.0,4,29.09561114654927,-29.09561114654927,29.09561114654927,0.013972646199101114,0.03222078052157472,0.046193426720675834,22.775845986198537,17.78172330996803,0.0,0.6383278323016697,2.341308832168579,41.933727475625155,3.9972833395004272,worst_uncertainty_stratified_mhz
3082,280.0,4,28.288672771413154,-28.288672771413154,28.288672771413154,0.008403783652732224,0.01222133284055777,0.020625116493289995,21.945083527517028,17.998572714336603,0.0,0.09358904117004485,0.978581428527832,42.724407544166134,3.259540855884552,worst_uncertainty_stratified_mhz
1747,280.0,4,26.26988453880385,-26.26988453880385,26.26988453880385,0.027770548671106624,0.026000618228567807,0.05377116689967443,20.3973886743907,16.501533796158814,0.0,0.3654161882329481,1.789443016052246,38.27450195626326,3.499227076768875,worst_uncertainty_stratified_mhz
1776,280.0,4,25.525168037464155,-25.525168037464155,25.525168037464155,0.007917010737693134,0.02394180199244323,0.03185881273013637,20.080831136007333,15.354913240875167,0.0,0.4279596981655933,2.117034912109375,37.1887079635741,4.274782508611679,worst_uncertainty_stratified_mhz
2402,280.0,4,25.388458604461267,-25.388458604461267,25.388458604461267,0.012702364875048347,0.052806791042320826,0.06550915591736917,19.545397184006536,16.285942980342266,0.0,0.9251799945413396,3.4589675664901733,33.78146681244022,3.103895679116249,worst_uncertainty_stratified_mhz
3078,280.0,4,24.796974781045154,-24.796974781045154,24.796974781045154,0.03087170402542327,0.008523155041006257,0.039394859066429526,19.171675575590204,15.924568815903555,0.0,0.023014970241788113,0.48714566230773926,37.81017554838909,3.0821544229984283,worst_uncertainty_stratified_mhz
2946,300.0,4,27.273696726531792,-27.273696726531792,27.273696726531792,0.006345581204584417,0.005527997108630282,0.0118735783132147,20.83705353541633,18.272349618495355,0.0,0.07514823160133854,0.8915035724639893,40.632307035165994,2.3273124992847443,worst_uncertainty_stratified_mhz
2294,300.0,4,26.64618906670351,-26.64618906670351,26.64618906670351,0.018360384350071163,0.0064057357232546455,0.02476612007332581,20.576077461527426,17.233713847805433,0.0,0.027449259229157086,0.464949369430542,40.632307035165994,3.0577772557735443,worst_uncertainty_stratified_mhz
1743,300.0,4,26.546612134888193,-26.546612134888193,26.546612134888193,0.007136015970281552,0.009038484214557779,0.016174500184839333,20.251566856221118,17.84877567076457,0.0,0.08198445933822285,0.8019987344741821,39.53716605929161,2.2510663866996765,worst_uncertainty_stratified_mhz
2110,300.0,4,26.165356502727953,-26.165356502727953,26.165356502727953,0.004888807500092568,0.012505243262796102,0.01739405076288867,19.92657944871743,17.655305928723923,0.0,0.1336038259248502,1.3114492893218994,38.27450195626326,2.17436346411705,worst_uncertainty_stratified_mhz
2086,300.0,4,25.84606044780636,-25.84606044780636,25.84606044780636,0.031120960830453608,0.0062994572326784196,0.037420418063132024,19.70908240154782,17.32416165662467,0.0,0.11195884392878219,1.1030735969543457,38.09117351828373,2.3171246498823166,worst_uncertainty_stratified_mhz
1875,300.0,4,25.119518778140844,-25.119518778140844,25.119518778140844,0.0027716187369763953,0.0035343738867609584,0.006305992623737353,19.22737471048799,16.79796988952978,0.0,0.0038435056489021235,0.172560453414917,38.27450195626326,2.3667609691619873,worst_uncertainty_stratified_mhz
3598,120.0,5,35.927284320618725,-35.927284320618725,35.927284320618725,0.6025433322834318,0.9522596799887647,1.5548030122721965,30.531185614544242,10.62625942515426,0.0,7.848297178531075,8.614288806915283,36.75148806511105,5.73580864071846,worst_uncertainty_stratified_mhz
3368,120.0,5,33.64548341591761,-33.64548341591761,33.64548341591761,0.7417598490511148,1.3213340211444187,2.0630938701955337,31.510495291100003,0.0,0.0,10.007585176200095,9.022598266601562,33.983221963198254,11.000450491905212,worst_uncertainty_stratified_mhz
3891,120.0,5,33.518797474937514,-33.518797474937514,33.518797474937514,1.1830652437381957,1.283654830670912,2.466720074409108,30.95502540173617,0.0,0.0,12.352765375873085,10.35773253440857,26.846787517317598,9.053523242473602,worst_uncertainty_stratified_mhz
4266,150.0,5,27.690139049018097,-27.690139049018097,27.690139049018097,0.01779677526226454,0.0038037590011796713,0.021600534263444212,22.300781755309934,15.308233752704863,0.0,0.017215328786654105,0.37154483795166016,44.1955880150949,3.321719378232956,worst_uncertainty_stratified_mhz
3355,150.0,5,22.530124500558262,-22.530124500558262,22.530124500558262,0.020329852565612944,0.032878021891844855,0.053207874457457796,17.86162847586811,13.094208185356312,0.0,0.13626194506781442,1.3241305351257324,34.126602526474855,2.8557442128658295,worst_uncertainty_stratified_mhz
3443,150.0,5,20.094237185581388,-20.094237185581388,20.094237185581388,0.16815393160215122,0.03472552418501377,0.202879455787165,15.998066350780213,11.04729307043783,0.0,0.13002750156556075,1.2363338470458984,30.499743851383407,3.3714415431022644,worst_uncertainty_stratified_mhz
3407,150.0,5,19.81018303867043,-19.81018303867043,19.81018303867043,0.002912104687995717,0.00686091022074667,0.009773014908742387,16.09127785096667,10.539248877880423,0.0,0.08900035748980084,1.0045549869537354,31.0,3.6568805873394012,worst_uncertainty_stratified_mhz
4015,155.0,5,23.038076491232047,-23.038076491232047,23.038076491232047,0.034404924614399035,0.009316230779728252,0.043721155394127284,19.709167576870623,9.345814075765604,0.0,0.10642005866941417,0.9309930801391602,38.27450195626326,5.762466192245483,worst_uncertainty_stratified_mhz
3336,155.0,5,22.2665054290477,-22.2665054290477,22.2665054290477,0.02260197084526297,0.00905202828805673,0.0316539991333197,19.24076199077949,8.52132949529791,0.0,0.08045434247844341,0.7348799705505371,37.585735326051555,6.10035103559494,worst_uncertainty_stratified_mhz
4023,155.0,5,22.072055674983574,-22.072055674983574,22.072055674983574,0.05096278486152456,0.012969216085387026,0.06393200094691158,19.307290128430207,7.705353626658041,0.0,0.01087329107616597,0.3183317184448242,38.27450195626326,6.583394289016724,worst_uncertainty_stratified_mhz
3971,155.0,5,19.507830479562447,-19.507830479562447,19.507830479562447,0.018605558251649088,0.014768781025196924,0.033374339276846014,16.341719698377105,8.906697217280591,0.0,0.0944181198553764,0.994603157043457,31.5,4.99069344997406,worst_uncertainty_stratified_mhz
4140,155.0,5,19.48989031875475,-19.48989031875475,19.48989031875475,0.021046725382177816,0.010569533065399365,0.03161625844757718,16.296573761323796,8.990252185847499,0.0,0.08836567721735022,0.9164161682128906,31.5,4.917664468288422,worst_uncertainty_stratified_mhz
3474,155.0,5,19.417974601247316,-19.417974601247316,19.417974601247316,0.033035316863573215,0.01612980052756841,0.04916511739114163,16.232386474269447,8.92577230956527,0.0,0.0601288124499888,0.844515323638916,31.5,4.942708969116211,worst_uncertainty_stratified_mhz
3948,155.0,5,19.41680669958469,-19.41680669958469,19.41680669958469,0.008774966869170642,0.03369344127976167,0.04246840814893231,16.433017271051582,8.360888380361759,0.0,0.10466958809870164,1.1566953659057617,31.5,5.388489603996277,worst_uncertainty_stratified_mhz
4721,155.0,5,19.239296707863137,-19.239296707863137,19.239296707863137,0.016921269654324635,0.011711479725557578,0.028632749379882215,15.939503462615615,9.292827120911285,0.0,0.11683233114388258,1.1455984115600586,30.499743851383407,4.576714992523193,worst_uncertainty_stratified_mhz
3476,170.0,5,23.746676772043546,-23.746676772043546,23.746676772043546,0.0034914185528447553,0.005323606958578516,0.00881502551142327,19.498860612118797,12.080511908880172,0.0,0.03899043423436055,0.6452383995056152,38.27450195626326,4.561554491519928,worst_uncertainty_stratified_mhz
3417,170.0,5,19.67283613744418,-19.67283613744418,19.67283613744418,0.0253512618806295,0.01049833348626791,0.03584959536689741,15.785637185360525,10.949111213334046,0.0,0.08025702755212105,0.9110164642333984,30.499743851383407,3.6963768899440765,worst_uncertainty_stratified_mhz
4176,170.0,5,19.19015715361157,-19.19015715361157,19.19015715361157,0.005989166048023283,0.005496569381936166,0.011485735429959449,15.584786612073932,10.214959607263095,0.0,0.0953538072252087,0.9632446765899658,30.01562093310748,4.139565825462341,worst_uncertainty_stratified_mhz
3669,180.0,5,26.946713952142307,-26.946713952142307,26.946713952142307,0.004166434947395648,0.004775837732042069,0.008942272679437717,21.97093957571446,14.147442733612051,0.0,0.07514103098716518,0.9994029998779297,42.79219408957666,4.500492513179779,worst_uncertainty_stratified_mhz
3473,180.0,5,24.35190067073615,-24.35190067073615,24.35190067073615,0.015662053627218703,0.005788287215285317,0.02145034084250402,19.448540631153627,13.910349490151669,0.0,0.036773308951563166,0.5490326881408691,38.27450195626326,3.6080047488212585,worst_uncertainty_stratified_mhz
4577,180.0,5,24.19864529840105,-24.19864529840105,24.19864529840105,0.003314740256859655,0.006825265269847808,0.010140005526707463,19.634791825463967,12.969965807430558,0.0,0.05964304593310654,0.8757956027984619,38.27450195626326,4.291947156190872,worst_uncertainty_stratified_mhz
3457,180.0,5,24.140316942465223,-24.140316942465223,24.140316942465223,0.01715402018227861,0.017313524669199828,0.03446754485147844,19.747052066613815,12.404479191617124,0.0,0.10540894141797708,1.008784294128418,38.27450195626326,4.71089243888855,worst_uncertainty_stratified_mhz
4777,200.0,5,27.803923128689686,-27.803923128689686,27.803923128689686,0.017234186251091105,0.006938506520065799,0.024172692771156905,21.874875334333463,16.80904533621965,0.0,0.07808880685622821,0.8013789653778076,42.79219408957666,3.218028634786606,worst_uncertainty_stratified_mhz
4184,200.0,5,25.90220281538409,-25.90220281538409,25.90220281538409,0.026277171413056213,0.006412258233472434,0.03268942964652865,20.824311119592558,14.370390599362842,0.0,0.07164289678468716,0.9451959133148193,40.56014053230092,4.298945397138596,worst_uncertainty_stratified_mhz
4410,200.0,5,25.877146145260706,-25.877146145260706,25.877146145260706,0.0061372209431627715,0.006632033882681928,0.012769254825844699,20.670065464780137,14.800070204452943,0.0,0.050489526174843036,0.679011344909668,40.56014053230092,3.9319143295288086,worst_uncertainty_stratified_mhz
4260,200.0,5,24.792443348162493,-24.792443348162493,24.792443348162493,0.005769682094016564,0.007491583861091421,0.013261265955107984,19.718561042061804,14.404730071047172,0.0,0.08029821548046812,1.002023696899414,38.27450195626326,3.735324263572693,worst_uncertainty_stratified_mhz
4127,200.0,5,24.620182162872638,-24.620182162872638,24.620182162872638,0.00574111116168067,0.007961162809088415,0.013702273970769084,19.72938216929496,13.87991858799793,0.0,0.09875481691864252,0.9867527484893799,38.27450195626326,4.107618927955627,worst_uncertainty_stratified_mhz
4299,200.0,5,24.549308787720584,-24.549308787720584,24.549308787720584,0.004310143853768353,0.014098841497308369,0.018408985351076722,19.67660116664191,13.814973941060709,0.0,0.09909228159652272,0.8805158138275146,38.27450195626326,4.129411399364471,worst_uncertainty_stratified_mhz
3522,200.0,5,24.331424942386814,-24.331424942386814,24.331424942386814,0.012428384848911164,0.011255801703285027,0.02368418655219619,19.341247573154437,14.143538764929733,0.0,0.0587954019109409,0.7547287940979004,37.81017554838909,3.729365974664688,worst_uncertainty_stratified_mhz
3527,200.0,5,23.899126350908084,-23.899126350908084,23.899126350908084,0.0021304915095018274,0.003214909832465919,0.005345401341967746,18.784576450069075,14.548030638113037,0.0,0.0472808943049321,0.7231030464172363,36.75148806511105,3.1252802908420563,worst_uncertainty_stratified_mhz
3581,230.0,5,28.923300893307342,-28.923300893307342,28.923300893307342,0.009155574908007223,0.03356400828728281,0.04271958319529003,22.390983892340646,18.365690735162037,0.0,0.4960868026298746,1.8560667037963867,41.933727475625155,2.858236938714981,worst_uncertainty_stratified_mhz
4684,230.0,5,28.86972107967347,-28.86972107967347,28.86972107967347,0.0154438179198539,0.010156941722625476,0.025600759642479376,22.337832513051907,18.49949640662526,0.0,0.11617598195381262,0.9549884796142578,43.48832458258193,2.708216369152069,worst_uncertainty_stratified_mhz
3271,230.0,5,28.45768027260354,-28.45768027260354,28.45768027260354,0.07821827850481827,0.0357441831145017,0.11396246161931997,22.018815349028422,17.99014252943742,0.0,0.11044844969449841,1.0245397090911865,42.79219408957666,2.9304025769233704,worst_uncertainty_stratified_mhz
4482,230.0,5,26.758241609220057,-26.758241609220057,26.758241609220057,0.02926800026596625,0.02341995357040294,0.05268795383636919,20.9180934594392,16.43047054486514,0.0,0.2492872992347337,1.6104176044464111,39.72719471596252,3.392308294773102,worst_uncertainty_stratified_mhz
3568,230.0,5,26.47371753947568,-26.47371753947568,26.47371753947568,0.012424988785599464,0.010411023967473274,0.02283601275307274,20.90592615729079,15.80635621845567,0.0,0.03779839385778416,0.7042558193206787,41.03199970754533,3.817900776863098,worst_uncertainty_stratified_mhz
4433,230.0,5,26.4280541901864,-26.4280541901864,26.4280541901864,0.02280564306871681,0.0201484336991537,0.04295407676787051,20.723606975063436,16.131836011936347,0.0,0.045759002333650045,0.7233889102935791,40.632307035165994,3.483812630176544,worst_uncertainty_stratified_mhz
3254,230.0,5,26.27434809945284,-26.27434809945284,26.27434809945284,0.016191138099926523,0.028880325922783303,0.045071464022709826,20.152938462734912,17.20433274400118,0.0,0.2641108821443312,1.5031532049179077,38.27450195626326,2.343584194779396,worst_uncertainty_stratified_mhz
4056,230.0,5,25.745489255912183,-25.745489255912183,25.745489255912183,0.006453082406321086,0.01076642768677304,0.017219510093094127,20.207555161732184,15.736373394675482,0.0,0.03234879506897581,0.6122069358825684,39.73820579744385,3.4630920588970184,worst_uncertainty_stratified_mhz
4240,250.0,5,28.601215665314612,-28.601215665314612,28.601215665314612,0.015196100722914309,0.004921431755510007,0.020117532478424315,22.45730211974113,17.45554187898905,0.0,0.045700624705886206,0.6276149749755859,44.1955880150949,3.7226900160312653,worst_uncertainty_stratified_mhz
3911,250.0,5,27.964023169453885,-27.964023169453885,27.964023169453885,0.021248863491589474,0.017405205460754768,0.038654068952344245,22.15017922413012,16.441652269372355,0.0,0.12671730545568138,1.2547297477722168,42.79219408957666,4.317642152309418,worst_uncertainty_stratified_mhz
4083,250.0,5,27.909159781058104,-27.909159781058104,27.909159781058104,0.0028340374804801624,0.0035451815566959646,0.006379219037176127,21.520662732704576,18.22501223190427,0.0,0.0011792518433217936,0.10751724243164062,42.93144971929087,2.5523818135261536,worst_uncertainty_stratified_mhz
4308,250.0,5,27.79843780379541,-27.79843780379541,27.79843780379541,0.008567850777143062,0.0049123930911660375,0.0134802438683091,21.778448812142916,17.12015873813431,0.0,0.042665373616791236,0.6793727874755859,42.79219408957666,3.572844296693802,worst_uncertainty_stratified_mhz
3297,250.0,5,27.764961020021765,-27.764961020021765,27.764961020021765,0.06253900125691557,0.02674608476888689,0.08928508602580246,21.23944899029686,18.290208268130954,0.0,0.10990389755248464,1.2270904779434204,41.03199970754533,2.3916221112012863,worst_uncertainty_stratified_mhz
3739,250.0,5,27.542077978795824,-27.542077978795824,27.542077978795824,0.029956600378546416,0.00871198539053644,0.03866858576908286,21.8421937992022,16.13571297169535,0.0,0.05756101642253597,0.777071475982666,42.79219408957666,4.372955501079559,worst_uncertainty_stratified_mhz
3459,250.0,5,27.201477996355553,-27.201477996355553,27.201477996355553,0.01903998001178198,0.010760403565978049,0.029800383577760027,21.81511436065703,15.266766724949262,0.0,0.07001710033830477,0.698000431060791,42.79219408957666,5.013442277908325,worst_uncertainty_stratified_mhz
3899,250.0,5,26.843182493306763,-26.843182493306763,26.843182493306763,0.032736458268829954,0.044312156974078996,0.07704861524290896,21.236396815809567,15.726201568262347,0.0,0.19999749005827638,1.5126581192016602,40.56014053230092,4.373013079166412,worst_uncertainty_stratified_mhz
3436,250.0,5,25.276416707295073,-25.276416707295073,25.276416707295073,0.005353013852005095,0.011248358283455532,0.016601372135460625,19.327526158705584,16.903304235269044,0.0,0.018537688489452142,0.34347498416900635,38.27450195626326,2.109895274043083,worst_uncertainty_stratified_mhz
4701,250.0,5,25.25420401312149,-25.25420401312149,25.25420401312149,0.039697726705414375,0.02346781043053818,0.06316553713595255,20.001580444114484,14.76677173899778,0.0,0.137920057407257,1.0719928741455078,38.65532789926895,4.402708292007446,worst_uncertainty_stratified_mhz
4120,250.0,5,24.83809144492469,-24.83809144492469,24.83809144492469,0.00326242364939697,0.0038597158488241374,0.007122139498221108,19.126801037128477,16.26356417216743,0.0,0.014243084329804923,0.41494035720825195,37.81017554838909,2.502858728170395,worst_uncertainty_stratified_mhz
4360,250.0,5,22.519074931244894,-22.519074931244894,22.519074931244894,0.016080960442350165,0.013148942836873961,0.029229903279224125,17.708158129061854,13.626062273425841,0.0,0.03768959172495556,0.6548447608947754,34.68609231377902,3.862643837928772,worst_uncertainty_stratified_mhz
3989,265.0,5,32.40711915912662,-32.40711915912662,32.40711915912662,0.28653730982880593,0.35019698216689826,0.6367342919957042,28.554060076031615,9.061393725634112,0.0,4.6177184519280985,5.080489158630371,42.79219408957666,11.981668829917908,worst_uncertainty_stratified_mhz
3663,265.0,5,30.741977825173148,-30.741977825173148,30.741977825173148,0.3804179980409123,0.5124718996570455,0.8928898976979578,27.433474038901036,6.800494407920373,0.0,3.5016765471141156,5.2074480056762695,42.65614697789757,13.200000405311584,worst_uncertainty_stratified_mhz
3751,265.0,5,29.071084993847833,-29.071084993847833,29.071084993847833,0.2676964888813425,0.3045567870466103,0.5722532759279528,26.242291656959164,6.369249072706703,0.0,2.0918161973103793,4.7901763916015625,43.51077452769601,13.243208646774292,worst_uncertainty_stratified_mhz
4452,265.0,5,28.55415253764093,-28.55415253764093,28.55415253764093,0.758342755030121,0.7723801104671996,1.5307228654973206,24.155224828661492,8.073796090681341,0.0,4.078671983048693,6.169883728027344,33.983221963198254,11.914539694786072,worst_uncertainty_stratified_mhz
4042,265.0,5,28.28602393157737,-28.28602393157737,28.28602393157737,0.2528684881489253,0.3163510211599792,0.5692195093089045,25.29467434764078,6.856261686286646,0.0,1.3125386233269722,3.768683433532715,44.1955880150949,12.76446259021759,worst_uncertainty_stratified_mhz
4341,265.0,5,27.56685893218645,-27.56685893218645,27.56685893218645,0.9190964127851763,0.23448628201740132,1.1535826948025776,23.902866340516727,7.117212499579273,0.0,0.9297699937973078,3.302318572998047,42.64387412044079,12.435128331184387,worst_uncertainty_stratified_mhz
4198,265.0,5,26.809798312404737,-26.809798312404737,26.809798312404737,0.032484164282245556,0.053311888850896404,0.08579605313314195,24.19646609796777,7.171728536826406,0.0,0.7281963213773537,2.7409515380859375,44.1955880150949,12.238765835762024,worst_uncertainty_stratified_mhz
4405,265.0,5,26.433707335465467,-26.433707335465467,26.433707335465467,0.2887746469970626,0.14162123970981477,0.4303958867068774,22.838861225572757,9.014421796576773,0.0,0.16012601776895963,1.1618824005126953,44.1955880150949,10.639549970626831,worst_uncertainty_stratified_mhz
3299,265.0,5,26.294507628581712,-26.294507628581712,26.294507628581712,0.09712117551743898,0.11439309678563528,0.21151427230307426,23.811247604084624,6.4316702456156065,0.0,1.104860699524565,2.620579719543457,42.79219408957666,12.718589186668396,worst_uncertainty_stratified_mhz
4106,265.0,5,26.134791474076966,-26.134791474076966,26.134791474076966,0.03266302052036794,0.0883453815130271,0.12100840203339502,23.626131726155105,6.7697144972265795,0.0,0.8217856519616902,2.7663211822509766,42.84237096613585,12.41727077960968,worst_uncertainty_stratified_mhz
4676,265.0,5,26.04345514447119,-26.04345514447119,26.04345514447119,0.12929389157995008,0.1846095308220901,0.31390342240204017,23.883512237582845,5.221674665994027,0.0,1.0105956775662435,2.953639030456543,42.79219408957666,13.619258880615234,worst_uncertainty_stratified_mhz
3866,270.0,5,29.091527852415958,-29.091527852415958,29.091527852415958,0.007777350643171993,0.01711410310544893,0.024891453748620923,22.348123163271314,19.0763190544003,0.0,0.19211535617295694,1.5198215246200562,42.79219408957666,2.621371015906334,worst_uncertainty_stratified_mhz
3282,270.0,5,28.722174945214995,-28.722174945214995,28.722174945214995,0.03809362495532701,0.01335977782298929,0.0514534027783163,22.21193801157047,18.35778586620815,0.0,0.1742075754018293,1.2832667827606201,42.79219408957666,3.109361916780472,worst_uncertainty_stratified_mhz
3709,270.0,5,28.583682753112853,-28.583682753112853,28.583682753112853,0.0174599011763113,0.034721535973834775,0.05218143715014607,21.770768362314723,19.132129216482085,0.0,0.32662546026708283,1.5938022136688232,41.29448359042646,2.215582624077797,worst_uncertainty_stratified_mhz
3524,270.0,5,28.372360168374335,-28.372360168374335,28.372360168374335,0.013583305224065168,0.022311623898833365,0.03589492912289853,22.615130417310958,16.265772972107754,0.0,0.31775678408268604,1.8025531768798828,42.79219408957666,4.977163136005402,worst_uncertainty_stratified_mhz
4798,270.0,5,28.292149773832822,-28.292149773832822,28.292149773832822,0.0103983337476784,0.015155405162439415,0.025553738910117814,22.269988544151953,17.059624938722912,0.0,0.1824430492751219,1.382896900177002,42.79219408957666,4.1487380266189575,worst_uncertainty_stratified_mhz
3526,270.0,5,28.158520324464664,-28.158520324464664,28.158520324464664,0.017529237067662056,0.01916679942124158,0.03669603648890364,22.311250699384804,16.526558353639082,0.0,0.23377850868430183,1.3627502918243408,42.79219408957666,4.599888116121292,worst_uncertainty_stratified_mhz
3665,270.0,5,28.143726672513942,-28.143726672513942,28.143726672513942,0.009601146586489733,0.013409190832788662,0.023010337419278395,22.26007628626378,16.673842114413542,0.0,0.19436027728019578,1.339237928390503,42.79219408957666,4.4450253546237946,worst_uncertainty_stratified_mhz
4727,280.0,5,31.79065533328274,-31.79065533328274,31.79065533328274,0.008804852805743321,0.07042596250623467,0.079230815311978,24.667255482081114,19.93237105754843,0.0,0.919428119774448,3.3000667095184326,44.1955880150949,3.5336082577705383,worst_uncertainty_stratified_mhz
3539,280.0,5,29.868965457646734,-29.868965457646734,29.868965457646734,0.02621671657330911,0.02899000819666759,0.0552067247699767,23.337486020368623,18.395419298227836,0.0,0.34194843009564746,1.7954871654510498,44.1955880150949,3.8597278892993927,worst_uncertainty_stratified_mhz
4625,280.0,5,29.740429300619756,-29.740429300619756,29.740429300619756,0.011150260606383675,0.016159149697035326,0.027309410303419,22.855274719882647,19.45918344042922,0.0,0.2626525887708189,1.6969196796417236,43.48832458258193,2.7184697687625885,worst_uncertainty_stratified_mhz
4054,280.0,5,29.529661111621586,-29.529661111621586,29.529661111621586,0.02474607669316579,0.020505283883372256,0.045251360576538044,23.001076617780768,18.401824332201418,0.0,0.38773596776820707,2.295231580734253,42.93144971929087,3.64615336060524,worst_uncertainty_stratified_mhz
4627,280.0,5,29.26532335308251,-29.26532335308251,29.26532335308251,0.019115319902332336,0.013829072558960778,0.03294439246129312,23.007743901758317,17.710428266180696,0.0,0.18792140032964166,1.4440569877624512,44.1955880150949,4.170639365911484,worst_uncertainty_stratified_mhz
4008,280.0,5,28.787404847318893,-28.787404847318893,28.787404847318893,0.04354640288230146,0.027478093045339675,0.07102449592764114,22.07069200090797,18.898762775225048,0.0,0.10900004454432288,1.1311898231506348,42.79219408957666,2.65212818980217,worst_uncertainty_stratified_mhz
4543,300.0,5,27.994589177805313,-27.994589177805313,27.994589177805313,0.024802355285113282,0.008140338110734963,0.032942693395848245,21.73318160008788,17.75194664934417,0.0,0.04446687665727822,0.5852353572845459,42.79219408957666,3.4493231177330017,worst_uncertainty_stratified_mhz
3944,300.0,5,27.69017624970723,-27.69017624970723,27.69017624970723,0.009053094902948628,0.01024347436107756,0.01929656926402619,20.98280037274207,18.979880965318305,0.0,0.1092586090996539,1.1147764921188354,40.632307035165994,1.8314261734485626,worst_uncertainty_stratified_mhz
4211,300.0,5,27.012361136317352,-27.012361136317352,27.012361136317352,0.025677381481139783,0.013556953757651041,0.03923433523879082,20.644109896971795,17.9689797507664,0.0,0.15621897324041356,1.2485871315002441,39.72719471596252,2.4780906438827515,worst_uncertainty_stratified_mhz
3744,300.0,5,26.840289136234524,-26.840289136234524,26.840289136234524,0.007205722724240619,0.00640493583332387,0.013610658557564489,20.814074850647174,17.122772804138624,0.0,0.06843711489985083,0.9311349391937256,40.56014053230092,3.3311636447906494,worst_uncertainty_stratified_mhz
3704,300.0,5,25.972174992885503,-25.972174992885503,25.972174992885503,0.02336398030837794,0.020350036614323573,0.043714016922701514,20.38018398505788,15.759802912514436,0.0,0.3067552763659478,1.8723554611206055,38.27450195626326,4.280710220336914,worst_uncertainty_stratified_mhz
3487,300.0,5,25.038975350711443,-25.038975350711443,25.038975350711443,0.006219430809255051,0.0036539009774522353,0.009873331786707285,19.371124867407968,16.139154432882748,0.0,0.013446614572358406,0.440854549407959,38.27450195626326,3.1262344419956207,worst_uncertainty_stratified_mhz
5869,120.0,6,24.240679985146294,-24.240679985146294,24.240679985146294,0.1841146700080151,0.06315966587764958,0.24727433588566466,23.075623995638278,2.552341254046587,0.0,0.5565411110061973,2.2459716796875,42.79219408957666,7.624175071716309,worst_uncertainty_stratified_mhz
4904,120.0,6,23.466876109171206,-23.466876109171206,23.466876109171206,0.05236729189979081,0.04644189509857835,0.09880918699836916,23.3520123424468,0.0,0.0,0.33261608575384116,1.8432044982910156,44.1955880150949,8.980751752853394,worst_uncertainty_stratified_mhz
5247,120.0,6,22.878752252738572,-22.878752252738572,22.878752252738572,0.05494317124243728,0.05111717606032366,0.10606034730276094,20.30324642223514,6.989174462407593,0.0,0.27396663550976186,1.7840576171875,38.27450195626326,5.631926596164703,worst_uncertainty_stratified_mhz
5258,150.0,6,30.963508948192192,-30.963508948192192,30.963508948192192,0.2737098188148484,0.32587408410925534,0.5995839029241037,24.889094468898254,15.345081698164638,0.0,3.097812465577732,5.772388458251953,37.81017554838909,4.228800654411316,worst_uncertainty_stratified_mhz
5248,150.0,6,29.499314167976877,-29.499314167976877,29.499314167976877,0.13101554347057492,0.25494159024711494,0.38595713371768986,25.224500719222213,10.921217937030818,0.0,2.600766015344661,4.615162372589111,40.632307035165994,6.069126009941101,worst_uncertainty_stratified_mhz
6166,150.0,6,29.197693395060334,-29.197693395060334,29.197693395060334,0.12795312474888365,0.4670647795400138,0.5950179042888974,23.837423997920677,13.288316347677917,0.0,4.9080699263035505,6.358708143234253,31.5,4.843889892101288,worst_uncertainty_stratified_mhz
5859,150.0,6,29.03114297693226,-29.03114297693226,29.03114297693226,0.14195557415881913,0.03264228659175376,0.17459786075057288,22.884723160459167,16.96353333127867,0.0,0.15041842312198295,1.2730214595794678,44.1955880150949,2.8034906089305878,worst_uncertainty_stratified_mhz
5458,155.0,6,26.280734932923675,-26.280734932923675,26.280734932923675,0.22423545880631326,0.18900557829686213,0.4132410371031754,22.13314821305471,10.584240942554958,0.0,0.48092973091098656,1.9160327911376953,41.38840417314975,5.805923938751221,worst_uncertainty_stratified_mhz
5633,155.0,6,25.675313671216646,-25.675313671216646,25.675313671216646,0.26277990274286966,0.3542647259865329,0.6170446287294026,23.27757883939847,4.909880287817731,0.0,4.679545931574808,6.696321964263916,30.499743851383407,8.690152406692505,worst_uncertainty_stratified_mhz
5421,155.0,6,25.630928584943337,-25.630928584943337,25.630928584943337,0.2218380569745543,0.2080088362585206,0.4298468932330749,21.8506787124184,9.403595032430506,0.0,2.2421560811152936,5.233823299407959,33.983221963198254,6.329318702220917,worst_uncertainty_stratified_mhz
5744,155.0,6,25.406279461360153,-25.406279461360153,25.406279461360153,0.04998225501659668,0.5180453290245776,0.5680275840411743,21.501649188968752,9.326236009077432,0.0,3.3586016613178202,5.786351203918457,30.499743851383407,6.326452136039734,worst_uncertainty_stratified_mhz
4892,155.0,6,25.108950832002417,-25.108950832002417,25.108950832002417,0.2603228079753695,0.12356078594401482,0.3838835939193843,21.070531033241842,10.394969832503085,0.0,0.13509455476712162,1.2385659217834473,40.632307035165994,5.638421893119812,worst_uncertainty_stratified_mhz
5504,155.0,6,23.558492209001166,-23.558492209001166,23.558492209001166,0.11652639518994636,0.06713604723160702,0.18366244242155338,19.953248393618487,9.725906873843758,0.0,0.15698414415507145,1.3180265426635742,38.27450195626326,5.655661046504974,worst_uncertainty_stratified_mhz
5358,155.0,6,22.912400404257365,-22.912400404257365,22.912400404257365,0.04826059214336265,0.024062974716730405,0.07232356686009306,19.75426801692171,8.77568536981348,0.0,0.12189937445292287,0.9902353286743164,38.27450195626326,6.095787882804871,worst_uncertainty_stratified_mhz
5355,155.0,6,22.85378557219893,-22.85378557219893,22.85378557219893,0.29269799733087204,0.39520752919954094,0.687905526530413,19.04502255779023,8.721929356815428,0.0,2.782023359516497,5.2461981773376465,27.279800219209818,6.115744054317474,worst_uncertainty_stratified_mhz
4870,170.0,6,25.396834993494878,-25.396834993494878,25.396834993494878,0.0018336574243548668,0.0016906056150032866,0.0035242630393581536,20.484986193670814,14.004734277704607,0.0,0.01022125927110551,0.31722283363342285,40.632307035165994,3.790762782096863,worst_uncertainty_stratified_mhz
6273,170.0,6,20.120692373098507,-20.120692373098507,20.120692373098507,0.014370075994260585,0.010483348367402315,0.0248534243616629,16.069072940724165,11.470325026514564,0.0,0.028048017399580516,0.5820498466491699,31.5,3.445358693599701,worst_uncertainty_stratified_mhz
4981,170.0,6,18.685100900374337,-18.685100900374337,18.685100900374337,0.0021898032566959034,0.013056623999987176,0.01524642725668308,15.247906654805607,9.72032216470922,0.0,0.11949350220962085,1.0241925716400146,29.23263373355196,4.356910318136215,worst_uncertainty_stratified_mhz
5282,180.0,6,23.717368492270694,-23.717368492270694,23.717368492270694,0.009743969827023906,0.0041557271937201455,0.013899697020744051,19.488435352445357,12.01439317494342,0.0,0.03755903862036902,0.6272506713867188,38.27450195626326,4.847059071063995,worst_uncertainty_stratified_mhz
5889,180.0,6,21.879354123042845,-21.879354123042845,21.879354123042845,0.007397719647319986,0.003176518235033709,0.010574237882353696,17.293223697673024,13.048251999829915,0.0,0.011604005278485374,0.29226040840148926,34.27097897638759,3.1068886518478394,worst_uncertainty_stratified_mhz
5926,180.0,6,21.02727212595402,-21.02727212595402,21.02727212595402,0.0014184473885994655,0.002811525711348336,0.0042299730999478015,16.436822792320662,13.06376422346877,0.0,0.020896302497646957,0.45250964164733887,32.37934333799869,2.5995676517486572,worst_uncertainty_stratified_mhz
5475,180.0,6,20.19157933073357,-20.19157933073357,20.19157933073357,0.0032069306356380238,0.005988890437373481,0.009195821073011505,16.085963489402175,11.664323953735357,0.0,0.03748071371400297,0.5969655513763428,31.5,3.480341285467148,worst_uncertainty_stratified_mhz
5852,200.0,6,28.096294596947857,-28.096294596947857,28.096294596947857,0.018637867440587343,0.008569299922745386,0.02720716736333273,22.703845205942542,15.283367268266593,0.0,0.08465050831635779,1.0428013801574707,44.1955880150949,4.528034806251526,worst_uncertainty_stratified_mhz
6048,200.0,6,27.75865431082002,-27.75865431082002,27.75865431082002,0.005609422104578804,0.007609836945046692,0.013219259049625495,22.13256762984339,15.957208307260002,0.0,0.18567991752118473,1.101581335067749,42.79219408957666,3.8688583374023438,worst_uncertainty_stratified_mhz
4931,200.0,6,27.207529811173462,-27.207529811173462,27.207529811173462,0.0099722453118706,0.004528914957168951,0.01450116026903955,21.724300239925633,15.590669524105587,0.0,0.035159343284885125,0.586087703704834,42.79219408957666,3.9083507657051086,worst_uncertainty_stratified_mhz
5920,200.0,6,26.11086571273854,-26.11086571273854,26.11086571273854,0.012478107468125022,0.011072121707982913,0.023550229176107933,20.617729815756817,15.58061925408963,0.0,0.04931468952945206,0.5766897201538086,40.56014053230092,3.391625553369522,worst_uncertainty_stratified_mhz
6314,200.0,6,24.94966550801813,-24.94966550801813,24.94966550801813,0.0180936583849357,0.014925547164370381,0.03301920554930608,19.75140289558288,14.692907074501832,0.0,0.10491558169685788,1.018472671508789,38.27450195626326,3.56318461894989,worst_uncertainty_stratified_mhz
5034,200.0,6,24.707493550529314,-24.707493550529314,24.707493550529314,0.012678633909841938,0.007051826733385497,0.019730460643227435,19.598128031475635,14.493781580537783,0.0,0.059036485755200374,0.8036811351776123,38.27450195626326,3.6132137775421143,worst_uncertainty_stratified_mhz
4936,200.0,6,24.629914563511242,-24.629914563511242,24.629914563511242,0.011566883283432304,0.009056376558728658,0.020623259842160964,19.47403816085703,14.634984591169868,0.0,0.03217073146197347,0.6092329025268555,38.27450195626326,3.4470061361789703,worst_uncertainty_stratified_mhz
6178,200.0,6,24.32632038907415,-24.32632038907415,24.32632038907415,0.022856326519825738,0.013279190000005638,0.03613551651983138,19.72842733764964,12.986927930569419,0.0,0.09588536487384758,0.9905819892883301,38.27450195626326,4.739762842655182,worst_uncertainty_stratified_mhz
5465,230.0,6,29.60671101992672,-29.60671101992672,29.60671101992672,0.0319856821475051,0.04140473503992537,0.07339041718743047,23.142288558787197,18.084451726504863,0.0,0.7294399796208202,2.1695501804351807,42.65614697789757,3.473311573266983,worst_uncertainty_stratified_mhz
4851,230.0,6,28.858428436060073,-28.858428436060073,28.858428436060073,0.0221603656536786,0.02079845088645201,0.042958816540130604,23.424825997029142,15.318800668011125,0.0,0.39687437929143243,1.9482579231262207,44.1076453123492,5.41901421546936,worst_uncertainty_stratified_mhz
5079,230.0,6,28.768966111551823,-28.768966111551823,28.768966111551823,0.008769990998542627,0.027102312548604658,0.03587230354714729,22.444752567011946,17.92410540470088,0.0,0.03558091492561655,0.6227552890777588,44.1955880150949,3.1639932096004486,worst_uncertainty_stratified_mhz
6007,230.0,6,28.52519861102224,-28.52519861102224,28.52519861102224,0.018855385794709887,0.016173618239916494,0.03502900403462638,22.666863992067498,16.583057097563092,0.0,0.10473636055227953,1.015192985534668,44.10906227749577,4.206126362085342,worst_uncertainty_stratified_mhz
4925,230.0,6,28.26950207899538,-28.26950207899538,28.26950207899538,0.004959661081112671,0.00821066896227955,0.013170330043392221,22.555087009569235,16.248816835772832,0.0,0.061164109123225785,0.7922577857971191,44.1955880150949,4.366771340370178,worst_uncertainty_stratified_mhz
5804,230.0,6,27.852876405686963,-27.852876405686963,27.852876405686963,0.040268767307655905,0.03025469139516869,0.07052345870282459,21.42667478859932,18.001378165251555,0.0,0.3207796356937527,1.5794832706451416,40.632307035165994,2.565295308828354,worst_uncertainty_stratified_mhz
4921,230.0,6,27.82921187019587,-27.82921187019587,27.82921187019587,0.006136584129308151,0.012694061454524574,0.018830645583832725,22.155737080963743,16.09516186950016,0.0,0.13340955788866893,1.2524609565734863,42.79219408957666,4.279471755027771,worst_uncertainty_stratified_mhz
5043,230.0,6,27.31818298832214,-27.31818298832214,27.31818298832214,0.01766630736116474,0.008118515235695348,0.025784822596860088,21.970815852988416,15.161106096193974,0.0,0.08674607184144278,0.9759454727172852,42.79219408957666,4.845728695392609,worst_uncertainty_stratified_mhz
6348,250.0,6,29.204198770505307,-29.204198770505307,29.204198770505307,0.01671876390484681,0.015752766535346154,0.032471530440192964,22.684130029960333,18.433904134820505,0.0,0.20340121631168984,1.5398328304290771,43.42162479686821,3.1555458307266235,worst_uncertainty_stratified_mhz
4859,250.0,6,28.50133573106634,-28.50133573106634,28.50133573106634,0.022267123801624555,0.010989791870871159,0.03325691567249571,22.522763406550737,16.94605915788011,0.0,0.0553305983822554,0.7392776012420654,44.1955880150949,4.142822861671448,worst_uncertainty_stratified_mhz
4923,250.0,6,28.140730751345167,-28.140730751345167,28.140730751345167,0.05106381183963977,0.005411587929637255,0.05647539976927703,21.482216623655486,18.844758641689058,0.0,0.0028217301656781046,0.1665956974029541,42.79219408957666,2.083722949028015,worst_uncertainty_stratified_mhz
6278,250.0,6,27.990542667345196,-27.990542667345196,27.990542667345196,0.024530754223823458,0.011620935125348371,0.03615168934917183,22.29213166896697,16.158592758983055,0.0,0.015417630825648843,0.35784006118774414,44.1955880150949,4.597550094127655,worst_uncertainty_stratified_mhz
5650,250.0,6,27.61599947048937,-27.61599947048937,27.61599947048937,0.005027776137150385,0.008219662488893427,0.01324743862604381,21.87134710749906,16.337254405727236,0.0,0.050946835675585334,0.7093508243560791,42.93144971929087,4.22183233499527,worst_uncertainty_stratified_mhz
6075,250.0,6,27.41954910659787,-27.41954910659787,27.41954910659787,0.011656965668508372,0.016359996501888182,0.028016962170396554,21.62983886294996,16.43756904016498,0.0,0.01880353519501554,0.42987656593322754,42.79219408957666,4.012292206287384,worst_uncertainty_stratified_mhz
4842,250.0,6,27.152178527902883,-27.152178527902883,27.152178527902883,0.01386860634964335,0.006419788799725844,0.02028839514936919,21.58594869998691,15.824956151067713,0.0,0.016475333405978176,0.3467526435852051,42.79219408957666,4.452622294425964,worst_uncertainty_stratified_mhz
5144,250.0,6,26.35223269751842,-26.35223269751842,26.35223269751842,0.06593686094814862,0.030377313735726663,0.09631417468387528,20.807752118349107,15.520811379819996,0.0,0.07430710873703728,0.9067494869232178,40.56014053230092,4.290801972150803,worst_uncertainty_stratified_mhz
5742,250.0,6,26.088514170370736,-26.088514170370736,26.088514170370736,0.017519573152821485,0.036888995810468755,0.054408568963290244,20.305078827200987,16.24733616888832,0.0,0.3306196574941529,1.7749743461608887,38.17394399325278,3.385582536458969,worst_uncertainty_stratified_mhz
5534,250.0,6,26.068012839099133,-26.068012839099133,26.068012839099133,0.02950142778255412,0.02789284821782835,0.057394276000382466,20.791729804523218,14.870687277911458,0.0,0.07303584161246235,0.8050808906555176,40.632307035165994,4.775364100933075,worst_uncertainty_stratified_mhz
6254,250.0,6,25.804103317711718,-25.804103317711718,25.804103317711718,0.028622187077979228,0.014472578457565848,0.043094765535545074,20.396255043499313,15.276824257074274,0.0,0.09051245713212719,0.8842904567718506,39.72719471596252,4.210083514451981,worst_uncertainty_stratified_mhz
6040,250.0,6,25.48418685568916,-25.48418685568916,25.48418685568916,0.007743863550363922,0.01441522523497327,0.02215908878533719,19.743760861689683,16.257200326759552,0.0,0.112666566526193,0.9876866340637207,38.27450195626326,2.970765858888626,worst_uncertainty_stratified_mhz
6362,265.0,6,28.970507753042032,-28.970507753042032,28.970507753042032,0.1740513068237436,0.17500810013932325,0.3490594069630668,26.070380477085266,7.212006729179535,0.0,1.8416126536198476,4.2619476318359375,44.1955880150949,12.628274202346802,worst_uncertainty_stratified_mhz
5293,265.0,6,28.533768057129127,-28.533768057129127,28.533768057129127,0.1907568914367025,0.28266208827600386,0.47341897971270636,25.155140872242196,8.191766780065912,0.0,3.244095243079073,5.547589302062988,38.27450195626326,11.821640491485596,worst_uncertainty_stratified_mhz
5590,265.0,6,28.24163235250775,-28.24163235250775,28.24163235250775,0.5766217726442503,0.18356920220134332,0.7601909748455936,24.712095542740258,7.831280962008891,0.0,1.8676072585030283,4.300572395324707,41.38840417314975,12.03102707862854,worst_uncertainty_stratified_mhz
5011,265.0,6,27.926553638337055,-27.926553638337055,27.926553638337055,0.14842640877319777,0.25399629915828353,0.40242270793148127,24.646523232204427,8.150791621803869,0.0,1.3548001193008616,3.7912521362304688,42.79219408957666,11.718981623649597,worst_uncertainty_stratified_mhz
5950,265.0,6,27.02461113206902,-27.02461113206902,27.02461113206902,0.36928967353466624,0.29226707664324036,0.6615567501779066,24.377070842198055,5.605153160113964,0.0,1.699875196992238,4.106853485107422,41.24753780530421,13.480109572410583,worst_uncertainty_stratified_mhz
5182,265.0,6,26.82873949867657,-26.82873949867657,26.82873949867657,0.4013779966271187,0.24668975225258216,0.6480677488797009,24.05761604277255,5.9997208940188225,0.0,1.483343752924256,3.854628562927246,41.293916016769344,13.150620579719543,worst_uncertainty_stratified_mhz
6319,265.0,6,26.777000693840407,-26.777000693840407,26.777000693840407,0.23440685003173467,0.09051239553699378,0.3249192455687284,23.788061986021546,7.5571213507861135,0.0,0.823833918215712,2.997006416320801,42.93144971929087,11.925861597061157,worst_uncertainty_stratified_mhz
5944,265.0,6,26.505558904869567,-26.505558904869567,26.505558904869567,0.17962476930588145,0.12256432427733292,0.3021890935832144,23.807702588944704,6.790825572222776,0.0,0.8876354170506602,3.047940254211426,42.79219408957666,12.476566314697266,worst_uncertainty_stratified_mhz
5481,265.0,6,25.749733106312977,-25.749733106312977,25.749733106312977,0.13346539367492888,0.08778174485506314,0.221247138529992,23.026821049966745,7.105952708037714,0.0,0.4947373645536004,2.3397598266601562,42.724407544166134,12.059409856796265,worst_uncertainty_stratified_mhz
6204,265.0,6,25.510935184118473,-25.510935184118473,25.510935184118473,0.16852600063000037,0.12885146683224794,0.2973774674622483,22.810108339043307,6.8316238724681355,0.0,0.36700850189657785,2.094005584716797,42.79219408957666,12.232678651809692,worst_uncertainty_stratified_mhz
5830,265.0,6,25.136784889220163,-25.136784889220163,25.136784889220163,0.19782992591727835,0.0651306733266315,0.26296059924390985,23.155347873523098,4.878610702854992,0.0,0.3634286904995747,1.3882503509521484,44.1955880150949,13.747801542282104,worst_uncertainty_stratified_mhz
6053,270.0,6,29.89855158140928,-29.89855158140928,29.89855158140928,0.017410601960076894,0.01710627440677732,0.034516876366854216,23.228626436262584,18.842181529419296,0.0,0.30011200406303473,1.6614408493041992,44.1955880150949,3.3695927262306213,worst_uncertainty_stratified_mhz
6139,270.0,6,28.510101897959544,-28.510101897959544,28.510101897959544,0.007849169917301436,0.014416663164166052,0.022265833081467488,22.292076782196286,17.613091464407468,0.0,0.2160770646403165,1.3598053455352783,42.79219408957666,3.7274022102355957,worst_uncertainty_stratified_mhz
6087,270.0,6,28.31759876038828,-28.31759876038828,28.31759876038828,0.01037152478692105,0.0034874435307380154,0.013858968317659065,21.93982448218775,18.154799227978742,0.0,0.014125516397270665,0.36307334899902344,43.48832458258193,3.0519705712795258,worst_uncertainty_stratified_mhz
5731,270.0,6,27.83943876032225,-27.83943876032225,27.83943876032225,0.041261447684429825,0.019294403392573895,0.06055585107700372,21.407987290833887,18.09814509399208,0.0,0.16612867438646983,1.1898012161254883,41.293916016769344,2.7882794439792633,worst_uncertainty_stratified_mhz
5769,270.0,6,27.420154511013546,-27.420154511013546,27.420154511013546,0.02982328993188001,0.039554969693108066,0.06937825962498807,21.46428002738218,16.75404222625996,0.0,0.12542462049480374,1.289306640625,41.38840417314975,3.9208450615406036,worst_uncertainty_stratified_mhz
5251,270.0,6,27.132188909350084,-27.132188909350084,27.132188909350084,0.018678414744661396,0.019702838622531783,0.03838125336719318,21.859824513836127,14.918391921301467,0.0,0.079448694786322,0.7685575485229492,42.79219408957666,5.616673231124878,worst_uncertainty_stratified_mhz
4964,270.0,6,27.109144318546925,-27.109144318546925,27.109144318546925,0.015280612232454055,0.012045121615000485,0.027325733847454542,20.800384038981846,17.861857314266675,0.0,0.09069422212643019,0.8592391014099121,40.56014053230092,2.5277825593948364,worst_uncertainty_stratified_mhz
6337,280.0,6,29.916452470528604,-29.916452470528604,29.916452470528604,0.020008848367449816,0.02975504121958096,0.04976388958703078,22.988945334609088,19.471342509423586,0.0,0.5022179373236584,2.1812607049942017,42.79219408957666,2.8223488181829453,worst_uncertainty_stratified_mhz
6055,280.0,6,28.695238596143362,-28.695238596143362,28.695238596143362,0.023129618555367697,0.0071359773219783875,0.030265595877346084,21.810631075854467,19.494516915827553,0.0,0.05960591428144024,0.8237478733062744,42.67830244983978,1.9524582922458649,worst_uncertainty_stratified_mhz
5812,280.0,6,27.584876195397694,-27.584876195397694,27.584876195397694,0.011012080379981906,0.00621183650978607,0.017223916889767977,20.876050935504697,19.00078201152424,0.0,0.07522433509317761,0.9693461656570435,40.632307035165994,1.659123033285141,worst_uncertainty_stratified_mhz
5971,280.0,6,26.984137538349426,-26.984137538349426,26.984137538349426,0.005620626207948968,0.01721865071600984,0.022839276923958807,20.979476181404934,17.011139550285417,0.0,0.14698562673544924,1.0326740741729736,40.632307035165994,3.4325089156627655,worst_uncertainty_stratified_mhz
4956,280.0,6,25.413546850406412,-25.413546850406412,25.413546850406412,0.04639600512518918,0.01776014231920745,0.06415614744439663,19.984618352868342,15.251238928532182,0.0,0.2147051240754223,1.3153660297393799,38.22446042784646,4.316177845001221,worst_uncertainty_stratified_mhz
5413,280.0,6,23.53780112915312,-23.53780112915312,23.53780112915312,0.0011210431538068433,0.0013061589561118286,0.002427202109918672,18.050447981481707,15.640928597511031,0.0,0.010432891904297747,0.3031609058380127,35.776869273316805,2.4087855219841003,worst_uncertainty_stratified_mhz
5909,300.0,6,28.960825741567263,-28.960825741567263,28.960825741567263,0.009897517795943875,0.015299161458275243,0.025196679254219118,22.633599219900987,17.909647533127025,0.0,0.27984693067486344,1.776054859161377,42.93144971929087,3.929830700159073,worst_uncertainty_stratified_mhz
5018,300.0,6,28.138241542297088,-28.138241542297088,28.138241542297088,0.0036344151148359756,0.005053390103660378,0.008687805218496353,21.647075452883765,18.484256894129256,0.0,0.02026694798190931,0.4614229202270508,42.79219408957666,2.7401825189590454,worst_uncertainty_stratified_mhz
6071,300.0,6,28.044649683180868,-28.044649683180868,28.044649683180868,0.004633745718383725,0.0077444649772903775,0.012378210695674102,21.771549167556678,17.83962186368319,0.0,0.052168212017004834,0.6465678215026855,42.79219408957666,3.3878422379493713,worst_uncertainty_stratified_mhz
5734,300.0,6,27.854418944774274,-27.854418944774274,27.854418944774274,0.004320429931741542,0.004953795655362327,0.00927422558710387,21.57849943694617,17.882526036314474,0.0,0.009904762038515535,0.34499526023864746,42.79219408957666,3.2057884633541107,worst_uncertainty_stratified_mhz
6392,300.0,6,27.595621138624743,-27.595621138624743,27.595621138624743,0.004625328954626944,0.0054141591651874835,0.010039488119814428,21.219746148400066,18.15133392464795,0.0,0.019507457317530452,0.466749906539917,41.933727475625155,2.7133641242980957,worst_uncertainty_stratified_mhz
5441,300.0,6,25.33535773246721,-25.33535773246721,25.33535773246721,0.014963943845920832,0.020753037571201578,0.03571698141712241,19.60105242067199,16.20155908237316,0.0,0.13567276014779495,1.1205837726593018,37.81017554838909,3.2837286591529846,worst_uncertainty_stratified_mhz
7733,120.0,7,24.370938752248705,-24.370938752248705,24.370938752248705,0.07837003620279481,0.016527687463602933,0.09489772366639775,22.100139830991374,6.17405952643771,0.0,0.1371511159759926,1.1337833404541016,42.79219408957666,6.18041068315506,worst_uncertainty_stratified_mhz
6524,120.0,7,23.08356757752719,-23.08356757752719,23.08356757752719,1.5657160539328678,0.6079958504279512,2.173711904360819,19.41593822466252,4.033831338201401,0.0,5.231263151914785,7.534058570861816,20.83529157463365,6.966659247875214,worst_uncertainty_stratified_mhz
7647,120.0,7,21.67349746206861,-21.67349746206861,21.67349746206861,0.019990882839283863,0.038363372126233655,0.05835425496551752,20.571301990033785,2.9207636597397815,0.0,0.4022257568617498,2.1128745079040527,38.22527795844002,7.3492929339408875,worst_uncertainty_stratified_mhz
7347,150.0,7,30.576038375328196,-30.576038375328196,30.576038375328196,0.15060840088046656,0.36798933752425556,0.5185977384047221,25.52517022777177,12.727225871612786,0.0,2.835866838362602,4.746299743652344,40.632307035165994,5.4154035449028015,worst_uncertainty_stratified_mhz
6612,150.0,7,30.45613243421293,-30.45613243421293,30.45613243421293,0.2644362964080875,0.1795821598545688,0.44401845626265635,25.2827677125517,13.265571109085373,0.0,3.14752564936758,5.9959821701049805,38.27450195626326,5.133683800697327,worst_uncertainty_stratified_mhz
6691,150.0,7,30.286828376107863,-30.286828376107863,30.286828376107863,0.21220959778842138,0.4885463128022347,0.7007559105906561,26.16638344099717,9.548902385053378,0.0,4.476150759073359,6.628977298736572,36.75148806511105,6.818372309207916,worst_uncertainty_stratified_mhz
7189,150.0,7,26.98527401229767,-26.98527401229767,26.98527401229767,0.41068958700518804,0.28147843486305696,0.692168021868245,22.443161950548312,10.759907808938953,0.0,3.623668060739657,6.13898777961731,31.5,5.667055189609528,worst_uncertainty_stratified_mhz
7222,155.0,7,31.898069681840916,-31.898069681840916,31.898069681840916,0.26810711688916344,0.3309113626428617,0.5990184795320251,29.315297124629108,5.5009467151249964,0.0,4.349353471198569,7.365945816040039,42.56594149082104,8.924225449562073,worst_uncertainty_stratified_mhz
6548,155.0,7,31.247043574929194,-31.247043574929194,31.247043574929194,0.5214804350345416,0.43548896510555096,0.9569694001400926,26.8003915099254,9.700911360829128,0.0,7.229032395894464,8.642974376678467,30.499743851383407,7.12320077419281,worst_uncertainty_stratified_mhz
7863,155.0,7,30.965409647697182,-30.965409647697182,30.965409647697182,0.09608590206165174,0.22551067758278434,0.3215965796444361,27.277813964203666,9.433402249138794,0.0,3.4330801491669227,4.897273540496826,42.79219408957666,7.203023612499237,worst_uncertainty_stratified_mhz
7851,155.0,7,30.124007373249796,-30.124007373249796,30.124007373249796,0.2337205913546712,0.233778094970003,0.4674986863246742,25.773397109428306,10.948843995346111,0.0,1.694253138220958,4.669963359832764,43.48832458258193,6.378539204597473,worst_uncertainty_stratified_mhz
6470,155.0,7,29.699361984409204,-29.699361984409204,29.699361984409204,0.07259084668490266,0.2529501641944241,0.3255410108793268,25.7590223884197,10.150168649033752,0.0,2.771630973151943,4.865933418273926,41.10884941226159,6.68715226650238,worst_uncertainty_stratified_mhz
7664,155.0,7,29.169456733625548,-29.169456733625548,29.169456733625548,0.4508171659925945,0.21702377810520607,0.6678409440978006,24.955467743952543,9.969997365214061,0.0,2.2957676452893985,4.210550785064697,41.10884941226159,6.686702072620392,worst_uncertainty_stratified_mhz
7803,155.0,7,28.818556917636737,-28.818556917636737,28.818556917636737,0.350665772885832,0.17216085543143464,0.5228266283172667,26.370039266263046,5.370939748169541,0.0,2.5771963012934407,4.793491840362549,42.79219408957666,8.751040935516357,worst_uncertainty_stratified_mhz
7327,155.0,7,28.454152587741817,-28.454152587741817,28.454152587741817,0.4053333163580932,0.17922418656961822,0.5845575029277115,25.589248822809328,6.400273776249592,0.0,1.7692531036639103,4.350269794464111,43.289721643826724,8.261603653430939,worst_uncertainty_stratified_mhz
7258,170.0,7,24.165338189696165,-24.165338189696165,24.165338189696165,0.0492064854979159,0.21199747296014912,0.261203958458065,18.967221778185674,13.789857693364032,0.0,2.303174584757169,4.095460653305054,29.23263373355196,3.4347055554389954,worst_uncertainty_stratified_mhz
7467,170.0,7,23.513988834047108,-23.513988834047108,23.513988834047108,0.33995654463277586,0.09174413483310978,0.43170067946588564,19.214413370412576,10.922614994836145,0.0,0.918923106179502,3.2340097427368164,33.35697078572933,5.330375134944916,worst_uncertainty_stratified_mhz
7338,170.0,7,21.626402329000342,-21.626402329000342,21.626402329000342,0.09329611450979396,0.17041184278656654,0.2637079572963605,16.59685902810987,13.39063661930028,0.0,0.629840292799801,2.7014037370681763,29.23263373355196,2.507898598909378,worst_uncertainty_stratified_mhz
7740,180.0,7,27.36878437801979,-27.36878437801979,27.36878437801979,0.005923956489730973,0.011205376603673862,0.017129333093404836,22.07733023788698,15.005690612242573,0.0,0.13126185101185595,1.099942684173584,42.79219408957666,4.055649369955063,worst_uncertainty_stratified_mhz
6935,180.0,7,20.446520171139987,-20.446520171139987,20.446520171139987,0.002505807540997634,0.004550255555577727,0.00705606309657536,16.041992352570173,12.520699811361972,0.0,0.028720424736615513,0.5265438556671143,31.5,2.7824423909187317,worst_uncertainty_stratified_mhz
6431,180.0,7,20.36819836761662,-20.36819836761662,20.36819836761662,0.007786099347278847,0.004295551647029948,0.012081650994308794,16.001910475803385,12.40364057206549,0.0,0.021759537769327153,0.46030187606811523,31.5,2.8516602516174316,worst_uncertainty_stratified_mhz
6781,180.0,7,20.32182837290186,-20.32182837290186,20.32182837290186,0.0036751794263583082,0.002337506097652672,0.006012685524010981,15.999616397299405,12.292759512564748,0.0,0.025984061636563638,0.4472646713256836,31.5,2.934360980987549,worst_uncertainty_stratified_mhz
6871,200.0,7,29.08784137010089,-29.08784137010089,29.08784137010089,0.02036122570964891,0.01183328000864804,0.03219450571829695,23.01611181916789,17.167077306769592,0.0,0.1928804088952205,1.4508748054504395,44.1955880150949,3.5351736545562744,worst_uncertainty_stratified_mhz
7752,200.0,7,27.86126014585792,-27.86126014585792,27.86126014585792,0.008858498314617045,0.017040220664306067,0.02589871897892311,22.28414102611905,15.789447934120645,0.0,0.1624307449034097,1.4512264728546143,42.79219408957666,4.044242829084396,worst_uncertainty_stratified_mhz
6628,200.0,7,27.217348008006645,-27.217348008006645,27.217348008006645,0.006336499069516655,0.00886771133049507,0.015204210400011724,21.79094183531706,15.42323523560615,0.0,0.04472400767655582,0.7002415657043457,42.79219408957666,4.045265942811966,worst_uncertainty_stratified_mhz
6817,200.0,7,26.956986965439995,-26.956986965439995,26.956986965439995,0.005889424375910636,0.007938854706201202,0.013828279082111837,21.485948013565693,15.541745490687992,0.0,0.07279139855585015,0.8925857543945312,41.933727475625155,3.832423686981201,worst_uncertainty_stratified_mhz
6580,200.0,7,26.738317176027984,-26.738317176027984,26.738317176027984,0.005669837599282946,0.0042302218062299085,0.009900059405512855,21.098969572629265,16.03489309513273,0.0,0.05256566663452755,0.7044036388397217,41.38840417314975,3.325682610273361,worst_uncertainty_stratified_mhz
7184,200.0,7,26.232328959019316,-26.232328959019316,26.232328959019316,0.0038352300171503526,0.0037003317819942908,0.007535561799144643,20.562687411068023,16.151762904691605,0.0,0.01139587382598961,0.33954834938049316,40.76303472510357,2.9689570665359497,worst_uncertainty_stratified_mhz
7796,200.0,7,26.036052256709347,-26.036052256709347,26.036052256709347,0.005945093246869957,0.008540201133919996,0.014485294380789953,20.537707555681177,15.63454274028144,0.0,0.024253157145462723,0.4667682647705078,40.56014053230092,3.3080195784568787,worst_uncertainty_stratified_mhz
6605,200.0,7,24.944515802284364,-24.944515802284364,24.944515802284364,0.031156479200435332,0.016052074714117667,0.047208553914553,19.68382114494514,14.842456283930828,0.0,0.06526564048446826,0.962609052658081,38.27450195626326,3.4288879334926605,worst_uncertainty_stratified_mhz
6595,230.0,7,27.808986323254068,-27.808986323254068,27.808986323254068,0.011566571808985552,0.007400514873848196,0.01896708668283375,21.872690851069336,16.890713800458478,0.0,0.006309831712879799,0.24443745613098145,43.48832458258193,3.5598127245903015,worst_uncertainty_stratified_mhz
6690,230.0,7,27.654073897381217,-27.654073897381217,27.654073897381217,0.004313739543444359,0.005977338010904711,0.01029107755434907,21.64881547612206,17.09319886036427,0.0,0.02639244256419815,0.4526519775390625,42.79219408957666,3.289214789867401,worst_uncertainty_stratified_mhz
7471,230.0,7,27.58503653469975,-27.58503653469975,27.58503653469975,0.005287605885054495,0.010271041233366501,0.015558647118420997,21.873619850104898,16.2301147699778,0.0,0.06107278166544461,0.8329000473022461,42.79219408957666,4.03334653377533,worst_uncertainty_stratified_mhz
6598,230.0,7,27.144861961879467,-27.144861961879467,27.144861961879467,0.024020906961825,0.006876093583149467,0.030897000544974466,21.705300050487246,15.423007537573756,0.0,0.03693709459662031,0.5445318222045898,42.79219408957666,4.527547061443329,worst_uncertainty_stratified_mhz
6689,230.0,7,27.117262337061383,-27.117262337061383,27.117262337061383,0.016427186542366305,0.013642738747674585,0.03006992529004089,21.7718503559936,15.15247082038847,0.0,0.05188765912091853,0.6477313041687012,42.79219408957666,4.7546029686927795,worst_uncertainty_stratified_mhz
7628,230.0,7,26.994675088795127,-26.994675088795127,26.994675088795127,0.01043338892113547,0.039897351437708464,0.05033074035884393,21.126722224075877,16.515574892308756,0.0,0.2628927853925225,1.6053848266601562,40.12227405070655,3.448467403650284,worst_uncertainty_stratified_mhz
7420,230.0,7,26.653526014952085,-26.653526014952085,26.653526014952085,0.039517500483158656,0.011772690193521201,0.05129019067667986,20.904985090210303,16.218976253238374,0.0,0.0847513070615511,1.080327033996582,40.56014053230092,3.531468480825424,worst_uncertainty_stratified_mhz
7504,230.0,7,26.399417810573908,-26.399417810573908,26.399417810573908,0.014015158204706295,0.011506062953022027,0.02552122115772832,20.78272234037196,15.925263499873688,0.0,0.06451081745601694,0.8041160106658936,40.632307035165994,3.663591116666794,worst_uncertainty_stratified_mhz
7107,250.0,7,28.81632965325924,-28.81632965325924,28.81632965325924,0.0033399733624394847,0.006756952077452843,0.010096925439892327,22.550251464036393,17.822666385329992,0.0,0.06391122808012994,0.777092456817627,44.1955880150949,3.50186026096344,worst_uncertainty_stratified_mhz
7086,250.0,7,28.598055741570903,-28.598055741570903,28.598055741570903,0.01411921024602075,0.030100704897590716,0.04421991514361147,22.17954885503067,18.150393798194717,0.0,0.07023968835823435,0.7302937507629395,43.48832458258193,3.0604874789714813,worst_uncertainty_stratified_mhz
6542,250.0,7,28.017711740637566,-28.017711740637566,28.017711740637566,0.05844430489014304,0.020384385311338116,0.07882869020148116,22.005215467363517,16.894569707943283,0.0,0.10393889815349322,1.0103590488433838,42.79219408957666,3.9186194241046906,worst_uncertainty_stratified_mhz
7319,250.0,7,27.81647065382976,-27.81647065382976,27.81647065382976,0.03706753220714071,0.02376989903262138,0.06083743123976208,21.84650952095659,16.842216380068155,0.0,0.04888101826725855,0.803062915802002,42.79219408957666,3.8522965610027313,worst_uncertainty_stratified_mhz
7151,250.0,7,27.275892250041736,-27.275892250041736,27.275892250041736,0.032357220522167086,0.01547703042924853,0.047834250951415615,21.154540588247386,17.28824524325715,0.0,0.0779258358594177,0.8593134880065918,41.293916016769344,3.0836561918258667,worst_uncertainty_stratified_mhz
7169,250.0,7,26.65267204555181,-26.65267204555181,26.65267204555181,0.010533426322361004,0.008543499569461708,0.019076925891822714,20.794673374412724,16.629711412304903,0.0,0.06174975623615975,0.8335402011871338,40.632307035165994,3.353915721178055,worst_uncertainty_stratified_mhz
7446,250.0,7,25.84889836767712,-25.84889836767712,25.84889836767712,0.018215097308352274,0.03748739154132422,0.0557024888496765,20.243019574940003,15.758643417511186,0.0,0.2687915918034909,1.6739540100097656,38.27450195626326,3.740509182214737,worst_uncertainty_stratified_mhz
6592,250.0,7,25.147663395076464,-25.147663395076464,25.147663395076464,0.00937047546029764,0.004201754183320475,0.013572229643618115,19.381760949269758,16.393949656063494,0.0,0.02228680848706599,0.444446325302124,38.27450195626326,2.583218425512314,worst_uncertainty_stratified_mhz
7178,250.0,7,24.934216113613672,-24.934216113613672,24.934216113613672,0.06426314909147736,0.022399586647858787,0.08666273573933614,19.345252712492226,15.622935669123356,0.0,0.20249501092272393,1.534027338027954,36.75148806511105,3.2824094593524933,worst_uncertainty_stratified_mhz
6588,250.0,7,24.826270676159645,-24.826270676159645,24.826270676159645,0.07310749233209715,0.04404152510066813,0.11714901743276529,19.13733289778915,15.824299993366433,0.0,0.15797639247850181,1.3398995399475098,36.618813470673786,2.985407918691635,worst_uncertainty_stratified_mhz
7108,250.0,7,24.790682457884586,-24.790682457884586,24.790682457884586,0.011052558527795969,0.03199921037843773,0.0430517689062337,19.879375386597157,13.850753207289596,0.0,0.17329677937617305,1.137655258178711,38.27450195626326,5.078760027885437,worst_uncertainty_stratified_mhz
7322,250.0,7,23.873015306622186,-23.873015306622186,23.873015306622186,0.03461346523689179,0.021127728290391376,0.05574119352728316,18.394465299944297,15.356740790314484,0.0,0.29324596921054447,1.8349394798278809,34.36749918163962,2.823394864797592,worst_uncertainty_stratified_mhz
6975,265.0,7,29.377802567973283,-29.377802567973283,29.377802567973283,0.15931981914289756,0.19166247981758036,0.35098229896047795,26.581506408286113,6.89645126479505,0.0,2.660525616396953,5.04976749420166,42.79219408957666,12.922392010688782,worst_uncertainty_stratified_mhz
7438,265.0,7,28.700867018473147,-28.700867018473147,28.700867018473147,1.316488091287182,0.5399728910287059,1.856460982315888,24.576367068877556,6.403867290771945,0.0,1.9735259656504098,3.911198616027832,41.29448359042646,13.160956740379333,worst_uncertainty_stratified_mhz
7210,265.0,7,27.266162758161414,-27.266162758161414,27.266162758161414,0.22147660436021363,0.5391926903532717,0.7606692947134853,24.466588988930305,5.7514258953341315,0.0,1.9305511520337717,4.606233596801758,40.46584207699131,13.40880811214447,worst_uncertainty_stratified_mhz
7867,265.0,7,27.0292862974074,-27.0292862974074,27.0292862974074,0.23603725631372116,0.18658721201644907,0.4226244683301702,23.188847816309515,9.710490169143982,0.0,0.6133617715822197,2.3587779998779297,42.79219408957666,10.228236436843872,worst_uncertainty_stratified_mhz
7899,265.0,7,26.610569086289328,-26.610569086289328,26.610569086289328,0.20896439840383763,0.23477626579317018,0.4437406641970078,23.792686410369186,6.703028455659987,0.0,1.9926096172284247,4.551506042480469,39.04864754380105,12.56672978401184,worst_uncertainty_stratified_mhz
6502,265.0,7,26.02582770190852,-26.02582770190852,26.02582770190852,0.11362645963784301,0.223149023611196,0.33677548324903905,23.22143246132556,7.0171606959274015,0.0,0.32087480454060824,1.6934700012207031,44.1076453123492,12.193943500518799,worst_uncertainty_stratified_mhz
7122,265.0,7,25.822825668344294,-25.822825668344294,25.822825668344294,0.19574627513013976,0.24448299674021898,0.44022927187035876,21.892163301409713,9.936422475071279,0.0,0.23936883468478243,1.371861457824707,41.933727475625155,9.642186045646667,worst_uncertainty_stratified_mhz
7581,265.0,7,25.32005755060614,-25.32005755060614,25.32005755060614,0.04309449260561638,0.046096484964845745,0.08919097757046213,22.194691488413323,8.647596977372144,0.0,0.16366383296825404,1.2698612213134766,42.79219408957666,10.628095030784607,worst_uncertainty_stratified_mhz
7923,265.0,7,24.76662674694341,-24.76662674694341,24.76662674694341,0.2939010358028535,0.10129263597754398,0.39519367178039744,22.46381002798229,5.412997221808124,0.0,0.480435460138537,2.10929012298584,41.85745901270167,13.254043936729431,worst_uncertainty_stratified_mhz
7053,265.0,7,24.6259267136312,-24.6259267136312,24.6259267136312,0.24154093608644492,0.18698815662567092,0.4285290927121158,21.246857684865482,8.332733144572435,0.0,2.127508982052859,4.112094879150391,34.126602526474855,10.698764324188232,worst_uncertainty_stratified_mhz
7918,265.0,7,24.568946760474205,-24.568946760474205,24.568946760474205,0.32375499500081756,0.16247701465139602,0.4862320096522136,22.47309118510984,4.559608109680555,0.0,0.5868147579092238,2.106657028198242,41.66589582620299,13.917112350463867,worst_uncertainty_stratified_mhz
6663,270.0,7,29.730992969943074,-29.730992969943074,29.730992969943074,0.018918048013039115,0.02728380355255569,0.04620185156559481,22.95852329325187,19.065855791486072,0.0,0.42075208750620074,2.283348321914673,42.79219408957666,3.0471383035182953,worst_uncertainty_stratified_mhz
6755,270.0,7,28.320967817749423,-28.320967817749423,28.320967817749423,0.02674005062030284,0.014282430348381826,0.04102248096868467,22.12365836571487,17.514471065623656,0.0,0.15134200062929803,1.1524386405944824,42.79219408957666,3.7089613378047943,worst_uncertainty_stratified_mhz
7431,270.0,7,28.232039144690297,-28.232039144690297,28.232039144690297,0.016643122554400553,0.007375347846594913,0.024018470400995466,21.62228309045903,18.78883790403651,0.0,0.008080199655150722,0.29695606231689453,42.93144971929087,2.3301268219947815,worst_uncertainty_stratified_mhz
7361,270.0,7,27.927398775031122,-27.927398775031122,27.927398775031122,0.048531183724134154,0.015369055354762573,0.06390023907889672,21.630725508914978,17.708150470994998,0.0,0.20699273023957687,1.4590613842010498,41.38840417314975,3.2571579217910767,worst_uncertainty_stratified_mhz
7957,270.0,7,27.835313412790768,-27.835313412790768,27.835313412790768,0.047014273879947645,0.01740128098572086,0.06441555486566851,21.364697324618724,18.202306962608482,0.0,0.1434040925284057,1.0541822910308838,41.38840417314975,2.674867182970047,worst_uncertainty_stratified_mhz
7737,270.0,7,25.603117306290887,-25.603117306290887,25.603117306290887,0.007889240956097653,0.013773118799118652,0.021662359755216305,19.81165783892146,16.397440086025334,0.0,0.14219782205539389,1.064418077468872,38.27450195626326,3.0714683532714844,worst_uncertainty_stratified_mhz
6899,270.0,7,25.28072367782992,-25.28072367782992,25.28072367782992,0.03425269349950327,0.04783969471232562,0.08209238821182889,19.78364591048632,15.348945316399558,0.0,0.4774412802684651,2.0741159915924072,36.538293268843304,4.030912518501282,worst_uncertainty_stratified_mhz
6511,280.0,7,27.429647574130687,-27.429647574130687,27.429647574130687,0.0498970818105133,0.023226291020781442,0.07312337283129475,21.25529114850628,17.339153388974385,0.0,0.1936080984907269,1.4910590648651123,40.632307035165994,3.3816305696964264,worst_uncertainty_stratified_mhz
6945,280.0,7,27.163255772773525,-27.163255772773525,27.163255772773525,0.03433716679028066,0.03905382663634825,0.07339099342662891,21.116809723629892,16.983328079959435,0.0,0.17166665875048803,1.3301455974578857,40.56014053230092,3.585353821516037,worst_uncertainty_stratified_mhz
7201,280.0,7,27.041541912307192,-27.041541912307192,27.041541912307192,0.03569820326563939,0.011877879909124185,0.04757608317476358,21.554677783156325,15.493893392472469,0.0,0.11177058259045225,0.9520869255065918,41.933727475625155,5.088489770889282,worst_uncertainty_stratified_mhz
7859,280.0,7,26.773548962999378,-26.773548962999378,26.773548962999378,0.0037564046578027117,0.0026470511084911307,0.006403455766293842,20.607074387894425,17.58482697409617,0.0,0.003236838046318802,0.1756753921508789,41.03199970754533,2.6429122984409332,worst_uncertainty_stratified_mhz
7282,280.0,7,25.896128293624496,-25.896128293624496,25.896128293624496,0.022517119995570142,0.01684351402412755,0.03936063401969769,19.861107437926282,17.022319998902784,0.0,0.15814746492923515,1.131417989730835,38.27450195626326,2.6267917454242706,worst_uncertainty_stratified_mhz
6880,280.0,7,25.711089712946627,-25.711089712946627,25.711089712946627,0.023357368514884583,0.00972811166811105,0.03308548018299563,19.87739461801014,16.491959092969214,0.0,0.1246260236065373,1.2310352325439453,38.27450195626326,3.1049900949001312,worst_uncertainty_stratified_mhz
6666,300.0,7,28.659964613309935,-28.659964613309935,28.659964613309935,0.005745398736514734,0.004292625675333908,0.010038024411848642,21.99361701015902,18.981229813603797,0.0,0.017536634891339276,0.44138622283935547,43.51077452769601,2.570550501346588,worst_uncertainty_stratified_mhz
7475,300.0,7,28.164908022313824,-28.164908022313824,28.164908022313824,0.004047133597354799,0.00974191769414052,0.01378905129149532,21.72858497891802,18.305487404872267,0.0,0.03414212991521026,0.5966916084289551,42.79219408957666,2.9586106538772583,worst_uncertainty_stratified_mhz
6850,300.0,7,28.057212688427864,-28.057212688427864,28.057212688427864,0.008603643817668372,0.008765627384402662,0.017369271202071032,21.708814092977654,18.022421188759374,0.0,0.08777616872065064,1.0159361362457275,42.22613971226828,3.1950608789920807,worst_uncertainty_stratified_mhz
6585,300.0,7,27.492699974564182,-27.492699974564182,27.492699974564182,0.0016861110799263202,0.0039008518010158525,0.0055869628809421725,20.806959703121375,19.05762301713971,0.0,0.003984385040150862,0.2175464630126953,41.38840417314975,1.5803802907466888,worst_uncertainty_stratified_mhz
7057,300.0,7,27.483152585261927,-27.483152585261927,27.483152585261927,0.012560688017843049,0.005190455757516785,0.017751143775359832,20.86127333850943,18.781772694793936,0.0,0.05360926981663616,0.6956278085708618,40.91970032881473,1.897365763783455,worst_uncertainty_stratified_mhz
6414,300.0,7,26.586992445414573,-26.586992445414573,26.586992445414573,0.00897616501108594,0.009993736316253164,0.018969901327339105,20.809967687376883,16.399486124966455,0.0,0.08418554010943691,0.8192572593688965,40.632307035165994,3.9779546558856964,worst_uncertainty_stratified_mhz
8536,120.0,8,21.65485567895084,-21.65485567895084,21.65485567895084,0.01688040718803278,0.03144141922233337,0.048321826410366156,19.96670825266927,4.638565319578786,0.0,0.18455623732145554,1.289802074432373,38.27450195626326,6.577764928340912,worst_uncertainty_stratified_mhz
8050,120.0,8,17.629662176029097,-17.629662176029097,17.629662176029097,0.08260573223901371,0.05394172987935933,0.13654746211837304,16.648320991044045,2.345533047425639,0.0,0.4940361630706285,2.2929487228393555,30.01562093310748,7.365474045276642,worst_uncertainty_stratified_mhz
9295,120.0,8,16.582545799414202,-16.582545799414202,16.582545799414202,0.06297354438899694,0.044214013452425614,0.10718755784142256,15.159743752837409,3.6815758310682334,0.0,0.4950126948316864,2.4826745986938477,26.846787517317598,6.499397158622742,worst_uncertainty_stratified_mhz
8194,150.0,8,35.297715378016356,-35.297715378016356,35.297715378016356,0.12397755841156792,1.0098694801229464,1.1338470385345143,31.142614111397798,8.283465613522164,0.0,14.725788960830238,11.998358726501465,20.83529157463365,7.860905945301056,worst_uncertainty_stratified_mhz
8611,150.0,8,33.99239398386188,-33.99239398386188,33.99239398386188,0.3779059211311438,0.944420655381002,1.3223265765121457,32.589549340773175,0.0,0.0,13.97985148285801,10.35050106048584,26.868894655344494,11.609083890914917,worst_uncertainty_stratified_mhz
8376,150.0,8,33.95330361591849,-33.95330361591849,33.95330361591849,0.6035968299462992,0.37450355204682345,0.9781003819931227,28.654957935335503,12.112329220977323,0.0,4.101515505546842,4.911296844482422,44.1955880150949,6.256079584360123,worst_uncertainty_stratified_mhz
8830,150.0,8,33.65751470978659,-33.65751470978659,33.65751470978659,0.6859640902779162,0.6371230703804683,1.3230871606583845,27.489369114676208,13.523046887714237,0.0,6.346052987241206,8.303410291671753,33.983221963198254,5.6234749257564545,worst_uncertainty_stratified_mhz
9327,155.0,8,36.7134998554195,-36.7134998554195,36.7134998554195,0.36620042836210526,1.306301533705211,1.6725019620673163,34.966619221652294,0.0,0.0,15.1637938686697,12.325850486755371,27.279800219209818,13.088670253753662,worst_uncertainty_stratified_mhz
8892,155.0,8,33.96008974043735,-33.96008974043735,33.96008974043735,0.4157613789597156,0.5603469064040112,0.9761082853637268,29.602770139998697,9.457728328984704,0.0,4.607548985761323,6.7675461769104,43.22289613156435,7.55748850107193,worst_uncertainty_stratified_mhz
8868,155.0,8,33.64823623336174,-33.64823623336174,33.64823623336174,0.33315512351109683,0.42386329698203673,0.7570184204931336,31.579495387451708,3.558053974655144,0.0,6.679339187614769,7.462570667266846,42.33774173240703,9.730060994625092,worst_uncertainty_stratified_mhz
8641,155.0,8,31.004254023173978,-31.004254023173978,31.004254023173978,0.028047710546760866,0.9431616102105401,0.971209320757301,29.343156726888914,1.75371068824297,0.0,9.8265636760309,9.800552368164062,29.23263373355196,10.299535274505615,worst_uncertainty_stratified_mhz
9260,155.0,8,30.70129635811498,-30.70129635811498,30.70129635811498,0.33111288531855215,0.4782559665405363,0.8093688518590885,26.48719105079043,9.57173142586111,0.0,2.41066374208026,3.9574666023254395,44.1955880150949,7.105154037475586,worst_uncertainty_stratified_mhz
8278,155.0,8,30.16729009276153,-30.16729009276153,30.16729009276153,1.0219213926206825,0.7249417239536826,1.746863116574365,27.80217502363906,1.5675852363409102,0.0,8.304874128833173,9.919806003570557,29.074795786041214,10.351785600185394,worst_uncertainty_stratified_mhz
9351,155.0,8,27.569427176522936,-27.569427176522936,27.569427176522936,0.13005574560036393,0.6725458840682795,0.8026016296686435,23.659445785232204,8.767900769079764,0.0,1.1752690154034404,3.6744375228881836,41.293916016769344,7.0187265276908875,worst_uncertainty_stratified_mhz
8529,155.0,8,27.27447851408835,-27.27447851408835,27.27447851408835,0.23088353570510564,0.6257353197463709,0.8566188554514765,23.28934278317011,8.724867716316286,0.0,4.379217094279554,7.320507526397705,30.499743851383407,6.9929457902908325,worst_uncertainty_stratified_mhz
8745,170.0,8,42.30978783744384,-42.30978783744384,42.30978783744384,1.3851741470379622,0.7449505517267502,2.130124698764712,35.207117144647356,13.92697481744937,0.0,8.70141293880658,8.902346134185791,44.10906227749577,7.51700097322464,worst_uncertainty_stratified_mhz
9599,170.0,8,40.275118422736554,-40.275118422736554,40.275118422736554,0.12224559570281048,0.6526077145560388,0.7748533102588493,36.593669900520155,8.061693586875801,0.0,10.201373963138437,9.992397785186768,42.79219408957666,9.393725514411926,worst_uncertainty_stratified_mhz
9502,170.0,8,35.740084122733656,-35.740084122733656,35.740084122733656,0.5498309651028697,0.6620699759610159,1.2119009410638855,30.49815225451795,11.234116260081498,0.0,9.22871739088582,9.174405097961426,33.36446462930284,7.742565751075745,worst_uncertainty_stratified_mhz
8339,180.0,8,39.73233570463294,-39.73233570463294,39.73233570463294,0.7276385172894727,0.5839911678137502,1.311629685103223,33.98075334451365,12.431780237356131,0.0,8.451329998858752,8.21647572517395,42.84237096613585,8.18172487616539,worst_uncertainty_stratified_mhz
9149,180.0,8,33.0852031242494,-33.0852031242494,33.0852031242494,1.2937314231783283,0.307610155836387,1.6013415790147154,26.080740379313028,15.179808069335511,0.0,4.257068175551941,6.2961814403533936,37.351162967168776,5.719326764345169,worst_uncertainty_stratified_mhz
8401,180.0,8,32.20252580413088,-32.20252580413088,32.20252580413088,0.11796744397735219,0.32519379348137695,0.44316123745872915,25.638890355138955,17.266349288484303,0.0,1.7557797610970587,3.5706331729888916,44.1955880150949,4.288106054067612,worst_uncertainty_stratified_mhz
8588,180.0,8,29.29402838890553,-29.29402838890553,29.29402838890553,0.3764807909036046,0.13354640907172,0.5100271999753245,23.55151744717427,14.791919799248639,0.0,1.1643871718294525,3.480344533920288,41.293916016769344,4.877202957868576,worst_uncertainty_stratified_mhz
9114,200.0,8,28.522207862911827,-28.522207862911827,28.522207862911827,0.003609984609371446,0.006073941622931845,0.009683926232303292,22.47110956235852,17.21458903656593,0.0,0.04468057747037246,0.6572699546813965,44.1955880150949,3.2403585016727448,worst_uncertainty_stratified_mhz
8468,200.0,8,28.063935058048273,-28.063935058048273,28.063935058048273,0.010435185104143685,0.007841380274367843,0.01827656537851153,22.043455348117373,17.10797087894119,0.0,0.032059327463918486,0.5344674587249756,43.48832458258193,3.105651170015335,worst_uncertainty_stratified_mhz
8230,200.0,8,27.205918853049212,-27.205918853049212,27.205918853049212,0.005019202181183373,0.0052743160159369525,0.010293518197120325,21.573002367676104,16.039664639596335,0.0,0.015392351963395612,0.3230259418487549,42.79219408957666,3.5486568808555603,worst_uncertainty_stratified_mhz
9347,200.0,8,26.4919306748876,-26.4919306748876,26.4919306748876,0.0047919203860431955,0.004096343363349187,0.008888263749392382,20.625542614591986,16.687569213462528,0.0,0.031872612748429674,0.5550329685211182,40.632307035165994,2.648708701133728,worst_uncertainty_stratified_mhz
8235,200.0,8,24.820442786506742,-24.820442786506742,24.820442786506742,0.008770141564138264,0.003633658989980485,0.012403800554118749,19.383876638733735,15.459462096866158,0.0,0.022494553271783957,0.44826221466064453,38.27450195626326,2.808519721031189,worst_uncertainty_stratified_mhz
9237,200.0,8,24.50750711416057,-24.50750711416057,24.50750711416057,0.0024681612746839977,0.005677756986286397,0.008145918260970395,19.671729590581283,13.746911085386113,0.0,0.07307083180237495,0.9228155612945557,38.27450195626326,4.168271571397781,worst_uncertainty_stratified_mhz
9128,200.0,8,24.218950007542336,-24.218950007542336,24.218950007542336,0.004900956041073312,0.0031579218040586336,0.008058877845131946,18.867055436592757,15.239987447698887,0.0,0.010990850209906533,0.36096620559692383,37.351162967168776,2.663524776697159,worst_uncertainty_stratified_mhz
9384,200.0,8,23.645504853603228,-23.645504853603228,23.645504853603228,0.008509751193219185,0.006658342289716067,0.015168093482935251,18.531082435354058,14.528029216160794,0.0,0.03000924053048859,0.463853120803833,36.538293268843304,2.9983135759830475,worst_uncertainty_stratified_mhz
8596,230.0,8,30.861165206044003,-30.861165206044003,30.861165206044003,0.04726384796017599,0.07736605946974275,0.12462990742991874,24.15963303884967,18.60027705635584,0.0,0.9654313401394168,2.966958522796631,43.42144487462387,3.6769680082798004,worst_uncertainty_stratified_mhz
9220,230.0,8,29.745670611431564,-29.745670611431564,29.745670611431564,0.07447392083984251,0.0378807973384534,0.11235471817829591,22.76966802634067,19.43078751726949,0.0,0.3596302896044028,2.027881383895874,42.79219408957666,2.384565383195877,worst_uncertainty_stratified_mhz
9349,230.0,8,28.726900708385376,-28.726900708385376,28.726900708385376,0.045792489813070714,0.020958710249333014,0.06675120006240373,22.3549478079257,17.906232698038867,0.0,0.23045708924057973,1.456787347793579,42.79219408957666,3.156603306531906,worst_uncertainty_stratified_mhz
8275,230.0,8,28.667391561578977,-28.667391561578977,28.667391561578977,0.05868739126925728,0.024858787843948522,0.0835461791132058,22.263200635146045,17.95693902778338,0.0,0.19342914521913812,1.461240530014038,42.67830244983978,3.0784853100776672,worst_uncertainty_stratified_mhz
8096,230.0,8,28.011600282133873,-28.011600282133873,28.011600282133873,0.026876936442101037,0.01992739734982751,0.04680433379192855,22.457282081121953,15.661291610358257,0.0,0.24486700120788996,1.6326360702514648,42.79219408957666,4.746797144412994,worst_uncertainty_stratified_mhz
8450,230.0,8,27.251513763478563,-27.251513763478563,27.251513763478563,0.012681982285221265,0.019191194054618062,0.031873176339839326,21.651921986612773,15.842898283615941,0.0,0.14589561299697262,1.0783252716064453,41.933727475625155,4.205860823392868,worst_uncertainty_stratified_mhz
8037,230.0,8,26.018184400176743,-26.018184400176743,26.018184400176743,0.007391083731166609,0.0038784261777031056,0.011269509908869714,20.19481496327216,16.571714240449275,0.0,0.018166881337271512,0.4912292957305908,39.86206686813919,2.8080253303050995,worst_uncertainty_stratified_mhz
8198,230.0,8,24.937805846860797,-24.937805846860797,24.937805846860797,0.013538699947294711,0.013523619593745843,0.027062319541040554,19.45584183433792,15.542490244651216,0.0,0.03605935634362023,0.5650629997253418,38.27450195626326,3.1585438549518585,worst_uncertainty_stratified_mhz
8488,250.0,8,28.287696758650075,-28.287696758650075,28.287696758650075,0.018596722164770072,0.007837345399229792,0.026434067563999866,21.931497010011235,18.01222852813445,0.0,0.09373741525037005,0.8833250999450684,42.79219408957666,3.0033088326454163,worst_uncertainty_stratified_mhz
8978,250.0,8,28.26245419667667,-28.26245419667667,28.26245419667667,0.019362085577700323,0.008283903174517517,0.02764598875221784,21.726529315375945,18.545980678123442,0.0,0.028667663158109313,0.6035292148590088,42.79219408957666,2.4630320370197296,worst_uncertainty_stratified_mhz
9365,250.0,8,28.0590421227405,-28.0590421227405,28.0590421227405,0.008758160199676046,0.010029626994040548,0.01878778719371659,22.413604157719853,16.041345123461657,0.0,0.05339433191595333,0.7012476921081543,44.019171959499644,4.743099570274353,worst_uncertainty_stratified_mhz
8878,250.0,8,28.03944916432214,-28.03944916432214,28.03944916432214,0.016976142638736286,0.00488426642228114,0.021860409061017425,21.61671554204795,18.25404680620825,0.0,0.015560518629552433,0.41011595726013184,42.79219408957666,2.6081703305244446,worst_uncertainty_stratified_mhz
8489,250.0,8,27.89512847778758,-27.89512847778758,27.89512847778758,0.014660828498864619,0.01074194586446416,0.02540277436332878,21.811354391845374,17.255160558045766,0.0,0.07122863573807248,0.6880574226379395,42.79219408957666,3.4996761977672577,worst_uncertainty_stratified_mhz
9312,250.0,8,27.475214429027098,-27.475214429027098,27.475214429027098,0.033469824104538894,0.0434694643987131,0.07693928850325199,21.63318600798913,16.362625366105874,0.0,0.39513779506597757,1.9631741046905518,40.512922321155756,4.117079377174377,worst_uncertainty_stratified_mhz
8654,250.0,8,27.398832271257444,-27.398832271257444,27.398832271257444,0.03373032285529339,0.026284049877012383,0.060014372732305775,21.21281759214726,17.39230437088074,0.0,0.22393508921091154,1.4176244735717773,40.56014053230092,3.057454228401184,worst_uncertainty_stratified_mhz
9420,250.0,8,27.108275092015305,-27.108275092015305,27.108275092015305,0.016762694467239735,0.02526369576290044,0.042026390230140175,21.438073753049803,15.984333222082995,0.0,0.3309647253189416,1.6997530460357666,40.514465009425955,4.273054331541061,worst_uncertainty_stratified_mhz
8714,250.0,8,27.0364499067602,-27.0364499067602,27.0364499067602,0.11213046891670854,0.036178258442050595,0.14830872735875913,21.209631817436225,16.139158697909792,0.0,0.23657443690004154,1.313807725906372,40.632307035165994,4.07992348074913,worst_uncertainty_stratified_mhz
9278,250.0,8,26.549411730443783,-26.549411730443783,26.549411730443783,0.007663775906112241,0.014653954260170786,0.022317730166283026,20.9556507817348,15.840762019322,0.0,0.19744327698851905,1.3941409587860107,40.12227405070655,4.087591350078583,worst_uncertainty_stratified_mhz
8970,250.0,8,26.39445513792898,-26.39445513792898,26.39445513792898,0.015751211121902035,0.04727715288455106,0.06302836400645309,20.384810792963172,16.85201996164107,0.0,0.32763019122772263,1.8398592472076416,38.27450195626326,2.9560100436210632,worst_uncertainty_stratified_mhz
9381,250.0,8,25.703978653687862,-25.703978653687862,25.703978653687862,0.0027181542274088088,0.008401671335051297,0.011119825562460106,19.76392408933813,16.85023665756026,0.0,0.09683717179915163,1.0596718788146973,38.27450195626326,2.4814016819000244,worst_uncertainty_stratified_mhz
8914,265.0,8,29.267103855493932,-29.267103855493932,29.267103855493932,0.060613691875441696,0.11218190347932942,0.17279559535477113,25.669406549534397,9.69374847352975,0.0,1.9425270912634005,4.661564826965332,42.79219408957666,10.8581862449646,worst_uncertainty_stratified_mhz
8171,265.0,8,27.47806341567858,-27.47806341567858,27.47806341567858,0.2994510991504579,0.2308393164646891,0.530290415615147,24.688691985697385,6.387903758903701,0.0,1.4628920867525608,3.6594057083129883,42.79219408957666,12.969294309616089,worst_uncertainty_stratified_mhz
8309,265.0,8,26.80245097986292,-26.80245097986292,26.80245097986292,0.18264733530005964,0.206419424086675,0.38906675938673463,23.02640541024787,9.62547883212434,0.0,0.5463473554802931,2.167922019958496,42.79219408957666,10.231218814849854,worst_uncertainty_stratified_mhz
8788,265.0,8,25.980032588853703,-25.980032588853703,25.980032588853703,0.04822685677882277,0.04013772872834755,0.08836458550717033,22.938895292024625,8.411013057343398,0.0,0.15463745162195153,1.3729276657104492,44.1955880150949,11.02358877658844,worst_uncertainty_stratified_mhz
8951,265.0,8,25.864684269308036,-25.864684269308036,25.864684269308036,0.1810072906575194,0.16206884960224283,0.3430761402597622,22.39472668983616,8.885505146136651,0.0,0.5151385119605578,2.26595401763916,41.49322233811204,10.583114504814148,worst_uncertainty_stratified_mhz
9528,265.0,8,25.06076072097352,-25.06076072097352,25.06076072097352,0.040767908002957105,0.06315995842349076,0.10392786642644786,22.031366269135415,8.336120843238724,0.0,0.11481434077164465,1.040909767150879,42.79219408957666,10.82662570476532,worst_uncertainty_stratified_mhz
8185,265.0,8,24.79630220019768,-24.79630220019768,24.79630220019768,0.421931379048096,0.2733887132423925,0.6953200922904885,21.974868497825323,6.010067129747327,0.0,1.3303934367469168,3.0144481658935547,38.27450195626326,12.764729619026184,worst_uncertainty_stratified_mhz
8556,265.0,8,24.77059264942623,-24.77059264942623,24.77059264942623,0.18011165646366897,0.1679435613783006,0.3480552178419696,21.77710567154844,7.517823014289167,0.0,0.4238699886804511,2.1463308334350586,40.56014053230092,11.467283964157104,worst_uncertainty_stratified_mhz
8221,265.0,8,24.549385549972534,-24.549385549972534,24.549385549972534,0.15549987452183478,0.5102067268640148,0.6657066013858496,20.8466043622976,8.554352431417788,0.0,3.2523707782863767,5.833420753479004,29.355046414543445,10.472597599029541,worst_uncertainty_stratified_mhz
8984,265.0,8,24.454414359470775,-24.454414359470775,24.454414359470775,0.4043004788147078,0.329480208605513,0.7337806874202208,21.841831512914595,5.317227065713611,0.0,0.8908881098413985,3.1277008056640625,38.77418600048233,13.27695608139038,worst_uncertainty_stratified_mhz
8445,265.0,8,23.91821944894577,-23.91821944894577,23.91821944894577,0.20060991472804698,0.19711476995564337,0.3977246846836904,21.555969321978683,5.560428972960525,0.0,0.9086911867611889,3.4843807220458984,37.81017554838909,12.969214916229248,worst_uncertainty_stratified_mhz
9483,270.0,8,29.424184509483617,-29.424184509483617,29.424184509483617,0.01351182244603022,0.03220962926886828,0.0457214517148985,22.877663030914487,18.485895229031243,0.0,0.1774224672757292,1.2048931121826172,44.1955880150949,3.4259981513023376,worst_uncertainty_stratified_mhz
8607,270.0,8,28.61515215022469,-28.61515215022469,28.61515215022469,0.00750784225664011,0.018584771356286667,0.026092613612926776,22.534612071999035,17.227657583865053,0.0,0.1710881765952159,1.3264789581298828,43.400568832677756,4.175141155719757,worst_uncertainty_stratified_mhz
9441,270.0,8,28.421847911621903,-28.421847911621903,28.421847911621903,0.08121012077655983,0.04327703973451624,0.12448716051107607,22.330454495362094,16.928122476853876,0.0,0.5373293266752057,2.434283494949341,41.151966842424436,4.356683611869812,worst_uncertainty_stratified_mhz
8003,270.0,8,27.561959245221914,-27.561959245221914,27.561959245221914,0.005546581896021135,0.002372775889139962,0.007919357785161098,21.141061751740434,18.29143657101608,0.0,0.010971528675475462,0.32645297050476074,41.933727475625155,2.385919362306595,worst_uncertainty_stratified_mhz
8927,270.0,8,27.3250313291404,-27.3250313291404,27.3250313291404,0.021169075698117806,0.012417624462263516,0.03358670016038132,21.40866062909274,16.762830181316723,0.0,0.05918731112427533,0.8332760334014893,41.86567060253544,3.851036876440048,worst_uncertainty_stratified_mhz
9236,270.0,8,26.106727537608897,-26.106727537608897,26.106727537608897,0.04691471791110352,0.0386359387191881,0.08555065663029163,20.348229913477144,16.08864032617941,0.0,0.3998684013156568,1.771313190460205,38.12540983386277,3.770923465490341,worst_uncertainty_stratified_mhz
9279,270.0,8,25.763768746663906,-25.763768746663906,25.763768746663906,0.05867159647474025,0.03469914473553551,0.09337074121027575,20.22387609526009,15.477295332051915,0.0,0.246506589716045,1.680237054824829,38.27450195626326,4.212070167064667,worst_uncertainty_stratified_mhz
8418,280.0,8,30.796106948515686,-30.796106948515686,30.796106948515686,0.041533935504237104,0.03168392349080376,0.07321785899504087,23.904307263895316,19.315277145406796,0.0,0.6751448576814845,2.2627367973327637,44.1955880150949,3.527408182621002,worst_uncertainty_stratified_mhz
9482,280.0,8,28.80926685972774,-28.80926685972774,28.80926685972774,0.004365093712509216,0.006563137835915074,0.01092823154842429,22.517582438528663,17.899105424866388,0.0,0.056590508274608986,0.726395845413208,44.1955880150949,3.7009659707546234,worst_uncertainty_stratified_mhz
9097,280.0,8,28.67037919943139,-28.67037919943139,28.67037919943139,0.032573175295098504,0.012886218805001317,0.04545939410009982,22.000988690693127,18.842925275762042,0.0,0.09247647523524094,1.0248303413391113,42.79219408957666,2.6299566626548767,worst_uncertainty_stratified_mhz
8092,280.0,8,27.17842367643016,-27.17842367643016,27.17842367643016,0.01587981265478913,0.03205114868731281,0.04793096134210194,21.594772969086147,15.73342496300435,0.0,0.32638982719083387,1.8207144737243652,40.71605181006626,4.92148095369339,worst_uncertainty_stratified_mhz
9090,280.0,8,25.66314179778104,-25.66314179778104,25.66314179778104,0.047763732036109806,0.01627226578145417,0.06403599781756397,20.04754823154354,15.773820937353712,0.0,0.2291219022690285,1.3623507022857666,38.27450195626326,3.8953698873519897,worst_uncertainty_stratified_mhz
8939,280.0,8,25.19275772833916,-25.19275772833916,25.19275772833916,0.002525958910543626,0.00507169682946888,0.007597655740012506,19.49251429124876,16.219614605554856,0.0,0.03666873818884753,0.6371891498565674,38.27450195626326,3.0336297154426575,worst_uncertainty_stratified_mhz
9525,300.0,8,29.529586976677844,-29.529586976677844,29.529586976677844,0.044557529915965934,0.016468351628934973,0.061025881544900906,22.990193374710955,18.415538636220717,0.0,0.2467035616138844,1.2913916110992432,44.1955880150949,3.7709134817123413,worst_uncertainty_stratified_mhz
9355,300.0,8,29.162638625858342,-29.162638625858342,29.162638625858342,0.011742554890704715,0.015296267459932266,0.027038822350636982,22.68222910466554,18.34036654895962,0.0,0.24445841016870418,1.3872168064117432,43.48832458258193,3.6097590923309326,worst_uncertainty_stratified_mhz
8923,300.0,8,27.60661342975726,-27.60661342975726,27.60661342975726,0.007187617887215792,0.007615797815811363,0.014803415703027154,21.26086053924355,18.045992996398454,0.0,0.028494467789918154,0.5310046672821045,41.933727475625155,2.8414335548877716,worst_uncertainty_stratified_mhz
8378,300.0,8,27.402112616850093,-27.402112616850093,27.402112616850093,0.0011043127155526682,0.002886186443933796,0.003990499159486465,21.0399857901775,18.152938714763646,0.0,0.0022350827985775368,0.14177393913269043,41.933727475625155,2.565047025680542,worst_uncertainty_stratified_mhz
8487,300.0,8,25.615910992896453,-25.615910992896453,25.615910992896453,0.010285783332050805,0.010145886963538842,0.02043167029558965,19.80991663754514,16.46110411274747,0.0,0.094972912297421,1.1553854942321777,38.27450195626326,3.186772257089615,worst_uncertainty_stratified_mhz
9428,300.0,8,25.2875876163412,-25.2875876163412,25.2875876163412,0.0077832446738278155,0.010963665861196318,0.018746910535024135,19.704117157308612,15.832875812836967,0.0,0.11775567121189479,0.8982210159301758,38.27450195626326,3.6950860917568207,worst_uncertainty_stratified_mhz
10606,120.0,9,24.54008587664946,-24.54008587664946,24.54008587664946,0.026217285550081067,0.01979927265662773,0.0460165582067088,22.366768787770663,6.0229926560985865,0.0,0.2325375972456385,1.4762682914733887,42.79219408957666,6.2616084814071655,worst_uncertainty_stratified_mhz
10083,120.0,9,20.672701087319997,-20.672701087319997,20.672701087319997,0.050609623501681834,0.01646888548541077,0.06707850898709261,18.917639632875414,4.786975645658779,0.0,0.10317704296210195,0.8774371147155762,36.75148806511105,6.402994394302368,worst_uncertainty_stratified_mhz
10525,120.0,9,18.409604707123673,-18.409604707123673,18.409604707123673,0.009670636872652747,0.003742216938886039,0.013412853811538786,15.439318200878692,8.425695622406414,0.0,0.015073006105871478,0.34874653816223145,30.499743851383407,3.894964963197708,worst_uncertainty_stratified_mhz
10074,150.0,9,26.164481629442115,-26.164481629442115,26.164481629442115,0.020881120696021577,0.03835294721060771,0.05923406790662929,22.624525316545324,9.873822499846815,0.0,0.35301223133646076,1.7508320808410645,42.79219408957666,5.969091475009918,worst_uncertainty_stratified_mhz
9660,150.0,9,25.46098923655383,-25.46098923655383,25.46098923655383,0.06469738944333994,0.07510081067808592,0.13979820012142585,22.43238602379575,8.202031974814247,0.0,0.23701310391586716,1.5985517501831055,42.79219408957666,6.726604402065277,worst_uncertainty_stratified_mhz
10502,150.0,9,24.482954732715303,-24.482954732715303,24.482954732715303,0.11854668268811037,0.09409272891043709,0.21263941159854746,24.247556017850382,0.0,0.0,1.064130252969278,3.574657440185547,42.79219408957666,11.331266164779663,worst_uncertainty_stratified_mhz
9600,150.0,9,24.4353623020705,-24.4353623020705,24.4353623020705,0.07964570655617455,0.0447314111961966,0.12437711775237115,22.43755000414157,5.318955826042749,0.0,0.14519854964259693,1.0963783264160156,43.48832458258193,8.072639286518097,worst_uncertainty_stratified_mhz
11172,155.0,9,32.54063978672363,-32.54063978672363,32.54063978672363,0.24701914835648206,0.3773543709127131,0.6243735192691952,29.310888309975446,7.257771379029978,0.0,4.663853803334089,6.501874923706055,42.79219408957666,8.285999357700348,worst_uncertainty_stratified_mhz
11163,155.0,9,31.131449207591633,-31.131449207591633,31.131449207591633,0.3422015733856709,0.6884537431680868,1.0306553165537577,28.797512586453806,3.485837180924712,0.0,10.337218793002048,9.711041927337646,27.209545659565872,9.65647691488266,worst_uncertainty_stratified_mhz
10130,155.0,9,29.46677182861305,-29.46677182861305,29.46677182861305,0.12535368934883187,0.2735768298895986,0.3989305192384305,29.028143038848448,0.0,0.0,3.7079665460454265,6.618341445922852,44.02201153968319,12.126523852348328,worst_uncertainty_stratified_mhz
10292,155.0,9,28.18944513352485,-28.18944513352485,28.18944513352485,0.14028415153734153,0.5041394070934547,0.6444235586307963,24.052114652188752,9.78855650079493,0.0,3.12966239342931,5.093416452407837,36.75148806511105,6.609731018543243,worst_uncertainty_stratified_mhz
11067,155.0,9,27.844904646290086,-27.844904646290086,27.844904646290086,0.46005262670911584,0.4372996802084866,0.8973523069176024,26.895844261798125,0.0,0.0,7.729558258718711,9.22850227355957,29.104069732599253,13.441847205162048,worst_uncertainty_stratified_mhz
10312,155.0,9,27.720290512539066,-27.720290512539066,27.720290512539066,1.0126507329794519,0.45915015413072185,1.4718008871101738,25.386163493422497,2.2718343848047287,0.0,7.233520864438926,9.025485038757324,27.279800219209818,10.008025228977203,worst_uncertainty_stratified_mhz
9676,155.0,9,26.72719466829447,-26.72719466829447,26.72719466829447,0.01993003983853522,0.02904081353995909,0.048970853378494314,22.518965804589453,11.812058153754025,0.0,0.27285645740244036,1.7000246047973633,42.79219408957666,5.215710163116455,worst_uncertainty_stratified_mhz
11109,155.0,9,26.36075403922527,-26.36075403922527,26.36075403922527,0.19391162350257055,0.2552696630752559,0.4491812865778264,24.09472246542677,5.081983023211332,0.0,1.7512548850118286,4.244460582733154,40.44247457809673,8.670601785182953,worst_uncertainty_stratified_mhz
10232,170.0,9,41.902909479980565,-41.902909479980565,41.902909479980565,0.5147702537939736,0.6415502958775304,1.1563205496715039,34.63471369496209,17.134036342847256,0.0,8.281816636363166,8.683782577514648,44.02201153968319,6.258158475160599,worst_uncertainty_stratified_mhz
10465,170.0,9,37.71556701750276,-37.71556701750276,37.71556701750276,1.3752971210261509,0.48784874517945165,1.8631458662056026,31.090381028301152,13.366217584045803,0.0,5.716466676726949,7.7058796882629395,43.04194901488547,7.127355754375458,worst_uncertainty_stratified_mhz
10833,170.0,9,35.17061662743792,-35.17061662743792,35.17061662743792,2.1268336627880813,0.6598513583481073,2.7866850211361887,27.554264277424238,13.465801139011957,0.0,9.707044509035603,9.070026397705078,26.624413139072193,6.678015738725662,worst_uncertainty_stratified_mhz
9644,180.0,9,39.812317009347275,-39.812317009347275,39.812317009347275,0.3000750368996441,0.853616365714268,1.1536914026139122,34.36081074336617,11.99718744947289,0.0,10.927253175174782,8.84347939491272,38.023635741470066,8.36453565955162,worst_uncertainty_stratified_mhz
10625,180.0,9,31.92640385427896,-31.92640385427896,31.92640385427896,1.7263972394416267,0.3682527507869319,2.0946499902285587,24.716129920972826,14.374228089538795,0.0,3.953116297782812,6.245012521743774,35.28101472463625,5.8723651468753815,worst_uncertainty_stratified_mhz
9729,180.0,9,31.30344581075272,-31.30344581075272,31.30344581075272,0.49885347862882484,0.1527847785367578,0.6516382571655827,24.11440198794202,18.451160253464085,0.0,1.0657117112461156,2.586606025695801,43.51077452769601,3.2463519871234894,worst_uncertainty_stratified_mhz
10156,180.0,9,31.22330389062435,-31.22330389062435,31.22330389062435,0.15641499408891116,0.22121042011664055,0.37762541420555173,25.05010467615729,16.32260085551511,0.0,2.256456179910983,4.293380975723267,41.293916016769344,4.542967885732651,worst_uncertainty_stratified_mhz
9832,200.0,9,28.274165673779322,-28.274165673779322,28.274165673779322,0.009976134150386359,0.019637095174242936,0.029613229324629294,21.80615816877276,18.32397655900188,0.0,0.04985785784063168,0.7204065322875977,42.79219408957666,2.2326658368110657,worst_uncertainty_stratified_mhz
10763,200.0,9,27.60652140667462,-27.60652140667462,27.60652140667462,0.007915327030850764,0.002020918660171077,0.009936245691021842,21.501063162880552,17.399223559233995,0.0,0.0037456295439426412,0.20244097709655762,42.79219408957666,2.6408424377441406,worst_uncertainty_stratified_mhz
10748,200.0,9,26.794012024659963,-26.794012024659963,26.794012024659963,0.01783654016295796,0.011165690162600765,0.029002230325558726,20.967117832871015,16.508834469806082,0.0,0.05494128327467873,0.7923533916473389,41.03199970754533,2.9595554172992706,worst_uncertainty_stratified_mhz
10209,200.0,9,26.732524289885042,-26.732524289885042,26.732524289885042,0.11267234364141511,0.13305998855493445,0.24573233219634955,21.676178228719063,13.60364628949916,0.0,1.075784974777192,2.9262845516204834,38.27450195626326,5.255637019872665,worst_uncertainty_stratified_mhz
9670,200.0,9,24.77967359748235,-24.77967359748235,24.77967359748235,0.006638309152431128,0.004499000944736484,0.011137310097167612,19.509295902023958,14.987207056280997,0.0,0.031067374339411202,0.681955099105835,38.27450195626326,3.2122116684913635,worst_uncertainty_stratified_mhz
9798,200.0,9,24.104132397774706,-24.104132397774706,24.104132397774706,0.011037383211365765,0.005762941814060476,0.016800325025426242,18.881458343994495,14.845430765253234,0.0,0.013991865903270728,0.3837699890136719,37.351162967168776,2.9651980698108673,worst_uncertainty_stratified_mhz
10557,200.0,9,23.77748390925655,-23.77748390925655,23.77748390925655,0.006531717388589556,0.004751414601358359,0.011283131989947914,18.49041786847173,15.040139251405042,0.0,0.014767008319181762,0.413008451461792,36.538293268843304,2.5890108048915863,worst_uncertainty_stratified_mhz
9846,200.0,9,23.455091159756144,-23.455091159756144,23.455091159756144,0.005230314981658636,0.002246406233766626,0.007476721215425262,18.55306531772363,13.9513684742549,0.0,0.02524978376584386,0.5173377990722656,36.538293268843304,3.433441638946533,worst_uncertainty_stratified_mhz
11030,230.0,9,28.654084747781432,-28.654084747781432,28.654084747781432,0.01906566256874487,0.029448126586706095,0.048513789155450966,22.897270297686614,16.198643767218364,0.0,0.5083190153418249,1.985708475112915,42.79219408957666,4.596767574548721,worst_uncertainty_stratified_mhz
10474,230.0,9,28.51025395973955,-28.51025395973955,28.51025395973955,0.033789772601788746,0.025897747052770474,0.05968751965455922,21.8446204310539,18.70421680886277,0.0,0.30212206481147064,1.9330298900604248,41.151966842424436,2.3106404542922974,worst_uncertainty_stratified_mhz
10101,230.0,9,28.43117155908255,-28.43117155908255,28.43117155908255,0.014811269423807893,0.006717287502330277,0.02152855692613817,22.37993030760358,17.19779999126157,0.0,0.02306924149289724,0.5181341171264648,44.1955880150949,3.6222932636737823,worst_uncertainty_stratified_mhz
9995,230.0,9,28.424760398289322,-28.424760398289322,28.424760398289322,0.027493422365116676,0.011539948769936772,0.03903337113505345,22.094798501845066,17.925742279287554,0.0,0.040391888730979986,0.6204886436462402,43.48832458258193,2.9697465896606445,worst_uncertainty_stratified_mhz
10716,230.0,9,28.16425013091453,-28.16425013091453,28.16425013091453,0.009738391714589557,0.016566090885489954,0.02630448260007951,22.195510343230985,16.90390371056994,0.0,0.15208337195187127,1.2946598529815674,42.79219408957666,3.7398690581321716,worst_uncertainty_stratified_mhz
10018,230.0,9,27.70590140941794,-27.70590140941794,27.70590140941794,0.01182649163514044,0.01452528060372381,0.02635177223886425,21.96680481585857,16.267502022125417,0.0,0.09656772304319983,0.9482800960540771,42.79219408957666,4.063387602567673,worst_uncertainty_stratified_mhz
9903,230.0,9,27.657322903561294,-27.657322903561294,27.657322903561294,0.002109024351279415,0.005926875198499762,0.008035899549779176,21.647223915649402,17.121561225716356,0.0,0.015447840442674554,0.471358060836792,42.79219408957666,3.2650465071201324,worst_uncertainty_stratified_mhz
10155,230.0,9,27.606851562928078,-27.606851562928078,27.606851562928078,0.03953059192762915,0.017968043304043144,0.0574986352316723,22.18582605187161,15.261457119032034,0.0,0.18604219754348605,1.2073736190795898,42.79219408957666,4.897674083709717,worst_uncertainty_stratified_mhz
10073,250.0,9,31.291721333639693,-31.291721333639693,31.291721333639693,0.006277476646011644,0.06427816487844888,0.07055564152446053,24.50838360374512,18.976001065060437,0.0,1.1873129836847331,3.2205164432525635,43.42162479686821,3.8269621431827545,worst_uncertainty_stratified_mhz
10387,250.0,9,29.046357513069584,-29.046357513069584,29.046357513069584,0.007113772057788042,0.006294840201154595,0.013408612258942637,22.486786644223585,18.652245333433807,0.0,0.041653483386340895,0.6946783065795898,44.1955880150949,2.854209542274475,worst_uncertainty_stratified_mhz
10326,250.0,9,28.689244327516093,-28.689244327516093,28.689244327516093,0.013224781655343415,0.034257893216932414,0.04748267487227583,22.709819433380858,16.884432004768133,0.0,0.14850033186554779,1.101691484451294,44.020946718579324,4.302589267492294,worst_uncertainty_stratified_mhz
10971,250.0,9,28.643648887873645,-28.643648887873645,28.643648887873645,0.032541909862234,0.05890835281903997,0.09145026268127397,22.81170760714158,16.309029848372436,0.0,0.3858718977261759,2.0594773292541504,42.79219408957666,4.8033939599990845,worst_uncertainty_stratified_mhz
10259,250.0,9,28.54866256288821,-28.54866256288821,28.54866256288821,0.013192496241503352,0.010407171307588304,0.023599667549091655,22.395661451963996,17.47879396753334,0.0,0.030135420223735387,0.5354640483856201,44.1955880150949,3.670545130968094,worst_uncertainty_stratified_mhz
11176,250.0,9,28.483757460386823,-28.483757460386823,28.483757460386823,0.021256581381126318,0.009640488617102556,0.030897069998228874,22.05898033982271,18.22563210844442,0.0,0.03027310376856107,0.5690898895263672,43.48832458258193,2.9175978302955627,worst_uncertainty_stratified_mhz
10740,250.0,9,28.392810817916644,-28.392810817916644,28.392810817916644,0.007017036465902414,0.009328603673690847,0.016345640139593262,22.0317963860788,18.089853325007965,0.0,0.02504881246208779,0.5251705646514893,43.48832458258193,2.992939382791519,worst_uncertainty_stratified_mhz
10146,250.0,9,28.362005637402998,-28.362005637402998,28.362005637402998,0.033862043777850334,0.1262013055783494,0.16006334935619976,22.373353224558304,16.428411620922603,0.0,2.0456016885741297,4.223417282104492,36.432085789863855,4.546523600816727,worst_uncertainty_stratified_mhz
10632,250.0,9,28.05939504609618,-28.05939504609618,28.05939504609618,0.010499980724529873,0.01875748200703754,0.029257462731567412,22.170946401523157,16.702859190472278,0.0,0.04735298173029889,0.7588622570037842,43.48832458258193,4.124331474304199,worst_uncertainty_stratified_mhz
10501,250.0,9,27.99493205505078,-27.99493205505078,27.99493205505078,0.00999244797091623,0.011167837724050764,0.021160285694966995,21.71506086303506,17.840942788410935,0.0,0.029551438981896716,0.5788247585296631,42.79219408957666,2.9884248673915863,worst_uncertainty_stratified_mhz
10868,250.0,9,27.99016390812085,-27.99016390812085,27.99016390812085,0.0221137973014434,0.012350190502307908,0.0344639878037513,21.876970420478337,17.31496132699481,0.0,0.06698051050903686,0.8277857303619385,42.79219408957666,3.498694598674774,worst_uncertainty_stratified_mhz
9822,250.0,9,27.880655431198715,-27.880655431198715,27.880655431198715,0.050281404863187155,0.038477467601838705,0.08875887246502587,21.803834146710358,16.96971199465446,0.0,0.5376883437259314,2.043288469314575,40.489003136654276,3.767077296972275,worst_uncertainty_stratified_mhz
10409,265.0,9,28.235896124501075,-28.235896124501075,28.235896124501075,0.13850841226996954,0.18943203414606355,0.3279404464160331,25.64969715322569,6.379674421713984,0.0,1.7685178852022432,4.361789703369141,43.400568832677756,13.103335618972778,worst_uncertainty_stratified_mhz
11050,265.0,9,27.707707084013705,-27.707707084013705,27.707707084013705,0.08687095184279629,0.33781250833720555,0.42468346018000186,24.67228931771471,7.38089508268377,0.0,1.8090062594508112,4.079424858093262,41.64714125843454,12.262423872947693,worst_uncertainty_stratified_mhz
10152,265.0,9,27.475220025616935,-27.475220025616935,27.475220025616935,0.31271156433074754,0.5796435855938928,0.8923551499246404,23.266535205924544,9.42434505259315,0.0,0.5696238949106913,2.749948501586914,42.64387412044079,10.594902873039246,worst_uncertainty_stratified_mhz
9667,265.0,9,26.40869742735386,-26.40869742735386,26.40869742735386,0.6132958922714947,0.2551514702262026,0.8684473624976974,22.291768130553205,9.251747528814443,0.0,0.18719740336130997,1.416947364807129,42.79219408957666,10.430343985557556,worst_uncertainty_stratified_mhz
9809,265.0,9,25.599956647605456,-25.599956647605456,25.599956647605456,0.13155420980457913,0.21817651057956464,0.34973072038414377,22.064767098528527,9.07025067311426,0.0,0.20218456997007195,1.4990253448486328,42.22613971226828,10.340482354164124,worst_uncertainty_stratified_mhz
10011,265.0,9,24.514639224685695,-24.514639224685695,24.514639224685695,0.13749450842025995,0.11402955632279149,0.25152406474305145,21.33417754453532,8.325841393234498,0.0,0.40409049005137376,2.132979393005371,39.72719471596252,10.670712232589722,worst_uncertainty_stratified_mhz
10953,265.0,9,24.22364811125386,-24.22364811125386,24.22364811125386,0.49802009860395263,0.24933987024931673,0.7473599688532694,20.387502389651257,8.78144765734854,0.0,0.3851238480430652,1.730255126953125,38.27450195626326,10.154141664505005,worst_uncertainty_stratified_mhz
9804,265.0,9,23.92467817639663,-23.92467817639663,23.92467817639663,0.1474685059246071,0.13579384682334317,0.2832623527479503,20.76843949492023,8.189759903666111,0.0,0.07752681009911555,0.8216848373413086,40.56014053230092,10.610555768013,worst_uncertainty_stratified_mhz
10967,265.0,9,23.407283502024853,-23.407283502024853,23.407283502024853,0.20644652423974705,0.3173923605442401,0.5238388847839871,19.87880183464095,8.559103157322301,0.0,0.1304802235747502,1.2221412658691406,38.27450195626326,10.08243465423584,worst_uncertainty_stratified_mhz
9816,265.0,9,23.395384084634383,-23.395384084634383,23.395384084634383,0.4607233311753994,0.21814477530149473,0.6788681064768941,20.833652135036044,5.310595451613788,0.0,1.5976620724485997,4.2265424728393555,34.24543765233553,13.0818030834198,worst_uncertainty_stratified_mhz
11133,265.0,9,22.63573948966168,-22.63573948966168,22.63573948966168,0.12482286944556024,0.13337805941350214,0.2582009288590624,19.924762363597065,6.979787129505123,0.0,0.20041517117100227,1.1741924285888672,38.27450195626326,11.3615642786026,worst_uncertainty_stratified_mhz
10536,270.0,9,29.2117286988032,-29.2117286988032,29.2117286988032,0.09836391552014023,0.04786301005649488,0.1462269255766351,23.226708241559987,16.604319707531253,0.0,0.3111285761942746,1.8102126121520996,44.020946718579324,5.111396610736847,worst_uncertainty_stratified_mhz
10528,270.0,9,28.927546376671717,-28.927546376671717,28.927546376671717,0.06241091101767087,0.047232994039817004,0.10964390505748788,22.257506988928224,18.635578337520453,0.0,0.20197038038867277,1.3188791275024414,42.79219408957666,2.9610888957977295,worst_uncertainty_stratified_mhz
10436,270.0,9,28.761966229838922,-28.761966229838922,28.761966229838922,0.017692545509870043,0.03907965853216689,0.056772204042036936,22.377484608327705,17.955624938141398,0.0,0.37503452759790434,2.1474411487579346,41.85745901270167,3.540650248527527,worst_uncertainty_stratified_mhz
10887,270.0,9,28.273113360419575,-28.273113360419575,28.273113360419575,0.02870093581835773,0.017222125490758747,0.04592306130911648,22.86248920752409,15.281869659480096,0.0,0.14184049035139523,1.2457094192504883,44.1955880150949,5.867513477802277,worst_uncertainty_stratified_mhz
9966,270.0,9,27.75651055872096,-27.75651055872096,27.75651055872096,0.02342290510258677,0.03880585831717976,0.062228763419766533,21.974076621870978,16.248792151094705,0.0,0.3783493203999022,1.9439167976379395,41.24753780530421,4.64186292886734,worst_uncertainty_stratified_mhz
9876,270.0,9,27.636937906475907,-27.636937906475907,27.636937906475907,0.01650692746650678,0.08768051895889552,0.1041874464254023,21.642474636929506,16.639553550950854,0.0,1.230388321005492,3.635464668273926,37.1887079635741,4.174296140670776,worst_uncertainty_stratified_mhz
10567,270.0,9,26.529090392915215,-26.529090392915215,26.529090392915215,0.010345975918354467,0.025607984259195846,0.035953960177550315,20.80326389808652,16.2048191701203,0.0,0.08156040744875437,0.8832664489746094,40.56014053230092,3.925967425107956,worst_uncertainty_stratified_mhz
10442,280.0,9,28.542173306596414,-28.542173306596414,28.542173306596414,0.015836437334681853,0.026173373751602415,0.042009811086284266,22.422877765822445,17.277609221165584,0.0,0.25193726667315275,1.5496869087219238,42.79219408957666,4.16576886177063,worst_uncertainty_stratified_mhz
11004,280.0,9,26.71203120875373,-26.71203120875373,26.71203120875373,0.0077899298037527355,0.012928786299114271,0.020718716102867005,20.694733738338588,17.04124890035776,0.0,0.17016356781185404,1.3109345436096191,39.73820579744385,3.2085238993167877,worst_uncertainty_stratified_mhz
10657,280.0,9,25.61947619799166,-25.61947619799166,25.61947619799166,0.014065519065128387,0.025505793074110213,0.039571312139238604,19.742410351357307,16.557927521972154,0.0,0.24975981412301618,1.6341381072998047,37.351162967168776,2.9592664539813995,worst_uncertainty_stratified_mhz
9711,280.0,9,25.53493194550763,-25.53493194550763,25.53493194550763,0.022429703744837572,0.03059702821194231,0.053026731956779885,20.122337014757445,15.239391588159974,0.0,0.20696504205794497,1.5562419891357422,38.27450195626326,4.411500573158264,worst_uncertainty_stratified_mhz
10915,280.0,9,25.290628373201454,-25.290628373201454,25.290628373201454,0.02627720155131281,0.006516187896151857,0.03279338944746467,19.303272607147516,16.979443860193186,0.0,0.010690732638323652,0.31066179275512695,38.27450195626326,2.1986002922058105,worst_uncertainty_stratified_mhz
10099,280.0,9,24.776450874491385,-24.776450874491385,24.776450874491385,0.02268853122556441,0.011978760058734163,0.034667291284298574,19.07342686880694,16.13874044377128,0.0,0.04940366521370265,0.6968834400177002,37.351162967168776,2.806777238845825,worst_uncertainty_stratified_mhz
9807,300.0,9,30.952418461143097,-30.952418461143097,30.952418461143097,0.0239373020445367,0.03451769848504311,0.05845500052957981,24.143734166554978,19.126564440622836,0.0,0.7786929589953209,2.534494400024414,44.1955880150949,3.9442533552646637,worst_uncertainty_stratified_mhz
10129,300.0,9,28.346089657130126,-28.346089657130126,28.346089657130126,0.0021858252453893006,0.005109859292908853,0.007295684538298154,21.745494616543194,18.782949859807083,0.0,0.0389200765613813,0.6209549903869629,42.79219408957666,2.559852212667465,worst_uncertainty_stratified_mhz
10322,300.0,9,28.24188407314574,-28.24188407314574,28.24188407314574,0.017915953450217365,0.027988439893045294,0.045904393343262656,21.79573535015607,18.153084868830813,0.0,0.352735578740873,1.5008044242858887,41.38519511854451,3.1818291544914246,worst_uncertainty_stratified_mhz
10394,300.0,9,28.086824722913853,-28.086824722913853,28.086824722913853,0.01577997157966964,0.007708589879810635,0.023488561459480275,21.82644315323071,17.773914931250616,0.0,0.050013161665035,0.7606658935546875,42.79219408957666,3.4893475770950317,worst_uncertainty_stratified_mhz
10307,300.0,9,28.026534398703067,-28.026534398703067,28.026534398703067,0.007367085844776112,0.004152471866838241,0.011519557711614354,21.598723483062916,18.299358005971072,0.0,0.01741787923832927,0.37041711807250977,42.79219408957666,2.8650610744953156,worst_uncertainty_stratified_mhz
10456,300.0,9,27.386307673990913,-27.386307673990913,27.386307673990913,0.013426532169727362,0.022390462833579764,0.03581699500330712,21.00025377574949,18.010215451716718,0.0,0.2572276964162219,1.6239852905273438,39.86206686813919,2.7173164784908295,worst_uncertainty_stratified_mhz
11270,120.0,10,25.678535783210084,-25.678535783210084,25.678535783210084,0.02038392023665773,0.006863302195941612,0.027247222432599343,21.84403252989402,10.83449218153319,0.0,0.06892075465219705,0.7580294609069824,42.79219408957666,4.322504758834839,worst_uncertainty_stratified_mhz
12132,120.0,10,24.35799461219762,-24.35799461219762,24.35799461219762,0.019850057855818684,0.0495431188270094,0.06939317668282809,22.30074095984927,5.632244211828559,0.0,0.18040575778860202,1.4484763145446777,42.79219408957666,6.406364262104034,worst_uncertainty_stratified_mhz
11813,120.0,10,17.193191882912554,-17.193191882912554,17.193191882912554,0.005421283007083912,0.007329310225156967,0.01275059323224088,15.255714861302186,5.481343760188069,0.0,0.01886210310721026,0.4580845832824707,30.01562093310748,5.488207578659058,worst_uncertainty_stratified_mhz
11974,150.0,10,26.329966155169394,-26.329966155169394,26.329966155169394,0.041688910569540466,0.030775073426704536,0.072463983996245,22.92197932300008,9.451442747819,0.0,0.4695453984815252,2.112673759460449,42.79219408957666,6.2253493666648865,worst_uncertainty_stratified_mhz
12723,150.0,10,25.7997925755089,-25.7997925755089,25.7997925755089,1.3956651737118744,0.4078144481436849,1.8034796218555593,22.287694982606396,4.721651482574907,0.0,3.627002529221997,6.321384906768799,31.0,8.49603283405304,worst_uncertainty_stratified_mhz
11267,150.0,10,25.013677336338702,-25.013677336338702,25.013677336338702,0.013331505484506194,0.03218017007357984,0.04551167555808603,22.482114447881514,7.054109316343449,0.0,0.2467384267997339,1.7452473640441895,42.72550467811937,7.256604731082916,worst_uncertainty_stratified_mhz
12301,150.0,10,20.45181991748747,-20.45181991748747,20.45181991748747,0.17038242348524865,0.17534143130899676,0.3457238547942454,20.071572194224522,0.0,0.0,2.5897665189305457,4.947990417480469,30.01562093310748,11.653351902961731,worst_uncertainty_stratified_mhz
12248,155.0,10,26.107716458197064,-26.107716458197064,26.107716458197064,0.2784281407987992,0.3271314252743195,0.6055595660731187,25.460724943800535,0.0,0.0,3.345613564433677,6.879059791564941,37.351162967168776,11.036783933639526,worst_uncertainty_stratified_mhz
11498,155.0,10,26.022401143304656,-26.022401143304656,26.022401143304656,0.06205708162453629,0.01989394385766044,0.08195102548219674,22.65098694129507,9.365653957004145,0.0,0.08723147744879256,0.9319229125976562,44.1955880150949,6.429429113864899,worst_uncertainty_stratified_mhz
11393,155.0,10,24.412737563821175,-24.412737563821175,24.412737563821175,0.03691840495017525,0.09538076248217629,0.13229916743235154,22.481324835019514,5.038518474710187,0.0,1.4672776113129338,3.7535924911499023,38.27450195626326,8.498744904994965,worst_uncertainty_stratified_mhz
11995,155.0,10,24.323771854442093,-24.323771854442093,24.323771854442093,0.10152469551675819,0.02956945807258788,0.13109415358934606,22.11245872306679,5.911270476137437,0.0,0.13104096714259583,1.1706414222717285,42.79219408957666,8.027005076408386,worst_uncertainty_stratified_mhz
11548,155.0,10,23.98207715987386,-23.98207715987386,23.98207715987386,0.021776962731682007,0.0176249695143059,0.03940193224598791,20.95591472100533,8.498247933256149,0.0,0.1037774325312597,1.1441340446472168,40.56014053230092,6.508648753166199,worst_uncertainty_stratified_mhz
11462,155.0,10,23.03235202595911,-23.03235202595911,23.03235202595911,0.1938917860556529,0.06703434319022936,0.26092612924588227,21.294070859983954,4.143498701351179,0.0,0.9186156410533748,2.4764084815979004,38.27450195626326,8.831800878047943,worst_uncertainty_stratified_mhz
12046,155.0,10,22.98973159318762,-22.98973159318762,22.98973159318762,0.3088440178826912,0.6739894175923593,0.9828334354750505,21.95482423855895,0.0,0.0,13.012759309132875,11.77189826965332,6.112231589198825,17.318267464637756,worst_uncertainty_stratified_mhz
12197,155.0,10,22.982590805326975,-22.982590805326975,22.982590805326975,0.05898201886885729,0.009851057164203326,0.06883307603306062,19.51515041171661,9.68283869130733,0.0,0.04520180365639348,0.6653952598571777,38.27450195626326,5.528711259365082,worst_uncertainty_stratified_mhz
11796,170.0,10,47.09021192708766,-47.09021192708766,47.09021192708766,0.8776224691402069,1.4099213601839975,2.2875438293242043,43.7965828167176,2.577225123764667,0.0,22.130724534552712,14.26390790939331,29.067808654936478,11.302347660064697,worst_uncertainty_stratified_mhz
11936,170.0,10,39.75030217831901,-39.75030217831901,39.75030217831901,0.43499149036992907,1.0047169455653016,1.4397084359352306,34.43894551138639,10.736419335150941,0.0,14.645185426507021,12.377974510192871,27.209545659565872,8.399591028690338,worst_uncertainty_stratified_mhz
12412,170.0,10,29.348900133672036,-29.348900133672036,29.348900133672036,0.7964507959666438,0.7960586126794525,1.5925094086460962,25.977992350177182,4.892657499974763,0.0,6.757081056998629,7.065328598022461,31.376493988334644,9.851097345352173,worst_uncertainty_stratified_mhz
11607,180.0,10,49.01238552803009,-49.01238552803009,49.01238552803009,0.3609581518855191,1.1818910893689325,1.5428492412544517,44.663263383684786,7.7267969607666664,0.0,18.34626670393071,14.511042594909668,38.122950764598485,10.50909674167633,worst_uncertainty_stratified_mhz
11309,180.0,10,40.35879598674553,-40.35879598674553,40.35879598674553,2.109739076252079,0.7885424324586133,2.8982815087106926,33.285602975194195,11.664959768035322,0.0,9.955541512895447,8.48495101928711,38.17517190531039,8.55769008398056,worst_uncertainty_stratified_mhz
11776,180.0,10,35.102334739308745,-35.102334739308745,35.102334739308745,0.47429101824850145,0.5724964548112466,1.046787473059748,30.01643935026795,11.333749881960921,0.0,5.381819060621833,6.477046489715576,42.79219408957666,8.022201120853424,worst_uncertainty_stratified_mhz
12043,180.0,10,34.844254985861106,-34.844254985861106,34.844254985861106,0.89196509386447,0.5196549997334314,1.4116200935979015,28.890511162525975,12.775743224806737,0.0,4.260859754486912,6.467108726501465,42.79219408957666,7.308029115200043,worst_uncertainty_stratified_mhz
12371,200.0,10,34.3081833117684,-34.3081833117684,34.3081833117684,0.06468287017080647,0.305750388430073,0.3704332586008795,27.720364216040043,17.492514648700467,0.0,3.9585789684582657,5.075072288513184,42.44849820665037,5.235521614551544,worst_uncertainty_stratified_mhz
11987,200.0,10,30.86463248039696,-30.86463248039696,30.86463248039696,0.09455596928663469,0.14460370619020052,0.2391596754768352,24.61142489521031,16.989689856357494,0.0,1.4120484505501514,3.6065587997436523,42.79219408957666,4.390920132398605,worst_uncertainty_stratified_mhz
11573,200.0,10,30.293919724215293,-30.293919724215293,30.293919724215293,0.4694189755412224,0.15397675329901384,0.6233957288402363,24.543592530982686,14.474898964258594,0.0,2.0407247390085352,4.090617656707764,40.91511792724054,5.881974756717682,worst_uncertainty_stratified_mhz
12498,200.0,10,30.248604144254603,-30.248604144254603,30.248604144254603,0.033962060236580674,0.15654118124723598,0.19050324148381664,23.890980040407324,17.429466802459025,0.0,1.0527908153669188,2.8841843605041504,42.79219408957666,3.8395997285842896,worst_uncertainty_stratified_mhz
11479,200.0,10,28.778307483022942,-28.778307483022942,28.778307483022942,0.0489185829262932,0.1129960381754542,0.1619146211017474,22.71242001734811,16.620608450092078,0.0,1.748944566449989,3.9549217224121094,37.97202917938413,3.810737669467926,worst_uncertainty_stratified_mhz
12605,200.0,10,28.54612188839107,-28.54612188839107,28.54612188839107,0.018034174017019133,0.02076589636203368,0.03880007037905281,22.439023947427906,17.297817326468685,0.0,0.03213098091133926,0.6181979179382324,44.1955880150949,3.186844617128372,worst_uncertainty_stratified_mhz
12588,200.0,10,28.477783383716584,-28.477783383716584,28.477783383716584,0.2015535870379571,0.05526997817493392,0.256823565212891,22.61232414779074,15.915105269101993,0.0,0.41752116752419965,1.597411870956421,42.79219408957666,4.2123764753341675,worst_uncertainty_stratified_mhz
11636,200.0,10,27.235637558887632,-27.235637558887632,27.235637558887632,0.038469073128171445,0.1839567991458973,0.22242587227406874,21.350689492089916,15.817729642660435,0.0,3.571987207336303,6.35659122467041,29.200813344836817,3.7405354380607605,worst_uncertainty_stratified_mhz
12545,230.0,10,28.492431420532167,-28.492431420532167,28.492431420532167,0.005808081768095392,0.006770089055979856,0.012578170824075249,22.572253194864814,16.834921120792988,0.0,0.05968679599808979,0.8295447826385498,44.1955880150949,3.971813201904297,worst_uncertainty_stratified_mhz
11335,230.0,10,27.27084122866666,-27.27084122866666,27.27084122866666,0.02368075738709929,0.007311524734473472,0.030992282121572762,21.775389083610815,15.575609937395562,0.0,0.053645638370824145,0.6512928009033203,42.79219408957666,4.455379009246826,worst_uncertainty_stratified_mhz
11579,230.0,10,26.77518516872763,-26.77518516872763,26.77518516872763,0.012074580697935806,0.017883008993194924,0.02995758969113073,20.964965235979314,16.423414286873918,0.0,0.1911801765302732,1.4252960681915283,40.12227405070655,3.4087760150432587,worst_uncertainty_stratified_mhz
12414,230.0,10,26.52850674023788,-26.52850674023788,26.52850674023788,0.003868668773771757,0.0075932867397632674,0.011461955513535025,20.68879226588522,16.606922084973228,0.0,0.03824035943961146,0.6687967777252197,40.632307035165994,3.088345378637314,worst_uncertainty_stratified_mhz
11940,230.0,10,25.238151526261767,-25.238151526261767,25.238151526261767,0.020548530079555677,0.017005170559995248,0.03755370063955092,19.90658416871633,15.049396183918288,0.0,0.16823298420957755,1.2022004127502441,38.27450195626326,3.836878001689911,worst_uncertainty_stratified_mhz
12655,230.0,10,25.159151703016477,-25.159151703016477,25.159151703016477,0.039067571069268905,0.022163164237969622,0.06123073530723853,19.949569573352928,14.637300896159406,0.0,0.1801998932864839,1.264237403869629,38.27450195626326,4.195309787988663,worst_uncertainty_stratified_mhz
11951,230.0,10,25.036420931636574,-25.036420931636574,25.036420931636574,0.003815593835346327,0.005845836979245041,0.009661430814591369,19.46100839417394,15.855931817111307,0.0,0.03523028496168479,0.5770542621612549,38.27450195626326,2.901045799255371,worst_uncertainty_stratified_mhz
12785,230.0,10,24.729651721273587,-24.729651721273587,24.729651721273587,0.011375134665432662,0.016389812889415437,0.0277649475548481,19.842485881896803,13.828120891831068,0.0,0.13781012959525185,1.1348495483398438,38.27450195626326,4.745077013969421,worst_uncertainty_stratified_mhz
11374,250.0,10,29.50316974112354,-29.50316974112354,29.50316974112354,0.08407192904123949,0.05075113768072681,0.1348230667219663,22.65045606282973,19.035287174941853,0.0,0.37869549913575895,1.7513270378112793,42.79219408957666,2.769991397857666,worst_uncertainty_stratified_mhz
12488,250.0,10,28.902485099749804,-28.902485099749804,28.902485099749804,0.015010671017821345,0.026496504879968782,0.04150717589779013,22.252384397893707,18.762113929500586,0.0,0.1983146000574345,1.3159455060958862,42.79219408957666,2.6600145250558853,worst_uncertainty_stratified_mhz
11829,250.0,10,28.78477126016005,-28.78477126016005,28.78477126016005,0.0069617990226617755,0.014928672366969218,0.021890471389630992,23.137751192708816,16.002470809674193,0.0,0.2498461202504778,1.5802221298217773,44.1955880150949,5.149906814098358,worst_uncertainty_stratified_mhz
12400,250.0,10,28.336499043599797,-28.336499043599797,28.336499043599797,0.05403503046993457,0.029770826096343746,0.08380585656627831,21.84713619952739,18.12938598913938,0.0,0.49543477224017973,2.4332215785980225,40.2701812759764,2.91956689953804,worst_uncertainty_stratified_mhz
12486,250.0,10,28.306365562731788,-28.306365562731788,28.306365562731788,0.0038671473695475397,0.010199824329311635,0.014066971698859175,21.946050040076276,18.05153256908637,0.0,0.11283486777043095,0.9420228004455566,42.724407544166134,2.97663414478302,worst_uncertainty_stratified_mhz
12069,250.0,10,27.675565755354604,-27.675565755354604,27.675565755354604,0.006478354572511428,0.022156517078235658,0.028634871650747087,21.12123696378413,18.475780883585422,0.0,0.25715902826404835,1.3109952211380005,40.417160649902165,2.1425691395998,worst_uncertainty_stratified_mhz
12183,250.0,10,27.488871190239948,-27.488871190239948,27.488871190239948,0.04194792826723944,0.01949611186872186,0.0614440401359613,21.900926016949523,15.747923162573594,0.0,0.0770688479546493,0.8555202484130859,42.79219408957666,4.7123212814331055,worst_uncertainty_stratified_mhz
12081,250.0,10,27.065004083358364,-27.065004083358364,27.065004083358364,0.009393717028816502,0.021627451348122884,0.031021168376939384,21.717467155513575,15.11759790967774,0.0,0.2657273863697469,1.560591697692871,41.342887840594784,5.082401990890503,worst_uncertainty_stratified_mhz
12240,250.0,10,26.584481136895484,-26.584481136895484,26.584481136895484,0.014445722578720602,0.00550443195744617,0.019950154536166772,20.566689410757036,17.095335516316293,0.0,0.026831346678719115,0.5195755958557129,40.56014053230092,2.8292312622070312,worst_uncertainty_stratified_mhz
12244,250.0,10,25.19800079497841,-25.19800079497841,25.19800079497841,0.03770928026197309,0.008642074078479691,0.046351354340452774,19.765041019512797,15.327879603576022,0.0,0.1089599068468905,1.0877017974853516,38.22446042784646,3.7766853272914886,worst_uncertainty_stratified_mhz
11666,250.0,10,25.00604488835131,-25.00604488835131,25.00604488835131,0.010438619455316095,0.006689898902570789,0.017128518357886882,19.584863361619878,15.389308439052812,0.0,0.06511161578042302,0.7650015354156494,38.27450195626326,3.584841161966324,worst_uncertainty_stratified_mhz
11783,250.0,10,24.210572168032858,-24.210572168032858,24.210572168032858,0.005563695364965312,0.006893270515066677,0.012456965880031989,18.73946075978127,15.54695738870858,0.0,0.03864685290015668,0.595548152923584,36.80607966083864,2.8541721403598785,worst_uncertainty_stratified_mhz
12103,265.0,10,27.567303095511225,-27.567303095511225,27.567303095511225,0.6173599635285639,0.2540227081252832,0.8713826716538471,23.913619646412542,7.873206912557306,0.0,1.6000725507332731,4.066953659057617,40.56014053230092,11.853613138198853,worst_uncertainty_stratified_mhz
11299,265.0,10,26.872306546510362,-26.872306546510362,26.872306546510362,0.11428227160401981,0.18355783874404344,0.29784011034806324,24.024640475868104,7.236196235224933,0.0,0.701166027336285,2.537886619567871,44.10906227749577,12.201186180114746,worst_uncertainty_stratified_mhz
11834,265.0,10,26.727792455705362,-26.727792455705362,26.727792455705362,0.2791465013482333,0.5503991882432702,0.8295456895915034,22.748889918528647,8.974554357126815,0.0,0.12639669986059232,1.049398422241211,44.1955880150949,10.756709694862366,worst_uncertainty_stratified_mhz
12690,265.0,10,26.65271869497024,-26.65271869497024,26.65271869497024,0.41931682766432415,0.20898627163143826,0.6283030992957624,23.098819503479646,8.325758273740698,0.0,0.2727168182588571,1.4566173553466797,44.1955880150949,11.273565530776978,worst_uncertainty_stratified_mhz
11208,265.0,10,26.624283449849194,-26.624283449849194,26.624283449849194,0.14115660044208253,0.07740781821535686,0.2185644186574394,23.93214415340523,7.007825914712115,0.0,1.0558930711413126,2.960308074951172,42.79219408957666,12.329334616661072,worst_uncertainty_stratified_mhz
11819,265.0,10,26.606368013784117,-26.606368013784117,26.606368013784117,0.22792147854685263,0.16708924534639907,0.3950107238932517,24.588864719801872,4.575160261056841,0.0,1.4453716827344891,3.4947919845581055,42.79219408957666,14.186360716819763,worst_uncertainty_stratified_mhz
11288,265.0,10,25.995543532603733,-25.995543532603733,25.995543532603733,0.15924020726762858,0.557722271851023,0.7169624791186515,22.937731624370596,6.565850000654412,0.0,4.618545695688169,6.138628005981445,30.499743851383407,12.552472829818726,worst_uncertainty_stratified_mhz
11340,265.0,10,25.977331679149618,-25.977331679149618,25.977331679149618,0.09338708515680139,0.100748360229035,0.19413544538583638,23.718435087196813,5.84790368281756,0.0,0.8918686938063729,2.928725242614746,42.724407544166134,13.120248317718506,worst_uncertainty_stratified_mhz
12388,265.0,10,25.112080184444963,-25.112080184444963,25.112080184444963,0.118761122292596,0.14651958635920243,0.2652807086517984,22.953201166625377,5.35822331503857,0.0,0.9479846068347797,3.4502925872802734,40.56014053230092,13.35945463180542,worst_uncertainty_stratified_mhz
12432,265.0,10,24.785111176771224,-24.785111176771224,24.785111176771224,0.32194706102807885,0.21247967567140383,0.5344267366994827,21.580843529089602,7.620304763813804,0.0,0.015494088671388795,0.3385047912597656,42.79219408957666,11.381141304969788,worst_uncertainty_stratified_mhz
12540,265.0,10,23.962769088975723,-23.962769088975723,23.962769088975723,1.0813437270990753,0.9784632602682456,2.059806987367321,18.9993939456442,8.142702911455576,0.0,5.2344241816106205,6.084150314331055,21.44578921373611,10.666706562042236,worst_uncertainty_stratified_mhz
12692,270.0,10,30.287666441772622,-30.287666441772622,30.287666441772622,0.0507492869901689,0.05263990461474865,0.10338919160491755,23.57635451013119,18.74188657453608,0.0,0.5097611499378649,1.937598705291748,44.1955880150949,3.6984019577503204,worst_uncertainty_stratified_mhz
11880,270.0,10,29.169418232790157,-29.169418232790157,29.169418232790157,0.018722732796740017,0.0045113726015422375,0.023234105398282252,22.287049559894566,19.56082659599381,0.0,0.01252170091431637,0.3534677028656006,44.1955880150949,2.1778542399406433,worst_uncertainty_stratified_mhz
12120,270.0,10,28.82008056566184,-28.82008056566184,28.82008056566184,0.07790416621777821,0.017789257190125262,0.09569342340790347,22.283084459829784,18.309494279101266,0.0,0.18060657092524135,1.4127616882324219,42.79219408957666,3.2215159237384796,worst_uncertainty_stratified_mhz
12770,270.0,10,28.527098891093324,-28.527098891093324,28.527098891093324,0.007407303992769031,0.010266539178222,0.01767384317099103,22.124928864573086,18.15702249631351,0.0,0.14180713106405207,1.1740493774414062,42.79219408957666,3.187156617641449,worst_uncertainty_stratified_mhz
12538,270.0,10,28.263710007561208,-28.263710007561208,28.263710007561208,0.10293937917784009,0.10162537597251003,0.2045647551503501,21.69873636389594,17.95104699977717,0.0,1.001617169249723,3.119736433029175,38.27450195626326,3.226646840572357,worst_uncertainty_stratified_mhz
12603,270.0,10,27.99894192413702,-27.99894192413702,27.99894192413702,0.02927698253699597,0.021194873531759726,0.05047185606875569,21.263973709002048,18.988236443224114,0.0,0.09063646674937842,0.9582703113555908,41.38840417314975,1.9491764456033707,worst_uncertainty_stratified_mhz
11887,270.0,10,27.282258189105878,-27.282258189105878,27.282258189105878,0.004917592562194722,0.008163443831297284,0.013081036393492007,21.318425479559867,16.961826763163952,0.0,0.041631655611425344,0.6198601722717285,41.933727475625155,3.6145468950271606,worst_uncertainty_stratified_mhz
11242,280.0,10,28.91453016553936,-28.91453016553936,28.91453016553936,0.00596225322159149,0.008189196371830182,0.014151449593421673,22.529655674843028,18.152181293908036,0.0,0.060091404577377716,0.7435405254364014,44.1955880150949,3.5100409984588623,worst_uncertainty_stratified_mhz
12087,280.0,10,28.414961642579115,-28.414961642579115,28.414961642579115,0.015114445844301473,0.01777724923966705,0.032891695083968525,21.984469664512655,18.21314068889158,0.0,0.08233776865010611,1.0120697021484375,42.79219408957666,3.1188324689865112,worst_uncertainty_stratified_mhz
11996,280.0,10,28.31378500927481,-28.31378500927481,28.31378500927481,0.021164325842398246,0.013312914693404778,0.034477240535803026,21.95132822026134,18.009942806958012,0.0,0.10233815675047353,0.9057860374450684,42.79219408957666,3.264377772808075,worst_uncertainty_stratified_mhz
11320,280.0,10,28.19901763223303,-28.19901763223303,28.19901763223303,0.013883854484770667,0.028800424686945568,0.04268427917171624,22.18896957917688,16.974642666191507,0.0,0.20021555777265032,1.3213610649108887,42.65614697789757,4.263284116983414,worst_uncertainty_stratified_mhz
11920,280.0,10,27.665415265148567,-27.665415265148567,27.665415265148567,0.03485044787111013,0.054480856469743724,0.08933130434085385,21.468838464548785,17.314657989066795,0.0,0.45187456382727476,2.171860933303833,39.86206686813919,3.5668752193450928,worst_uncertainty_stratified_mhz
11354,280.0,10,27.349462410759468,-27.349462410759468,27.349462410759468,0.037692048582134555,0.011437888864614507,0.04912993744674906,20.97346206638767,17.977932144335295,0.0,0.13209006201878193,1.0504369735717773,40.632307035165994,2.6264693439006805,worst_uncertainty_stratified_mhz
11465,300.0,10,29.80915697132039,-29.80915697132039,29.80915697132039,0.0051646460445559745,0.014410897086201947,0.019575543130757923,22.969874046905133,19.384499274763257,0.0,0.17160351214363256,1.4009530544281006,44.1955880150949,2.947761684656143,worst_uncertainty_stratified_mhz
12295,300.0,10,29.69032241306182,-29.69032241306182,29.69032241306182,0.0178238227582548,0.03736898342215072,0.05519280618040552,22.698905857854673,19.64894751821874,0.0,0.3736736287920246,1.9721620082855225,42.67830244983978,2.5861676782369614,worst_uncertainty_stratified_mhz
11626,300.0,10,29.06193202325828,-29.06193202325828,29.06193202325828,0.0053650096682318175,0.0040325820002838145,0.009397591668515632,22.43221737874354,18.86607608730888,0.0,0.042064376712144025,0.5847179889678955,44.1955880150949,2.982707679271698,worst_uncertainty_stratified_mhz
12590,300.0,10,28.899909110147334,-28.899909110147334,28.899909110147334,0.01927601575905687,0.013331477485693185,0.032607493244750055,22.640811198997962,17.735316576626946,0.0,0.09713820890656777,0.8917579650878906,44.1955880150949,4.073134958744049,worst_uncertainty_stratified_mhz
11745,300.0,10,28.4585584137996,-28.4585584137996,28.4585584137996,0.00875891040860999,0.014816323321459811,0.0235752337300698,22.042296911871897,18.182235034521945,0.0,0.14572040732099367,1.0009589195251465,42.79219408957666,3.3017345666885376,worst_uncertainty_stratified_mhz
11313,300.0,10,28.063774560110453,-28.063774560110453,28.063774560110453,0.014104354525151333,0.00798207550199691,0.022086430027148243,21.84786948268545,17.647521651530376,0.0,0.061644540634546274,0.7802557945251465,42.79219408957666,3.611692428588867,worst_uncertainty_stratified_mhz
