peb_row,original_decap_index,design_id
0,53,layout_pi54_d53
1,54,layout_pi55_d54
2,55,layout_pi56_d55
3,56,layout_pi57_d56
4,57,layout_pi58_d57
5,58,layout_pi59_d58
6,59,layout_pi60_d59
7,60,layout_pi61_d60
8,61,layout_pi62_d61
9,62,layout_pi63_d62
10,63,layout_pi64_d63
11,64,layout_pi65_d64
12,65,layout_pi66_d65
13,66,layout_pi67_d66
14,67,layout_pi68_d67
15,68,layout_pi69_d68
16,69,layout_pi70_d69
17,70,layout_pi71_d70
18,71,layout_pi72_d71
19,72,layout_pi73_d72
20,73,layout_pi74_d73
21,74,layout_pi75_d74
22,75,layout_pi76_d75
23,76,layout_pi77_d76
24,77,layout_pi78_d77
25,78,layout_pi79_d78
26,79,layout_pi80_d79
27,80,layout_pi81_d80
28,81,layout_pi82_d81
29,82,layout_pi83_d82
30,83,layout_pi84_d83
31,84,layout_pi85_d84
32,85,layout_pi86_d85
33,86,layout_pi87_d86
34,87,layout_pi88_d87
35,88,layout_pi89_d88
36,89,layout_pi90_d89
37,90,layout_pi91_d90
38,91,layout_pi92_d91
39,92,layout_pi93_d92
40,93,layout_pi94_d93
41,94,layout_pi95_d94
42,95,layout_pi96_d95
43,96,layout_pi97_d96
44,97,layout_pi98_d97
45,98,layout_pi99_d98
46,99,layout_pi100_d99
47,100,layout_pi101_d100
48,101,layout_pi102_d101
49,102,layout_pi103_d102
50,103,layout_pi104_d103
51,104,layout_pi105_d104
52,105,layout_pi106_d105
53,106,layout_pi107_d106
54,107,layout_pi108_d107
55,108,layout_pi109_d108
56,109,layout_pi110_d109
57,110,layout_pi111_d110
58,111,layout_pi112_d111
59,112,layout_pi113_d112
60,113,layout_pi114_d113
61,114,layout_pi115_d114
62,115,layout_pi116_d115
63,116,layout_pi117_d116
64,117,layout_pi118_d117
65,118,layout_pi119_d118
66,119,layout_pi120_d119
67,120,layout_pi121_d120
68,121,layout_pi122_d121
69,122,layout_pi123_d122
70,123,layout_pi124_d123
71,124,layout_pi125_d124
72,125,layout_pi126_d125
73,126,layout_pi127_d126
74,127,layout_pi128_d127
75,128,layout_pi129_d128
76,129,layout_pi130_d129
77,130,layout_pi131_d130
78,131,layout_pi132_d131
79,132,layout_pi133_d132
80,133,layout_pi134_d133
81,134,layout_pi135_d134
82,135,layout_pi136_d135
83,136,layout_pi137_d136
84,137,layout_pi138_d137
85,138,layout_pi139_d138
86,139,layout_pi140_d139
87,140,layout_pi141_d140
88,141,layout_pi142_d141
89,142,layout_pi143_d142
90,143,layout_pi144_d143
91,144,layout_pi145_d144
92,145,layout_pi146_d145
93,146,layout_pi147_d146
94,147,layout_pi148_d147
95,148,layout_pi149_d148
96,149,layout_pi150_d149
97,150,layout_pi151_d150
98,151,layout_pi152_d151
99,152,layout_pi153_d152
100,153,layout_pi154_d153
101,154,layout_pi155_d154
102,155,layout_pi156_d155
103,156,layout_pi157_d156
104,157,layout_pi158_d157
105,158,layout_pi159_d158
106,159,layout_pi160_d159
107,160,layout_pi161_d160
108,161,layout_pi162_d161
109,162,layout_pi163_d162
110,163,layout_pi164_d163
111,164,layout_pi165_d164
112,165,layout_pi166_d165
113,166,layout_pi167_d166
114,167,layout_pi168_d167
115,168,layout_pi169_d168
116,169,layout_pi170_d169
117,170,layout_pi171_d170
118,171,layout_pi172_d171
119,172,layout_pi173_d172
120,173,layout_pi174_d173
121,174,layout_pi175_d174
122,175,layout_pi176_d175
123,176,layout_pi177_d176
124,177,layout_pi178_d177
125,178,layout_pi179_d178
126,179,layout_pi180_d179
127,180,layout_pi181_d180
128,181,layout_pi182_d181
129,182,layout_pi183_d182
130,183,layout_pi184_d183
131,184,layout_pi185_d184
132,185,layout_pi186_d185
133,186,layout_pi187_d186
134,187,layout_pi188_d187
135,188,layout_pi189_d188
136,189,layout_pi190_d189
137,190,layout_pi191_d190
138,191,layout_pi192_d191
139,192,layout_pi193_d192
140,193,layout_pi194_d193
141,194,layout_pi195_d194
142,195,layout_pi196_d195
143,196,layout_pi197_d196
144,197,layout_pi198_d197
145,198,layout_pi199_d198
146,199,layout_pi200_d199
147,200,layout_pi201_d200
148,201,layout_pi202_d201
149,202,layout_pi203_d202
150,203,layout_pi204_d203
151,204,layout_pi205_d204
152,205,layout_pi206_d205
153,206,layout_pi207_d206
154,207,layout_pi208_d207
155,208,layout_pi209_d208
156,209,layout_pi210_d209
157,210,layout_pi211_d210
158,211,layout_pi212_d211
159,212,layout_pi213_d212
160,213,layout_pi214_d213
161,214,layout_pi215_d214
162,215,layout_pi216_d215
163,216,layout_pi217_d216
164,217,layout_pi218_d217
165,218,layout_pi219_d218
166,219,layout_pi220_d219
167,220,layout_pi221_d220
168,221,layout_pi222_d221
169,222,layout_pi223_d222
170,223,layout_pi224_d223
171,224,layout_pi225_d224
172,225,layout_pi226_d225
173,226,layout_pi227_d226
174,227,layout_pi228_d227
175,228,layout_pi229_d228
176,229,layout_pi230_d229
177,230,layout_pi231_d230
178,231,layout_pi232_d231
179,232,layout_pi233_d232
180,233,layout_pi234_d233
181,234,layout_pi235_d234
182,235,layout_pi236_d235
183,236,layout_pi237_d236
184,237,layout_pi238_d237
185,238,layout_pi239_d238
186,239,layout_pi240_d239
187,240,layout_pi241_d240
188,241,layout_pi242_d241
189,242,layout_pi243_d242
190,243,layout_pi244_d243
191,244,layout_pi245_d244
192,245,layout_pi246_d245
193,246,layout_pi247_d246
194,247,layout_pi248_d247
195,248,layout_pi249_d248
196,249,layout_pi250_d249
197,250,layout_pi251_d250
198,251,layout_pi252_d251
199,252,layout_pi253_d252
200,253,layout_pi254_d253
201,254,layout_pi255_d254
202,255,layout_pi256_d255
203,256,layout_pi257_d256
204,257,layout_pi258_d257
205,258,layout_pi259_d258
206,259,layout_pi260_d259
207,260,layout_pi261_d260
208,261,layout_pi262_d261
209,262,layout_pi263_d262
210,263,layout_pi264_d263
211,264,layout_pi265_d264
212,265,layout_pi266_d265
213,266,layout_pi267_d266
214,267,layout_pi268_d267
215,268,layout_pi269_d268
216,269,layout_pi270_d269
217,270,layout_pi271_d270
218,271,layout_pi272_d271
219,272,layout_pi273_d272
220,273,layout_pi274_d273
221,274,layout_pi275_d274
222,275,layout_pi276_d275
223,276,layout_pi277_d276
224,277,layout_pi278_d277
225,278,layout_pi279_d278
226,279,layout_pi280_d279
227,280,layout_pi281_d280
228,281,layout_pi282_d281
229,282,layout_pi283_d282
230,283,layout_pi284_d283
231,284,layout_pi285_d284
232,285,layout_pi286_d285
233,286,layout_pi287_d286
234,287,layout_pi288_d287
235,288,layout_pi289_d288
236,289,layout_pi290_d289
237,290,layout_pi291_d290
238,291,layout_pi292_d291
239,292,layout_pi293_d292
240,293,layout_pi294_d293
241,294,layout_pi295_d294
242,295,layout_pi296_d295
243,296,layout_pi297_d296
244,297,layout_pi298_d297
245,298,layout_pi299_d298
246,299,layout_pi300_d299
247,300,layout_pi301_d300
248,301,layout_pi302_d301
249,302,layout_pi303_d302
250,303,layout_pi304_d303
251,304,layout_pi305_d304
252,305,layout_pi306_d305
253,306,layout_pi307_d306
254,307,layout_pi308_d307
255,308,layout_pi309_d308
256,309,layout_pi310_d309
257,310,layout_pi311_d310
258,311,layout_pi312_d311
259,312,layout_pi313_d312
260,313,layout_pi314_d313
261,314,layout_pi315_d314
262,315,layout_pi316_d315
263,316,layout_pi317_d316
264,317,layout_pi318_d317
265,318,layout_pi319_d318
266,319,layout_pi320_d319
267,320,layout_pi321_d320
268,321,layout_pi322_d321
269,322,layout_pi323_d322
270,323,layout_pi324_d323
271,324,layout_pi325_d324
272,325,layout_pi326_d325
273,326,layout_pi327_d326
274,327,layout_pi328_d327
275,328,layout_pi329_d328
276,329,layout_pi330_d329
277,330,layout_pi331_d330
278,331,layout_pi332_d331
279,332,layout_pi333_d332
280,333,layout_pi334_d333
281,334,layout_pi335_d334
282,335,layout_pi336_d335
283,336,layout_pi337_d336
284,337,layout_pi338_d337
285,338,layout_pi339_d338
286,339,layout_pi340_d339
287,340,layout_pi341_d340
288,341,layout_pi342_d341
289,342,layout_pi343_d342
290,343,layout_pi344_d343
291,344,layout_pi345_d344
292,345,layout_pi346_d345
293,346,layout_pi347_d346
294,347,layout_pi348_d347
295,348,layout_pi349_d348
296,349,layout_pi350_d349
297,350,layout_pi351_d350
298,351,layout_pi352_d351
299,352,layout_pi353_d352
300,353,layout_pi354_d353
301,354,layout_pi355_d354
302,355,layout_pi356_d355
303,356,layout_pi357_d356
304,357,layout_pi358_d357
305,358,layout_pi359_d358
306,359,layout_pi360_d359
307,360,layout_pi361_d360
308,361,layout_pi362_d361
309,362,layout_pi363_d362
310,363,layout_pi364_d363
311,364,layout_pi365_d364
312,365,layout_pi366_d365
313,366,layout_pi367_d366
314,367,layout_pi368_d367
315,368,layout_pi369_d368
316,369,layout_pi370_d369
317,370,layout_pi371_d370
318,371,layout_pi372_d371
319,372,layout_pi373_d372
320,373,layout_pi374_d373
321,374,layout_pi375_d374
322,375,layout_pi376_d375
323,376,layout_pi377_d376
324,377,layout_pi378_d377
325,378,layout_pi379_d378
326,379,layout_pi380_d379
327,380,layout_pi381_d380
328,381,layout_pi382_d381
329,382,layout_pi383_d382
330,383,layout_pi384_d383
331,384,layout_pi385_d384
332,385,layout_pi386_d385
333,386,layout_pi387_d386
334,387,layout_pi388_d387
335,388,layout_pi389_d388
336,389,layout_pi390_d389
337,390,layout_pi391_d390
338,391,layout_pi392_d391
339,392,layout_pi393_d392
340,393,layout_pi394_d393
341,394,layout_pi395_d394
342,395,layout_pi396_d395
343,396,layout_pi397_d396
344,397,layout_pi398_d397
345,398,layout_pi399_d398
346,399,layout_pi400_d399
347,400,layout_pi401_d400
348,401,layout_pi402_d401
349,402,layout_pi403_d402
350,403,layout_pi404_d403
351,404,layout_pi405_d404
352,405,layout_pi406_d405
353,406,layout_pi407_d406
354,407,layout_pi408_d407
355,408,layout_pi409_d408
356,409,layout_pi410_d409
357,410,layout_pi411_d410
358,411,layout_pi412_d411
359,412,layout_pi413_d412
360,413,layout_pi414_d413
361,414,layout_pi415_d414
362,415,layout_pi416_d415
363,416,layout_pi417_d416
364,417,layout_pi418_d417
365,418,layout_pi419_d418
366,419,layout_pi420_d419
367,420,layout_pi421_d420
368,421,layout_pi422_d421
369,422,layout_pi423_d422
370,423,layout_pi424_d423
371,424,layout_pi425_d424
372,425,layout_pi426_d425
373,426,layout_pi427_d426
374,427,layout_pi428_d427
375,428,layout_pi429_d428
376,429,layout_pi430_d429
377,430,layout_pi431_d430
378,431,layout_pi432_d431
379,432,layout_pi433_d432
380,433,layout_pi434_d433
381,434,layout_pi435_d434
382,435,layout_pi436_d435
383,436,layout_pi437_d436
384,437,layout_pi438_d437
385,438,layout_pi439_d438
386,439,layout_pi440_d439
387,440,layout_pi441_d440
388,441,layout_pi442_d441
389,442,layout_pi443_d442
390,443,layout_pi444_d443
391,444,layout_pi445_d444
392,445,layout_pi446_d445
393,446,layout_pi447_d446
394,447,layout_pi448_d447
395,448,layout_pi449_d448
396,449,layout_pi450_d449
397,450,layout_pi451_d450
398,451,layout_pi452_d451
399,452,layout_pi453_d452
400,453,layout_pi454_d453
401,454,layout_pi455_d454
402,455,layout_pi456_d455
403,456,layout_pi457_d456
404,457,layout_pi458_d457
405,458,layout_pi459_d458
406,459,layout_pi460_d459
407,460,layout_pi461_d460
408,461,layout_pi462_d461
409,462,layout_pi463_d462
410,463,layout_pi464_d463
411,464,layout_pi465_d464
412,465,layout_pi466_d465
413,466,layout_pi467_d466
414,467,layout_pi468_d467
415,468,layout_pi469_d468
416,469,layout_pi470_d469
417,470,layout_pi471_d470
418,471,layout_pi472_d471
419,472,layout_pi473_d472
420,473,layout_pi474_d473
421,474,layout_pi475_d474
422,475,layout_pi476_d475
423,476,layout_pi477_d476
424,477,layout_pi478_d477
425,478,layout_pi479_d478
426,479,layout_pi480_d479
427,480,layout_pi481_d480
428,481,layout_pi482_d481
429,482,layout_pi483_d482
430,483,layout_pi484_d483
431,484,layout_pi485_d484
432,485,layout_pi486_d485
433,486,layout_pi487_d486
434,487,layout_pi488_d487
435,488,layout_pi489_d488
436,489,layout_pi490_d489
437,490,layout_pi491_d490
438,491,layout_pi492_d491
439,492,layout_pi493_d492
440,493,layout_pi494_d493
441,494,layout_pi495_d494
442,495,layout_pi496_d495
443,496,layout_pi497_d496
444,497,layout_pi498_d497
445,498,layout_pi499_d498
446,499,layout_pi500_d499
447,500,layout_pi501_d500
448,501,layout_pi502_d501
449,502,layout_pi503_d502
450,503,layout_pi504_d503
451,504,layout_pi505_d504
452,505,layout_pi506_d505
453,506,layout_pi507_d506
454,507,layout_pi508_d507
455,508,layout_pi509_d508
456,509,layout_pi510_d509
457,510,layout_pi511_d510
458,511,layout_pi512_d511
459,512,layout_pi513_d512
460,513,layout_pi514_d513
461,514,layout_pi515_d514
462,515,layout_pi516_d515
463,516,layout_pi517_d516
464,517,layout_pi518_d517
465,518,layout_pi519_d518
466,519,layout_pi520_d519
467,520,layout_pi521_d520
468,521,layout_pi522_d521
469,522,layout_pi523_d522
470,523,layout_pi524_d523
471,524,layout_pi525_d524
472,525,layout_pi526_d525
473,526,layout_pi527_d526
474,527,layout_pi528_d527
475,528,layout_pi529_d528
476,529,layout_pi530_d529
477,530,layout_pi531_d530
478,531,layout_pi532_d531
479,532,layout_pi533_d532
480,533,layout_pi534_d533
481,534,layout_pi535_d534
482,535,layout_pi536_d535
483,536,layout_pi537_d536
484,537,layout_pi538_d537
485,538,layout_pi539_d538
486,539,layout_pi540_d539
487,540,layout_pi541_d540
488,541,layout_pi542_d541
489,542,layout_pi543_d542
490,543,layout_pi544_d543
491,544,layout_pi545_d544
492,545,layout_pi546_d545
493,546,layout_pi547_d546
494,547,layout_pi548_d547
495,548,layout_pi549_d548
496,549,layout_pi550_d549
497,550,layout_pi551_d550
498,551,layout_pi552_d551
499,552,layout_pi553_d552
500,553,layout_pi554_d553
501,554,layout_pi555_d554
502,555,layout_pi556_d555
503,556,layout_pi557_d556
504,557,layout_pi558_d557
505,558,layout_pi559_d558
506,559,layout_pi560_d559
507,560,layout_pi561_d560
508,561,layout_pi562_d561
509,562,layout_pi563_d562
510,563,layout_pi564_d563
511,564,layout_pi565_d564
512,565,layout_pi566_d565
513,566,layout_pi567_d566
514,567,layout_pi568_d567
515,568,layout_pi569_d568
516,569,layout_pi570_d569
517,570,layout_pi571_d570
518,571,layout_pi572_d571
519,572,layout_pi573_d572
520,573,layout_pi574_d573
521,574,layout_pi575_d574
522,575,layout_pi576_d575
523,576,layout_pi577_d576
524,577,layout_pi578_d577
525,578,layout_pi579_d578
526,579,layout_pi580_d579
527,580,layout_pi581_d580
528,581,layout_pi582_d581
529,582,layout_pi583_d582
530,583,layout_pi584_d583
531,584,layout_pi585_d584
532,585,layout_pi586_d585
533,586,layout_pi587_d586
534,587,layout_pi588_d587
535,588,layout_pi589_d588
536,589,layout_pi590_d589
537,590,layout_pi591_d590
538,591,layout_pi592_d591
539,592,layout_pi593_d592
540,593,layout_pi594_d593
541,594,layout_pi595_d594
542,595,layout_pi596_d595
543,596,layout_pi597_d596
544,597,layout_pi598_d597
545,598,layout_pi599_d598
546,599,layout_pi600_d599
547,600,layout_pi601_d600
548,601,layout_pi602_d601
549,602,layout_pi603_d602
550,603,layout_pi604_d603
551,604,layout_pi605_d604
552,605,layout_pi606_d605
553,606,layout_pi607_d606
554,607,layout_pi608_d607
555,608,layout_pi609_d608
556,609,layout_pi610_d609
557,610,layout_pi611_d610
558,611,layout_pi612_d611
559,612,layout_pi613_d612
560,613,layout_pi614_d613
561,614,layout_pi615_d614
562,615,layout_pi616_d615
563,616,layout_pi617_d616
564,617,layout_pi618_d617
565,618,layout_pi619_d618
566,619,layout_pi620_d619
567,620,layout_pi621_d620
568,621,layout_pi622_d621
569,622,layout_pi623_d622
570,623,layout_pi624_d623
571,624,layout_pi625_d624
572,625,layout_pi626_d625
573,626,layout_pi627_d626
574,627,layout_pi628_d627
575,628,layout_pi629_d628
576,629,layout_pi630_d629
577,630,layout_pi631_d630
578,631,layout_pi632_d631
579,632,layout_pi633_d632
580,633,layout_pi634_d633
581,634,layout_pi635_d634
582,635,layout_pi636_d635
583,636,layout_pi637_d636
584,637,layout_pi638_d637
585,638,layout_pi639_d638
586,639,layout_pi640_d639
587,640,layout_pi641_d640
588,641,layout_pi642_d641
589,642,layout_pi643_d642
590,643,layout_pi644_d643
591,644,layout_pi645_d644
592,645,layout_pi646_d645
593,646,layout_pi647_d646
594,647,layout_pi648_d647
595,648,layout_pi649_d648
596,649,layout_pi650_d649
597,650,layout_pi651_d650
598,651,layout_pi652_d651
599,652,layout_pi653_d652
600,653,layout_pi654_d653
601,654,layout_pi655_d654
602,655,layout_pi656_d655
603,656,layout_pi657_d656
604,657,layout_pi658_d657
605,658,layout_pi659_d658
606,659,layout_pi660_d659
607,660,layout_pi661_d660
608,661,layout_pi662_d661
609,662,layout_pi663_d662
610,663,layout_pi664_d663
611,664,layout_pi665_d664
612,665,layout_pi666_d665
613,666,layout_pi667_d666
614,667,layout_pi668_d667
615,668,layout_pi669_d668
616,669,layout_pi670_d669
617,670,layout_pi671_d670
618,671,layout_pi672_d671
619,672,layout_pi673_d672
620,673,layout_pi674_d673
621,674,layout_pi675_d674
622,675,layout_pi676_d675
623,676,layout_pi677_d676
624,677,layout_pi678_d677
625,678,layout_pi679_d678
626,679,layout_pi680_d679
627,680,layout_pi681_d680
628,681,layout_pi682_d681
629,682,layout_pi683_d682
630,683,layout_pi684_d683
631,684,layout_pi685_d684
632,685,layout_pi686_d685
633,686,layout_pi687_d686
634,687,layout_pi688_d687
635,688,layout_pi689_d688
636,689,layout_pi690_d689
637,690,layout_pi691_d690
638,691,layout_pi692_d691
639,692,layout_pi693_d692
640,693,layout_pi694_d693
641,694,layout_pi695_d694
642,695,layout_pi696_d695
643,696,layout_pi697_d696
644,697,layout_pi698_d697
645,698,layout_pi699_d698
646,699,layout_pi700_d699
647,700,layout_pi701_d700
648,701,layout_pi702_d701
649,702,layout_pi703_d702
650,703,layout_pi704_d703
651,704,layout_pi705_d704
652,705,layout_pi706_d705
653,706,layout_pi707_d706
654,707,layout_pi708_d707
655,708,layout_pi709_d708
656,709,layout_pi710_d709
657,710,layout_pi711_d710
658,711,layout_pi712_d711
659,712,layout_pi713_d712
660,713,layout_pi714_d713
661,714,layout_pi715_d714
662,715,layout_pi716_d715
663,716,layout_pi717_d716
664,717,layout_pi718_d717
665,718,layout_pi719_d718
666,719,layout_pi720_d719
667,720,layout_pi721_d720
668,721,layout_pi722_d721
669,722,layout_pi723_d722
670,723,layout_pi724_d723
671,724,layout_pi725_d724
672,725,layout_pi726_d725
673,726,layout_pi727_d726
674,727,layout_pi728_d727
675,728,layout_pi729_d728
676,729,layout_pi730_d729
677,730,layout_pi731_d730
678,731,layout_pi732_d731
679,732,layout_pi733_d732
680,733,layout_pi734_d733
681,734,layout_pi735_d734
682,735,layout_pi736_d735
683,736,layout_pi737_d736
684,737,layout_pi738_d737
685,738,layout_pi739_d738
686,739,layout_pi740_d739
687,740,layout_pi741_d740
688,741,layout_pi742_d741
689,742,layout_pi743_d742
690,743,layout_pi744_d743
691,744,layout_pi745_d744
692,745,layout_pi746_d745
693,746,layout_pi747_d746
694,747,layout_pi748_d747
695,748,layout_pi749_d748
696,749,layout_pi750_d749
697,750,layout_pi751_d750
698,751,layout_pi752_d751
699,752,layout_pi753_d752
700,753,layout_pi754_d753
701,754,layout_pi755_d754
702,755,layout_pi756_d755
703,756,layout_pi757_d756
704,757,layout_pi758_d757
705,758,layout_pi759_d758
706,759,layout_pi760_d759
707,760,layout_pi761_d760
708,761,layout_pi762_d761
709,762,layout_pi763_d762
710,763,layout_pi764_d763
711,764,layout_pi765_d764
712,765,layout_pi766_d765
713,766,layout_pi767_d766
714,767,layout_pi768_d767
715,768,layout_pi769_d768
716,769,layout_pi770_d769
717,770,layout_pi771_d770
718,771,layout_pi772_d771
719,772,layout_pi773_d772
720,773,layout_pi774_d773
721,774,layout_pi775_d774
722,775,layout_pi776_d775
723,776,layout_pi777_d776
724,777,layout_pi778_d777
725,778,layout_pi779_d778
726,779,layout_pi780_d779
727,780,layout_pi781_d780
728,781,layout_pi782_d781
729,782,layout_pi783_d782
730,783,layout_pi784_d783
731,784,layout_pi785_d784
732,785,layout_pi786_d785
733,786,layout_pi787_d786
734,787,layout_pi788_d787
735,788,layout_pi789_d788
736,789,layout_pi790_d789
737,790,layout_pi791_d790
738,791,layout_pi792_d791
739,792,layout_pi793_d792
740,793,layout_pi794_d793
741,794,layout_pi795_d794
742,795,layout_pi796_d795
743,796,layout_pi797_d796
744,797,layout_pi798_d797
745,798,layout_pi799_d798
746,799,layout_pi800_d799
747,800,layout_pi801_d800
748,801,layout_pi802_d801
749,802,layout_pi803_d802
750,803,layout_pi804_d803
751,804,layout_pi805_d804
752,805,layout_pi806_d805
753,806,layout_pi807_d806
754,807,layout_pi808_d807
755,808,layout_pi809_d808
756,809,layout_pi810_d809
757,810,layout_pi811_d810
758,811,layout_pi812_d811
759,812,layout_pi813_d812
760,813,layout_pi814_d813
761,814,layout_pi815_d814
762,815,layout_pi816_d815
763,816,layout_pi817_d816
764,817,layout_pi818_d817
765,818,layout_pi819_d818
766,819,layout_pi820_d819
767,820,layout_pi821_d820
768,821,layout_pi822_d821
769,822,layout_pi823_d822
770,823,layout_pi824_d823
771,824,layout_pi825_d824
772,825,layout_pi826_d825
773,826,layout_pi827_d826
774,827,layout_pi828_d827
775,828,layout_pi829_d828
776,829,layout_pi830_d829
777,830,layout_pi831_d830
778,831,layout_pi832_d831
779,832,layout_pi833_d832
780,833,layout_pi834_d833
781,834,layout_pi835_d834
782,835,layout_pi836_d835
783,836,layout_pi837_d836
784,837,layout_pi838_d837
785,838,layout_pi839_d838
786,839,layout_pi840_d839
787,840,layout_pi841_d840
788,841,layout_pi842_d841
789,842,layout_pi843_d842
790,843,layout_pi844_d843
791,844,layout_pi845_d844
792,845,layout_pi846_d845
793,846,layout_pi847_d846
794,847,layout_pi848_d847
795,848,layout_pi849_d848
796,849,layout_pi850_d849
797,850,layout_pi851_d850
798,851,layout_pi852_d851
799,852,layout_pi853_d852
800,853,layout_pi854_d853
801,854,layout_pi855_d854
802,855,layout_pi856_d855
803,856,layout_pi857_d856
804,857,layout_pi858_d857
805,858,layout_pi859_d858
806,859,layout_pi860_d859
807,860,layout_pi861_d860
808,861,layout_pi862_d861
809,862,layout_pi863_d862
810,863,layout_pi864_d863
811,864,layout_pi865_d864
812,865,layout_pi866_d865
813,866,layout_pi867_d866
814,867,layout_pi868_d867
815,868,layout_pi869_d868
816,869,layout_pi870_d869
817,870,layout_pi871_d870
818,871,layout_pi872_d871
819,872,layout_pi873_d872
820,873,layout_pi874_d873
821,874,layout_pi875_d874
822,875,layout_pi876_d875
823,876,layout_pi877_d876
824,877,layout_pi878_d877
825,878,layout_pi879_d878
826,879,layout_pi880_d879
827,880,layout_pi881_d880
828,881,layout_pi882_d881
829,882,layout_pi883_d882
830,883,layout_pi884_d883
831,884,layout_pi885_d884
832,885,layout_pi886_d885
833,886,layout_pi887_d886
834,887,layout_pi888_d887
835,888,layout_pi889_d888
836,889,layout_pi890_d889
837,890,layout_pi891_d890
838,891,layout_pi892_d891
839,892,layout_pi893_d892
840,893,layout_pi894_d893
841,894,layout_pi895_d894
842,895,layout_pi896_d895
843,896,layout_pi897_d896
844,897,layout_pi898_d897
845,898,layout_pi899_d898
846,899,layout_pi900_d899
847,900,layout_pi901_d900
848,901,layout_pi902_d901
849,902,layout_pi903_d902
850,903,layout_pi904_d903
851,904,layout_pi905_d904
852,905,layout_pi906_d905
853,906,layout_pi907_d906
854,907,layout_pi908_d907
855,908,layout_pi909_d908
856,909,layout_pi910_d909
857,910,layout_pi911_d910
858,911,layout_pi912_d911
859,912,layout_pi913_d912
860,913,layout_pi914_d913
861,914,layout_pi915_d914
862,915,layout_pi916_d915
863,916,layout_pi917_d916
864,917,layout_pi918_d917
865,918,layout_pi919_d918
866,919,layout_pi920_d919
867,920,layout_pi921_d920
868,921,layout_pi922_d921
869,922,layout_pi923_d922
870,923,layout_pi924_d923
871,924,layout_pi925_d924
872,925,layout_pi926_d925
873,926,layout_pi927_d926
874,927,layout_pi928_d927
875,928,layout_pi929_d928
876,929,layout_pi930_d929
877,930,layout_pi931_d930
878,931,layout_pi932_d931
879,932,layout_pi933_d932
880,933,layout_pi934_d933
881,934,layout_pi935_d934
882,935,layout_pi936_d935
883,936,layout_pi937_d936
884,937,layout_pi938_d937
885,938,layout_pi939_d938
886,939,layout_pi940_d939
887,940,layout_pi941_d940
888,941,layout_pi942_d941
889,942,layout_pi943_d942
890,943,layout_pi944_d943
891,944,layout_pi945_d944
892,945,layout_pi946_d945
893,946,layout_pi947_d946
894,947,layout_pi948_d947
895,948,layout_pi949_d948
896,949,layout_pi950_d949
897,950,layout_pi951_d950
898,951,layout_pi952_d951
899,952,layout_pi953_d952
900,953,layout_pi954_d953
901,954,layout_pi955_d954
902,955,layout_pi956_d955
903,956,layout_pi957_d956
904,957,layout_pi958_d957
905,958,layout_pi959_d958
906,959,layout_pi960_d959
907,960,layout_pi961_d960
908,961,layout_pi962_d961
909,962,layout_pi963_d962
910,963,layout_pi964_d963
911,964,layout_pi965_d964
912,965,layout_pi966_d965
913,966,layout_pi967_d966
914,967,layout_pi968_d967
915,968,layout_pi969_d968
916,969,layout_pi970_d969
917,970,layout_pi971_d970
918,971,layout_pi972_d971
919,972,layout_pi973_d972
920,973,layout_pi974_d973
921,974,layout_pi975_d974
922,975,layout_pi976_d975
923,976,layout_pi977_d976
924,977,layout_pi978_d977
925,978,layout_pi979_d978
926,979,layout_pi980_d979
927,980,layout_pi981_d980
928,981,layout_pi982_d981
929,982,layout_pi983_d982
930,983,layout_pi984_d983
931,984,layout_pi985_d984
932,985,layout_pi986_d985
933,986,layout_pi987_d986
934,987,layout_pi988_d987
935,988,layout_pi989_d988
936,989,layout_pi990_d989
937,990,layout_pi991_d990
938,991,layout_pi992_d991
939,992,layout_pi993_d992
940,993,layout_pi994_d993
941,994,layout_pi995_d994
942,995,layout_pi996_d995
943,996,layout_pi997_d996
944,997,layout_pi998_d997
945,998,layout_pi999_d998
946,999,layout_pi1000_d999
947,1000,layout_pi1001_d1000
948,1001,layout_pi1002_d1001
949,1002,layout_pi1003_d1002
950,1003,layout_pi1004_d1003
951,1004,layout_pi1005_d1004
952,1005,layout_pi1006_d1005
953,1006,layout_pi1007_d1006
954,1007,layout_pi1008_d1007
955,1008,layout_pi1009_d1008
956,1009,layout_pi1010_d1009
957,1010,layout_pi1011_d1010
958,1011,layout_pi1012_d1011
959,1012,layout_pi1013_d1012
960,1013,layout_pi1014_d1013
961,1014,layout_pi1015_d1014
962,1015,layout_pi1016_d1015
963,1016,layout_pi1017_d1016
964,1017,layout_pi1018_d1017
965,1018,layout_pi1019_d1018
966,1019,layout_pi1020_d1019
967,1020,layout_pi1021_d1020
968,1021,layout_pi1022_d1021
969,1022,layout_pi1023_d1022
970,1023,layout_pi1024_d1023
971,1024,layout_pi1025_d1024
972,1025,layout_pi1026_d1025
973,1026,layout_pi1027_d1026
974,1027,layout_pi1028_d1027
975,1028,layout_pi1029_d1028
976,1029,layout_pi1030_d1029
977,1030,layout_pi1031_d1030
978,1031,layout_pi1032_d1031
979,1032,layout_pi1033_d1032
980,1033,layout_pi1034_d1033
981,1034,layout_pi1035_d1034
982,1035,layout_pi1036_d1035
983,1036,layout_pi1037_d1036
984,1037,layout_pi1038_d1037
985,1038,layout_pi1039_d1038
986,1039,layout_pi1040_d1039
987,1040,layout_pi1041_d1040
988,1041,layout_pi1042_d1041
989,1042,layout_pi1043_d1042
990,1043,layout_pi1044_d1043
991,1044,layout_pi1045_d1044
992,1045,layout_pi1046_d1045
993,1046,layout_pi1047_d1046
994,1047,layout_pi1048_d1047
995,1048,layout_pi1049_d1048
996,1049,layout_pi1050_d1049
997,1050,layout_pi1051_d1050
998,1051,layout_pi1052_d1051
999,1052,layout_pi1053_d1052
1000,1053,layout_pi1054_d1053
1001,1054,layout_pi1055_d1054
1002,1055,layout_pi1056_d1055
1003,1056,layout_pi1057_d1056
1004,1057,layout_pi1058_d1057
1005,1058,layout_pi1059_d1058
1006,1059,layout_pi1060_d1059
1007,1060,layout_pi1061_d1060
1008,1061,layout_pi1062_d1061
1009,1062,layout_pi1063_d1062
1010,1063,layout_pi1064_d1063
1011,1064,layout_pi1065_d1064
1012,1065,layout_pi1066_d1065
1013,1066,layout_pi1067_d1066
1014,1067,layout_pi1068_d1067
1015,1068,layout_pi1069_d1068
1016,1069,layout_pi1070_d1069
1017,1070,layout_pi1071_d1070
1018,1071,layout_pi1072_d1071
1019,1072,layout_pi1073_d1072
1020,1073,layout_pi1074_d1073
1021,1074,layout_pi1075_d1074
1022,1075,layout_pi1076_d1075
1023,1076,layout_pi1077_d1076
1024,1077,layout_pi1078_d1077
1025,1078,layout_pi1079_d1078
1026,1079,layout_pi1080_d1079
1027,1080,layout_pi1081_d1080
1028,1081,layout_pi1082_d1081
1029,1082,layout_pi1083_d1082
1030,1083,layout_pi1084_d1083
1031,1084,layout_pi1085_d1084
1032,1085,layout_pi1086_d1085
1033,1087,layout_pi1088_d1087
1034,1088,layout_pi1089_d1088
1035,1089,layout_pi1090_d1089
1036,1090,layout_pi1091_d1090
1037,1091,layout_pi1092_d1091
1038,1092,layout_pi1093_d1092
1039,1093,layout_pi1094_d1093
1040,1094,layout_pi1095_d1094
1041,1095,layout_pi1096_d1095
1042,1096,layout_pi1097_d1096
1043,1097,layout_pi1098_d1097
1044,1098,layout_pi1099_d1098
1045,1099,layout_pi1100_d1099
1046,1100,layout_pi1101_d1100
1047,1101,layout_pi1102_d1101
1048,1103,layout_pi1104_d1103
1049,1104,layout_pi1105_d1104
1050,1105,layout_pi1106_d1105
1051,1106,layout_pi1107_d1106
1052,1107,layout_pi1108_d1107
1053,1108,layout_pi1109_d1108
1054,1109,layout_pi1110_d1109
1055,1110,layout_pi1111_d1110
1056,1111,layout_pi1112_d1111
1057,1112,layout_pi1113_d1112
1058,1113,layout_pi1114_d1113
1059,1114,layout_pi1115_d1114
1060,1115,layout_pi1116_d1115
1061,1116,layout_pi1117_d1116
1062,1117,layout_pi1118_d1117
1063,1118,layout_pi1119_d1118
1064,1119,layout_pi1120_d1119
1065,1120,layout_pi1121_d1120
1066,1121,layout_pi1122_d1121
1067,1122,layout_pi1123_d1122
1068,1123,layout_pi1124_d1123
1069,1124,layout_pi1125_d1124
1070,1125,layout_pi1126_d1125
1071,1126,layout_pi1127_d1126
1072,1127,layout_pi1128_d1127
1073,1128,layout_pi1129_d1128
1074,1129,layout_pi1130_d1129
1075,1130,layout_pi1131_d1130
1076,1131,layout_pi1132_d1131
1077,1132,layout_pi1133_d1132
1078,1133,layout_pi1134_d1133
1079,1134,layout_pi1135_d1134
1080,1135,layout_pi1136_d1135
1081,1136,layout_pi1137_d1136
1082,1137,layout_pi1138_d1137
1083,1139,layout_pi1140_d1139
1084,1140,layout_pi1141_d1140
1085,1141,layout_pi1142_d1141
1086,1142,layout_pi1143_d1142
1087,1143,layout_pi1144_d1143
1088,1144,layout_pi1145_d1144
1089,1145,layout_pi1146_d1145
1090,1146,layout_pi1147_d1146
1091,1147,layout_pi1148_d1147
1092,1148,layout_pi1149_d1148
1093,1149,layout_pi1150_d1149
1094,1150,layout_pi1151_d1150
1095,1151,layout_pi1152_d1151
1096,1152,layout_pi1153_d1152
1097,1153,layout_pi1154_d1153
1098,1154,layout_pi1155_d1154
1099,1155,layout_pi1156_d1155
1100,1156,layout_pi1157_d1156
1101,1157,layout_pi1158_d1157
1102,1158,layout_pi1159_d1158
1103,1159,layout_pi1160_d1159
1104,1160,layout_pi1161_d1160
1105,1161,layout_pi1162_d1161
1106,1162,layout_pi1163_d1162
1107,1163,layout_pi1164_d1163
1108,1164,layout_pi1165_d1164
1109,1165,layout_pi1166_d1165
1110,1166,layout_pi1167_d1166
1111,1167,layout_pi1168_d1167
1112,1168,layout_pi1169_d1168
1113,1169,layout_pi1170_d1169
1114,1170,layout_pi1171_d1170
1115,1171,layout_pi1172_d1171
1116,1172,layout_pi1173_d1172
1117,1173,layout_pi1174_d1173
1118,1174,layout_pi1175_d1174
1119,1175,layout_pi1176_d1175
1120,1176,layout_pi1177_d1176
1121,1177,layout_pi1178_d1177
1122,1178,layout_pi1179_d1178
1123,1179,layout_pi1180_d1179
1124,1180,layout_pi1181_d1180
1125,1181,layout_pi1182_d1181
1126,1182,layout_pi1183_d1182
1127,1183,layout_pi1184_d1183
1128,1184,layout_pi1185_d1184
1129,1185,layout_pi1186_d1185
1130,1186,layout_pi1187_d1186
1131,1187,layout_pi1188_d1187
1132,1188,layout_pi1189_d1188
1133,1189,layout_pi1190_d1189
1134,1190,layout_pi1191_d1190
1135,1191,layout_pi1192_d1191
1136,1192,layout_pi1193_d1192
1137,1193,layout_pi1194_d1193
1138,1194,layout_pi1195_d1194
1139,1195,layout_pi1196_d1195
1140,1196,layout_pi1197_d1196
1141,1197,layout_pi1198_d1197
1142,1198,layout_pi1199_d1198
1143,1199,layout_pi1200_d1199
1144,1200,layout_pi1201_d1200
1145,1201,layout_pi1202_d1201
1146,1202,layout_pi1203_d1202
1147,1203,layout_pi1204_d1203
1148,1204,layout_pi1205_d1204
1149,1205,layout_pi1206_d1205
1150,1206,layout_pi1207_d1206
1151,1207,layout_pi1208_d1207
1152,1208,layout_pi1209_d1208
1153,1209,layout_pi1210_d1209
1154,1210,layout_pi1211_d1210
1155,1211,layout_pi1212_d1211
1156,1212,layout_pi1213_d1212
1157,1213,layout_pi1214_d1213
1158,1214,layout_pi1215_d1214
1159,1215,layout_pi1216_d1215
1160,1216,layout_pi1217_d1216
1161,1217,layout_pi1218_d1217
1162,1218,layout_pi1219_d1218
1163,1219,layout_pi1220_d1219
1164,1220,layout_pi1221_d1220
1165,1221,layout_pi1222_d1221
1166,1222,layout_pi1223_d1222
1167,1223,layout_pi1224_d1223
1168,1224,layout_pi1225_d1224
1169,1225,layout_pi1226_d1225
1170,1226,layout_pi1227_d1226
1171,1227,layout_pi1228_d1227
1172,1228,layout_pi1229_d1228
1173,1229,layout_pi1230_d1229
1174,1230,layout_pi1231_d1230
1175,1231,layout_pi1232_d1231
1176,1232,layout_pi1233_d1232
1177,1233,layout_pi1234_d1233
1178,1234,layout_pi1235_d1234
1179,1235,layout_pi1236_d1235
1180,1236,layout_pi1237_d1236
1181,1238,layout_pi1239_d1238
1182,1239,layout_pi1240_d1239
1183,1240,layout_pi1241_d1240
1184,1241,layout_pi1242_d1241
1185,1242,layout_pi1243_d1242
1186,1243,layout_pi1244_d1243
1187,1244,layout_pi1245_d1244
1188,1245,layout_pi1246_d1245
1189,1246,layout_pi1247_d1246
1190,1247,layout_pi1248_d1247
1191,1248,layout_pi1249_d1248
1192,1249,layout_pi1250_d1249
1193,1250,layout_pi1251_d1250
1194,1251,layout_pi1252_d1251
1195,1252,layout_pi1253_d1252
1196,1253,layout_pi1254_d1253
1197,1254,layout_pi1255_d1254
1198,1255,layout_pi1256_d1255
1199,1256,layout_pi1257_d1256
1200,1257,layout_pi1258_d1257
1201,1258,layout_pi1259_d1258
1202,1259,layout_pi1260_d1259
1203,1260,layout_pi1261_d1260
1204,1261,layout_pi1262_d1261
1205,1262,layout_pi1263_d1262
1206,1263,layout_pi1264_d1263
1207,1264,layout_pi1265_d1264
1208,1265,layout_pi1266_d1265
1209,1266,layout_pi1267_d1266
1210,1267,layout_pi1268_d1267
1211,1268,layout_pi1269_d1268
1212,1269,layout_pi1270_d1269
1213,1270,layout_pi1271_d1270
1214,1271,layout_pi1272_d1271
1215,1272,layout_pi1273_d1272
1216,1273,layout_pi1274_d1273
1217,1274,layout_pi1275_d1274
1218,1275,layout_pi1276_d1275
1219,1276,layout_pi1277_d1276
1220,1277,layout_pi1278_d1277
1221,1278,layout_pi1279_d1278
1222,1279,layout_pi1280_d1279
1223,1280,layout_pi1281_d1280
1224,1281,layout_pi1282_d1281
1225,1282,layout_pi1283_d1282
1226,1283,layout_pi1284_d1283
1227,1284,layout_pi1285_d1284
1228,1285,layout_pi1286_d1285
1229,1286,layout_pi1287_d1286
1230,1287,layout_pi1288_d1287
1231,1288,layout_pi1289_d1288
1232,1289,layout_pi1290_d1289
1233,1290,layout_pi1291_d1290
1234,1291,layout_pi1292_d1291
1235,1292,layout_pi1293_d1292
1236,1293,layout_pi1294_d1293
1237,1294,layout_pi1295_d1294
1238,1295,layout_pi1296_d1295
1239,1296,layout_pi1297_d1296
1240,1297,layout_pi1298_d1297
1241,1298,layout_pi1299_d1298
1242,1299,layout_pi1300_d1299
1243,1300,layout_pi1301_d1300
1244,1301,layout_pi1302_d1301
1245,1302,layout_pi1303_d1302
1246,1303,layout_pi1304_d1303
1247,1304,layout_pi1305_d1304
1248,1305,layout_pi1306_d1305
1249,1306,layout_pi1307_d1306
1250,1307,layout_pi1308_d1307
1251,1308,layout_pi1309_d1308
1252,1309,layout_pi1310_d1309
1253,1310,layout_pi1311_d1310
1254,1311,layout_pi1312_d1311
1255,1312,layout_pi1313_d1312
1256,1313,layout_pi1314_d1313
1257,1314,layout_pi1315_d1314
1258,1315,layout_pi1316_d1315
1259,1316,layout_pi1317_d1316
1260,1317,layout_pi1318_d1317
1261,1318,layout_pi1319_d1318
1262,1319,layout_pi1320_d1319
1263,1320,layout_pi1321_d1320
1264,1321,layout_pi1322_d1321
1265,1322,layout_pi1323_d1322
1266,1323,layout_pi1324_d1323
1267,1324,layout_pi1325_d1324
1268,1325,layout_pi1326_d1325
1269,1326,layout_pi1327_d1326
1270,1327,layout_pi1328_d1327
1271,1328,layout_pi1329_d1328
1272,1329,layout_pi1330_d1329
1273,1330,layout_pi1331_d1330
1274,1331,layout_pi1332_d1331
1275,1332,layout_pi1333_d1332
1276,1333,layout_pi1334_d1333
1277,1334,layout_pi1335_d1334
1278,1335,layout_pi1336_d1335
1279,1336,layout_pi1337_d1336
1280,1337,layout_pi1338_d1337
1281,1338,layout_pi1339_d1338
1282,1339,layout_pi1340_d1339
1283,1340,layout_pi1341_d1340
1284,1341,layout_pi1342_d1341
1285,1342,layout_pi1343_d1342
1286,1343,layout_pi1344_d1343
1287,1344,layout_pi1345_d1344
1288,1345,layout_pi1346_d1345
1289,1346,layout_pi1347_d1346
1290,1347,layout_pi1348_d1347
1291,1348,layout_pi1349_d1348
1292,1349,layout_pi1350_d1349
1293,1350,layout_pi1351_d1350
1294,1351,layout_pi1352_d1351
1295,1352,layout_pi1353_d1352
1296,1353,layout_pi1354_d1353
1297,1354,layout_pi1355_d1354
1298,1355,layout_pi1356_d1355
1299,1356,layout_pi1357_d1356
1300,1357,layout_pi1358_d1357
1301,1358,layout_pi1359_d1358
1302,1359,layout_pi1360_d1359
1303,1360,layout_pi1361_d1360
1304,1361,layout_pi1362_d1361
1305,1362,layout_pi1363_d1362
1306,1363,layout_pi1364_d1363
1307,1364,layout_pi1365_d1364
1308,1365,layout_pi1366_d1365
1309,1366,layout_pi1367_d1366
1310,1367,layout_pi1368_d1367
1311,1368,layout_pi1369_d1368
1312,1369,layout_pi1370_d1369
1313,1370,layout_pi1371_d1370
1314,1371,layout_pi1372_d1371
1315,1372,layout_pi1373_d1372
1316,1373,layout_pi1374_d1373
1317,1374,layout_pi1375_d1374
1318,1375,layout_pi1376_d1375
1319,1376,layout_pi1377_d1376
1320,1377,layout_pi1378_d1377
1321,1378,layout_pi1379_d1378
1322,1379,layout_pi1380_d1379
1323,1380,layout_pi1381_d1380
1324,1381,layout_pi1382_d1381
1325,1382,layout_pi1383_d1382
1326,1383,layout_pi1384_d1383
1327,1384,layout_pi1385_d1384
1328,1385,layout_pi1386_d1385
1329,1386,layout_pi1387_d1386
1330,1387,layout_pi1388_d1387
1331,1388,layout_pi1389_d1388
1332,1390,layout_pi1391_d1390
1333,1391,layout_pi1392_d1391
1334,1392,layout_pi1393_d1392
1335,1393,layout_pi1394_d1393
1336,1394,layout_pi1395_d1394
1337,1395,layout_pi1396_d1395
1338,1396,layout_pi1397_d1396
1339,1397,layout_pi1398_d1397
1340,1398,layout_pi1399_d1398
1341,1399,layout_pi1400_d1399
1342,1400,layout_pi1401_d1400
1343,1401,layout_pi1402_d1401
1344,1402,layout_pi1403_d1402
1345,1404,layout_pi1405_d1404
1346,1405,layout_pi1406_d1405
1347,1406,layout_pi1407_d1406
1348,1408,layout_pi1409_d1408
1349,1409,layout_pi1410_d1409
1350,1410,layout_pi1411_d1410
1351,1411,layout_pi1412_d1411
1352,1412,layout_pi1413_d1412
1353,1413,layout_pi1414_d1413
1354,1414,layout_pi1415_d1414
1355,1415,layout_pi1416_d1415
1356,1416,layout_pi1417_d1416
1357,1417,layout_pi1418_d1417
1358,1418,layout_pi1419_d1418
1359,1419,layout_pi1420_d1419
1360,1420,layout_pi1421_d1420
1361,1421,layout_pi1422_d1421
1362,1422,layout_pi1423_d1422
1363,1423,layout_pi1424_d1423
1364,1424,layout_pi1425_d1424
1365,1425,layout_pi1426_d1425
1366,1426,layout_pi1427_d1426
1367,1427,layout_pi1428_d1427
1368,1428,layout_pi1429_d1428
1369,1429,layout_pi1430_d1429
1370,1430,layout_pi1431_d1430
1371,1431,layout_pi1432_d1431
1372,1432,layout_pi1433_d1432
1373,1433,layout_pi1434_d1433
1374,1434,layout_pi1435_d1434
1375,1435,layout_pi1436_d1435
1376,1436,layout_pi1437_d1436
1377,1437,layout_pi1438_d1437
1378,1438,layout_pi1439_d1438
1379,1439,layout_pi1440_d1439
1380,1440,layout_pi1441_d1440
1381,1441,layout_pi1442_d1441
1382,1442,layout_pi1443_d1442
1383,1443,layout_pi1444_d1443
1384,1444,layout_pi1445_d1444
1385,1445,layout_pi1446_d1445
1386,1446,layout_pi1447_d1446
1387,1447,layout_pi1448_d1447
1388,1448,layout_pi1449_d1448
1389,1449,layout_pi1450_d1449
1390,1450,layout_pi1451_d1450
1391,1451,layout_pi1452_d1451
1392,1452,layout_pi1453_d1452
1393,1453,layout_pi1454_d1453
1394,1454,layout_pi1455_d1454
1395,1455,layout_pi1456_d1455
1396,1456,layout_pi1457_d1456
1397,1457,layout_pi1458_d1457
1398,1458,layout_pi1459_d1458
1399,1459,layout_pi1460_d1459
1400,1460,layout_pi1461_d1460
1401,1461,layout_pi1462_d1461
1402,1462,layout_pi1463_d1462
1403,1463,layout_pi1464_d1463
1404,1464,layout_pi1465_d1464
1405,1465,layout_pi1466_d1465
1406,1466,layout_pi1467_d1466
1407,1467,layout_pi1468_d1467
1408,1468,layout_pi1469_d1468
1409,1469,layout_pi1470_d1469
1410,1470,layout_pi1471_d1470
1411,1472,layout_pi1473_d1472
1412,1473,layout_pi1474_d1473
1413,1474,layout_pi1475_d1474
1414,1475,layout_pi1476_d1475
1415,1476,layout_pi1477_d1476
1416,1477,layout_pi1478_d1477
1417,1478,layout_pi1479_d1478
1418,1479,layout_pi1480_d1479
1419,1480,layout_pi1481_d1480
1420,1481,layout_pi1482_d1481
1421,1482,layout_pi1483_d1482
1422,1483,layout_pi1484_d1483
1423,1484,layout_pi1485_d1484
1424,1485,layout_pi1486_d1485
1425,1486,layout_pi1487_d1486
1426,1487,layout_pi1488_d1487
1427,1488,layout_pi1489_d1488
1428,1489,layout_pi1490_d1489
1429,1490,layout_pi1491_d1490
1430,1491,layout_pi1492_d1491
1431,1492,layout_pi1493_d1492
1432,1493,layout_pi1494_d1493
1433,1494,layout_pi1495_d1494
1434,1495,layout_pi1496_d1495
1435,1496,layout_pi1497_d1496
1436,1497,layout_pi1498_d1497
1437,1498,layout_pi1499_d1498
1438,1499,layout_pi1500_d1499
1439,1500,layout_pi1501_d1500
1440,1501,layout_pi1502_d1501
1441,1502,layout_pi1503_d1502
1442,1504,layout_pi1505_d1504
1443,1505,layout_pi1506_d1505
1444,1506,layout_pi1507_d1506
1445,1507,layout_pi1508_d1507
1446,1508,layout_pi1509_d1508
1447,1509,layout_pi1510_d1509
1448,1510,layout_pi1511_d1510
1449,1511,layout_pi1512_d1511
1450,1512,layout_pi1513_d1512
1451,1513,layout_pi1514_d1513
1452,1514,layout_pi1515_d1514
1453,1515,layout_pi1516_d1515
1454,1516,layout_pi1517_d1516
1455,1517,layout_pi1518_d1517
1456,1518,layout_pi1519_d1518
1457,1519,layout_pi1520_d1519
1458,1521,layout_pi1522_d1521
1459,1522,layout_pi1523_d1522
1460,1523,layout_pi1524_d1523
1461,1524,layout_pi1525_d1524
1462,1525,layout_pi1526_d1525
1463,1526,layout_pi1527_d1526
1464,1527,layout_pi1528_d1527
1465,1528,layout_pi1529_d1528
1466,1530,layout_pi1531_d1530
1467,1531,layout_pi1532_d1531
1468,1532,layout_pi1533_d1532
1469,1533,layout_pi1534_d1533
1470,1534,layout_pi1535_d1534
1471,1535,layout_pi1536_d1535
1472,1537,layout_pi1538_d1537
1473,1538,layout_pi1539_d1538
1474,1539,layout_pi1540_d1539
1475,1540,layout_pi1541_d1540
1476,1541,layout_pi1542_d1541
1477,1542,layout_pi1543_d1542
1478,1543,layout_pi1544_d1543
1479,1544,layout_pi1545_d1544
1480,1545,layout_pi1546_d1545
1481,1546,layout_pi1547_d1546
1482,1547,layout_pi1548_d1547
1483,1548,layout_pi1549_d1548
1484,1549,layout_pi1550_d1549
1485,1550,layout_pi1551_d1550
1486,1551,layout_pi1552_d1551
1487,1552,layout_pi1553_d1552
1488,1553,layout_pi1554_d1553
1489,1555,layout_pi1556_d1555
1490,1556,layout_pi1557_d1556
1491,1557,layout_pi1558_d1557
1492,1558,layout_pi1559_d1558
1493,1559,layout_pi1560_d1559
1494,1561,layout_pi1562_d1561
1495,1562,layout_pi1563_d1562
1496,1563,layout_pi1564_d1563
1497,1564,layout_pi1565_d1564
1498,1565,layout_pi1566_d1565
1499,1566,layout_pi1567_d1566
1500,1567,layout_pi1568_d1567
1501,1568,layout_pi1569_d1568
1502,1569,layout_pi1570_d1569
1503,1570,layout_pi1571_d1570
1504,1571,layout_pi1572_d1571
1505,1572,layout_pi1573_d1572
1506,1573,layout_pi1574_d1573
1507,1574,layout_pi1575_d1574
1508,1575,layout_pi1576_d1575
1509,1577,layout_pi1578_d1577
1510,1578,layout_pi1579_d1578
1511,1579,layout_pi1580_d1579
1512,1580,layout_pi1581_d1580
1513,1581,layout_pi1582_d1581
1514,1582,layout_pi1583_d1582
1515,1583,layout_pi1584_d1583
1516,1584,layout_pi1585_d1584
1517,1585,layout_pi1586_d1585
1518,1586,layout_pi1587_d1586
1519,1587,layout_pi1588_d1587
1520,1588,layout_pi1589_d1588
1521,1589,layout_pi1590_d1589
1522,1590,layout_pi1591_d1590
1523,1591,layout_pi1592_d1591
1524,1592,layout_pi1593_d1592
1525,1593,layout_pi1594_d1593
1526,1594,layout_pi1595_d1594
1527,1595,layout_pi1596_d1595
1528,1596,layout_pi1597_d1596
1529,1597,layout_pi1598_d1597
1530,1598,layout_pi1599_d1598
1531,1599,layout_pi1600_d1599
1532,1600,layout_pi1601_d1600
1533,1601,layout_pi1602_d1601
1534,1602,layout_pi1603_d1602
1535,1603,layout_pi1604_d1603
1536,1604,layout_pi1605_d1604
1537,1605,layout_pi1606_d1605
1538,1606,layout_pi1607_d1606
1539,1608,layout_pi1609_d1608
1540,1609,layout_pi1610_d1609
1541,1610,layout_pi1611_d1610
1542,1611,layout_pi1612_d1611
1543,1612,layout_pi1613_d1612
1544,1613,layout_pi1614_d1613
1545,1614,layout_pi1615_d1614
1546,1615,layout_pi1616_d1615
1547,1616,layout_pi1617_d1616
1548,1617,layout_pi1618_d1617
1549,1618,layout_pi1619_d1618
1550,1619,layout_pi1620_d1619
1551,1620,layout_pi1621_d1620
1552,1621,layout_pi1622_d1621
1553,1622,layout_pi1623_d1622
1554,1623,layout_pi1624_d1623
1555,1624,layout_pi1625_d1624
1556,1625,layout_pi1626_d1625
1557,1626,layout_pi1627_d1626
1558,1627,layout_pi1628_d1627
1559,1628,layout_pi1629_d1628
1560,1629,layout_pi1630_d1629
1561,1630,layout_pi1631_d1630
1562,1631,layout_pi1632_d1631
1563,1632,layout_pi1633_d1632
1564,1633,layout_pi1634_d1633
1565,1634,layout_pi1635_d1634
1566,1635,layout_pi1636_d1635
1567,1636,layout_pi1637_d1636
1568,1637,layout_pi1638_d1637
1569,1638,layout_pi1639_d1638
1570,1639,layout_pi1640_d1639
1571,1640,layout_pi1641_d1640
1572,1641,layout_pi1642_d1641
1573,1642,layout_pi1643_d1642
1574,1643,layout_pi1644_d1643
1575,1644,layout_pi1645_d1644
1576,1645,layout_pi1646_d1645
1577,1646,layout_pi1647_d1646
1578,1647,layout_pi1648_d1647
1579,1648,layout_pi1649_d1648
1580,1649,layout_pi1650_d1649
1581,1650,layout_pi1651_d1650
1582,1651,layout_pi1652_d1651
1583,1652,layout_pi1653_d1652
1584,1653,layout_pi1654_d1653
1585,1654,layout_pi1655_d1654
1586,1655,layout_pi1656_d1655
1587,1656,layout_pi1657_d1656
1588,1657,layout_pi1658_d1657
1589,1658,layout_pi1659_d1658
1590,1659,layout_pi1660_d1659
1591,1660,layout_pi1661_d1660
1592,1661,layout_pi1662_d1661
1593,1662,layout_pi1663_d1662
1594,1663,layout_pi1664_d1663
1595,1664,layout_pi1665_d1664
1596,1665,layout_pi1666_d1665
1597,1666,layout_pi1667_d1666
1598,1669,layout_pi1670_d1669
1599,1670,layout_pi1671_d1670
1600,1671,layout_pi1672_d1671
1601,1672,layout_pi1673_d1672
1602,1673,layout_pi1674_d1673
1603,1674,layout_pi1675_d1674
1604,1676,layout_pi1677_d1676
1605,1677,layout_pi1678_d1677
1606,1678,layout_pi1679_d1678
1607,1679,layout_pi1680_d1679
1608,1680,layout_pi1681_d1680
1609,1681,layout_pi1682_d1681
1610,1682,layout_pi1683_d1682
1611,1683,layout_pi1684_d1683
1612,1684,layout_pi1685_d1684
1613,1685,layout_pi1686_d1685
1614,1686,layout_pi1687_d1686
1615,1687,layout_pi1688_d1687
1616,1688,layout_pi1689_d1688
1617,1689,layout_pi1690_d1689
1618,1690,layout_pi1691_d1690
1619,1691,layout_pi1692_d1691
1620,1692,layout_pi1693_d1692
1621,1693,layout_pi1694_d1693
1622,1694,layout_pi1695_d1694
1623,1695,layout_pi1696_d1695
1624,1696,layout_pi1697_d1696
1625,1697,layout_pi1698_d1697
1626,1698,layout_pi1699_d1698
1627,1699,layout_pi1700_d1699
1628,1700,layout_pi1701_d1700
1629,1701,layout_pi1702_d1701
1630,1702,layout_pi1703_d1702
1631,1703,layout_pi1704_d1703
1632,1704,layout_pi1705_d1704
1633,1705,layout_pi1706_d1705
1634,1706,layout_pi1707_d1706
1635,1707,layout_pi1708_d1707
1636,1708,layout_pi1709_d1708
1637,1709,layout_pi1710_d1709
1638,1710,layout_pi1711_d1710
1639,1711,layout_pi1712_d1711
1640,1712,layout_pi1713_d1712
1641,1713,layout_pi1714_d1713
1642,1714,layout_pi1715_d1714
1643,1715,layout_pi1716_d1715
1644,1716,layout_pi1717_d1716
1645,1717,layout_pi1718_d1717
1646,1718,layout_pi1719_d1718
1647,1719,layout_pi1720_d1719
1648,1720,layout_pi1721_d1720
1649,1721,layout_pi1722_d1721
1650,1722,layout_pi1723_d1722
1651,1723,layout_pi1724_d1723
1652,1724,layout_pi1725_d1724
1653,1725,layout_pi1726_d1725
1654,1726,layout_pi1727_d1726
1655,1727,layout_pi1728_d1727
1656,1728,layout_pi1729_d1728
1657,1729,layout_pi1730_d1729
1658,1730,layout_pi1731_d1730
1659,1731,layout_pi1732_d1731
1660,1732,layout_pi1733_d1732
1661,1733,layout_pi1734_d1733
1662,1734,layout_pi1735_d1734
1663,1736,layout_pi1737_d1736
1664,1737,layout_pi1738_d1737
1665,1738,layout_pi1739_d1738
1666,1739,layout_pi1740_d1739
1667,1740,layout_pi1741_d1740
1668,1741,layout_pi1742_d1741
1669,1742,layout_pi1743_d1742
1670,1743,layout_pi1744_d1743
1671,1744,layout_pi1745_d1744
1672,1745,layout_pi1746_d1745
1673,1746,layout_pi1747_d1746
1674,1747,layout_pi1748_d1747
1675,1748,layout_pi1749_d1748
1676,1749,layout_pi1750_d1749
1677,1750,layout_pi1751_d1750
1678,1751,layout_pi1752_d1751
1679,1752,layout_pi1753_d1752
1680,1753,layout_pi1754_d1753
1681,1754,layout_pi1755_d1754
1682,1755,layout_pi1756_d1755
1683,1756,layout_pi1757_d1756
1684,1757,layout_pi1758_d1757
1685,1758,layout_pi1759_d1758
1686,1759,layout_pi1760_d1759
1687,1760,layout_pi1761_d1760
1688,1761,layout_pi1762_d1761
1689,1762,layout_pi1763_d1762
1690,1763,layout_pi1764_d1763
1691,1764,layout_pi1765_d1764
1692,1765,layout_pi1766_d1765
1693,1766,layout_pi1767_d1766
1694,1767,layout_pi1768_d1767
1695,1768,layout_pi1769_d1768
1696,1769,layout_pi1770_d1769
1697,1770,layout_pi1771_d1770
1698,1771,layout_pi1772_d1771
1699,1772,layout_pi1773_d1772
1700,1773,layout_pi1774_d1773
1701,1774,layout_pi1775_d1774
1702,1775,layout_pi1776_d1775
1703,1776,layout_pi1777_d1776
1704,1777,layout_pi1778_d1777
1705,1778,layout_pi1779_d1778
1706,1779,layout_pi1780_d1779
1707,1780,layout_pi1781_d1780
1708,1781,layout_pi1782_d1781
1709,1782,layout_pi1783_d1782
1710,1783,layout_pi1784_d1783
1711,1784,layout_pi1785_d1784
1712,1786,layout_pi1787_d1786
1713,1787,layout_pi1788_d1787
1714,1788,layout_pi1789_d1788
1715,1789,layout_pi1790_d1789
1716,1790,layout_pi1791_d1790
1717,1791,layout_pi1792_d1791
1718,1792,layout_pi1793_d1792
1719,1793,layout_pi1794_d1793
1720,1794,layout_pi1795_d1794
1721,1795,layout_pi1796_d1795
1722,1796,layout_pi1797_d1796
1723,1797,layout_pi1798_d1797
1724,1798,layout_pi1799_d1798
1725,1799,layout_pi1800_d1799
1726,1800,layout_pi1801_d1800
1727,1801,layout_pi1802_d1801
1728,1802,layout_pi1803_d1802
1729,1804,layout_pi1805_d1804
1730,1805,layout_pi1806_d1805
1731,1806,layout_pi1807_d1806
1732,1807,layout_pi1808_d1807
1733,1808,layout_pi1809_d1808
1734,1809,layout_pi1810_d1809
1735,1810,layout_pi1811_d1810
1736,1811,layout_pi1812_d1811
1737,1812,layout_pi1813_d1812
1738,1814,layout_pi1815_d1814
1739,1815,layout_pi1816_d1815
1740,1816,layout_pi1817_d1816
1741,1817,layout_pi1818_d1817
1742,1818,layout_pi1819_d1818
1743,1819,layout_pi1820_d1819
1744,1820,layout_pi1821_d1820
1745,1821,layout_pi1822_d1821
1746,1822,layout_pi1823_d1822
1747,1823,layout_pi1824_d1823
1748,1824,layout_pi1825_d1824
1749,1825,layout_pi1826_d1825
1750,1826,layout_pi1827_d1826
1751,1827,layout_pi1828_d1827
1752,1828,layout_pi1829_d1828
1753,1830,layout_pi1831_d1830
1754,1831,layout_pi1832_d1831
1755,1832,layout_pi1833_d1832
1756,1833,layout_pi1834_d1833
1757,1834,layout_pi1835_d1834
1758,1835,layout_pi1836_d1835
1759,1836,layout_pi1837_d1836
1760,1837,layout_pi1838_d1837
1761,1838,layout_pi1839_d1838
1762,1839,layout_pi1840_d1839
1763,1840,layout_pi1841_d1840
1764,1841,layout_pi1842_d1841
1765,1842,layout_pi1843_d1842
1766,1844,layout_pi1845_d1844
1767,1845,layout_pi1846_d1845
1768,1846,layout_pi1847_d1846
1769,1847,layout_pi1848_d1847
1770,1848,layout_pi1849_d1848
1771,1849,layout_pi1850_d1849
1772,1850,layout_pi1851_d1850
1773,1851,layout_pi1852_d1851
1774,1852,layout_pi1853_d1852
1775,1853,layout_pi1854_d1853
1776,1854,layout_pi1855_d1854
1777,1855,layout_pi1856_d1855
1778,1856,layout_pi1857_d1856
1779,1857,layout_pi1858_d1857
1780,1858,layout_pi1859_d1858
1781,1859,layout_pi1860_d1859
1782,1860,layout_pi1861_d1860
1783,1861,layout_pi1862_d1861
1784,1863,layout_pi1864_d1863
1785,1864,layout_pi1865_d1864
1786,1865,layout_pi1866_d1865
1787,1866,layout_pi1867_d1866
1788,1867,layout_pi1868_d1867
1789,1868,layout_pi1869_d1868
1790,1869,layout_pi1870_d1869
1791,1870,layout_pi1871_d1870
1792,1871,layout_pi1872_d1871
1793,1872,layout_pi1873_d1872
1794,1873,layout_pi1874_d1873
1795,1874,layout_pi1875_d1874
1796,1875,layout_pi1876_d1875
1797,1876,layout_pi1877_d1876
1798,1877,layout_pi1878_d1877
1799,1878,layout_pi1879_d1878
1800,1879,layout_pi1880_d1879
1801,1880,layout_pi1881_d1880
1802,1881,layout_pi1882_d1881
1803,1882,layout_pi1883_d1882
1804,1883,layout_pi1884_d1883
1805,1884,layout_pi1885_d1884
1806,1885,layout_pi1886_d1885
1807,1886,layout_pi1887_d1886
1808,1887,layout_pi1888_d1887
1809,1888,layout_pi1889_d1888
1810,1889,layout_pi1890_d1889
1811,1890,layout_pi1891_d1890
1812,1891,layout_pi1892_d1891
1813,1892,layout_pi1893_d1892
1814,1893,layout_pi1894_d1893
1815,1894,layout_pi1895_d1894
1816,1895,layout_pi1896_d1895
1817,1896,layout_pi1897_d1896
1818,1897,layout_pi1898_d1897
1819,1898,layout_pi1899_d1898
1820,1899,layout_pi1900_d1899
1821,1900,layout_pi1901_d1900
1822,1901,layout_pi1902_d1901
1823,1902,layout_pi1903_d1902
1824,1903,layout_pi1904_d1903
1825,1904,layout_pi1905_d1904
1826,1905,layout_pi1906_d1905
1827,1906,layout_pi1907_d1906
1828,1907,layout_pi1908_d1907
1829,1908,layout_pi1909_d1908
1830,1909,layout_pi1910_d1909
1831,1910,layout_pi1911_d1910
1832,1911,layout_pi1912_d1911
1833,1912,layout_pi1913_d1912
1834,1913,layout_pi1914_d1913
1835,1914,layout_pi1915_d1914
1836,1915,layout_pi1916_d1915
1837,1916,layout_pi1917_d1916
1838,1917,layout_pi1918_d1917
1839,1918,layout_pi1919_d1918
1840,1919,layout_pi1920_d1919
1841,1920,layout_pi1921_d1920
1842,1921,layout_pi1922_d1921
1843,1922,layout_pi1923_d1922
1844,1923,layout_pi1924_d1923
1845,1924,layout_pi1925_d1924
1846,1925,layout_pi1926_d1925
1847,1926,layout_pi1927_d1926
1848,1927,layout_pi1928_d1927
1849,1928,layout_pi1929_d1928
1850,1929,layout_pi1930_d1929
1851,1930,layout_pi1931_d1930
1852,1931,layout_pi1932_d1931
1853,1932,layout_pi1933_d1932
1854,1933,layout_pi1934_d1933
1855,1934,layout_pi1935_d1934
1856,1935,layout_pi1936_d1935
1857,1936,layout_pi1937_d1936
1858,1937,layout_pi1938_d1937
1859,1938,layout_pi1939_d1938
1860,1939,layout_pi1940_d1939
1861,1940,layout_pi1941_d1940
1862,1941,layout_pi1942_d1941
1863,1942,layout_pi1943_d1942
1864,1943,layout_pi1944_d1943
1865,1944,layout_pi1945_d1944
1866,1945,layout_pi1946_d1945
1867,1946,layout_pi1947_d1946
1868,1947,layout_pi1948_d1947
1869,1949,layout_pi1950_d1949
1870,1950,layout_pi1951_d1950
1871,1951,layout_pi1952_d1951
1872,1952,layout_pi1953_d1952
1873,1953,layout_pi1954_d1953
1874,1954,layout_pi1955_d1954
1875,1955,layout_pi1956_d1955
1876,1956,layout_pi1957_d1956
1877,1957,layout_pi1958_d1957
1878,1958,layout_pi1959_d1958
1879,1959,layout_pi1960_d1959
1880,1960,layout_pi1961_d1960
1881,1961,layout_pi1962_d1961
1882,1962,layout_pi1963_d1962
1883,1963,layout_pi1964_d1963
1884,1964,layout_pi1965_d1964
1885,1965,layout_pi1966_d1965
1886,1966,layout_pi1967_d1966
1887,1967,layout_pi1968_d1967
1888,1968,layout_pi1969_d1968
1889,1969,layout_pi1970_d1969
1890,1970,layout_pi1971_d1970
1891,1971,layout_pi1972_d1971
1892,1972,layout_pi1973_d1972
1893,1973,layout_pi1974_d1973
1894,1974,layout_pi1975_d1974
1895,1976,layout_pi1977_d1976
1896,1977,layout_pi1978_d1977
1897,1978,layout_pi1979_d1978
1898,1979,layout_pi1980_d1979
1899,1980,layout_pi1981_d1980
1900,1981,layout_pi1982_d1981
1901,1982,layout_pi1983_d1982
1902,1983,layout_pi1984_d1983
1903,1984,layout_pi1985_d1984
1904,1985,layout_pi1986_d1985
1905,1986,layout_pi1987_d1986
1906,1987,layout_pi1988_d1987
1907,1988,layout_pi1989_d1988
1908,1989,layout_pi1990_d1989
1909,1990,layout_pi1991_d1990
1910,1991,layout_pi1992_d1991
1911,1992,layout_pi1993_d1992
1912,1993,layout_pi1994_d1993
1913,1994,layout_pi1995_d1994
1914,1995,layout_pi1996_d1995
1915,1996,layout_pi1997_d1996
1916,1997,layout_pi1998_d1997
1917,1998,layout_pi1999_d1998
1918,1999,layout_pi2000_d1999
1919,2000,layout_pi2001_d2000
1920,2001,layout_pi2002_d2001
1921,2002,layout_pi2003_d2002
1922,2003,layout_pi2004_d2003
1923,2004,layout_pi2005_d2004
1924,2005,layout_pi2006_d2005
1925,2006,layout_pi2007_d2006
1926,2007,layout_pi2008_d2007
1927,2008,layout_pi2009_d2008
1928,2009,layout_pi2010_d2009
1929,2010,layout_pi2011_d2010
1930,2011,layout_pi2012_d2011
1931,2012,layout_pi2013_d2012
1932,2013,layout_pi2014_d2013
1933,2014,layout_pi2015_d2014
1934,2015,layout_pi2016_d2015
1935,2016,layout_pi2017_d2016
1936,2017,layout_pi2018_d2017
1937,2018,layout_pi2019_d2018
1938,2019,layout_pi2020_d2019
1939,2020,layout_pi2021_d2020
1940,2021,layout_pi2022_d2021
1941,2022,layout_pi2023_d2022
1942,2023,layout_pi2024_d2023
1943,2024,layout_pi2025_d2024
1944,2025,layout_pi2026_d2025
1945,2026,layout_pi2027_d2026
1946,2027,layout_pi2028_d2027
1947,2028,layout_pi2029_d2028
1948,2029,layout_pi2030_d2029
1949,2030,layout_pi2031_d2030
1950,2031,layout_pi2032_d2031
1951,2032,layout_pi2033_d2032
1952,2033,layout_pi2034_d2033
1953,2034,layout_pi2035_d2034
1954,2035,layout_pi2036_d2035
1955,2036,layout_pi2037_d2036
1956,2037,layout_pi2038_d2037
1957,2038,layout_pi2039_d2038
1958,2039,layout_pi2040_d2039
1959,2040,layout_pi2041_d2040
1960,2041,layout_pi2042_d2041
1961,2042,layout_pi2043_d2042
1962,2043,layout_pi2044_d2043
1963,2044,layout_pi2045_d2044
1964,2045,layout_pi2046_d2045
1965,2046,layout_pi2047_d2046
1966,2047,layout_pi2048_d2047
1967,2048,layout_pi2049_d2048
1968,2049,layout_pi2050_d2049
1969,2050,layout_pi2051_d2050
1970,2051,layout_pi2052_d2051
1971,2052,layout_pi2053_d2052
1972,2054,layout_pi2055_d2054
1973,2055,layout_pi2056_d2055
1974,2056,layout_pi2057_d2056
1975,2057,layout_pi2058_d2057
1976,2058,layout_pi2059_d2058
1977,2059,layout_pi2060_d2059
1978,2060,layout_pi2061_d2060
1979,2061,layout_pi2062_d2061
1980,2062,layout_pi2063_d2062
1981,2063,layout_pi2064_d2063
1982,2064,layout_pi2065_d2064
1983,2065,layout_pi2066_d2065
1984,2066,layout_pi2067_d2066
1985,2067,layout_pi2068_d2067
1986,2068,layout_pi2069_d2068
1987,2069,layout_pi2070_d2069
1988,2070,layout_pi2071_d2070
1989,2071,layout_pi2072_d2071
1990,2072,layout_pi2073_d2072
1991,2073,layout_pi2074_d2073
1992,2074,layout_pi2075_d2074
1993,2075,layout_pi2076_d2075
1994,2076,layout_pi2077_d2076
1995,2077,layout_pi2078_d2077
1996,2078,layout_pi2079_d2078
1997,2079,layout_pi2080_d2079
1998,2080,layout_pi2081_d2080
1999,2081,layout_pi2082_d2081
2000,2082,layout_pi2083_d2082
2001,2083,layout_pi2084_d2083
2002,2084,layout_pi2085_d2084
2003,2085,layout_pi2086_d2085
2004,2086,layout_pi2087_d2086
2005,2087,layout_pi2088_d2087
2006,2088,layout_pi2089_d2088
2007,2089,layout_pi2090_d2089
2008,2090,layout_pi2091_d2090
2009,2091,layout_pi2092_d2091
2010,2092,layout_pi2093_d2092
2011,2093,layout_pi2094_d2093
2012,2094,layout_pi2095_d2094
2013,2095,layout_pi2096_d2095
2014,2096,layout_pi2097_d2096
2015,2097,layout_pi2098_d2097
2016,2098,layout_pi2099_d2098
2017,2099,layout_pi2100_d2099
2018,2100,layout_pi2101_d2100
2019,2101,layout_pi2102_d2101
2020,2102,layout_pi2103_d2102
2021,2103,layout_pi2104_d2103
2022,2104,layout_pi2105_d2104
2023,2105,layout_pi2106_d2105
2024,2106,layout_pi2107_d2106
2025,2107,layout_pi2108_d2107
2026,2108,layout_pi2109_d2108
2027,2109,layout_pi2110_d2109
2028,2110,layout_pi2111_d2110
2029,2111,layout_pi2112_d2111
2030,2113,layout_pi2114_d2113
2031,2114,layout_pi2115_d2114
2032,2115,layout_pi2116_d2115
2033,2116,layout_pi2117_d2116
2034,2117,layout_pi2118_d2117
2035,2118,layout_pi2119_d2118
2036,2119,layout_pi2120_d2119
2037,2120,layout_pi2121_d2120
2038,2123,layout_pi2124_d2123
2039,2124,layout_pi2125_d2124
2040,2125,layout_pi2126_d2125
2041,2126,layout_pi2127_d2126
2042,2127,layout_pi2128_d2127
2043,2128,layout_pi2129_d2128
2044,2129,layout_pi2130_d2129
2045,2130,layout_pi2131_d2130
2046,2131,layout_pi2132_d2131
2047,2132,layout_pi2133_d2132
2048,2133,layout_pi2134_d2133
2049,2135,layout_pi2136_d2135
2050,2136,layout_pi2137_d2136
2051,2137,layout_pi2138_d2137
2052,2138,layout_pi2139_d2138
2053,2139,layout_pi2140_d2139
2054,2140,layout_pi2141_d2140
2055,2142,layout_pi2143_d2142
2056,2143,layout_pi2144_d2143
2057,2145,layout_pi2146_d2145
2058,2146,layout_pi2147_d2146
2059,2147,layout_pi2148_d2147
2060,2148,layout_pi2149_d2148
2061,2151,layout_pi2152_d2151
2062,2152,layout_pi2153_d2152
2063,2153,layout_pi2154_d2153
2064,2154,layout_pi2155_d2154
2065,2155,layout_pi2156_d2155
2066,2157,layout_pi2158_d2157
2067,2158,layout_pi2159_d2158
2068,2159,layout_pi2160_d2159
2069,2160,layout_pi2161_d2160
2070,2161,layout_pi2162_d2161
2071,2162,layout_pi2163_d2162
2072,2163,layout_pi2164_d2163
2073,2164,layout_pi2165_d2164
2074,2165,layout_pi2166_d2165
2075,2166,layout_pi2167_d2166
2076,2167,layout_pi2168_d2167
2077,2168,layout_pi2169_d2168
2078,2169,layout_pi2170_d2169
2079,2170,layout_pi2171_d2170
2080,2171,layout_pi2172_d2171
2081,2172,layout_pi2173_d2172
2082,2173,layout_pi2174_d2173
2083,2174,layout_pi2175_d2174
2084,2176,layout_pi2177_d2176
2085,2177,layout_pi2178_d2177
2086,2178,layout_pi2179_d2178
2087,2179,layout_pi2180_d2179
2088,2180,layout_pi2181_d2180
2089,2181,layout_pi2182_d2181
2090,2182,layout_pi2183_d2182
2091,2183,layout_pi2184_d2183
2092,2184,layout_pi2185_d2184
2093,2186,layout_pi2187_d2186
2094,2187,layout_pi2188_d2187
2095,2188,layout_pi2189_d2188
2096,2189,layout_pi2190_d2189
2097,2190,layout_pi2191_d2190
2098,2191,layout_pi2192_d2191
2099,2192,layout_pi2193_d2192
2100,2193,layout_pi2194_d2193
2101,2194,layout_pi2195_d2194
2102,2195,layout_pi2196_d2195
2103,2196,layout_pi2197_d2196
2104,2197,layout_pi2198_d2197
2105,2198,layout_pi2199_d2198
2106,2199,layout_pi2200_d2199
2107,2200,layout_pi2201_d2200
2108,2201,layout_pi2202_d2201
2109,2202,layout_pi2203_d2202
2110,2203,layout_pi2204_d2203
2111,2204,layout_pi2205_d2204
2112,2205,layout_pi2206_d2205
2113,2206,layout_pi2207_d2206
2114,2207,layout_pi2208_d2207
2115,2208,layout_pi2209_d2208
2116,2210,layout_pi2211_d2210
2117,2211,layout_pi2212_d2211
2118,2212,layout_pi2213_d2212
2119,2213,layout_pi2214_d2213
2120,2214,layout_pi2215_d2214
2121,2215,layout_pi2216_d2215
2122,2216,layout_pi2217_d2216
2123,2217,layout_pi2218_d2217
2124,2218,layout_pi2219_d2218
2125,2219,layout_pi2220_d2219
2126,2220,layout_pi2221_d2220
2127,2221,layout_pi2222_d2221
2128,2222,layout_pi2223_d2222
2129,2223,layout_pi2224_d2223
2130,2224,layout_pi2225_d2224
2131,2225,layout_pi2226_d2225
2132,2226,layout_pi2227_d2226
2133,2227,layout_pi2228_d2227
2134,2228,layout_pi2229_d2228
2135,2229,layout_pi2230_d2229
2136,2230,layout_pi2231_d2230
2137,2232,layout_pi2233_d2232
2138,2233,layout_pi2234_d2233
2139,2234,layout_pi2235_d2234
2140,2235,layout_pi2236_d2235
2141,2236,layout_pi2237_d2236
2142,2237,layout_pi2238_d2237
2143,2238,layout_pi2239_d2238
2144,2239,layout_pi2240_d2239
2145,2241,layout_pi2242_d2241
2146,2242,layout_pi2243_d2242
2147,2243,layout_pi2244_d2243
2148,2244,layout_pi2245_d2244
2149,2245,layout_pi2246_d2245
2150,2246,layout_pi2247_d2246
2151,2247,layout_pi2248_d2247
2152,2248,layout_pi2249_d2248
2153,2250,layout_pi2251_d2250
2154,2251,layout_pi2252_d2251
2155,2252,layout_pi2253_d2252
2156,2253,layout_pi2254_d2253
2157,2254,layout_pi2255_d2254
2158,2255,layout_pi2256_d2255
2159,2256,layout_pi2257_d2256
2160,2257,layout_pi2258_d2257
2161,2258,layout_pi2259_d2258
2162,2259,layout_pi2260_d2259
2163,2260,layout_pi2261_d2260
2164,2261,layout_pi2262_d2261
2165,2262,layout_pi2263_d2262
2166,2263,layout_pi2264_d2263
2167,2264,layout_pi2265_d2264
2168,2265,layout_pi2266_d2265
2169,2266,layout_pi2267_d2266
2170,2267,layout_pi2268_d2267
2171,2268,layout_pi2269_d2268
2172,2269,layout_pi2270_d2269
2173,2270,layout_pi2271_d2270
2174,2271,layout_pi2272_d2271
2175,2272,layout_pi2273_d2272
2176,2273,layout_pi2274_d2273
2177,2274,layout_pi2275_d2274
2178,2275,layout_pi2276_d2275
2179,2276,layout_pi2277_d2276
2180,2277,layout_pi2278_d2277
2181,2278,layout_pi2279_d2278
2182,2279,layout_pi2280_d2279
2183,2280,layout_pi2281_d2280
2184,2281,layout_pi2282_d2281
2185,2282,layout_pi2283_d2282
2186,2283,layout_pi2284_d2283
2187,2284,layout_pi2285_d2284
2188,2285,layout_pi2286_d2285
2189,2287,layout_pi2288_d2287
2190,2288,layout_pi2289_d2288
2191,2289,layout_pi2290_d2289
2192,2290,layout_pi2291_d2290
2193,2291,layout_pi2292_d2291
2194,2292,layout_pi2293_d2292
2195,2293,layout_pi2294_d2293
2196,2294,layout_pi2295_d2294
2197,2295,layout_pi2296_d2295
2198,2296,layout_pi2297_d2296
2199,2297,layout_pi2298_d2297
2200,2298,layout_pi2299_d2298
2201,2299,layout_pi2300_d2299
2202,2300,layout_pi2301_d2300
2203,2301,layout_pi2302_d2301
2204,2302,layout_pi2303_d2302
2205,2303,layout_pi2304_d2303
2206,2304,layout_pi2305_d2304
2207,2305,layout_pi2306_d2305
2208,2306,layout_pi2307_d2306
2209,2307,layout_pi2308_d2307
2210,2308,layout_pi2309_d2308
2211,2309,layout_pi2310_d2309
2212,2310,layout_pi2311_d2310
2213,2311,layout_pi2312_d2311
2214,2312,layout_pi2313_d2312
2215,2313,layout_pi2314_d2313
2216,2314,layout_pi2315_d2314
2217,2315,layout_pi2316_d2315
2218,2316,layout_pi2317_d2316
2219,2317,layout_pi2318_d2317
2220,2318,layout_pi2319_d2318
2221,2319,layout_pi2320_d2319
2222,2320,layout_pi2321_d2320
2223,2321,layout_pi2322_d2321
2224,2322,layout_pi2323_d2322
2225,2323,layout_pi2324_d2323
2226,2324,layout_pi2325_d2324
2227,2325,layout_pi2326_d2325
2228,2326,layout_pi2327_d2326
2229,2327,layout_pi2328_d2327
2230,2328,layout_pi2329_d2328
2231,2329,layout_pi2330_d2329
2232,2331,layout_pi2332_d2331
2233,2332,layout_pi2333_d2332
2234,2333,layout_pi2334_d2333
2235,2334,layout_pi2335_d2334
2236,2335,layout_pi2336_d2335
2237,2336,layout_pi2337_d2336
2238,2337,layout_pi2338_d2337
2239,2338,layout_pi2339_d2338
2240,2339,layout_pi2340_d2339
2241,2340,layout_pi2341_d2340
2242,2341,layout_pi2342_d2341
2243,2342,layout_pi2343_d2342
2244,2343,layout_pi2344_d2343
2245,2344,layout_pi2345_d2344
2246,2345,layout_pi2346_d2345
2247,2346,layout_pi2347_d2346
2248,2347,layout_pi2348_d2347
2249,2348,layout_pi2349_d2348
2250,2349,layout_pi2350_d2349
2251,2350,layout_pi2351_d2350
2252,2351,layout_pi2352_d2351
2253,2352,layout_pi2353_d2352
2254,2353,layout_pi2354_d2353
2255,2354,layout_pi2355_d2354
2256,2355,layout_pi2356_d2355
2257,2356,layout_pi2357_d2356
2258,2357,layout_pi2358_d2357
2259,2358,layout_pi2359_d2358
2260,2359,layout_pi2360_d2359
2261,2360,layout_pi2361_d2360
2262,2362,layout_pi2363_d2362
2263,2363,layout_pi2364_d2363
2264,2364,layout_pi2365_d2364
2265,2365,layout_pi2366_d2365
2266,2366,layout_pi2367_d2366
2267,2367,layout_pi2368_d2367
2268,2368,layout_pi2369_d2368
2269,2369,layout_pi2370_d2369
2270,2370,layout_pi2371_d2370
2271,2371,layout_pi2372_d2371
2272,2372,layout_pi2373_d2372
2273,2373,layout_pi2374_d2373
2274,2374,layout_pi2375_d2374
2275,2375,layout_pi2376_d2375
2276,2376,layout_pi2377_d2376
2277,2377,layout_pi2378_d2377
2278,2378,layout_pi2379_d2378
2279,2379,layout_pi2380_d2379
2280,2380,layout_pi2381_d2380
2281,2381,layout_pi2382_d2381
2282,2382,layout_pi2383_d2382
2283,2383,layout_pi2384_d2383
2284,2384,layout_pi2385_d2384
2285,2385,layout_pi2386_d2385
2286,2386,layout_pi2387_d2386
2287,2387,layout_pi2388_d2387
2288,2388,layout_pi2389_d2388
2289,2389,layout_pi2390_d2389
2290,2390,layout_pi2391_d2390
2291,2391,layout_pi2392_d2391
2292,2392,layout_pi2393_d2392
2293,2393,layout_pi2394_d2393
2294,2394,layout_pi2395_d2394
2295,2396,layout_pi2397_d2396
2296,2397,layout_pi2398_d2397
2297,2398,layout_pi2399_d2398
2298,2399,layout_pi2400_d2399
2299,2400,layout_pi2401_d2400
2300,2401,layout_pi2402_d2401
2301,2402,layout_pi2403_d2402
2302,2404,layout_pi2405_d2404
2303,2405,layout_pi2406_d2405
2304,2406,layout_pi2407_d2406
2305,2409,layout_pi2410_d2409
2306,2411,layout_pi2412_d2411
2307,2412,layout_pi2413_d2412
2308,2413,layout_pi2414_d2413
2309,2414,layout_pi2415_d2414
2310,2415,layout_pi2416_d2415
2311,2416,layout_pi2417_d2416
2312,2417,layout_pi2418_d2417
2313,2418,layout_pi2419_d2418
2314,2419,layout_pi2420_d2419
2315,2420,layout_pi2421_d2420
2316,2422,layout_pi2423_d2422
2317,2423,layout_pi2424_d2423
2318,2424,layout_pi2425_d2424
2319,2425,layout_pi2426_d2425
2320,2426,layout_pi2427_d2426
2321,2427,layout_pi2428_d2427
2322,2428,layout_pi2429_d2428
2323,2429,layout_pi2430_d2429
2324,2430,layout_pi2431_d2430
2325,2431,layout_pi2432_d2431
2326,2432,layout_pi2433_d2432
2327,2433,layout_pi2434_d2433
2328,2434,layout_pi2435_d2434
2329,2435,layout_pi2436_d2435
2330,2436,layout_pi2437_d2436
2331,2439,layout_pi2440_d2439
2332,2440,layout_pi2441_d2440
2333,2441,layout_pi2442_d2441
2334,2442,layout_pi2443_d2442
2335,2443,layout_pi2444_d2443
2336,2444,layout_pi2445_d2444
2337,2445,layout_pi2446_d2445
2338,2446,layout_pi2447_d2446
2339,2447,layout_pi2448_d2447
2340,2448,layout_pi2449_d2448
2341,2450,layout_pi2451_d2450
2342,2451,layout_pi2452_d2451
2343,2453,layout_pi2454_d2453
2344,2454,layout_pi2455_d2454
2345,2455,layout_pi2456_d2455
2346,2456,layout_pi2457_d2456
2347,2457,layout_pi2458_d2457
2348,2458,layout_pi2459_d2458
2349,2459,layout_pi2460_d2459
2350,2460,layout_pi2461_d2460
2351,2461,layout_pi2462_d2461
2352,2462,layout_pi2463_d2462
2353,2463,layout_pi2464_d2463
2354,2464,layout_pi2465_d2464
2355,2465,layout_pi2466_d2465
2356,2466,layout_pi2467_d2466
2357,2467,layout_pi2468_d2467
2358,2468,layout_pi2469_d2468
2359,2469,layout_pi2470_d2469
2360,2470,layout_pi2471_d2470
2361,2471,layout_pi2472_d2471
2362,2472,layout_pi2473_d2472
2363,2473,layout_pi2474_d2473
2364,2474,layout_pi2475_d2474
2365,2475,layout_pi2476_d2475
2366,2476,layout_pi2477_d2476
2367,2477,layout_pi2478_d2477
2368,2478,layout_pi2479_d2478
2369,2479,layout_pi2480_d2479
2370,2482,layout_pi2483_d2482
2371,2483,layout_pi2484_d2483
2372,2484,layout_pi2485_d2484
2373,2485,layout_pi2486_d2485
2374,2486,layout_pi2487_d2486
2375,2487,layout_pi2488_d2487
2376,2488,layout_pi2489_d2488
2377,2489,layout_pi2490_d2489
2378,2490,layout_pi2491_d2490
2379,2491,layout_pi2492_d2491
2380,2492,layout_pi2493_d2492
2381,2493,layout_pi2494_d2493
2382,2494,layout_pi2495_d2494
2383,2495,layout_pi2496_d2495
2384,2496,layout_pi2497_d2496
2385,2497,layout_pi2498_d2497
2386,2498,layout_pi2499_d2498
2387,2499,layout_pi2500_d2499
2388,2500,layout_pi2501_d2500
2389,2501,layout_pi2502_d2501
2390,2502,layout_pi2503_d2502
2391,2503,layout_pi2504_d2503
2392,2504,layout_pi2505_d2504
2393,2505,layout_pi2506_d2505
2394,2506,layout_pi2507_d2506
2395,2507,layout_pi2508_d2507
2396,2508,layout_pi2509_d2508
2397,2509,layout_pi2510_d2509
2398,2510,layout_pi2511_d2510
2399,2511,layout_pi2512_d2511
2400,2512,layout_pi2513_d2512
2401,2513,layout_pi2514_d2513
2402,2514,layout_pi2515_d2514
2403,2515,layout_pi2516_d2515
2404,2516,layout_pi2517_d2516
2405,2517,layout_pi2518_d2517
2406,2518,layout_pi2519_d2518
2407,2519,layout_pi2520_d2519
2408,2520,layout_pi2521_d2520
2409,2521,layout_pi2522_d2521
2410,2522,layout_pi2523_d2522
2411,2523,layout_pi2524_d2523
2412,2524,layout_pi2525_d2524
2413,2525,layout_pi2526_d2525
2414,2526,layout_pi2527_d2526
2415,2527,layout_pi2528_d2527
2416,2528,layout_pi2529_d2528
2417,2529,layout_pi2530_d2529
2418,2530,layout_pi2531_d2530
2419,2531,layout_pi2532_d2531
2420,2532,layout_pi2533_d2532
2421,2533,layout_pi2534_d2533
2422,2534,layout_pi2535_d2534
2423,2535,layout_pi2536_d2535
2424,2536,layout_pi2537_d2536
2425,2537,layout_pi2538_d2537
2426,2538,layout_pi2539_d2538
2427,2539,layout_pi2540_d2539
2428,2540,layout_pi2541_d2540
2429,2541,layout_pi2542_d2541
2430,2542,layout_pi2543_d2542
2431,2543,layout_pi2544_d2543
2432,2545,layout_pi2546_d2545
2433,2546,layout_pi2547_d2546
2434,2547,layout_pi2548_d2547
2435,2548,layout_pi2549_d2548
2436,2549,layout_pi2550_d2549
2437,2550,layout_pi2551_d2550
2438,2551,layout_pi2552_d2551
2439,2552,layout_pi2553_d2552
2440,2553,layout_pi2554_d2553
2441,2554,layout_pi2555_d2554
2442,2555,layout_pi2556_d2555
2443,2556,layout_pi2557_d2556
2444,2557,layout_pi2558_d2557
2445,2558,layout_pi2559_d2558
2446,2559,layout_pi2560_d2559
2447,2560,layout_pi2561_d2560
2448,2561,layout_pi2562_d2561
2449,2562,layout_pi2563_d2562
2450,2563,layout_pi2564_d2563
2451,2564,layout_pi2565_d2564
2452,2565,layout_pi2566_d2565
2453,2566,layout_pi2567_d2566
2454,2567,layout_pi2568_d2567
2455,2568,layout_pi2569_d2568
2456,2569,layout_pi2570_d2569
2457,2570,layout_pi2571_d2570
2458,2571,layout_pi2572_d2571
2459,2572,layout_pi2573_d2572
2460,2573,layout_pi2574_d2573
2461,2574,layout_pi2575_d2574
2462,2575,layout_pi2576_d2575
2463,2577,layout_pi2578_d2577
2464,2578,layout_pi2579_d2578
2465,2579,layout_pi2580_d2579
2466,2580,layout_pi2581_d2580
2467,2581,layout_pi2582_d2581
2468,2582,layout_pi2583_d2582
2469,2583,layout_pi2584_d2583
2470,2584,layout_pi2585_d2584
2471,2585,layout_pi2586_d2585
2472,2586,layout_pi2587_d2586
2473,2587,layout_pi2588_d2587
2474,2588,layout_pi2589_d2588
2475,2589,layout_pi2590_d2589
2476,2590,layout_pi2591_d2590
2477,2591,layout_pi2592_d2591
2478,2592,layout_pi2593_d2592
2479,2593,layout_pi2594_d2593
2480,2594,layout_pi2595_d2594
2481,2595,layout_pi2596_d2595
2482,2596,layout_pi2597_d2596
2483,2597,layout_pi2598_d2597
2484,2598,layout_pi2599_d2598
2485,2599,layout_pi2600_d2599
2486,2600,layout_pi2601_d2600
2487,2601,layout_pi2602_d2601
2488,2602,layout_pi2603_d2602
2489,2603,layout_pi2604_d2603
2490,2604,layout_pi2605_d2604
2491,2605,layout_pi2606_d2605
2492,2606,layout_pi2607_d2606
2493,2607,layout_pi2608_d2607
2494,2608,layout_pi2609_d2608
2495,2609,layout_pi2610_d2609
2496,2610,layout_pi2611_d2610
2497,2611,layout_pi2612_d2611
2498,2612,layout_pi2613_d2612
2499,2613,layout_pi2614_d2613
2500,2614,layout_pi2615_d2614
2501,2615,layout_pi2616_d2615
2502,2616,layout_pi2617_d2616
2503,2617,layout_pi2618_d2617
2504,2618,layout_pi2619_d2618
2505,2619,layout_pi2620_d2619
2506,2620,layout_pi2621_d2620
2507,2621,layout_pi2622_d2621
2508,2622,layout_pi2623_d2622
2509,2623,layout_pi2624_d2623
2510,2624,layout_pi2625_d2624
2511,2625,layout_pi2626_d2625
2512,2626,layout_pi2627_d2626
2513,2627,layout_pi2628_d2627
2514,2628,layout_pi2629_d2628
2515,2629,layout_pi2630_d2629
2516,2630,layout_pi2631_d2630
2517,2631,layout_pi2632_d2631
2518,2632,layout_pi2633_d2632
2519,2633,layout_pi2634_d2633
2520,2635,layout_pi2636_d2635
2521,2636,layout_pi2637_d2636
2522,2637,layout_pi2638_d2637
2523,2638,layout_pi2639_d2638
2524,2639,layout_pi2640_d2639
2525,2640,layout_pi2641_d2640
2526,2641,layout_pi2642_d2641
2527,2642,layout_pi2643_d2642
2528,2643,layout_pi2644_d2643
2529,2644,layout_pi2645_d2644
2530,2645,layout_pi2646_d2645
2531,2646,layout_pi2647_d2646
2532,2647,layout_pi2648_d2647
2533,2648,layout_pi2649_d2648
2534,2649,layout_pi2650_d2649
2535,2650,layout_pi2651_d2650
2536,2651,layout_pi2652_d2651
2537,2652,layout_pi2653_d2652
2538,2653,layout_pi2654_d2653
2539,2654,layout_pi2655_d2654
2540,2655,layout_pi2656_d2655
2541,2656,layout_pi2657_d2656
2542,2657,layout_pi2658_d2657
2543,2658,layout_pi2659_d2658
2544,2659,layout_pi2660_d2659
2545,2660,layout_pi2661_d2660
2546,2661,layout_pi2662_d2661
2547,2662,layout_pi2663_d2662
2548,2663,layout_pi2664_d2663
2549,2664,layout_pi2665_d2664
2550,2665,layout_pi2666_d2665
2551,2666,layout_pi2667_d2666
2552,2667,layout_pi2668_d2667
2553,2668,layout_pi2669_d2668
2554,2669,layout_pi2670_d2669
2555,2670,layout_pi2671_d2670
2556,2671,layout_pi2672_d2671
2557,2672,layout_pi2673_d2672
2558,2673,layout_pi2674_d2673
2559,2674,layout_pi2675_d2674
2560,2676,layout_pi2677_d2676
2561,2677,layout_pi2678_d2677
2562,2678,layout_pi2679_d2678
2563,2679,layout_pi2680_d2679
2564,2680,layout_pi2681_d2680
2565,2681,layout_pi2682_d2681
2566,2682,layout_pi2683_d2682
2567,2683,layout_pi2684_d2683
2568,2684,layout_pi2685_d2684
2569,2685,layout_pi2686_d2685
2570,2686,layout_pi2687_d2686
2571,2687,layout_pi2688_d2687
2572,2688,layout_pi2689_d2688
2573,2689,layout_pi2690_d2689
2574,2690,layout_pi2691_d2690
2575,2691,layout_pi2692_d2691
2576,2692,layout_pi2693_d2692
2577,2693,layout_pi2694_d2693
2578,2694,layout_pi2695_d2694
2579,2696,layout_pi2697_d2696
2580,2697,layout_pi2698_d2697
2581,2698,layout_pi2699_d2698
2582,2699,layout_pi2700_d2699
2583,2700,layout_pi2701_d2700
2584,2701,layout_pi2702_d2701
2585,2702,layout_pi2703_d2702
2586,2703,layout_pi2704_d2703
2587,2704,layout_pi2705_d2704
2588,2705,layout_pi2706_d2705
2589,2706,layout_pi2707_d2706
2590,2707,layout_pi2708_d2707
2591,2708,layout_pi2709_d2708
2592,2709,layout_pi2710_d2709
2593,2710,layout_pi2711_d2710
2594,2711,layout_pi2712_d2711
2595,2712,layout_pi2713_d2712
2596,2713,layout_pi2714_d2713
2597,2714,layout_pi2715_d2714
2598,2715,layout_pi2716_d2715
2599,2716,layout_pi2717_d2716
2600,2718,layout_pi2719_d2718
2601,2719,layout_pi2720_d2719
2602,2720,layout_pi2721_d2720
2603,2721,layout_pi2722_d2721
2604,2722,layout_pi2723_d2722
2605,2723,layout_pi2724_d2723
2606,2724,layout_pi2725_d2724
2607,2725,layout_pi2726_d2725
2608,2726,layout_pi2727_d2726
2609,2727,layout_pi2728_d2727
2610,2728,layout_pi2729_d2728
2611,2729,layout_pi2730_d2729
2612,2730,layout_pi2731_d2730
2613,2731,layout_pi2732_d2731
2614,2732,layout_pi2733_d2732
2615,2733,layout_pi2734_d2733
2616,2734,layout_pi2735_d2734
2617,2735,layout_pi2736_d2735
2618,2736,layout_pi2737_d2736
2619,2737,layout_pi2738_d2737
2620,2739,layout_pi2740_d2739
2621,2740,layout_pi2741_d2740
2622,2741,layout_pi2742_d2741
2623,2742,layout_pi2743_d2742
2624,2743,layout_pi2744_d2743
2625,2744,layout_pi2745_d2744
2626,2745,layout_pi2746_d2745
2627,2746,layout_pi2747_d2746
2628,2748,layout_pi2749_d2748
2629,2749,layout_pi2750_d2749
2630,2750,layout_pi2751_d2750
2631,2751,layout_pi2752_d2751
2632,2752,layout_pi2753_d2752
2633,2753,layout_pi2754_d2753
2634,2754,layout_pi2755_d2754
2635,2755,layout_pi2756_d2755
2636,2756,layout_pi2757_d2756
2637,2757,layout_pi2758_d2757
2638,2758,layout_pi2759_d2758
2639,2759,layout_pi2760_d2759
2640,2760,layout_pi2761_d2760
2641,2762,layout_pi2763_d2762
2642,2763,layout_pi2764_d2763
2643,2764,layout_pi2765_d2764
2644,2765,layout_pi2766_d2765
2645,2766,layout_pi2767_d2766
2646,2767,layout_pi2768_d2767
2647,2768,layout_pi2769_d2768
2648,2769,layout_pi2770_d2769
2649,2770,layout_pi2771_d2770
2650,2771,layout_pi2772_d2771
2651,2772,layout_pi2773_d2772
2652,2773,layout_pi2774_d2773
2653,2774,layout_pi2775_d2774
2654,2775,layout_pi2776_d2775
2655,2776,layout_pi2777_d2776
2656,2777,layout_pi2778_d2777
2657,2778,layout_pi2779_d2778
2658,2779,layout_pi2780_d2779
2659,2780,layout_pi2781_d2780
2660,2781,layout_pi2782_d2781
2661,2782,layout_pi2783_d2782
2662,2783,layout_pi2784_d2783
2663,2784,layout_pi2785_d2784
2664,2785,layout_pi2786_d2785
2665,2786,layout_pi2787_d2786
2666,2787,layout_pi2788_d2787
2667,2788,layout_pi2789_d2788
2668,2790,layout_pi2791_d2790
2669,2791,layout_pi2792_d2791
2670,2792,layout_pi2793_d2792
2671,2793,layout_pi2794_d2793
2672,2794,layout_pi2795_d2794
2673,2795,layout_pi2796_d2795
2674,2796,layout_pi2797_d2796
2675,2797,layout_pi2798_d2797
2676,2798,layout_pi2799_d2798
2677,2799,layout_pi2800_d2799
2678,2800,layout_pi2801_d2800
2679,2801,layout_pi2802_d2801
2680,2802,layout_pi2803_d2802
2681,2803,layout_pi2804_d2803
2682,2804,layout_pi2805_d2804
2683,2805,layout_pi2806_d2805
2684,2806,layout_pi2807_d2806
2685,2808,layout_pi2809_d2808
2686,2809,layout_pi2810_d2809
2687,2810,layout_pi2811_d2810
2688,2811,layout_pi2812_d2811
2689,2812,layout_pi2813_d2812
2690,2813,layout_pi2814_d2813
2691,2816,layout_pi2817_d2816
2692,2817,layout_pi2818_d2817
2693,2818,layout_pi2819_d2818
2694,2819,layout_pi2820_d2819
2695,2820,layout_pi2821_d2820
2696,2821,layout_pi2822_d2821
2697,2822,layout_pi2823_d2822
2698,2823,layout_pi2824_d2823
2699,2824,layout_pi2825_d2824
2700,2826,layout_pi2827_d2826
2701,2827,layout_pi2828_d2827
2702,2828,layout_pi2829_d2828
2703,2829,layout_pi2830_d2829
2704,2830,layout_pi2831_d2830
2705,2831,layout_pi2832_d2831
2706,2832,layout_pi2833_d2832
2707,2833,layout_pi2834_d2833
2708,2834,layout_pi2835_d2834
2709,2835,layout_pi2836_d2835
2710,2836,layout_pi2837_d2836
2711,2837,layout_pi2838_d2837
2712,2838,layout_pi2839_d2838
2713,2839,layout_pi2840_d2839
2714,2840,layout_pi2841_d2840
2715,2841,layout_pi2842_d2841
2716,2842,layout_pi2843_d2842
2717,2843,layout_pi2844_d2843
2718,2844,layout_pi2845_d2844
2719,2845,layout_pi2846_d2845
2720,2846,layout_pi2847_d2846
2721,2847,layout_pi2848_d2847
2722,2848,layout_pi2849_d2848
2723,2849,layout_pi2850_d2849
2724,2850,layout_pi2851_d2850
2725,2851,layout_pi2852_d2851
2726,2852,layout_pi2853_d2852
2727,2853,layout_pi2854_d2853
2728,2854,layout_pi2855_d2854
2729,2855,layout_pi2856_d2855
2730,2856,layout_pi2857_d2856
2731,2857,layout_pi2858_d2857
2732,2858,layout_pi2859_d2858
2733,2859,layout_pi2860_d2859
2734,2860,layout_pi2861_d2860
2735,2861,layout_pi2862_d2861
2736,2862,layout_pi2863_d2862
2737,2863,layout_pi2864_d2863
2738,2864,layout_pi2865_d2864
2739,2865,layout_pi2866_d2865
2740,2866,layout_pi2867_d2866
2741,2867,layout_pi2868_d2867
2742,2868,layout_pi2869_d2868
2743,2870,layout_pi2871_d2870
2744,2871,layout_pi2872_d2871
2745,2872,layout_pi2873_d2872
2746,2873,layout_pi2874_d2873
2747,2874,layout_pi2875_d2874
2748,2875,layout_pi2876_d2875
2749,2876,layout_pi2877_d2876
2750,2878,layout_pi2879_d2878
2751,2879,layout_pi2880_d2879
2752,2880,layout_pi2881_d2880
2753,2881,layout_pi2882_d2881
2754,2883,layout_pi2884_d2883
2755,2884,layout_pi2885_d2884
2756,2885,layout_pi2886_d2885
2757,2886,layout_pi2887_d2886
2758,2887,layout_pi2888_d2887
2759,2888,layout_pi2889_d2888
2760,2890,layout_pi2891_d2890
2761,2891,layout_pi2892_d2891
2762,2893,layout_pi2894_d2893
2763,2894,layout_pi2895_d2894
2764,2895,layout_pi2896_d2895
2765,2896,layout_pi2897_d2896
2766,2897,layout_pi2898_d2897
2767,2898,layout_pi2899_d2898
2768,2899,layout_pi2900_d2899
2769,2900,layout_pi2901_d2900
2770,2901,layout_pi2902_d2901
2771,2902,layout_pi2903_d2902
2772,2903,layout_pi2904_d2903
2773,2904,layout_pi2905_d2904
2774,2905,layout_pi2906_d2905
2775,2906,layout_pi2907_d2906
2776,2907,layout_pi2908_d2907
2777,2908,layout_pi2909_d2908
2778,2909,layout_pi2910_d2909
2779,2910,layout_pi2911_d2910
2780,2911,layout_pi2912_d2911
2781,2912,layout_pi2913_d2912
2782,2913,layout_pi2914_d2913
2783,2915,layout_pi2916_d2915
2784,2916,layout_pi2917_d2916
2785,2917,layout_pi2918_d2917
2786,2918,layout_pi2919_d2918
2787,2919,layout_pi2920_d2919
2788,2920,layout_pi2921_d2920
2789,2921,layout_pi2922_d2921
2790,2922,layout_pi2923_d2922
2791,2923,layout_pi2924_d2923
2792,2924,layout_pi2925_d2924
2793,2925,layout_pi2926_d2925
2794,2926,layout_pi2927_d2926
2795,2927,layout_pi2928_d2927
2796,2928,layout_pi2929_d2928
2797,2929,layout_pi2930_d2929
2798,2930,layout_pi2931_d2930
2799,2931,layout_pi2932_d2931
2800,2932,layout_pi2933_d2932
2801,2933,layout_pi2934_d2933
2802,2934,layout_pi2935_d2934
2803,2935,layout_pi2936_d2935
2804,2936,layout_pi2937_d2936
2805,2937,layout_pi2938_d2937
2806,2939,layout_pi2940_d2939
2807,2940,layout_pi2941_d2940
2808,2941,layout_pi2942_d2941
2809,2942,layout_pi2943_d2942
2810,2943,layout_pi2944_d2943
2811,2944,layout_pi2945_d2944
2812,2945,layout_pi2946_d2945
2813,2946,layout_pi2947_d2946
2814,2947,layout_pi2948_d2947
2815,2948,layout_pi2949_d2948
2816,2949,layout_pi2950_d2949
2817,2950,layout_pi2951_d2950
2818,2951,layout_pi2952_d2951
2819,2952,layout_pi2953_d2952
2820,2954,layout_pi2955_d2954
2821,2956,layout_pi2957_d2956
2822,2957,layout_pi2958_d2957
2823,2958,layout_pi2959_d2958
2824,2959,layout_pi2960_d2959
2825,2960,layout_pi2961_d2960
2826,2961,layout_pi2962_d2961
2827,2962,layout_pi2963_d2962
2828,2964,layout_pi2965_d2964
2829,2965,layout_pi2966_d2965
2830,2966,layout_pi2967_d2966
2831,2967,layout_pi2968_d2967
2832,2968,layout_pi2969_d2968
2833,2969,layout_pi2970_d2969
2834,2970,layout_pi2971_d2970
2835,2971,layout_pi2972_d2971
2836,2972,layout_pi2973_d2972
2837,2973,layout_pi2974_d2973
2838,2974,layout_pi2975_d2974
2839,2975,layout_pi2976_d2975
2840,2976,layout_pi2977_d2976
2841,2977,layout_pi2978_d2977
2842,2978,layout_pi2979_d2978
2843,2979,layout_pi2980_d2979
2844,2980,layout_pi2981_d2980
2845,2981,layout_pi2982_d2981
2846,2982,layout_pi2983_d2982
2847,2983,layout_pi2984_d2983
2848,2984,layout_pi2985_d2984
2849,2985,layout_pi2986_d2985
2850,2986,layout_pi2987_d2986
2851,2987,layout_pi2988_d2987
2852,2988,layout_pi2989_d2988
2853,2989,layout_pi2990_d2989
2854,2990,layout_pi2991_d2990
2855,2991,layout_pi2992_d2991
2856,2992,layout_pi2993_d2992
2857,2993,layout_pi2994_d2993
2858,2994,layout_pi2995_d2994
2859,2995,layout_pi2996_d2995
2860,2996,layout_pi2997_d2996
2861,2997,layout_pi2998_d2997
2862,2998,layout_pi2999_d2998
2863,2999,layout_pi3000_d2999
2864,3000,layout_pi3001_d3000
2865,3001,layout_pi3002_d3001
2866,3002,layout_pi3003_d3002
2867,3003,layout_pi3004_d3003
2868,3004,layout_pi3005_d3004
2869,3005,layout_pi3006_d3005
2870,3007,layout_pi3008_d3007
2871,3008,layout_pi3009_d3008
2872,3009,layout_pi3010_d3009
2873,3010,layout_pi3011_d3010
2874,3011,layout_pi3012_d3011
2875,3012,layout_pi3013_d3012
2876,3013,layout_pi3014_d3013
2877,3014,layout_pi3015_d3014
2878,3015,layout_pi3016_d3015
2879,3016,layout_pi3017_d3016
2880,3017,layout_pi3018_d3017
2881,3018,layout_pi3019_d3018
2882,3019,layout_pi3020_d3019
2883,3020,layout_pi3021_d3020
2884,3021,layout_pi3022_d3021
2885,3022,layout_pi3023_d3022
2886,3023,layout_pi3024_d3023
2887,3024,layout_pi3025_d3024
2888,3025,layout_pi3026_d3025
2889,3026,layout_pi3027_d3026
2890,3027,layout_pi3028_d3027
2891,3028,layout_pi3029_d3028
2892,3029,layout_pi3030_d3029
2893,3030,layout_pi3031_d3030
2894,3031,layout_pi3032_d3031
2895,3032,layout_pi3033_d3032
2896,3033,layout_pi3034_d3033
2897,3034,layout_pi3035_d3034
2898,3035,layout_pi3036_d3035
2899,3036,layout_pi3037_d3036
2900,3037,layout_pi3038_d3037
2901,3038,layout_pi3039_d3038
2902,3039,layout_pi3040_d3039
2903,3040,layout_pi3041_d3040
2904,3041,layout_pi3042_d3041
2905,3042,layout_pi3043_d3042
2906,3043,layout_pi3044_d3043
2907,3044,layout_pi3045_d3044
2908,3045,layout_pi3046_d3045
2909,3046,layout_pi3047_d3046
2910,3047,layout_pi3048_d3047
2911,3048,layout_pi3049_d3048
2912,3049,layout_pi3050_d3049
2913,3050,layout_pi3051_d3050
2914,3051,layout_pi3052_d3051
2915,3052,layout_pi3053_d3052
2916,3053,layout_pi3054_d3053
2917,3054,layout_pi3055_d3054
2918,3055,layout_pi3056_d3055
2919,3056,layout_pi3057_d3056
2920,3057,layout_pi3058_d3057
2921,3058,layout_pi3059_d3058
2922,3060,layout_pi3061_d3060
2923,3061,layout_pi3062_d3061
2924,3062,layout_pi3063_d3062
2925,3063,layout_pi3064_d3063
2926,3066,layout_pi3067_d3066
2927,3067,layout_pi3068_d3067
2928,3068,layout_pi3069_d3068
2929,3069,layout_pi3070_d3069
2930,3070,layout_pi3071_d3070
2931,3071,layout_pi3072_d3071
2932,3072,layout_pi3073_d3072
2933,3073,layout_pi3074_d3073
2934,3074,layout_pi3075_d3074
2935,3075,layout_pi3076_d3075
2936,3076,layout_pi3077_d3076
2937,3077,layout_pi3078_d3077
2938,3078,layout_pi3079_d3078
2939,3079,layout_pi3080_d3079
2940,3080,layout_pi3081_d3080
2941,3081,layout_pi3082_d3081
2942,3082,layout_pi3083_d3082
2943,3083,layout_pi3084_d3083
2944,3084,layout_pi3085_d3084
2945,3086,layout_pi3087_d3086
2946,3087,layout_pi3088_d3087
2947,3088,layout_pi3089_d3088
2948,3089,layout_pi3090_d3089
2949,3090,layout_pi3091_d3090
2950,3091,layout_pi3092_d3091
2951,3092,layout_pi3093_d3092
2952,3093,layout_pi3094_d3093
2953,3094,layout_pi3095_d3094
2954,3095,layout_pi3096_d3095
2955,3096,layout_pi3097_d3096
2956,3097,layout_pi3098_d3097
2957,3098,layout_pi3099_d3098
2958,3099,layout_pi3100_d3099
2959,3100,layout_pi3101_d3100
2960,3101,layout_pi3102_d3101
2961,3102,layout_pi3103_d3102
2962,3103,layout_pi3104_d3103
2963,3104,layout_pi3105_d3104
2964,3105,layout_pi3106_d3105
2965,3106,layout_pi3107_d3106
2966,3107,layout_pi3108_d3107
2967,3108,layout_pi3109_d3108
2968,3109,layout_pi3110_d3109
2969,3110,layout_pi3111_d3110
2970,3111,layout_pi3112_d3111
2971,3112,layout_pi3113_d3112
2972,3113,layout_pi3114_d3113
2973,3114,layout_pi3115_d3114
2974,3115,layout_pi3116_d3115
2975,3116,layout_pi3117_d3116
2976,3117,layout_pi3118_d3117
2977,3118,layout_pi3119_d3118
2978,3119,layout_pi3120_d3119
2979,3120,layout_pi3121_d3120
2980,3121,layout_pi3122_d3121
2981,3122,layout_pi3123_d3122
2982,3123,layout_pi3124_d3123
2983,3124,layout_pi3125_d3124
2984,3126,layout_pi3127_d3126
2985,3127,layout_pi3128_d3127
2986,3128,layout_pi3129_d3128
2987,3129,layout_pi3130_d3129
2988,3130,layout_pi3131_d3130
2989,3131,layout_pi3132_d3131
2990,3132,layout_pi3133_d3132
2991,3133,layout_pi3134_d3133
2992,3134,layout_pi3135_d3134
2993,3135,layout_pi3136_d3135
2994,3136,layout_pi3137_d3136
2995,3137,layout_pi3138_d3137
2996,3138,layout_pi3139_d3138
2997,3139,layout_pi3140_d3139
2998,3140,layout_pi3141_d3140
2999,3141,layout_pi3142_d3141
3000,3142,layout_pi3143_d3142
3001,3143,layout_pi3144_d3143
3002,3145,layout_pi3146_d3145
3003,3146,layout_pi3147_d3146
3004,3147,layout_pi3148_d3147
3005,3148,layout_pi3149_d3148
3006,3150,layout_pi3151_d3150
3007,3151,layout_pi3152_d3151
3008,3152,layout_pi3153_d3152
3009,3154,layout_pi3155_d3154
3010,3155,layout_pi3156_d3155
3011,3156,layout_pi3157_d3156
3012,3157,layout_pi3158_d3157
3013,3158,layout_pi3159_d3158
3014,3159,layout_pi3160_d3159
3015,3161,layout_pi3162_d3161
3016,3162,layout_pi3163_d3162
3017,3163,layout_pi3164_d3163
3018,3164,layout_pi3165_d3164
3019,3166,layout_pi3167_d3166
3020,3167,layout_pi3168_d3167
3021,3168,layout_pi3169_d3168
3022,3169,layout_pi3170_d3169
3023,3170,layout_pi3171_d3170
3024,3171,layout_pi3172_d3171
3025,3172,layout_pi3173_d3172
3026,3173,layout_pi3174_d3173
3027,3174,layout_pi3175_d3174
3028,3175,layout_pi3176_d3175
3029,3177,layout_pi3178_d3177
3030,3178,layout_pi3179_d3178
3031,3179,layout_pi3180_d3179
3032,3180,layout_pi3181_d3180
3033,3181,layout_pi3182_d3181
3034,3182,layout_pi3183_d3182
3035,3183,layout_pi3184_d3183
3036,3184,layout_pi3185_d3184
3037,3185,layout_pi3186_d3185
3038,3186,layout_pi3187_d3186
3039,3187,layout_pi3188_d3187
3040,3188,layout_pi3189_d3188
3041,3189,layout_pi3190_d3189
3042,3190,layout_pi3191_d3190
3043,3191,layout_pi3192_d3191
3044,3192,layout_pi3193_d3192
3045,3193,layout_pi3194_d3193
3046,3194,layout_pi3195_d3194
3047,3195,layout_pi3196_d3195
3048,3196,layout_pi3197_d3196
3049,3197,layout_pi3198_d3197
3050,3198,layout_pi3199_d3198
3051,3199,layout_pi3200_d3199
3052,3200,layout_pi3201_d3200
3053,3201,layout_pi3202_d3201
3054,3202,layout_pi3203_d3202
3055,3203,layout_pi3204_d3203
3056,3205,layout_pi3206_d3205
3057,3206,layout_pi3207_d3206
3058,3207,layout_pi3208_d3207
3059,3208,layout_pi3209_d3208
3060,3209,layout_pi3210_d3209
3061,3210,layout_pi3211_d3210
3062,3211,layout_pi3212_d3211
3063,3212,layout_pi3213_d3212
3064,3213,layout_pi3214_d3213
3065,3214,layout_pi3215_d3214
3066,3215,layout_pi3216_d3215
3067,3216,layout_pi3217_d3216
3068,3217,layout_pi3218_d3217
3069,3218,layout_pi3219_d3218
3070,3219,layout_pi3220_d3219
3071,3220,layout_pi3221_d3220
3072,3221,layout_pi3222_d3221
3073,3222,layout_pi3223_d3222
3074,3223,layout_pi3224_d3223
3075,3224,layout_pi3225_d3224
3076,3225,layout_pi3226_d3225
3077,3226,layout_pi3227_d3226
3078,3228,layout_pi3229_d3228
3079,3229,layout_pi3230_d3229
3080,3230,layout_pi3231_d3230
3081,3231,layout_pi3232_d3231
3082,3232,layout_pi3233_d3232
3083,3233,layout_pi3234_d3233
3084,3234,layout_pi3235_d3234
3085,3235,layout_pi3236_d3235
3086,3236,layout_pi3237_d3236
3087,3237,layout_pi3238_d3237
3088,3238,layout_pi3239_d3238
3089,3239,layout_pi3240_d3239
3090,3240,layout_pi3241_d3240
3091,3241,layout_pi3242_d3241
3092,3243,layout_pi3244_d3243
3093,3244,layout_pi3245_d3244
3094,3245,layout_pi3246_d3245
3095,3246,layout_pi3247_d3246
3096,3247,layout_pi3248_d3247
3097,3248,layout_pi3249_d3248
3098,3249,layout_pi3250_d3249
3099,3250,layout_pi3251_d3250
3100,3251,layout_pi3252_d3251
3101,3252,layout_pi3253_d3252
3102,3254,layout_pi3255_d3254
3103,3255,layout_pi3256_d3255
3104,3256,layout_pi3257_d3256
3105,3257,layout_pi3258_d3257
3106,3258,layout_pi3259_d3258
3107,3259,layout_pi3260_d3259
3108,3260,layout_pi3261_d3260
3109,3261,layout_pi3262_d3261
3110,3262,layout_pi3263_d3262
3111,3263,layout_pi3264_d3263
3112,3264,layout_pi3265_d3264
3113,3265,layout_pi3266_d3265
3114,3266,layout_pi3267_d3266
3115,3267,layout_pi3268_d3267
3116,3268,layout_pi3269_d3268
3117,3270,layout_pi3271_d3270
3118,3271,layout_pi3272_d3271
3119,3272,layout_pi3273_d3272
3120,3273,layout_pi3274_d3273
3121,3274,layout_pi3275_d3274
3122,3278,layout_pi3279_d3278
3123,3279,layout_pi3280_d3279
3124,3280,layout_pi3281_d3280
3125,3282,layout_pi3283_d3282
3126,3283,layout_pi3284_d3283
3127,3284,layout_pi3285_d3284
3128,3285,layout_pi3286_d3285
3129,3286,layout_pi3287_d3286
3130,3287,layout_pi3288_d3287
3131,3288,layout_pi3289_d3288
3132,3291,layout_pi3292_d3291
3133,3292,layout_pi3293_d3292
3134,3293,layout_pi3294_d3293
3135,3294,layout_pi3295_d3294
3136,3295,layout_pi3296_d3295
3137,3296,layout_pi3297_d3296
3138,3297,layout_pi3298_d3297
3139,3298,layout_pi3299_d3298
3140,3299,layout_pi3300_d3299
3141,3300,layout_pi3301_d3300
3142,3303,layout_pi3304_d3303
3143,3305,layout_pi3306_d3305
3144,3306,layout_pi3307_d3306
3145,3307,layout_pi3308_d3307
3146,3308,layout_pi3309_d3308
3147,3309,layout_pi3310_d3309
3148,3311,layout_pi3312_d3311
3149,3312,layout_pi3313_d3312
3150,3313,layout_pi3314_d3313
3151,3314,layout_pi3315_d3314
3152,3315,layout_pi3316_d3315
3153,3316,layout_pi3317_d3316
3154,3317,layout_pi3318_d3317
3155,3318,layout_pi3319_d3318
3156,3319,layout_pi3320_d3319
3157,3321,layout_pi3322_d3321
3158,3322,layout_pi3323_d3322
3159,3324,layout_pi3325_d3324
3160,3325,layout_pi3326_d3325
3161,3326,layout_pi3327_d3326
3162,3327,layout_pi3328_d3327
3163,3328,layout_pi3329_d3328
3164,3329,layout_pi3330_d3329
3165,3330,layout_pi3331_d3330
3166,3331,layout_pi3332_d3331
3167,3332,layout_pi3333_d3332
3168,3333,layout_pi3334_d3333
3169,3334,layout_pi3335_d3334
3170,3336,layout_pi3337_d3336
3171,3338,layout_pi3339_d3338
3172,3339,layout_pi3340_d3339
3173,3340,layout_pi3341_d3340
3174,3341,layout_pi3342_d3341
3175,3342,layout_pi3343_d3342
3176,3343,layout_pi3344_d3343
3177,3344,layout_pi3345_d3344
3178,3345,layout_pi3346_d3345
3179,3346,layout_pi3347_d3346
3180,3347,layout_pi3348_d3347
3181,3348,layout_pi3349_d3348
3182,3349,layout_pi3350_d3349
3183,3350,layout_pi3351_d3350
3184,3351,layout_pi3352_d3351
3185,3352,layout_pi3353_d3352
3186,3353,layout_pi3354_d3353
3187,3354,layout_pi3355_d3354
3188,3355,layout_pi3356_d3355
3189,3356,layout_pi3357_d3356
3190,3357,layout_pi3358_d3357
3191,3358,layout_pi3359_d3358
3192,3359,layout_pi3360_d3359
3193,3360,layout_pi3361_d3360
3194,3361,layout_pi3362_d3361
3195,3362,layout_pi3363_d3362
3196,3363,layout_pi3364_d3363
3197,3364,layout_pi3365_d3364
3198,3365,layout_pi3366_d3365
3199,3366,layout_pi3367_d3366
3200,3367,layout_pi3368_d3367
3201,3368,layout_pi3369_d3368
3202,3369,layout_pi3370_d3369
3203,3370,layout_pi3371_d3370
3204,3372,layout_pi3373_d3372
3205,3373,layout_pi3374_d3373
3206,3374,layout_pi3375_d3374
3207,3375,layout_pi3376_d3375
3208,3376,layout_pi3377_d3376
3209,3377,layout_pi3378_d3377
3210,3378,layout_pi3379_d3378
3211,3379,layout_pi3380_d3379
3212,3380,layout_pi3381_d3380
3213,3381,layout_pi3382_d3381
3214,3382,layout_pi3383_d3382
3215,3383,layout_pi3384_d3383
3216,3384,layout_pi3385_d3384
3217,3386,layout_pi3387_d3386
3218,3387,layout_pi3388_d3387
3219,3388,layout_pi3389_d3388
3220,3389,layout_pi3390_d3389
3221,3390,layout_pi3391_d3390
3222,3391,layout_pi3392_d3391
3223,3392,layout_pi3393_d3392
3224,3393,layout_pi3394_d3393
3225,3395,layout_pi3396_d3395
3226,3396,layout_pi3397_d3396
3227,3397,layout_pi3398_d3397
3228,3398,layout_pi3399_d3398
3229,3399,layout_pi3400_d3399
3230,3400,layout_pi3401_d3400
3231,3401,layout_pi3402_d3401
3232,3402,layout_pi3403_d3402
3233,3403,layout_pi3404_d3403
3234,3405,layout_pi3406_d3405
3235,3406,layout_pi3407_d3406
3236,3407,layout_pi3408_d3407
3237,3408,layout_pi3409_d3408
3238,3409,layout_pi3410_d3409
3239,3410,layout_pi3411_d3410
3240,3411,layout_pi3412_d3411
3241,3412,layout_pi3413_d3412
3242,3413,layout_pi3414_d3413
3243,3414,layout_pi3415_d3414
3244,3415,layout_pi3416_d3415
3245,3416,layout_pi3417_d3416
3246,3417,layout_pi3418_d3417
3247,3418,layout_pi3419_d3418
3248,3419,layout_pi3420_d3419
3249,3420,layout_pi3421_d3420
3250,3422,layout_pi3423_d3422
3251,3423,layout_pi3424_d3423
3252,3424,layout_pi3425_d3424
3253,3425,layout_pi3426_d3425
3254,3426,layout_pi3427_d3426
3255,3427,layout_pi3428_d3427
3256,3428,layout_pi3429_d3428
3257,3429,layout_pi3430_d3429
3258,3430,layout_pi3431_d3430
3259,3431,layout_pi3432_d3431
3260,3432,layout_pi3433_d3432
3261,3433,layout_pi3434_d3433
3262,3434,layout_pi3435_d3434
3263,3435,layout_pi3436_d3435
3264,3436,layout_pi3437_d3436
3265,3437,layout_pi3438_d3437
3266,3438,layout_pi3439_d3438
3267,3439,layout_pi3440_d3439
3268,3440,layout_pi3441_d3440
3269,3441,layout_pi3442_d3441
3270,3442,layout_pi3443_d3442
3271,3443,layout_pi3444_d3443
3272,3444,layout_pi3445_d3444
3273,3445,layout_pi3446_d3445
3274,3446,layout_pi3447_d3446
3275,3447,layout_pi3448_d3447
3276,3448,layout_pi3449_d3448
3277,3449,layout_pi3450_d3449
3278,3450,layout_pi3451_d3450
3279,3452,layout_pi3453_d3452
3280,3453,layout_pi3454_d3453
3281,3454,layout_pi3455_d3454
3282,3455,layout_pi3456_d3455
3283,3457,layout_pi3458_d3457
3284,3458,layout_pi3459_d3458
3285,3459,layout_pi3460_d3459
3286,3460,layout_pi3461_d3460
3287,3461,layout_pi3462_d3461
3288,3462,layout_pi3463_d3462
3289,3463,layout_pi3464_d3463
3290,3464,layout_pi3465_d3464
3291,3465,layout_pi3466_d3465
3292,3466,layout_pi3467_d3466
3293,3467,layout_pi3468_d3467
3294,3468,layout_pi3469_d3468
3295,3469,layout_pi3470_d3469
3296,3470,layout_pi3471_d3470
3297,3471,layout_pi3472_d3471
3298,3472,layout_pi3473_d3472
3299,3473,layout_pi3474_d3473
3300,3474,layout_pi3475_d3474
3301,3475,layout_pi3476_d3475
3302,3476,layout_pi3477_d3476
3303,3477,layout_pi3478_d3477
3304,3478,layout_pi3479_d3478
3305,3479,layout_pi3480_d3479
3306,3480,layout_pi3481_d3480
3307,3481,layout_pi3482_d3481
3308,3482,layout_pi3483_d3482
3309,3483,layout_pi3484_d3483
3310,3484,layout_pi3485_d3484
3311,3485,layout_pi3486_d3485
3312,3486,layout_pi3487_d3486
3313,3487,layout_pi3488_d3487
3314,3488,layout_pi3489_d3488
3315,3489,layout_pi3490_d3489
3316,3490,layout_pi3491_d3490
3317,3492,layout_pi3493_d3492
3318,3493,layout_pi3494_d3493
3319,3495,layout_pi3496_d3495
3320,3496,layout_pi3497_d3496
3321,3497,layout_pi3498_d3497
3322,3498,layout_pi3499_d3498
3323,3499,layout_pi3500_d3499
3324,3500,layout_pi3501_d3500
3325,3501,layout_pi3502_d3501
3326,3502,layout_pi3503_d3502
3327,3503,layout_pi3504_d3503
3328,3504,layout_pi3505_d3504
3329,3505,layout_pi3506_d3505
3330,3506,layout_pi3507_d3506
3331,3507,layout_pi3508_d3507
3332,3508,layout_pi3509_d3508
3333,3509,layout_pi3510_d3509
3334,3510,layout_pi3511_d3510
3335,3511,layout_pi3512_d3511
3336,3512,layout_pi3513_d3512
3337,3513,layout_pi3514_d3513
3338,3514,layout_pi3515_d3514
3339,3515,layout_pi3516_d3515
3340,3517,layout_pi3518_d3517
3341,3518,layout_pi3519_d3518
3342,3519,layout_pi3520_d3519
3343,3520,layout_pi3521_d3520
3344,3521,layout_pi3522_d3521
3345,3522,layout_pi3523_d3522
3346,3523,layout_pi3524_d3523
3347,3524,layout_pi3525_d3524
3348,3525,layout_pi3526_d3525
3349,3526,layout_pi3527_d3526
3350,3527,layout_pi3528_d3527
3351,3528,layout_pi3529_d3528
3352,3529,layout_pi3530_d3529
3353,3530,layout_pi3531_d3530
3354,3531,layout_pi3532_d3531
3355,3532,layout_pi3533_d3532
3356,3533,layout_pi3534_d3533
3357,3534,layout_pi3535_d3534
3358,3536,layout_pi3537_d3536
3359,3537,layout_pi3538_d3537
3360,3538,layout_pi3539_d3538
3361,3539,layout_pi3540_d3539
3362,3540,layout_pi3541_d3540
3363,3541,layout_pi3542_d3541
3364,3543,layout_pi3544_d3543
3365,3544,layout_pi3545_d3544
3366,3545,layout_pi3546_d3545
3367,3546,layout_pi3547_d3546
3368,3547,layout_pi3548_d3547
3369,3548,layout_pi3549_d3548
3370,3550,layout_pi3551_d3550
3371,3551,layout_pi3552_d3551
3372,3552,layout_pi3553_d3552
3373,3553,layout_pi3554_d3553
3374,3554,layout_pi3555_d3554
3375,3555,layout_pi3556_d3555
3376,3556,layout_pi3557_d3556
3377,3557,layout_pi3558_d3557
3378,3558,layout_pi3559_d3558
3379,3559,layout_pi3560_d3559
3380,3560,layout_pi3561_d3560
3381,3561,layout_pi3562_d3561
3382,3562,layout_pi3563_d3562
3383,3563,layout_pi3564_d3563
3384,3564,layout_pi3565_d3564
3385,3565,layout_pi3566_d3565
3386,3566,layout_pi3567_d3566
3387,3567,layout_pi3568_d3567
3388,3568,layout_pi3569_d3568
3389,3569,layout_pi3570_d3569
3390,3570,layout_pi3571_d3570
3391,3571,layout_pi3572_d3571
3392,3572,layout_pi3573_d3572
3393,3573,layout_pi3574_d3573
3394,3574,layout_pi3575_d3574
3395,3576,layout_pi3577_d3576
3396,3577,layout_pi3578_d3577
3397,3578,layout_pi3579_d3578
3398,3580,layout_pi3581_d3580
3399,3581,layout_pi3582_d3581
3400,3582,layout_pi3583_d3582
3401,3583,layout_pi3584_d3583
3402,3584,layout_pi3585_d3584
3403,3585,layout_pi3586_d3585
3404,3586,layout_pi3587_d3586
3405,3587,layout_pi3588_d3587
3406,3588,layout_pi3589_d3588
3407,3589,layout_pi3590_d3589
3408,3590,layout_pi3591_d3590
3409,3591,layout_pi3592_d3591
3410,3592,layout_pi3593_d3592
3411,3593,layout_pi3594_d3593
3412,3594,layout_pi3595_d3594
3413,3595,layout_pi3596_d3595
3414,3596,layout_pi3597_d3596
3415,3597,layout_pi3598_d3597
3416,3598,layout_pi3599_d3598
3417,3599,layout_pi3600_d3599
3418,3601,layout_pi3602_d3601
3419,3602,layout_pi3603_d3602
3420,3603,layout_pi3604_d3603
3421,3604,layout_pi3605_d3604
3422,3605,layout_pi3606_d3605
3423,3606,layout_pi3607_d3606
3424,3607,layout_pi3608_d3607
3425,3608,layout_pi3609_d3608
3426,3609,layout_pi3610_d3609
3427,3610,layout_pi3611_d3610
3428,3611,layout_pi3612_d3611
3429,3612,layout_pi3613_d3612
3430,3613,layout_pi3614_d3613
3431,3614,layout_pi3615_d3614
3432,3615,layout_pi3616_d3615
3433,3616,layout_pi3617_d3616
3434,3617,layout_pi3618_d3617
3435,3618,layout_pi3619_d3618
3436,3619,layout_pi3620_d3619
3437,3620,layout_pi3621_d3620
3438,3622,layout_pi3623_d3622
3439,3623,layout_pi3624_d3623
3440,3624,layout_pi3625_d3624
3441,3625,layout_pi3626_d3625
3442,3626,layout_pi3627_d3626
3443,3628,layout_pi3629_d3628
3444,3629,layout_pi3630_d3629
3445,3630,layout_pi3631_d3630
3446,3631,layout_pi3632_d3631
3447,3632,layout_pi3633_d3632
3448,3633,layout_pi3634_d3633
3449,3634,layout_pi3635_d3634
3450,3635,layout_pi3636_d3635
3451,3637,layout_pi3638_d3637
3452,3638,layout_pi3639_d3638
3453,3639,layout_pi3640_d3639
3454,3640,layout_pi3641_d3640
3455,3641,layout_pi3642_d3641
3456,3642,layout_pi3643_d3642
3457,3643,layout_pi3644_d3643
3458,3644,layout_pi3645_d3644
3459,3645,layout_pi3646_d3645
3460,3648,layout_pi3649_d3648
3461,3649,layout_pi3650_d3649
3462,3650,layout_pi3651_d3650
3463,3651,layout_pi3652_d3651
3464,3653,layout_pi3654_d3653
3465,3654,layout_pi3655_d3654
3466,3655,layout_pi3656_d3655
3467,3657,layout_pi3658_d3657
3468,3658,layout_pi3659_d3658
3469,3659,layout_pi3660_d3659
3470,3660,layout_pi3661_d3660
3471,3662,layout_pi3663_d3662
3472,3663,layout_pi3664_d3663
3473,3664,layout_pi3665_d3664
3474,3665,layout_pi3666_d3665
3475,3667,layout_pi3668_d3667
3476,3668,layout_pi3669_d3668
3477,3669,layout_pi3670_d3669
3478,3670,layout_pi3671_d3670
3479,3671,layout_pi3672_d3671
3480,3672,layout_pi3673_d3672
3481,3673,layout_pi3674_d3673
3482,3674,layout_pi3675_d3674
3483,3675,layout_pi3676_d3675
3484,3676,layout_pi3677_d3676
3485,3677,layout_pi3678_d3677
3486,3678,layout_pi3679_d3678
3487,3679,layout_pi3680_d3679
3488,3680,layout_pi3681_d3680
3489,3681,layout_pi3682_d3681
3490,3682,layout_pi3683_d3682
3491,3683,layout_pi3684_d3683
3492,3684,layout_pi3685_d3684
3493,3685,layout_pi3686_d3685
3494,3687,layout_pi3688_d3687
3495,3688,layout_pi3689_d3688
3496,3689,layout_pi3690_d3689
3497,3690,layout_pi3691_d3690
3498,3692,layout_pi3693_d3692
3499,3693,layout_pi3694_d3693
3500,3694,layout_pi3695_d3694
3501,3695,layout_pi3696_d3695
3502,3696,layout_pi3697_d3696
3503,3697,layout_pi3698_d3697
3504,3699,layout_pi3700_d3699
3505,3700,layout_pi3701_d3700
3506,3702,layout_pi3703_d3702
3507,3703,layout_pi3704_d3703
3508,3704,layout_pi3705_d3704
3509,3705,layout_pi3706_d3705
3510,3706,layout_pi3707_d3706
3511,3707,layout_pi3708_d3707
3512,3708,layout_pi3709_d3708
3513,3709,layout_pi3710_d3709
3514,3710,layout_pi3711_d3710
3515,3711,layout_pi3712_d3711
3516,3712,layout_pi3713_d3712
3517,3713,layout_pi3714_d3713
3518,3714,layout_pi3715_d3714
3519,3715,layout_pi3716_d3715
3520,3716,layout_pi3717_d3716
3521,3717,layout_pi3718_d3717
3522,3718,layout_pi3719_d3718
3523,3719,layout_pi3720_d3719
3524,3720,layout_pi3721_d3720
3525,3721,layout_pi3722_d3721
3526,3722,layout_pi3723_d3722
3527,3723,layout_pi3724_d3723
3528,3724,layout_pi3725_d3724
3529,3725,layout_pi3726_d3725
3530,3726,layout_pi3727_d3726
3531,3727,layout_pi3728_d3727
3532,3729,layout_pi3730_d3729
3533,3730,layout_pi3731_d3730
3534,3731,layout_pi3732_d3731
3535,3732,layout_pi3733_d3732
3536,3733,layout_pi3734_d3733
3537,3734,layout_pi3735_d3734
3538,3735,layout_pi3736_d3735
3539,3736,layout_pi3737_d3736
3540,3737,layout_pi3738_d3737
3541,3738,layout_pi3739_d3738
3542,3739,layout_pi3740_d3739
3543,3740,layout_pi3741_d3740
3544,3741,layout_pi3742_d3741
3545,3743,layout_pi3744_d3743
3546,3744,layout_pi3745_d3744
3547,3745,layout_pi3746_d3745
3548,3746,layout_pi3747_d3746
3549,3747,layout_pi3748_d3747
3550,3748,layout_pi3749_d3748
3551,3749,layout_pi3750_d3749
3552,3750,layout_pi3751_d3750
3553,3751,layout_pi3752_d3751
3554,3752,layout_pi3753_d3752
3555,3753,layout_pi3754_d3753
3556,3754,layout_pi3755_d3754
3557,3755,layout_pi3756_d3755
3558,3756,layout_pi3757_d3756
3559,3757,layout_pi3758_d3757
3560,3758,layout_pi3759_d3758
3561,3759,layout_pi3760_d3759
3562,3760,layout_pi3761_d3760
3563,3761,layout_pi3762_d3761
3564,3762,layout_pi3763_d3762
3565,3763,layout_pi3764_d3763
3566,3764,layout_pi3765_d3764
3567,3765,layout_pi3766_d3765
3568,3766,layout_pi3767_d3766
3569,3767,layout_pi3768_d3767
3570,3768,layout_pi3769_d3768
3571,3769,layout_pi3770_d3769
3572,3771,layout_pi3772_d3771
3573,3772,layout_pi3773_d3772
3574,3773,layout_pi3774_d3773
3575,3774,layout_pi3775_d3774
3576,3775,layout_pi3776_d3775
3577,3779,layout_pi3780_d3779
3578,3781,layout_pi3782_d3781
3579,3782,layout_pi3783_d3782
3580,3784,layout_pi3785_d3784
3581,3785,layout_pi3786_d3785
3582,3786,layout_pi3787_d3786
3583,3787,layout_pi3788_d3787
3584,3788,layout_pi3789_d3788
3585,3789,layout_pi3790_d3789
3586,3791,layout_pi3792_d3791
3587,3792,layout_pi3793_d3792
3588,3793,layout_pi3794_d3793
3589,3795,layout_pi3796_d3795
3590,3796,layout_pi3797_d3796
3591,3797,layout_pi3798_d3797
3592,3798,layout_pi3799_d3798
3593,3799,layout_pi3800_d3799
3594,3800,layout_pi3801_d3800
3595,3801,layout_pi3802_d3801
3596,3802,layout_pi3803_d3802
3597,3803,layout_pi3804_d3803
3598,3804,layout_pi3805_d3804
3599,3805,layout_pi3806_d3805
3600,3806,layout_pi3807_d3806
3601,3807,layout_pi3808_d3807
3602,3809,layout_pi3810_d3809
3603,3810,layout_pi3811_d3810
3604,3811,layout_pi3812_d3811
3605,3813,layout_pi3814_d3813
3606,3814,layout_pi3815_d3814
3607,3815,layout_pi3816_d3815
3608,3816,layout_pi3817_d3816
3609,3817,layout_pi3818_d3817
3610,3818,layout_pi3819_d3818
3611,3819,layout_pi3820_d3819
3612,3820,layout_pi3821_d3820
3613,3821,layout_pi3822_d3821
3614,3822,layout_pi3823_d3822
3615,3823,layout_pi3824_d3823
3616,3824,layout_pi3825_d3824
3617,3825,layout_pi3826_d3825
3618,3826,layout_pi3827_d3826
3619,3827,layout_pi3828_d3827
3620,3828,layout_pi3829_d3828
3621,3829,layout_pi3830_d3829
3622,3830,layout_pi3831_d3830
3623,3831,layout_pi3832_d3831
3624,3832,layout_pi3833_d3832
3625,3833,layout_pi3834_d3833
3626,3834,layout_pi3835_d3834
3627,3835,layout_pi3836_d3835
3628,3836,layout_pi3837_d3836
3629,3837,layout_pi3838_d3837
3630,3838,layout_pi3839_d3838
3631,3840,layout_pi3841_d3840
3632,3841,layout_pi3842_d3841
3633,3842,layout_pi3843_d3842
3634,3843,layout_pi3844_d3843
3635,3844,layout_pi3845_d3844
3636,3845,layout_pi3846_d3845
3637,3846,layout_pi3847_d3846
3638,3847,layout_pi3848_d3847
3639,3848,layout_pi3849_d3848
3640,3849,layout_pi3850_d3849
3641,3851,layout_pi3852_d3851
3642,3852,layout_pi3853_d3852
3643,3854,layout_pi3855_d3854
3644,3855,layout_pi3856_d3855
3645,3856,layout_pi3857_d3856
3646,3857,layout_pi3858_d3857
3647,3858,layout_pi3859_d3858
3648,3859,layout_pi3860_d3859
3649,3860,layout_pi3861_d3860
3650,3861,layout_pi3862_d3861
3651,3862,layout_pi3863_d3862
3652,3863,layout_pi3864_d3863
3653,3864,layout_pi3865_d3864
3654,3865,layout_pi3866_d3865
3655,3866,layout_pi3867_d3866
3656,3867,layout_pi3868_d3867
3657,3868,layout_pi3869_d3868
3658,3869,layout_pi3870_d3869
3659,3870,layout_pi3871_d3870
3660,3871,layout_pi3872_d3871
3661,3872,layout_pi3873_d3872
3662,3873,layout_pi3874_d3873
3663,3874,layout_pi3875_d3874
3664,3875,layout_pi3876_d3875
3665,3876,layout_pi3877_d3876
3666,3877,layout_pi3878_d3877
3667,3878,layout_pi3879_d3878
3668,3879,layout_pi3880_d3879
3669,3880,layout_pi3881_d3880
3670,3881,layout_pi3882_d3881
3671,3882,layout_pi3883_d3882
3672,3883,layout_pi3884_d3883
3673,3884,layout_pi3885_d3884
3674,3885,layout_pi3886_d3885
3675,3886,layout_pi3887_d3886
3676,3887,layout_pi3888_d3887
3677,3889,layout_pi3890_d3889
3678,3890,layout_pi3891_d3890
3679,3891,layout_pi3892_d3891
3680,3892,layout_pi3893_d3892
3681,3893,layout_pi3894_d3893
3682,3894,layout_pi3895_d3894
3683,3895,layout_pi3896_d3895
3684,3896,layout_pi3897_d3896
3685,3897,layout_pi3898_d3897
3686,3898,layout_pi3899_d3898
3687,3899,layout_pi3900_d3899
3688,3900,layout_pi3901_d3900
3689,3901,layout_pi3902_d3901
3690,3902,layout_pi3903_d3902
3691,3903,layout_pi3904_d3903
3692,3904,layout_pi3905_d3904
3693,3905,layout_pi3906_d3905
3694,3906,layout_pi3907_d3906
3695,3907,layout_pi3908_d3907
3696,3908,layout_pi3909_d3908
3697,3909,layout_pi3910_d3909
3698,3910,layout_pi3911_d3910
3699,3911,layout_pi3912_d3911
3700,3912,layout_pi3913_d3912
3701,3913,layout_pi3914_d3913
3702,3914,layout_pi3915_d3914
3703,3916,layout_pi3917_d3916
3704,3917,layout_pi3918_d3917
3705,3918,layout_pi3919_d3918
3706,3919,layout_pi3920_d3919
3707,3920,layout_pi3921_d3920
3708,3921,layout_pi3922_d3921
3709,3923,layout_pi3924_d3923
3710,3924,layout_pi3925_d3924
3711,3925,layout_pi3926_d3925
3712,3926,layout_pi3927_d3926
3713,3927,layout_pi3928_d3927
3714,3928,layout_pi3929_d3928
3715,3929,layout_pi3930_d3929
3716,3930,layout_pi3931_d3930
3717,3931,layout_pi3932_d3931
3718,3932,layout_pi3933_d3932
3719,3933,layout_pi3934_d3933
3720,3934,layout_pi3935_d3934
3721,3935,layout_pi3936_d3935
3722,3936,layout_pi3937_d3936
3723,3937,layout_pi3938_d3937
3724,3938,layout_pi3939_d3938
3725,3939,layout_pi3940_d3939
3726,3940,layout_pi3941_d3940
3727,3941,layout_pi3942_d3941
3728,3942,layout_pi3943_d3942
3729,3943,layout_pi3944_d3943
3730,3944,layout_pi3945_d3944
3731,3945,layout_pi3946_d3945
3732,3946,layout_pi3947_d3946
3733,3947,layout_pi3948_d3947
3734,3948,layout_pi3949_d3948
3735,3949,layout_pi3950_d3949
3736,3950,layout_pi3951_d3950
3737,3951,layout_pi3952_d3951
3738,3952,layout_pi3953_d3952
3739,3953,layout_pi3954_d3953
3740,3954,layout_pi3955_d3954
3741,3955,layout_pi3956_d3955
3742,3956,layout_pi3957_d3956
3743,3957,layout_pi3958_d3957
3744,3958,layout_pi3959_d3958
3745,3959,layout_pi3960_d3959
3746,3960,layout_pi3961_d3960
3747,3961,layout_pi3962_d3961
3748,3962,layout_pi3963_d3962
3749,3963,layout_pi3964_d3963
3750,3964,layout_pi3965_d3964
3751,3966,layout_pi3967_d3966
3752,3967,layout_pi3968_d3967
3753,3969,layout_pi3970_d3969
3754,3970,layout_pi3971_d3970
3755,3971,layout_pi3972_d3971
3756,3972,layout_pi3973_d3972
3757,3973,layout_pi3974_d3973
3758,3974,layout_pi3975_d3974
3759,3975,layout_pi3976_d3975
3760,3976,layout_pi3977_d3976
3761,3977,layout_pi3978_d3977
3762,3978,layout_pi3979_d3978
3763,3979,layout_pi3980_d3979
3764,3980,layout_pi3981_d3980
3765,3981,layout_pi3982_d3981
3766,3982,layout_pi3983_d3982
3767,3984,layout_pi3985_d3984
3768,3985,layout_pi3986_d3985
3769,3986,layout_pi3987_d3986
3770,3987,layout_pi3988_d3987
3771,3988,layout_pi3989_d3988
3772,3989,layout_pi3990_d3989
3773,3990,layout_pi3991_d3990
3774,3991,layout_pi3992_d3991
3775,3992,layout_pi3993_d3992
3776,3993,layout_pi3994_d3993
3777,3994,layout_pi3995_d3994
3778,3995,layout_pi3996_d3995
3779,3996,layout_pi3997_d3996
3780,3997,layout_pi3998_d3997
3781,3998,layout_pi3999_d3998
3782,3999,layout_pi4000_d3999
3783,4000,layout_pi4001_d4000
3784,4001,layout_pi4002_d4001
3785,4002,layout_pi4003_d4002
3786,4003,layout_pi4004_d4003
3787,4004,layout_pi4005_d4004
3788,4005,layout_pi4006_d4005
3789,4006,layout_pi4007_d4006
3790,4007,layout_pi4008_d4007
3791,4008,layout_pi4009_d4008
3792,4009,layout_pi4010_d4009
3793,4010,layout_pi4011_d4010
3794,4011,layout_pi4012_d4011
3795,4013,layout_pi4014_d4013
3796,4014,layout_pi4015_d4014
3797,4015,layout_pi4016_d4015
3798,4016,layout_pi4017_d4016
3799,4017,layout_pi4018_d4017
3800,4018,layout_pi4019_d4018
3801,4019,layout_pi4020_d4019
3802,4020,layout_pi4021_d4020
3803,4021,layout_pi4022_d4021
3804,4022,layout_pi4023_d4022
3805,4023,layout_pi4024_d4023
3806,4024,layout_pi4025_d4024
3807,4025,layout_pi4026_d4025
3808,4026,layout_pi4027_d4026
3809,4027,layout_pi4028_d4027
3810,4028,layout_pi4029_d4028
3811,4029,layout_pi4030_d4029
3812,4030,layout_pi4031_d4030
3813,4031,layout_pi4032_d4031
3814,4032,layout_pi4033_d4032
3815,4033,layout_pi4034_d4033
3816,4034,layout_pi4035_d4034
3817,4036,layout_pi4037_d4036
3818,4037,layout_pi4038_d4037
3819,4038,layout_pi4039_d4038
3820,4039,layout_pi4040_d4039
3821,4040,layout_pi4041_d4040
3822,4041,layout_pi4042_d4041
3823,4042,layout_pi4043_d4042
3824,4043,layout_pi4044_d4043
3825,4044,layout_pi4045_d4044
3826,4045,layout_pi4046_d4045
3827,4046,layout_pi4047_d4046
3828,4047,layout_pi4048_d4047
3829,4048,layout_pi4049_d4048
3830,4049,layout_pi4050_d4049
3831,4050,layout_pi4051_d4050
3832,4051,layout_pi4052_d4051
3833,4052,layout_pi4053_d4052
3834,4053,layout_pi4054_d4053
3835,4054,layout_pi4055_d4054
3836,4055,layout_pi4056_d4055
3837,4057,layout_pi4058_d4057
3838,4058,layout_pi4059_d4058
3839,4059,layout_pi4060_d4059
3840,4062,layout_pi4063_d4062
3841,4064,layout_pi4065_d4064
3842,4065,layout_pi4066_d4065
3843,4066,layout_pi4067_d4066
3844,4067,layout_pi4068_d4067
3845,4068,layout_pi4069_d4068
3846,4069,layout_pi4070_d4069
3847,4070,layout_pi4071_d4070
3848,4071,layout_pi4072_d4071
3849,4072,layout_pi4073_d4072
3850,4074,layout_pi4075_d4074
3851,4075,layout_pi4076_d4075
3852,4076,layout_pi4077_d4076
3853,4077,layout_pi4078_d4077
3854,4078,layout_pi4079_d4078
3855,4079,layout_pi4080_d4079
3856,4080,layout_pi4081_d4080
3857,4081,layout_pi4082_d4081
3858,4083,layout_pi4084_d4083
3859,4084,layout_pi4085_d4084
3860,4085,layout_pi4086_d4085
3861,4086,layout_pi4087_d4086
3862,4087,layout_pi4088_d4087
3863,4088,layout_pi4089_d4088
3864,4089,layout_pi4090_d4089
3865,4090,layout_pi4091_d4090
3866,4093,layout_pi4094_d4093
3867,4095,layout_pi4096_d4095
3868,4096,layout_pi4097_d4096
3869,4097,layout_pi4098_d4097
3870,4098,layout_pi4099_d4098
3871,4099,layout_pi4100_d4099
3872,4100,layout_pi4101_d4100
3873,4101,layout_pi4102_d4101
3874,4102,layout_pi4103_d4102
3875,4103,layout_pi4104_d4103
3876,4104,layout_pi4105_d4104
3877,4105,layout_pi4106_d4105
3878,4106,layout_pi4107_d4106
3879,4107,layout_pi4108_d4107
3880,4108,layout_pi4109_d4108
3881,4109,layout_pi4110_d4109
3882,4110,layout_pi4111_d4110
3883,4111,layout_pi4112_d4111
3884,4112,layout_pi4113_d4112
3885,4113,layout_pi4114_d4113
3886,4114,layout_pi4115_d4114
3887,4115,layout_pi4116_d4115
3888,4116,layout_pi4117_d4116
3889,4117,layout_pi4118_d4117
3890,4119,layout_pi4120_d4119
3891,4121,layout_pi4122_d4121
3892,4122,layout_pi4123_d4122
3893,4123,layout_pi4124_d4123
3894,4124,layout_pi4125_d4124
3895,4125,layout_pi4126_d4125
3896,4127,layout_pi4128_d4127
3897,4128,layout_pi4129_d4128
3898,4129,layout_pi4130_d4129
3899,4130,layout_pi4131_d4130
3900,4131,layout_pi4132_d4131
3901,4133,layout_pi4134_d4133
3902,4134,layout_pi4135_d4134
3903,4135,layout_pi4136_d4135
3904,4136,layout_pi4137_d4136
3905,4137,layout_pi4138_d4137
3906,4138,layout_pi4139_d4138
3907,4139,layout_pi4140_d4139
3908,4140,layout_pi4141_d4140
3909,4141,layout_pi4142_d4141
3910,4142,layout_pi4143_d4142
3911,4144,layout_pi4145_d4144
3912,4145,layout_pi4146_d4145
3913,4146,layout_pi4147_d4146
3914,4147,layout_pi4148_d4147
3915,4148,layout_pi4149_d4148
3916,4149,layout_pi4150_d4149
3917,4150,layout_pi4151_d4150
3918,4151,layout_pi4152_d4151
3919,4152,layout_pi4153_d4152
3920,4153,layout_pi4154_d4153
3921,4154,layout_pi4155_d4154
3922,4156,layout_pi4157_d4156
3923,4157,layout_pi4158_d4157
3924,4158,layout_pi4159_d4158
3925,4159,layout_pi4160_d4159
3926,4160,layout_pi4161_d4160
3927,4162,layout_pi4163_d4162
3928,4163,layout_pi4164_d4163
3929,4164,layout_pi4165_d4164
3930,4165,layout_pi4166_d4165
3931,4166,layout_pi4167_d4166
3932,4168,layout_pi4169_d4168
3933,4169,layout_pi4170_d4169
3934,4170,layout_pi4171_d4170
3935,4171,layout_pi4172_d4171
3936,4173,layout_pi4174_d4173
3937,4174,layout_pi4175_d4174
3938,4175,layout_pi4176_d4175
3939,4176,layout_pi4177_d4176
3940,4177,layout_pi4178_d4177
3941,4178,layout_pi4179_d4178
3942,4179,layout_pi4180_d4179
3943,4180,layout_pi4181_d4180
3944,4182,layout_pi4183_d4182
3945,4184,layout_pi4185_d4184
3946,4185,layout_pi4186_d4185
3947,4187,layout_pi4188_d4187
3948,4188,layout_pi4189_d4188
3949,4189,layout_pi4190_d4189
3950,4190,layout_pi4191_d4190
3951,4191,layout_pi4192_d4191
3952,4192,layout_pi4193_d4192
3953,4193,layout_pi4194_d4193
3954,4195,layout_pi4196_d4195
3955,4196,layout_pi4197_d4196
3956,4197,layout_pi4198_d4197
3957,4198,layout_pi4199_d4198
3958,4199,layout_pi4200_d4199
3959,4200,layout_pi4201_d4200
3960,4201,layout_pi4202_d4201
3961,4202,layout_pi4203_d4202
3962,4203,layout_pi4204_d4203
3963,4204,layout_pi4205_d4204
3964,4205,layout_pi4206_d4205
3965,4206,layout_pi4207_d4206
3966,4207,layout_pi4208_d4207
3967,4208,layout_pi4209_d4208
3968,4209,layout_pi4210_d4209
3969,4210,layout_pi4211_d4210
3970,4211,layout_pi4212_d4211
3971,4212,layout_pi4213_d4212
3972,4213,layout_pi4214_d4213
3973,4214,layout_pi4215_d4214
3974,4215,layout_pi4216_d4215
3975,4216,layout_pi4217_d4216
3976,4219,layout_pi4220_d4219
3977,4220,layout_pi4221_d4220
3978,4221,layout_pi4222_d4221
3979,4222,layout_pi4223_d4222
3980,4223,layout_pi4224_d4223
3981,4224,layout_pi4225_d4224
3982,4225,layout_pi4226_d4225
3983,4226,layout_pi4227_d4226
3984,4227,layout_pi4228_d4227
3985,4228,layout_pi4229_d4228
3986,4229,layout_pi4230_d4229
3987,4230,layout_pi4231_d4230
3988,4231,layout_pi4232_d4231
3989,4232,layout_pi4233_d4232
3990,4233,layout_pi4234_d4233
3991,4234,layout_pi4235_d4234
3992,4235,layout_pi4236_d4235
3993,4236,layout_pi4237_d4236
3994,4237,layout_pi4238_d4237
3995,4240,layout_pi4241_d4240
3996,4241,layout_pi4242_d4241
3997,4242,layout_pi4243_d4242
3998,4243,layout_pi4244_d4243
3999,4244,layout_pi4245_d4244
4000,4245,layout_pi4246_d4245
4001,4246,layout_pi4247_d4246
4002,4247,layout_pi4248_d4247
4003,4248,layout_pi4249_d4248
4004,4249,layout_pi4250_d4249
4005,4250,layout_pi4251_d4250
4006,4251,layout_pi4252_d4251
4007,4252,layout_pi4253_d4252
4008,4253,layout_pi4254_d4253
4009,4254,layout_pi4255_d4254
4010,4255,layout_pi4256_d4255
4011,4257,layout_pi4258_d4257
4012,4258,layout_pi4259_d4258
4013,4259,layout_pi4260_d4259
4014,4260,layout_pi4261_d4260
4015,4261,layout_pi4262_d4261
4016,4262,layout_pi4263_d4262
4017,4264,layout_pi4265_d4264
4018,4265,layout_pi4266_d4265
4019,4266,layout_pi4267_d4266
4020,4267,layout_pi4268_d4267
4021,4269,layout_pi4270_d4269
4022,4270,layout_pi4271_d4270
4023,4271,layout_pi4272_d4271
4024,4272,layout_pi4273_d4272
4025,4273,layout_pi4274_d4273
4026,4274,layout_pi4275_d4274
4027,4275,layout_pi4276_d4275
4028,4276,layout_pi4277_d4276
4029,4277,layout_pi4278_d4277
4030,4278,layout_pi4279_d4278
4031,4279,layout_pi4280_d4279
4032,4280,layout_pi4281_d4280
4033,4281,layout_pi4282_d4281
4034,4282,layout_pi4283_d4282
4035,4283,layout_pi4284_d4283
4036,4284,layout_pi4285_d4284
4037,4285,layout_pi4286_d4285
4038,4286,layout_pi4287_d4286
4039,4287,layout_pi4288_d4287
4040,4288,layout_pi4289_d4288
4041,4289,layout_pi4290_d4289
4042,4290,layout_pi4291_d4290
4043,4292,layout_pi4293_d4292
4044,4293,layout_pi4294_d4293
4045,4295,layout_pi4296_d4295
4046,4296,layout_pi4297_d4296
4047,4297,layout_pi4298_d4297
4048,4298,layout_pi4299_d4298
4049,4299,layout_pi4300_d4299
4050,4300,layout_pi4301_d4300
4051,4301,layout_pi4302_d4301
4052,4302,layout_pi4303_d4302
4053,4303,layout_pi4304_d4303
4054,4304,layout_pi4305_d4304
4055,4305,layout_pi4306_d4305
4056,4306,layout_pi4307_d4306
4057,4307,layout_pi4308_d4307
4058,4309,layout_pi4310_d4309
4059,4310,layout_pi4311_d4310
4060,4311,layout_pi4312_d4311
4061,4312,layout_pi4313_d4312
4062,4313,layout_pi4314_d4313
4063,4314,layout_pi4315_d4314
4064,4316,layout_pi4317_d4316
4065,4317,layout_pi4318_d4317
4066,4318,layout_pi4319_d4318
4067,4319,layout_pi4320_d4319
4068,4320,layout_pi4321_d4320
4069,4323,layout_pi4324_d4323
4070,4325,layout_pi4326_d4325
4071,4326,layout_pi4327_d4326
4072,4327,layout_pi4328_d4327
4073,4328,layout_pi4329_d4328
4074,4329,layout_pi4330_d4329
4075,4330,layout_pi4331_d4330
4076,4331,layout_pi4332_d4331
4077,4332,layout_pi4333_d4332
4078,4334,layout_pi4335_d4334
4079,4335,layout_pi4336_d4335
4080,4336,layout_pi4337_d4336
4081,4337,layout_pi4338_d4337
4082,4338,layout_pi4339_d4338
4083,4339,layout_pi4340_d4339
4084,4340,layout_pi4341_d4340
4085,4341,layout_pi4342_d4341
4086,4342,layout_pi4343_d4342
4087,4344,layout_pi4345_d4344
4088,4345,layout_pi4346_d4345
4089,4346,layout_pi4347_d4346
4090,4347,layout_pi4348_d4347
4091,4348,layout_pi4349_d4348
4092,4349,layout_pi4350_d4349
4093,4350,layout_pi4351_d4350
4094,4351,layout_pi4352_d4351
4095,4353,layout_pi4354_d4353
4096,4354,layout_pi4355_d4354
4097,4355,layout_pi4356_d4355
4098,4356,layout_pi4357_d4356
4099,4357,layout_pi4358_d4357
4100,4358,layout_pi4359_d4358
4101,4359,layout_pi4360_d4359
4102,4360,layout_pi4361_d4360
4103,4361,layout_pi4362_d4361
4104,4362,layout_pi4363_d4362
4105,4363,layout_pi4364_d4363
4106,4364,layout_pi4365_d4364
4107,4365,layout_pi4366_d4365
4108,4366,layout_pi4367_d4366
4109,4367,layout_pi4368_d4367
4110,4368,layout_pi4369_d4368
4111,4369,layout_pi4370_d4369
4112,4370,layout_pi4371_d4370
4113,4371,layout_pi4372_d4371
4114,4372,layout_pi4373_d4372
4115,4373,layout_pi4374_d4373
4116,4374,layout_pi4375_d4374
4117,4375,layout_pi4376_d4375
4118,4376,layout_pi4377_d4376
4119,4377,layout_pi4378_d4377
4120,4379,layout_pi4380_d4379
4121,4380,layout_pi4381_d4380
4122,4381,layout_pi4382_d4381
4123,4382,layout_pi4383_d4382
4124,4383,layout_pi4384_d4383
4125,4384,layout_pi4385_d4384
4126,4385,layout_pi4386_d4385
4127,4386,layout_pi4387_d4386
4128,4387,layout_pi4388_d4387
4129,4388,layout_pi4389_d4388
4130,4389,layout_pi4390_d4389
4131,4390,layout_pi4391_d4390
4132,4391,layout_pi4392_d4391
4133,4392,layout_pi4393_d4392
4134,4393,layout_pi4394_d4393
4135,4394,layout_pi4395_d4394
4136,4395,layout_pi4396_d4395
4137,4396,layout_pi4397_d4396
4138,4397,layout_pi4398_d4397
4139,4398,layout_pi4399_d4398
4140,4399,layout_pi4400_d4399
4141,4400,layout_pi4401_d4400
4142,4401,layout_pi4402_d4401
4143,4402,layout_pi4403_d4402
4144,4403,layout_pi4404_d4403
4145,4404,layout_pi4405_d4404
4146,4405,layout_pi4406_d4405
4147,4406,layout_pi4407_d4406
4148,4407,layout_pi4408_d4407
4149,4408,layout_pi4409_d4408
4150,4409,layout_pi4410_d4409
4151,4411,layout_pi4412_d4411
4152,4412,layout_pi4413_d4412
4153,4413,layout_pi4414_d4413
4154,4414,layout_pi4415_d4414
4155,4415,layout_pi4416_d4415
4156,4416,layout_pi4417_d4416
4157,4417,layout_pi4418_d4417
4158,4419,layout_pi4420_d4419
4159,4420,layout_pi4421_d4420
4160,4421,layout_pi4422_d4421
4161,4422,layout_pi4423_d4422
4162,4424,layout_pi4425_d4424
4163,4425,layout_pi4426_d4425
4164,4426,layout_pi4427_d4426
4165,4427,layout_pi4428_d4427
4166,4428,layout_pi4429_d4428
4167,4430,layout_pi4431_d4430
4168,4431,layout_pi4432_d4431
4169,4432,layout_pi4433_d4432
4170,4433,layout_pi4434_d4433
4171,4434,layout_pi4435_d4434
4172,4435,layout_pi4436_d4435
4173,4437,layout_pi4438_d4437
4174,4438,layout_pi4439_d4438
4175,4439,layout_pi4440_d4439
4176,4440,layout_pi4441_d4440
4177,4441,layout_pi4442_d4441
4178,4442,layout_pi4443_d4442
4179,4443,layout_pi4444_d4443
4180,4444,layout_pi4445_d4444
4181,4445,layout_pi4446_d4445
4182,4446,layout_pi4447_d4446
4183,4447,layout_pi4448_d4447
4184,4448,layout_pi4449_d4448
4185,4450,layout_pi4451_d4450
4186,4451,layout_pi4452_d4451
4187,4452,layout_pi4453_d4452
4188,4454,layout_pi4455_d4454
4189,4455,layout_pi4456_d4455
4190,4456,layout_pi4457_d4456
4191,4457,layout_pi4458_d4457
4192,4458,layout_pi4459_d4458
4193,4459,layout_pi4460_d4459
4194,4460,layout_pi4461_d4460
4195,4462,layout_pi4463_d4462
4196,4464,layout_pi4465_d4464
4197,4467,layout_pi4468_d4467
4198,4468,layout_pi4469_d4468
4199,4469,layout_pi4470_d4469
4200,4470,layout_pi4471_d4470
4201,4471,layout_pi4472_d4471
4202,4472,layout_pi4473_d4472
4203,4473,layout_pi4474_d4473
4204,4474,layout_pi4475_d4474
4205,4475,layout_pi4476_d4475
4206,4476,layout_pi4477_d4476
4207,4477,layout_pi4478_d4477
4208,4478,layout_pi4479_d4478
4209,4479,layout_pi4480_d4479
4210,4480,layout_pi4481_d4480
4211,4482,layout_pi4483_d4482
4212,4483,layout_pi4484_d4483
4213,4484,layout_pi4485_d4484
4214,4485,layout_pi4486_d4485
4215,4486,layout_pi4487_d4486
4216,4487,layout_pi4488_d4487
4217,4488,layout_pi4489_d4488
4218,4489,layout_pi4490_d4489
4219,4490,layout_pi4491_d4490
4220,4491,layout_pi4492_d4491
4221,4493,layout_pi4494_d4493
4222,4494,layout_pi4495_d4494
4223,4495,layout_pi4496_d4495
4224,4497,layout_pi4498_d4497
4225,4498,layout_pi4499_d4498
4226,4500,layout_pi4501_d4500
4227,4501,layout_pi4502_d4501
4228,4502,layout_pi4503_d4502
4229,4503,layout_pi4504_d4503
4230,4504,layout_pi4505_d4504
4231,4508,layout_pi4509_d4508
4232,4509,layout_pi4510_d4509
4233,4510,layout_pi4511_d4510
4234,4511,layout_pi4512_d4511
4235,4512,layout_pi4513_d4512
4236,4513,layout_pi4514_d4513
4237,4514,layout_pi4515_d4514
4238,4515,layout_pi4516_d4515
4239,4516,layout_pi4517_d4516
4240,4518,layout_pi4519_d4518
4241,4519,layout_pi4520_d4519
4242,4520,layout_pi4521_d4520
4243,4521,layout_pi4522_d4521
4244,4522,layout_pi4523_d4522
4245,4523,layout_pi4524_d4523
4246,4524,layout_pi4525_d4524
4247,4525,layout_pi4526_d4525
4248,4526,layout_pi4527_d4526
4249,4527,layout_pi4528_d4527
4250,4528,layout_pi4529_d4528
4251,4529,layout_pi4530_d4529
4252,4530,layout_pi4531_d4530
4253,4531,layout_pi4532_d4531
4254,4532,layout_pi4533_d4532
4255,4533,layout_pi4534_d4533
4256,4534,layout_pi4535_d4534
4257,4535,layout_pi4536_d4535
4258,4536,layout_pi4537_d4536
4259,4537,layout_pi4538_d4537
4260,4539,layout_pi4540_d4539
4261,4540,layout_pi4541_d4540
4262,4541,layout_pi4542_d4541
4263,4542,layout_pi4543_d4542
4264,4543,layout_pi4544_d4543
4265,4547,layout_pi4548_d4547
4266,4548,layout_pi4549_d4548
4267,4549,layout_pi4550_d4549
4268,4550,layout_pi4551_d4550
4269,4551,layout_pi4552_d4551
4270,4552,layout_pi4553_d4552
4271,4553,layout_pi4554_d4553
4272,4554,layout_pi4555_d4554
4273,4555,layout_pi4556_d4555
4274,4556,layout_pi4557_d4556
4275,4557,layout_pi4558_d4557
4276,4558,layout_pi4559_d4558
4277,4560,layout_pi4561_d4560
4278,4562,layout_pi4563_d4562
4279,4563,layout_pi4564_d4563
4280,4564,layout_pi4565_d4564
4281,4565,layout_pi4566_d4565
4282,4566,layout_pi4567_d4566
4283,4567,layout_pi4568_d4567
4284,4568,layout_pi4569_d4568
4285,4569,layout_pi4570_d4569
4286,4570,layout_pi4571_d4570
4287,4571,layout_pi4572_d4571
4288,4572,layout_pi4573_d4572
4289,4573,layout_pi4574_d4573
4290,4574,layout_pi4575_d4574
4291,4575,layout_pi4576_d4575
4292,4576,layout_pi4577_d4576
4293,4577,layout_pi4578_d4577
4294,4578,layout_pi4579_d4578
4295,4579,layout_pi4580_d4579
4296,4580,layout_pi4581_d4580
4297,4581,layout_pi4582_d4581
4298,4582,layout_pi4583_d4582
4299,4583,layout_pi4584_d4583
4300,4584,layout_pi4585_d4584
4301,4585,layout_pi4586_d4585
4302,4586,layout_pi4587_d4586
4303,4587,layout_pi4588_d4587
4304,4588,layout_pi4589_d4588
4305,4589,layout_pi4590_d4589
4306,4590,layout_pi4591_d4590
4307,4591,layout_pi4592_d4591
4308,4592,layout_pi4593_d4592
4309,4593,layout_pi4594_d4593
4310,4594,layout_pi4595_d4594
4311,4595,layout_pi4596_d4595
4312,4597,layout_pi4598_d4597
4313,4599,layout_pi4600_d4599
4314,4600,layout_pi4601_d4600
4315,4601,layout_pi4602_d4601
4316,4602,layout_pi4603_d4602
4317,4603,layout_pi4604_d4603
4318,4604,layout_pi4605_d4604
4319,4605,layout_pi4606_d4605
4320,4606,layout_pi4607_d4606
4321,4608,layout_pi4609_d4608
4322,4609,layout_pi4610_d4609
4323,4610,layout_pi4611_d4610
4324,4611,layout_pi4612_d4611
4325,4612,layout_pi4613_d4612
4326,4613,layout_pi4614_d4613
4327,4614,layout_pi4615_d4614
4328,4616,layout_pi4617_d4616
4329,4617,layout_pi4618_d4617
4330,4618,layout_pi4619_d4618
4331,4619,layout_pi4620_d4619
4332,4620,layout_pi4621_d4620
4333,4621,layout_pi4622_d4621
4334,4622,layout_pi4623_d4622
4335,4623,layout_pi4624_d4623
4336,4624,layout_pi4625_d4624
4337,4625,layout_pi4626_d4625
4338,4627,layout_pi4628_d4627
4339,4628,layout_pi4629_d4628
4340,4629,layout_pi4630_d4629
4341,4630,layout_pi4631_d4630
4342,4631,layout_pi4632_d4631
4343,4632,layout_pi4633_d4632
4344,4633,layout_pi4634_d4633
4345,4634,layout_pi4635_d4634
4346,4635,layout_pi4636_d4635
4347,4636,layout_pi4637_d4636
4348,4637,layout_pi4638_d4637
4349,4638,layout_pi4639_d4638
4350,4639,layout_pi4640_d4639
4351,4641,layout_pi4642_d4641
4352,4642,layout_pi4643_d4642
4353,4643,layout_pi4644_d4643
4354,4644,layout_pi4645_d4644
4355,4645,layout_pi4646_d4645
4356,4646,layout_pi4647_d4646
4357,4647,layout_pi4648_d4647
4358,4648,layout_pi4649_d4648
4359,4649,layout_pi4650_d4649
4360,4651,layout_pi4652_d4651
4361,4652,layout_pi4653_d4652
4362,4653,layout_pi4654_d4653
4363,4654,layout_pi4655_d4654
4364,4655,layout_pi4656_d4655
4365,4656,layout_pi4657_d4656
4366,4657,layout_pi4658_d4657
4367,4658,layout_pi4659_d4658
4368,4659,layout_pi4660_d4659
4369,4660,layout_pi4661_d4660
4370,4661,layout_pi4662_d4661
4371,4662,layout_pi4663_d4662
4372,4663,layout_pi4664_d4663
4373,4664,layout_pi4665_d4664
4374,4665,layout_pi4666_d4665
4375,4666,layout_pi4667_d4666
4376,4667,layout_pi4668_d4667
4377,4668,layout_pi4669_d4668
4378,4669,layout_pi4670_d4669
4379,4670,layout_pi4671_d4670
4380,4671,layout_pi4672_d4671
4381,4672,layout_pi4673_d4672
4382,4674,layout_pi4675_d4674
4383,4675,layout_pi4676_d4675
4384,4676,layout_pi4677_d4676
4385,4678,layout_pi4679_d4678
4386,4679,layout_pi4680_d4679
4387,4680,layout_pi4681_d4680
4388,4681,layout_pi4682_d4681
4389,4682,layout_pi4683_d4682
4390,4684,layout_pi4685_d4684
4391,4685,layout_pi4686_d4685
4392,4686,layout_pi4687_d4686
4393,4687,layout_pi4688_d4687
4394,4688,layout_pi4689_d4688
4395,4689,layout_pi4690_d4689
4396,4690,layout_pi4691_d4690
4397,4691,layout_pi4692_d4691
4398,4692,layout_pi4693_d4692
4399,4693,layout_pi4694_d4693
4400,4694,layout_pi4695_d4694
4401,4695,layout_pi4696_d4695
4402,4698,layout_pi4699_d4698
4403,4699,layout_pi4700_d4699
4404,4701,layout_pi4702_d4701
4405,4702,layout_pi4703_d4702
4406,4703,layout_pi4704_d4703
4407,4704,layout_pi4705_d4704
4408,4705,layout_pi4706_d4705
4409,4706,layout_pi4707_d4706
4410,4707,layout_pi4708_d4707
4411,4708,layout_pi4709_d4708
4412,4709,layout_pi4710_d4709
4413,4710,layout_pi4711_d4710
4414,4711,layout_pi4712_d4711
4415,4712,layout_pi4713_d4712
4416,4713,layout_pi4714_d4713
4417,4714,layout_pi4715_d4714
4418,4715,layout_pi4716_d4715
4419,4716,layout_pi4717_d4716
4420,4717,layout_pi4718_d4717
4421,4718,layout_pi4719_d4718
4422,4721,layout_pi4722_d4721
4423,4722,layout_pi4723_d4722
4424,4723,layout_pi4724_d4723
4425,4724,layout_pi4725_d4724
4426,4725,layout_pi4726_d4725
4427,4726,layout_pi4727_d4726
4428,4727,layout_pi4728_d4727
4429,4728,layout_pi4729_d4728
4430,4729,layout_pi4730_d4729
4431,4730,layout_pi4731_d4730
4432,4731,layout_pi4732_d4731
4433,4732,layout_pi4733_d4732
4434,4733,layout_pi4734_d4733
4435,4734,layout_pi4735_d4734
4436,4735,layout_pi4736_d4735
4437,4736,layout_pi4737_d4736
4438,4737,layout_pi4738_d4737
4439,4738,layout_pi4739_d4738
4440,4739,layout_pi4740_d4739
4441,4740,layout_pi4741_d4740
4442,4741,layout_pi4742_d4741
4443,4742,layout_pi4743_d4742
4444,4743,layout_pi4744_d4743
4445,4744,layout_pi4745_d4744
4446,4745,layout_pi4746_d4745
4447,4746,layout_pi4747_d4746
4448,4747,layout_pi4748_d4747
4449,4748,layout_pi4749_d4748
4450,4749,layout_pi4750_d4749
4451,4750,layout_pi4751_d4750
4452,4751,layout_pi4752_d4751
4453,4752,layout_pi4753_d4752
4454,4753,layout_pi4754_d4753
4455,4754,layout_pi4755_d4754
4456,4755,layout_pi4756_d4755
4457,4756,layout_pi4757_d4756
4458,4757,layout_pi4758_d4757
4459,4758,layout_pi4759_d4758
4460,4759,layout_pi4760_d4759
4461,4760,layout_pi4761_d4760
4462,4761,layout_pi4762_d4761
4463,4762,layout_pi4763_d4762
4464,4763,layout_pi4764_d4763
4465,4764,layout_pi4765_d4764
4466,4765,layout_pi4766_d4765
4467,4766,layout_pi4767_d4766
4468,4767,layout_pi4768_d4767
4469,4768,layout_pi4769_d4768
4470,4769,layout_pi4770_d4769
4471,4770,layout_pi4771_d4770
4472,4771,layout_pi4772_d4771
4473,4773,layout_pi4774_d4773
4474,4777,layout_pi4778_d4777
4475,4778,layout_pi4779_d4778
4476,4779,layout_pi4780_d4779
4477,4780,layout_pi4781_d4780
4478,4781,layout_pi4782_d4781
4479,4782,layout_pi4783_d4782
4480,4783,layout_pi4784_d4783
4481,4784,layout_pi4785_d4784
4482,4785,layout_pi4786_d4785
4483,4786,layout_pi4787_d4786
4484,4788,layout_pi4789_d4788
4485,4789,layout_pi4790_d4789
4486,4790,layout_pi4791_d4790
4487,4791,layout_pi4792_d4791
4488,4792,layout_pi4793_d4792
4489,4793,layout_pi4794_d4793
4490,4794,layout_pi4795_d4794
4491,4795,layout_pi4796_d4795
4492,4796,layout_pi4797_d4796
4493,4797,layout_pi4798_d4797
4494,4798,layout_pi4799_d4798
4495,4800,layout_pi4801_d4800
4496,4801,layout_pi4802_d4801
4497,4802,layout_pi4803_d4802
4498,4803,layout_pi4804_d4803
4499,4804,layout_pi4805_d4804
4500,4805,layout_pi4806_d4805
4501,4806,layout_pi4807_d4806
4502,4807,layout_pi4808_d4807
4503,4808,layout_pi4809_d4808
4504,4809,layout_pi4810_d4809
4505,4810,layout_pi4811_d4810
4506,4811,layout_pi4812_d4811
4507,4812,layout_pi4813_d4812
4508,4813,layout_pi4814_d4813
4509,4814,layout_pi4815_d4814
4510,4815,layout_pi4816_d4815
4511,4817,layout_pi4818_d4817
4512,4818,layout_pi4819_d4818
4513,4819,layout_pi4820_d4819
4514,4820,layout_pi4821_d4820
4515,4821,layout_pi4822_d4821
4516,4822,layout_pi4823_d4822
4517,4823,layout_pi4824_d4823
4518,4824,layout_pi4825_d4824
4519,4825,layout_pi4826_d4825
4520,4826,layout_pi4827_d4826
4521,4827,layout_pi4828_d4827
4522,4828,layout_pi4829_d4828
4523,4829,layout_pi4830_d4829
4524,4830,layout_pi4831_d4830
4525,4831,layout_pi4832_d4831
4526,4832,layout_pi4833_d4832
4527,4833,layout_pi4834_d4833
4528,4834,layout_pi4835_d4834
4529,4835,layout_pi4836_d4835
4530,4836,layout_pi4837_d4836
4531,4837,layout_pi4838_d4837
4532,4838,layout_pi4839_d4838
4533,4839,layout_pi4840_d4839
4534,4840,layout_pi4841_d4840
4535,4841,layout_pi4842_d4841
4536,4842,layout_pi4843_d4842
4537,4843,layout_pi4844_d4843
4538,4844,layout_pi4845_d4844
4539,4845,layout_pi4846_d4845
4540,4847,layout_pi4848_d4847
4541,4848,layout_pi4849_d4848
4542,4850,layout_pi4851_d4850
4543,4851,layout_pi4852_d4851
4544,4852,layout_pi4853_d4852
4545,4853,layout_pi4854_d4853
4546,4854,layout_pi4855_d4854
4547,4856,layout_pi4857_d4856
4548,4857,layout_pi4858_d4857
4549,4858,layout_pi4859_d4858
4550,4859,layout_pi4860_d4859
4551,4860,layout_pi4861_d4860
4552,4861,layout_pi4862_d4861
4553,4862,layout_pi4863_d4862
4554,4863,layout_pi4864_d4863
4555,4864,layout_pi4865_d4864
4556,4866,layout_pi4867_d4866
4557,4867,layout_pi4868_d4867
4558,4868,layout_pi4869_d4868
4559,4869,layout_pi4870_d4869
4560,4870,layout_pi4871_d4870
4561,4871,layout_pi4872_d4871
4562,4872,layout_pi4873_d4872
4563,4874,layout_pi4875_d4874
4564,4875,layout_pi4876_d4875
4565,4876,layout_pi4877_d4876
4566,4877,layout_pi4878_d4877
4567,4878,layout_pi4879_d4878
4568,4879,layout_pi4880_d4879
4569,4880,layout_pi4881_d4880
4570,4881,layout_pi4882_d4881
4571,4882,layout_pi4883_d4882
4572,4883,layout_pi4884_d4883
4573,4884,layout_pi4885_d4884
4574,4885,layout_pi4886_d4885
4575,4886,layout_pi4887_d4886
4576,4887,layout_pi4888_d4887
4577,4888,layout_pi4889_d4888
4578,4889,layout_pi4890_d4889
4579,4891,layout_pi4892_d4891
4580,4892,layout_pi4893_d4892
4581,4893,layout_pi4894_d4893
4582,4894,layout_pi4895_d4894
4583,4895,layout_pi4896_d4895
4584,4896,layout_pi4897_d4896
4585,4897,layout_pi4898_d4897
4586,4898,layout_pi4899_d4898
4587,4899,layout_pi4900_d4899
4588,4900,layout_pi4901_d4900
4589,4901,layout_pi4902_d4901
4590,4902,layout_pi4903_d4902
4591,4903,layout_pi4904_d4903
4592,4904,layout_pi4905_d4904
4593,4905,layout_pi4906_d4905
4594,4906,layout_pi4907_d4906
4595,4907,layout_pi4908_d4907
4596,4908,layout_pi4909_d4908
4597,4909,layout_pi4910_d4909
4598,4910,layout_pi4911_d4910
4599,4911,layout_pi4912_d4911
4600,4912,layout_pi4913_d4912
4601,4913,layout_pi4914_d4913
4602,4914,layout_pi4915_d4914
4603,4915,layout_pi4916_d4915
4604,4916,layout_pi4917_d4916
4605,4917,layout_pi4918_d4917
4606,4918,layout_pi4919_d4918
4607,4919,layout_pi4920_d4919
4608,4920,layout_pi4921_d4920
4609,4921,layout_pi4922_d4921
4610,4922,layout_pi4923_d4922
4611,4923,layout_pi4924_d4923
4612,4924,layout_pi4925_d4924
4613,4926,layout_pi4927_d4926
4614,4927,layout_pi4928_d4927
4615,4928,layout_pi4929_d4928
4616,4929,layout_pi4930_d4929
4617,4930,layout_pi4931_d4930
4618,4931,layout_pi4932_d4931
4619,4932,layout_pi4933_d4932
4620,4933,layout_pi4934_d4933
4621,4934,layout_pi4935_d4934
4622,4935,layout_pi4936_d4935
4623,4936,layout_pi4937_d4936
4624,4937,layout_pi4938_d4937
4625,4939,layout_pi4940_d4939
4626,4940,layout_pi4941_d4940
4627,4941,layout_pi4942_d4941
4628,4942,layout_pi4943_d4942
4629,4943,layout_pi4944_d4943
4630,4944,layout_pi4945_d4944
4631,4945,layout_pi4946_d4945
4632,4946,layout_pi4947_d4946
4633,4947,layout_pi4948_d4947
4634,4948,layout_pi4949_d4948
4635,4949,layout_pi4950_d4949
4636,4950,layout_pi4951_d4950
4637,4951,layout_pi4952_d4951
4638,4952,layout_pi4953_d4952
4639,4953,layout_pi4954_d4953
4640,4954,layout_pi4955_d4954
4641,4955,layout_pi4956_d4955
4642,4956,layout_pi4957_d4956
4643,4957,layout_pi4958_d4957
4644,4958,layout_pi4959_d4958
4645,4960,layout_pi4961_d4960
4646,4961,layout_pi4962_d4961
4647,4962,layout_pi4963_d4962
4648,4963,layout_pi4964_d4963
4649,4964,layout_pi4965_d4964
4650,4965,layout_pi4966_d4965
4651,4966,layout_pi4967_d4966
4652,4967,layout_pi4968_d4967
4653,4968,layout_pi4969_d4968
4654,4969,layout_pi4970_d4969
4655,4970,layout_pi4971_d4970
4656,4971,layout_pi4972_d4971
4657,4972,layout_pi4973_d4972
4658,4973,layout_pi4974_d4973
4659,4975,layout_pi4976_d4975
4660,4976,layout_pi4977_d4976
4661,4977,layout_pi4978_d4977
4662,4978,layout_pi4979_d4978
4663,4979,layout_pi4980_d4979
4664,4980,layout_pi4981_d4980
4665,4981,layout_pi4982_d4981
4666,4982,layout_pi4983_d4982
4667,4983,layout_pi4984_d4983
4668,4985,layout_pi4986_d4985
4669,4986,layout_pi4987_d4986
4670,4987,layout_pi4988_d4987
4671,4988,layout_pi4989_d4988
4672,4989,layout_pi4990_d4989
4673,4990,layout_pi4991_d4990
4674,4991,layout_pi4992_d4991
4675,4992,layout_pi4993_d4992
4676,4993,layout_pi4994_d4993
4677,4994,layout_pi4995_d4994
4678,4995,layout_pi4996_d4995
4679,4996,layout_pi4997_d4996
4680,4997,layout_pi4998_d4997
4681,4998,layout_pi4999_d4998
4682,4999,layout_pi5000_d4999
4683,5000,layout_pi5001_d5000
4684,5001,layout_pi5002_d5001
4685,5002,layout_pi5003_d5002
4686,5003,layout_pi5004_d5003
4687,5004,layout_pi5005_d5004
4688,5006,layout_pi5007_d5006
4689,5007,layout_pi5008_d5007
4690,5008,layout_pi5009_d5008
4691,5010,layout_pi5011_d5010
4692,5011,layout_pi5012_d5011
4693,5012,layout_pi5013_d5012
4694,5014,layout_pi5015_d5014
4695,5015,layout_pi5016_d5015
4696,5016,layout_pi5017_d5016
4697,5018,layout_pi5019_d5018
4698,5019,layout_pi5020_d5019
4699,5020,layout_pi5021_d5020
4700,5021,layout_pi5022_d5021
4701,5022,layout_pi5023_d5022
4702,5023,layout_pi5024_d5023
4703,5024,layout_pi5025_d5024
4704,5026,layout_pi5027_d5026
4705,5027,layout_pi5028_d5027
4706,5028,layout_pi5029_d5028
4707,5031,layout_pi5032_d5031
4708,5032,layout_pi5033_d5032
4709,5033,layout_pi5034_d5033
4710,5034,layout_pi5035_d5034
4711,5035,layout_pi5036_d5035
4712,5036,layout_pi5037_d5036
4713,5037,layout_pi5038_d5037
4714,5038,layout_pi5039_d5038
4715,5039,layout_pi5040_d5039
4716,5040,layout_pi5041_d5040
4717,5042,layout_pi5043_d5042
4718,5043,layout_pi5044_d5043
4719,5044,layout_pi5045_d5044
4720,5045,layout_pi5046_d5045
4721,5046,layout_pi5047_d5046
4722,5047,layout_pi5048_d5047
4723,5048,layout_pi5049_d5048
4724,5051,layout_pi5052_d5051
4725,5052,layout_pi5053_d5052
4726,5053,layout_pi5054_d5053
4727,5054,layout_pi5055_d5054
4728,5055,layout_pi5056_d5055
4729,5056,layout_pi5057_d5056
4730,5058,layout_pi5059_d5058
4731,5059,layout_pi5060_d5059
4732,5060,layout_pi5061_d5060
4733,5061,layout_pi5062_d5061
4734,5062,layout_pi5063_d5062
4735,5063,layout_pi5064_d5063
4736,5064,layout_pi5065_d5064
4737,5065,layout_pi5066_d5065
4738,5066,layout_pi5067_d5066
4739,5067,layout_pi5068_d5067
4740,5068,layout_pi5069_d5068
4741,5069,layout_pi5070_d5069
4742,5070,layout_pi5071_d5070
4743,5072,layout_pi5073_d5072
4744,5074,layout_pi5075_d5074
4745,5075,layout_pi5076_d5075
4746,5077,layout_pi5078_d5077
4747,5078,layout_pi5079_d5078
4748,5079,layout_pi5080_d5079
4749,5080,layout_pi5081_d5080
4750,5081,layout_pi5082_d5081
4751,5083,layout_pi5084_d5083
4752,5084,layout_pi5085_d5084
4753,5087,layout_pi5088_d5087
4754,5088,layout_pi5089_d5088
4755,5089,layout_pi5090_d5089
4756,5090,layout_pi5091_d5090
4757,5091,layout_pi5092_d5091
4758,5092,layout_pi5093_d5092
4759,5093,layout_pi5094_d5093
4760,5094,layout_pi5095_d5094
4761,5096,layout_pi5097_d5096
4762,5097,layout_pi5098_d5097
4763,5098,layout_pi5099_d5098
4764,5099,layout_pi5100_d5099
4765,5100,layout_pi5101_d5100
4766,5101,layout_pi5102_d5101
4767,5102,layout_pi5103_d5102
4768,5103,layout_pi5104_d5103
4769,5104,layout_pi5105_d5104
4770,5106,layout_pi5107_d5106
4771,5107,layout_pi5108_d5107
4772,5108,layout_pi5109_d5108
4773,5109,layout_pi5110_d5109
4774,5110,layout_pi5111_d5110
4775,5111,layout_pi5112_d5111
4776,5112,layout_pi5113_d5112
4777,5113,layout_pi5114_d5113
4778,5114,layout_pi5115_d5114
4779,5115,layout_pi5116_d5115
4780,5116,layout_pi5117_d5116
4781,5117,layout_pi5118_d5117
4782,5118,layout_pi5119_d5118
4783,5119,layout_pi5120_d5119
4784,5120,layout_pi5121_d5120
4785,5121,layout_pi5122_d5121
4786,5122,layout_pi5123_d5122
4787,5123,layout_pi5124_d5123
4788,5124,layout_pi5125_d5124
4789,5125,layout_pi5126_d5125
4790,5126,layout_pi5127_d5126
4791,5127,layout_pi5128_d5127
4792,5128,layout_pi5129_d5128
4793,5129,layout_pi5130_d5129
4794,5130,layout_pi5131_d5130
4795,5131,layout_pi5132_d5131
4796,5132,layout_pi5133_d5132
4797,5133,layout_pi5134_d5133
4798,5134,layout_pi5135_d5134
4799,5135,layout_pi5136_d5135
4800,5136,layout_pi5137_d5136
4801,5137,layout_pi5138_d5137
4802,5138,layout_pi5139_d5138
4803,5139,layout_pi5140_d5139
4804,5140,layout_pi5141_d5140
4805,5141,layout_pi5142_d5141
4806,5142,layout_pi5143_d5142
4807,5143,layout_pi5144_d5143
4808,5144,layout_pi5145_d5144
4809,5145,layout_pi5146_d5145
4810,5146,layout_pi5147_d5146
4811,5147,layout_pi5148_d5147
4812,5148,layout_pi5149_d5148
4813,5149,layout_pi5150_d5149
4814,5150,layout_pi5151_d5150
4815,5151,layout_pi5152_d5151
4816,5152,layout_pi5153_d5152
4817,5154,layout_pi5155_d5154
4818,5155,layout_pi5156_d5155
4819,5156,layout_pi5157_d5156
4820,5157,layout_pi5158_d5157
4821,5158,layout_pi5159_d5158
4822,5159,layout_pi5160_d5159
4823,5160,layout_pi5161_d5160
4824,5161,layout_pi5162_d5161
4825,5164,layout_pi5165_d5164
4826,5165,layout_pi5166_d5165
4827,5166,layout_pi5167_d5166
4828,5167,layout_pi5168_d5167
4829,5168,layout_pi5169_d5168
4830,5169,layout_pi5170_d5169
4831,5170,layout_pi5171_d5170
4832,5171,layout_pi5172_d5171
4833,5172,layout_pi5173_d5172
4834,5173,layout_pi5174_d5173
4835,5174,layout_pi5175_d5174
4836,5175,layout_pi5176_d5175
4837,5176,layout_pi5177_d5176
4838,5177,layout_pi5178_d5177
4839,5178,layout_pi5179_d5178
4840,5179,layout_pi5180_d5179
4841,5180,layout_pi5181_d5180
4842,5182,layout_pi5183_d5182
4843,5184,layout_pi5185_d5184
4844,5185,layout_pi5186_d5185
4845,5186,layout_pi5187_d5186
4846,5187,layout_pi5188_d5187
4847,5188,layout_pi5189_d5188
4848,5189,layout_pi5190_d5189
4849,5190,layout_pi5191_d5190
4850,5192,layout_pi5193_d5192
4851,5193,layout_pi5194_d5193
4852,5194,layout_pi5195_d5194
4853,5195,layout_pi5196_d5195
4854,5196,layout_pi5197_d5196
4855,5197,layout_pi5198_d5197
4856,5198,layout_pi5199_d5198
4857,5199,layout_pi5200_d5199
4858,5202,layout_pi5203_d5202
4859,5203,layout_pi5204_d5203
4860,5204,layout_pi5205_d5204
4861,5205,layout_pi5206_d5205
4862,5206,layout_pi5207_d5206
4863,5207,layout_pi5208_d5207
4864,5208,layout_pi5209_d5208
4865,5209,layout_pi5210_d5209
4866,5210,layout_pi5211_d5210
4867,5211,layout_pi5212_d5211
4868,5212,layout_pi5213_d5212
4869,5213,layout_pi5214_d5213
4870,5214,layout_pi5215_d5214
4871,5215,layout_pi5216_d5215
4872,5216,layout_pi5217_d5216
4873,5218,layout_pi5219_d5218
4874,5220,layout_pi5221_d5220
4875,5221,layout_pi5222_d5221
4876,5222,layout_pi5223_d5222
4877,5223,layout_pi5224_d5223
4878,5224,layout_pi5225_d5224
4879,5225,layout_pi5226_d5225
4880,5226,layout_pi5227_d5226
4881,5227,layout_pi5228_d5227
4882,5228,layout_pi5229_d5228
4883,5229,layout_pi5230_d5229
4884,5230,layout_pi5231_d5230
4885,5231,layout_pi5232_d5231
4886,5232,layout_pi5233_d5232
4887,5233,layout_pi5234_d5233
4888,5234,layout_pi5235_d5234
4889,5235,layout_pi5236_d5235
4890,5236,layout_pi5237_d5236
4891,5237,layout_pi5238_d5237
4892,5239,layout_pi5240_d5239
4893,5242,layout_pi5243_d5242
4894,5244,layout_pi5245_d5244
4895,5245,layout_pi5246_d5245
4896,5246,layout_pi5247_d5246
4897,5247,layout_pi5248_d5247
4898,5248,layout_pi5249_d5248
4899,5249,layout_pi5250_d5249
4900,5250,layout_pi5251_d5250
4901,5251,layout_pi5252_d5251
4902,5252,layout_pi5253_d5252
4903,5253,layout_pi5254_d5253
4904,5254,layout_pi5255_d5254
4905,5255,layout_pi5256_d5255
4906,5256,layout_pi5257_d5256
4907,5257,layout_pi5258_d5257
4908,5258,layout_pi5259_d5258
4909,5259,layout_pi5260_d5259
4910,5260,layout_pi5261_d5260
4911,5261,layout_pi5262_d5261
4912,5262,layout_pi5263_d5262
4913,5263,layout_pi5264_d5263
4914,5264,layout_pi5265_d5264
4915,5265,layout_pi5266_d5265
4916,5266,layout_pi5267_d5266
4917,5267,layout_pi5268_d5267
4918,5269,layout_pi5270_d5269
4919,5271,layout_pi5272_d5271
4920,5272,layout_pi5273_d5272
4921,5273,layout_pi5274_d5273
4922,5275,layout_pi5276_d5275
4923,5276,layout_pi5277_d5276
4924,5277,layout_pi5278_d5277
4925,5278,layout_pi5279_d5278
4926,5279,layout_pi5280_d5279
4927,5280,layout_pi5281_d5280
4928,5281,layout_pi5282_d5281
4929,5282,layout_pi5283_d5282
4930,5283,layout_pi5284_d5283
4931,5284,layout_pi5285_d5284
4932,5286,layout_pi5287_d5286
4933,5287,layout_pi5288_d5287
4934,5288,layout_pi5289_d5288
4935,5290,layout_pi5291_d5290
4936,5291,layout_pi5292_d5291
4937,5292,layout_pi5293_d5292
4938,5294,layout_pi5295_d5294
4939,5295,layout_pi5296_d5295
4940,5296,layout_pi5297_d5296
4941,5297,layout_pi5298_d5297
4942,5298,layout_pi5299_d5298
4943,5299,layout_pi5300_d5299
4944,5300,layout_pi5301_d5300
4945,5301,layout_pi5302_d5301
4946,5302,layout_pi5303_d5302
4947,5303,layout_pi5304_d5303
4948,5304,layout_pi5305_d5304
4949,5305,layout_pi5306_d5305
4950,5306,layout_pi5307_d5306
4951,5307,layout_pi5308_d5307
4952,5308,layout_pi5309_d5308
4953,5310,layout_pi5311_d5310
4954,5312,layout_pi5313_d5312
4955,5314,layout_pi5315_d5314
4956,5315,layout_pi5316_d5315
4957,5317,layout_pi5318_d5317
4958,5318,layout_pi5319_d5318
4959,5319,layout_pi5320_d5319
4960,5320,layout_pi5321_d5320
4961,5321,layout_pi5322_d5321
4962,5322,layout_pi5323_d5322
4963,5323,layout_pi5324_d5323
4964,5324,layout_pi5325_d5324
4965,5325,layout_pi5326_d5325
4966,5327,layout_pi5328_d5327
4967,5328,layout_pi5329_d5328
4968,5329,layout_pi5330_d5329
4969,5330,layout_pi5331_d5330
4970,5331,layout_pi5332_d5331
4971,5332,layout_pi5333_d5332
4972,5333,layout_pi5334_d5333
4973,5334,layout_pi5335_d5334
4974,5336,layout_pi5337_d5336
4975,5337,layout_pi5338_d5337
4976,5338,layout_pi5339_d5338
4977,5339,layout_pi5340_d5339
4978,5340,layout_pi5341_d5340
4979,5341,layout_pi5342_d5341
4980,5342,layout_pi5343_d5342
4981,5343,layout_pi5344_d5343
4982,5344,layout_pi5345_d5344
4983,5345,layout_pi5346_d5345
4984,5346,layout_pi5347_d5346
4985,5347,layout_pi5348_d5347
4986,5348,layout_pi5349_d5348
4987,5349,layout_pi5350_d5349
4988,5351,layout_pi5352_d5351
4989,5352,layout_pi5353_d5352
4990,5353,layout_pi5354_d5353
4991,5354,layout_pi5355_d5354
4992,5355,layout_pi5356_d5355
4993,5357,layout_pi5358_d5357
4994,5359,layout_pi5360_d5359
4995,5360,layout_pi5361_d5360
4996,5361,layout_pi5362_d5361
4997,5363,layout_pi5364_d5363
4998,5364,layout_pi5365_d5364
4999,5365,layout_pi5366_d5365
5000,5366,layout_pi5367_d5366
5001,5367,layout_pi5368_d5367
5002,5368,layout_pi5369_d5368
5003,5369,layout_pi5370_d5369
5004,5370,layout_pi5371_d5370
5005,5371,layout_pi5372_d5371
5006,5373,layout_pi5374_d5373
5007,5374,layout_pi5375_d5374
5008,5375,layout_pi5376_d5375
5009,5376,layout_pi5377_d5376
5010,5377,layout_pi5378_d5377
5011,5378,layout_pi5379_d5378
5012,5379,layout_pi5380_d5379
5013,5380,layout_pi5381_d5380
5014,5381,layout_pi5382_d5381
5015,5382,layout_pi5383_d5382
5016,5383,layout_pi5384_d5383
5017,5384,layout_pi5385_d5384
5018,5385,layout_pi5386_d5385
5019,5386,layout_pi5387_d5386
5020,5387,layout_pi5388_d5387
5021,5388,layout_pi5389_d5388
5022,5389,layout_pi5390_d5389
5023,5390,layout_pi5391_d5390
5024,5392,layout_pi5393_d5392
5025,5393,layout_pi5394_d5393
5026,5395,layout_pi5396_d5395
5027,5396,layout_pi5397_d5396
5028,5397,layout_pi5398_d5397
5029,5398,layout_pi5399_d5398
5030,5401,layout_pi5402_d5401
5031,5402,layout_pi5403_d5402
5032,5403,layout_pi5404_d5403
5033,5404,layout_pi5405_d5404
5034,5405,layout_pi5406_d5405
5035,5407,layout_pi5408_d5407
5036,5408,layout_pi5409_d5408
5037,5411,layout_pi5412_d5411
5038,5412,layout_pi5413_d5412
5039,5413,layout_pi5414_d5413
5040,5415,layout_pi5416_d5415
5041,5416,layout_pi5417_d5416
5042,5417,layout_pi5418_d5417
5043,5419,layout_pi5420_d5419
5044,5420,layout_pi5421_d5420
5045,5421,layout_pi5422_d5421
5046,5422,layout_pi5423_d5422
5047,5423,layout_pi5424_d5423
5048,5424,layout_pi5425_d5424
5049,5425,layout_pi5426_d5425
5050,5426,layout_pi5427_d5426
5051,5427,layout_pi5428_d5427
5052,5428,layout_pi5429_d5428
5053,5429,layout_pi5430_d5429
5054,5430,layout_pi5431_d5430
5055,5431,layout_pi5432_d5431
5056,5432,layout_pi5433_d5432
5057,5433,layout_pi5434_d5433
5058,5434,layout_pi5435_d5434
5059,5435,layout_pi5436_d5435
5060,5436,layout_pi5437_d5436
5061,5437,layout_pi5438_d5437
5062,5438,layout_pi5439_d5438
5063,5439,layout_pi5440_d5439
5064,5440,layout_pi5441_d5440
5065,5444,layout_pi5445_d5444
5066,5445,layout_pi5446_d5445
5067,5446,layout_pi5447_d5446
5068,5447,layout_pi5448_d5447
5069,5448,layout_pi5449_d5448
5070,5449,layout_pi5450_d5449
5071,5450,layout_pi5451_d5450
5072,5451,layout_pi5452_d5451
5073,5453,layout_pi5454_d5453
5074,5454,layout_pi5455_d5454
5075,5455,layout_pi5456_d5455
5076,5456,layout_pi5457_d5456
5077,5457,layout_pi5458_d5457
5078,5458,layout_pi5459_d5458
5079,5460,layout_pi5461_d5460
5080,5461,layout_pi5462_d5461
5081,5463,layout_pi5464_d5463
5082,5464,layout_pi5465_d5464
5083,5465,layout_pi5466_d5465
5084,5466,layout_pi5467_d5466
5085,5467,layout_pi5468_d5467
5086,5469,layout_pi5470_d5469
5087,5470,layout_pi5471_d5470
5088,5472,layout_pi5473_d5472
5089,5473,layout_pi5474_d5473
5090,5474,layout_pi5475_d5474
5091,5475,layout_pi5476_d5475
5092,5476,layout_pi5477_d5476
5093,5478,layout_pi5479_d5478
5094,5479,layout_pi5480_d5479
5095,5482,layout_pi5483_d5482
5096,5483,layout_pi5484_d5483
5097,5485,layout_pi5486_d5485
5098,5486,layout_pi5487_d5486
5099,5487,layout_pi5488_d5487
5100,5488,layout_pi5489_d5488
5101,5489,layout_pi5490_d5489
5102,5492,layout_pi5493_d5492
5103,5493,layout_pi5494_d5493
5104,5494,layout_pi5495_d5494
5105,5495,layout_pi5496_d5495
5106,5496,layout_pi5497_d5496
5107,5497,layout_pi5498_d5497
5108,5498,layout_pi5499_d5498
5109,5499,layout_pi5500_d5499
5110,5500,layout_pi5501_d5500
5111,5503,layout_pi5504_d5503
5112,5504,layout_pi5505_d5504
5113,5506,layout_pi5507_d5506
5114,5507,layout_pi5508_d5507
5115,5508,layout_pi5509_d5508
5116,5509,layout_pi5510_d5509
5117,5510,layout_pi5511_d5510
5118,5512,layout_pi5513_d5512
5119,5513,layout_pi5514_d5513
5120,5514,layout_pi5515_d5514
5121,5515,layout_pi5516_d5515
5122,5516,layout_pi5517_d5516
5123,5517,layout_pi5518_d5517
5124,5518,layout_pi5519_d5518
5125,5519,layout_pi5520_d5519
5126,5520,layout_pi5521_d5520
5127,5521,layout_pi5522_d5521
5128,5522,layout_pi5523_d5522
5129,5523,layout_pi5524_d5523
5130,5524,layout_pi5525_d5524
5131,5525,layout_pi5526_d5525
5132,5526,layout_pi5527_d5526
5133,5527,layout_pi5528_d5527
5134,5528,layout_pi5529_d5528
5135,5529,layout_pi5530_d5529
5136,5530,layout_pi5531_d5530
5137,5531,layout_pi5532_d5531
5138,5533,layout_pi5534_d5533
5139,5534,layout_pi5535_d5534
5140,5535,layout_pi5536_d5535
5141,5536,layout_pi5537_d5536
5142,5537,layout_pi5538_d5537
5143,5538,layout_pi5539_d5538
5144,5541,layout_pi5542_d5541
5145,5542,layout_pi5543_d5542
5146,5543,layout_pi5544_d5543
5147,5544,layout_pi5545_d5544
5148,5545,layout_pi5546_d5545
5149,5546,layout_pi5547_d5546
5150,5548,layout_pi5549_d5548
5151,5549,layout_pi5550_d5549
5152,5550,layout_pi5551_d5550
5153,5551,layout_pi5552_d5551
5154,5552,layout_pi5553_d5552
5155,5553,layout_pi5554_d5553
5156,5554,layout_pi5555_d5554
5157,5555,layout_pi5556_d5555
5158,5556,layout_pi5557_d5556
5159,5557,layout_pi5558_d5557
5160,5558,layout_pi5559_d5558
5161,5559,layout_pi5560_d5559
5162,5560,layout_pi5561_d5560
5163,5561,layout_pi5562_d5561
5164,5562,layout_pi5563_d5562
5165,5563,layout_pi5564_d5563
5166,5564,layout_pi5565_d5564
5167,5565,layout_pi5566_d5565
5168,5566,layout_pi5567_d5566
5169,5567,layout_pi5568_d5567
5170,5568,layout_pi5569_d5568
5171,5569,layout_pi5570_d5569
5172,5570,layout_pi5571_d5570
5173,5571,layout_pi5572_d5571
5174,5572,layout_pi5573_d5572
5175,5573,layout_pi5574_d5573
5176,5574,layout_pi5575_d5574
5177,5575,layout_pi5576_d5575
5178,5576,layout_pi5577_d5576
5179,5577,layout_pi5578_d5577
5180,5578,layout_pi5579_d5578
5181,5579,layout_pi5580_d5579
5182,5580,layout_pi5581_d5580
5183,5581,layout_pi5582_d5581
5184,5582,layout_pi5583_d5582
5185,5583,layout_pi5584_d5583
5186,5584,layout_pi5585_d5584
5187,5585,layout_pi5586_d5585
5188,5586,layout_pi5587_d5586
5189,5587,layout_pi5588_d5587
5190,5588,layout_pi5589_d5588
5191,5589,layout_pi5590_d5589
5192,5590,layout_pi5591_d5590
5193,5591,layout_pi5592_d5591
5194,5592,layout_pi5593_d5592
5195,5593,layout_pi5594_d5593
5196,5594,layout_pi5595_d5594
5197,5595,layout_pi5596_d5595
5198,5596,layout_pi5597_d5596
5199,5597,layout_pi5598_d5597
5200,5598,layout_pi5599_d5598
5201,5599,layout_pi5600_d5599
5202,5600,layout_pi5601_d5600
5203,5601,layout_pi5602_d5601
5204,5602,layout_pi5603_d5602
5205,5603,layout_pi5604_d5603
5206,5604,layout_pi5605_d5604
5207,5607,layout_pi5608_d5607
5208,5608,layout_pi5609_d5608
5209,5610,layout_pi5611_d5610
5210,5612,layout_pi5613_d5612
5211,5613,layout_pi5614_d5613
5212,5614,layout_pi5615_d5614
5213,5616,layout_pi5617_d5616
5214,5617,layout_pi5618_d5617
5215,5619,layout_pi5620_d5619
5216,5620,layout_pi5621_d5620
5217,5621,layout_pi5622_d5621
5218,5622,layout_pi5623_d5622
5219,5623,layout_pi5624_d5623
5220,5624,layout_pi5625_d5624
5221,5625,layout_pi5626_d5625
5222,5626,layout_pi5627_d5626
5223,5627,layout_pi5628_d5627
5224,5628,layout_pi5629_d5628
5225,5629,layout_pi5630_d5629
5226,5630,layout_pi5631_d5630
5227,5631,layout_pi5632_d5631
5228,5632,layout_pi5633_d5632
5229,5633,layout_pi5634_d5633
5230,5634,layout_pi5635_d5634
5231,5635,layout_pi5636_d5635
5232,5636,layout_pi5637_d5636
5233,5637,layout_pi5638_d5637
5234,5638,layout_pi5639_d5638
5235,5639,layout_pi5640_d5639
5236,5640,layout_pi5641_d5640
5237,5641,layout_pi5642_d5641
5238,5642,layout_pi5643_d5642
5239,5643,layout_pi5644_d5643
5240,5644,layout_pi5645_d5644
5241,5645,layout_pi5646_d5645
5242,5646,layout_pi5647_d5646
5243,5647,layout_pi5648_d5647
5244,5648,layout_pi5649_d5648
5245,5649,layout_pi5650_d5649
5246,5651,layout_pi5652_d5651
5247,5652,layout_pi5653_d5652
5248,5653,layout_pi5654_d5653
5249,5654,layout_pi5655_d5654
5250,5655,layout_pi5656_d5655
5251,5656,layout_pi5657_d5656
5252,5658,layout_pi5659_d5658
5253,5659,layout_pi5660_d5659
5254,5660,layout_pi5661_d5660
5255,5661,layout_pi5662_d5661
5256,5662,layout_pi5663_d5662
5257,5663,layout_pi5664_d5663
5258,5665,layout_pi5666_d5665
5259,5666,layout_pi5667_d5666
5260,5667,layout_pi5668_d5667
5261,5668,layout_pi5669_d5668
5262,5669,layout_pi5670_d5669
5263,5670,layout_pi5671_d5670
5264,5674,layout_pi5675_d5674
5265,5675,layout_pi5676_d5675
5266,5676,layout_pi5677_d5676
5267,5677,layout_pi5678_d5677
5268,5678,layout_pi5679_d5678
5269,5679,layout_pi5680_d5679
5270,5681,layout_pi5682_d5681
5271,5682,layout_pi5683_d5682
5272,5683,layout_pi5684_d5683
5273,5684,layout_pi5685_d5684
5274,5687,layout_pi5688_d5687
5275,5690,layout_pi5691_d5690
5276,5692,layout_pi5693_d5692
5277,5693,layout_pi5694_d5693
5278,5694,layout_pi5695_d5694
5279,5695,layout_pi5696_d5695
5280,5696,layout_pi5697_d5696
5281,5698,layout_pi5699_d5698
5282,5700,layout_pi5701_d5700
5283,5702,layout_pi5703_d5702
5284,5703,layout_pi5704_d5703
5285,5704,layout_pi5705_d5704
5286,5705,layout_pi5706_d5705
5287,5706,layout_pi5707_d5706
5288,5707,layout_pi5708_d5707
5289,5708,layout_pi5709_d5708
5290,5709,layout_pi5710_d5709
5291,5710,layout_pi5711_d5710
5292,5711,layout_pi5712_d5711
5293,5712,layout_pi5713_d5712
5294,5713,layout_pi5714_d5713
5295,5714,layout_pi5715_d5714
5296,5715,layout_pi5716_d5715
5297,5716,layout_pi5717_d5716
5298,5717,layout_pi5718_d5717
5299,5718,layout_pi5719_d5718
5300,5719,layout_pi5720_d5719
5301,5720,layout_pi5721_d5720
5302,5721,layout_pi5722_d5721
5303,5723,layout_pi5724_d5723
5304,5724,layout_pi5725_d5724
5305,5725,layout_pi5726_d5725
5306,5726,layout_pi5727_d5726
5307,5727,layout_pi5728_d5727
5308,5728,layout_pi5729_d5728
5309,5729,layout_pi5730_d5729
5310,5730,layout_pi5731_d5730
5311,5731,layout_pi5732_d5731
5312,5732,layout_pi5733_d5732
5313,5733,layout_pi5734_d5733
5314,5734,layout_pi5735_d5734
5315,5735,layout_pi5736_d5735
5316,5737,layout_pi5738_d5737
5317,5738,layout_pi5739_d5738
5318,5739,layout_pi5740_d5739
5319,5740,layout_pi5741_d5740
5320,5741,layout_pi5742_d5741
5321,5742,layout_pi5743_d5742
5322,5743,layout_pi5744_d5743
5323,5744,layout_pi5745_d5744
5324,5746,layout_pi5747_d5746
5325,5747,layout_pi5748_d5747
5326,5748,layout_pi5749_d5748
5327,5749,layout_pi5750_d5749
5328,5750,layout_pi5751_d5750
5329,5751,layout_pi5752_d5751
5330,5752,layout_pi5753_d5752
5331,5753,layout_pi5754_d5753
5332,5754,layout_pi5755_d5754
5333,5755,layout_pi5756_d5755
5334,5756,layout_pi5757_d5756
5335,5757,layout_pi5758_d5757
5336,5758,layout_pi5759_d5758
5337,5760,layout_pi5761_d5760
5338,5761,layout_pi5762_d5761
5339,5762,layout_pi5763_d5762
5340,5764,layout_pi5765_d5764
5341,5765,layout_pi5766_d5765
5342,5766,layout_pi5767_d5766
5343,5767,layout_pi5768_d5767
5344,5768,layout_pi5769_d5768
5345,5769,layout_pi5770_d5769
5346,5770,layout_pi5771_d5770
5347,5771,layout_pi5772_d5771
5348,5772,layout_pi5773_d5772
5349,5773,layout_pi5774_d5773
5350,5775,layout_pi5776_d5775
5351,5776,layout_pi5777_d5776
5352,5777,layout_pi5778_d5777
5353,5778,layout_pi5779_d5778
5354,5779,layout_pi5780_d5779
5355,5780,layout_pi5781_d5780
5356,5782,layout_pi5783_d5782
5357,5784,layout_pi5785_d5784
5358,5785,layout_pi5786_d5785
5359,5786,layout_pi5787_d5786
5360,5788,layout_pi5789_d5788
5361,5790,layout_pi5791_d5790
5362,5791,layout_pi5792_d5791
5363,5792,layout_pi5793_d5792
5364,5793,layout_pi5794_d5793
5365,5794,layout_pi5795_d5794
5366,5795,layout_pi5796_d5795
5367,5796,layout_pi5797_d5796
5368,5797,layout_pi5798_d5797
5369,5798,layout_pi5799_d5798
5370,5799,layout_pi5800_d5799
5371,5800,layout_pi5801_d5800
5372,5801,layout_pi5802_d5801
5373,5802,layout_pi5803_d5802
5374,5803,layout_pi5804_d5803
5375,5804,layout_pi5805_d5804
5376,5805,layout_pi5806_d5805
5377,5806,layout_pi5807_d5806
5378,5807,layout_pi5808_d5807
5379,5808,layout_pi5809_d5808
5380,5809,layout_pi5810_d5809
5381,5810,layout_pi5811_d5810
5382,5811,layout_pi5812_d5811
5383,5812,layout_pi5813_d5812
5384,5813,layout_pi5814_d5813
5385,5814,layout_pi5815_d5814
5386,5815,layout_pi5816_d5815
5387,5816,layout_pi5817_d5816
5388,5817,layout_pi5818_d5817
5389,5818,layout_pi5819_d5818
5390,5819,layout_pi5820_d5819
5391,5820,layout_pi5821_d5820
5392,5821,layout_pi5822_d5821
5393,5823,layout_pi5824_d5823
5394,5824,layout_pi5825_d5824
5395,5825,layout_pi5826_d5825
5396,5826,layout_pi5827_d5826
5397,5828,layout_pi5829_d5828
5398,5829,layout_pi5830_d5829
5399,5831,layout_pi5832_d5831
5400,5832,layout_pi5833_d5832
5401,5833,layout_pi5834_d5833
5402,5834,layout_pi5835_d5834
5403,5836,layout_pi5837_d5836
5404,5837,layout_pi5838_d5837
5405,5838,layout_pi5839_d5838
5406,5839,layout_pi5840_d5839
5407,5840,layout_pi5841_d5840
5408,5841,layout_pi5842_d5841
5409,5842,layout_pi5843_d5842
5410,5843,layout_pi5844_d5843
5411,5844,layout_pi5845_d5844
5412,5845,layout_pi5846_d5845
5413,5846,layout_pi5847_d5846
5414,5847,layout_pi5848_d5847
5415,5848,layout_pi5849_d5848
5416,5849,layout_pi5850_d5849
5417,5850,layout_pi5851_d5850
5418,5851,layout_pi5852_d5851
5419,5852,layout_pi5853_d5852
5420,5853,layout_pi5854_d5853
5421,5854,layout_pi5855_d5854
5422,5855,layout_pi5856_d5855
5423,5856,layout_pi5857_d5856
5424,5857,layout_pi5858_d5857
5425,5858,layout_pi5859_d5858
5426,5860,layout_pi5861_d5860
5427,5861,layout_pi5862_d5861
5428,5862,layout_pi5863_d5862
5429,5863,layout_pi5864_d5863
5430,5864,layout_pi5865_d5864
5431,5865,layout_pi5866_d5865
5432,5866,layout_pi5867_d5866
5433,5867,layout_pi5868_d5867
5434,5868,layout_pi5869_d5868
5435,5869,layout_pi5870_d5869
5436,5870,layout_pi5871_d5870
5437,5871,layout_pi5872_d5871
5438,5872,layout_pi5873_d5872
5439,5873,layout_pi5874_d5873
5440,5874,layout_pi5875_d5874
5441,5875,layout_pi5876_d5875
5442,5876,layout_pi5877_d5876
5443,5877,layout_pi5878_d5877
5444,5878,layout_pi5879_d5878
5445,5879,layout_pi5880_d5879
5446,5880,layout_pi5881_d5880
5447,5882,layout_pi5883_d5882
5448,5883,layout_pi5884_d5883
5449,5884,layout_pi5885_d5884
5450,5885,layout_pi5886_d5885
5451,5886,layout_pi5887_d5886
5452,5887,layout_pi5888_d5887
5453,5890,layout_pi5891_d5890
5454,5891,layout_pi5892_d5891
5455,5892,layout_pi5893_d5892
5456,5893,layout_pi5894_d5893
5457,5894,layout_pi5895_d5894
5458,5895,layout_pi5896_d5895
5459,5896,layout_pi5897_d5896
5460,5897,layout_pi5898_d5897
5461,5898,layout_pi5899_d5898
5462,5899,layout_pi5900_d5899
5463,5900,layout_pi5901_d5900
5464,5901,layout_pi5902_d5901
5465,5902,layout_pi5903_d5902
5466,5903,layout_pi5904_d5903
5467,5904,layout_pi5905_d5904
5468,5905,layout_pi5906_d5905
5469,5906,layout_pi5907_d5906
5470,5907,layout_pi5908_d5907
5471,5908,layout_pi5909_d5908
5472,5911,layout_pi5912_d5911
5473,5912,layout_pi5913_d5912
5474,5913,layout_pi5914_d5913
5475,5914,layout_pi5915_d5914
5476,5915,layout_pi5916_d5915
5477,5916,layout_pi5917_d5916
5478,5917,layout_pi5918_d5917
5479,5918,layout_pi5919_d5918
5480,5919,layout_pi5920_d5919
5481,5920,layout_pi5921_d5920
5482,5921,layout_pi5922_d5921
5483,5922,layout_pi5923_d5922
5484,5924,layout_pi5925_d5924
5485,5925,layout_pi5926_d5925
5486,5928,layout_pi5929_d5928
5487,5929,layout_pi5930_d5929
5488,5930,layout_pi5931_d5930
5489,5931,layout_pi5932_d5931
5490,5932,layout_pi5933_d5932
5491,5933,layout_pi5934_d5933
5492,5934,layout_pi5935_d5934
5493,5935,layout_pi5936_d5935
5494,5937,layout_pi5938_d5937
5495,5939,layout_pi5940_d5939
5496,5940,layout_pi5941_d5940
5497,5941,layout_pi5942_d5941
5498,5942,layout_pi5943_d5942
5499,5943,layout_pi5944_d5943
5500,5944,layout_pi5945_d5944
5501,5947,layout_pi5948_d5947
5502,5948,layout_pi5949_d5948
5503,5949,layout_pi5950_d5949
5504,5951,layout_pi5952_d5951
5505,5952,layout_pi5953_d5952
5506,5953,layout_pi5954_d5953
5507,5954,layout_pi5955_d5954
5508,5955,layout_pi5956_d5955
5509,5957,layout_pi5958_d5957
5510,5958,layout_pi5959_d5958
5511,5959,layout_pi5960_d5959
5512,5960,layout_pi5961_d5960
5513,5962,layout_pi5963_d5962
5514,5963,layout_pi5964_d5963
5515,5964,layout_pi5965_d5964
5516,5965,layout_pi5966_d5965
5517,5966,layout_pi5967_d5966
5518,5967,layout_pi5968_d5967
5519,5968,layout_pi5969_d5968
5520,5970,layout_pi5971_d5970
5521,5971,layout_pi5972_d5971
5522,5972,layout_pi5973_d5972
5523,5973,layout_pi5974_d5973
5524,5974,layout_pi5975_d5974
5525,5975,layout_pi5976_d5975
5526,5976,layout_pi5977_d5976
5527,5978,layout_pi5979_d5978
5528,5979,layout_pi5980_d5979
5529,5980,layout_pi5981_d5980
5530,5982,layout_pi5983_d5982
5531,5983,layout_pi5984_d5983
5532,5985,layout_pi5986_d5985
5533,5987,layout_pi5988_d5987
5534,5988,layout_pi5989_d5988
5535,5989,layout_pi5990_d5989
5536,5990,layout_pi5991_d5990
5537,5991,layout_pi5992_d5991
5538,5992,layout_pi5993_d5992
5539,5993,layout_pi5994_d5993
5540,5994,layout_pi5995_d5994
5541,5995,layout_pi5996_d5995
5542,5996,layout_pi5997_d5996
5543,5997,layout_pi5998_d5997
5544,5998,layout_pi5999_d5998
5545,6000,layout_pi6001_d6000
5546,6001,layout_pi6002_d6001
5547,6003,layout_pi6004_d6003
5548,6004,layout_pi6005_d6004
5549,6005,layout_pi6006_d6005
5550,6006,layout_pi6007_d6006
5551,6007,layout_pi6008_d6007
5552,6008,layout_pi6009_d6008
5553,6009,layout_pi6010_d6009
5554,6010,layout_pi6011_d6010
5555,6011,layout_pi6012_d6011
5556,6012,layout_pi6013_d6012
5557,6013,layout_pi6014_d6013
5558,6014,layout_pi6015_d6014
5559,6015,layout_pi6016_d6015
5560,6016,layout_pi6017_d6016
5561,6017,layout_pi6018_d6017
5562,6018,layout_pi6019_d6018
5563,6019,layout_pi6020_d6019
5564,6020,layout_pi6021_d6020
5565,6021,layout_pi6022_d6021
5566,6022,layout_pi6023_d6022
5567,6023,layout_pi6024_d6023
5568,6024,layout_pi6025_d6024
5569,6025,layout_pi6026_d6025
5570,6026,layout_pi6027_d6026
5571,6027,layout_pi6028_d6027
5572,6028,layout_pi6029_d6028
5573,6029,layout_pi6030_d6029
5574,6030,layout_pi6031_d6030
5575,6032,layout_pi6033_d6032
5576,6033,layout_pi6034_d6033
5577,6034,layout_pi6035_d6034
5578,6035,layout_pi6036_d6035
5579,6036,layout_pi6037_d6036
5580,6037,layout_pi6038_d6037
5581,6038,layout_pi6039_d6038
5582,6039,layout_pi6040_d6039
5583,6041,layout_pi6042_d6041
5584,6042,layout_pi6043_d6042
5585,6043,layout_pi6044_d6043
5586,6044,layout_pi6045_d6044
5587,6045,layout_pi6046_d6045
5588,6046,layout_pi6047_d6046
5589,6048,layout_pi6049_d6048
5590,6049,layout_pi6050_d6049
5591,6050,layout_pi6051_d6050
5592,6052,layout_pi6053_d6052
5593,6053,layout_pi6054_d6053
5594,6054,layout_pi6055_d6054
5595,6055,layout_pi6056_d6055
5596,6057,layout_pi6058_d6057
5597,6059,layout_pi6060_d6059
5598,6060,layout_pi6061_d6060
5599,6061,layout_pi6062_d6061
5600,6062,layout_pi6063_d6062
5601,6063,layout_pi6064_d6063
5602,6064,layout_pi6065_d6064
5603,6065,layout_pi6066_d6065
5604,6066,layout_pi6067_d6066
5605,6067,layout_pi6068_d6067
5606,6069,layout_pi6070_d6069
5607,6071,layout_pi6072_d6071
5608,6072,layout_pi6073_d6072
5609,6073,layout_pi6074_d6073
5610,6074,layout_pi6075_d6074
5611,6075,layout_pi6076_d6075
5612,6076,layout_pi6077_d6076
5613,6077,layout_pi6078_d6077
5614,6079,layout_pi6080_d6079
5615,6080,layout_pi6081_d6080
5616,6081,layout_pi6082_d6081
5617,6082,layout_pi6083_d6082
5618,6083,layout_pi6084_d6083
5619,6084,layout_pi6085_d6084
5620,6087,layout_pi6088_d6087
5621,6089,layout_pi6090_d6089
5622,6090,layout_pi6091_d6090
5623,6091,layout_pi6092_d6091
5624,6092,layout_pi6093_d6092
5625,6093,layout_pi6094_d6093
5626,6095,layout_pi6096_d6095
5627,6098,layout_pi6099_d6098
5628,6099,layout_pi6100_d6099
5629,6100,layout_pi6101_d6100
5630,6102,layout_pi6103_d6102
5631,6103,layout_pi6104_d6103
5632,6104,layout_pi6105_d6104
5633,6105,layout_pi6106_d6105
5634,6106,layout_pi6107_d6106
5635,6107,layout_pi6108_d6107
5636,6108,layout_pi6109_d6108
5637,6111,layout_pi6112_d6111
5638,6112,layout_pi6113_d6112
5639,6113,layout_pi6114_d6113
5640,6114,layout_pi6115_d6114
5641,6115,layout_pi6116_d6115
5642,6116,layout_pi6117_d6116
5643,6117,layout_pi6118_d6117
5644,6118,layout_pi6119_d6118
5645,6119,layout_pi6120_d6119
5646,6120,layout_pi6121_d6120
5647,6121,layout_pi6122_d6121
5648,6123,layout_pi6124_d6123
5649,6124,layout_pi6125_d6124
5650,6125,layout_pi6126_d6125
5651,6127,layout_pi6128_d6127
5652,6128,layout_pi6129_d6128
5653,6129,layout_pi6130_d6129
5654,6131,layout_pi6132_d6131
5655,6132,layout_pi6133_d6132
5656,6133,layout_pi6134_d6133
5657,6134,layout_pi6135_d6134
5658,6135,layout_pi6136_d6135
5659,6137,layout_pi6138_d6137
5660,6141,layout_pi6142_d6141
5661,6143,layout_pi6144_d6143
5662,6144,layout_pi6145_d6144
5663,6145,layout_pi6146_d6145
5664,6146,layout_pi6147_d6146
5665,6147,layout_pi6148_d6147
5666,6148,layout_pi6149_d6148
5667,6149,layout_pi6150_d6149
5668,6150,layout_pi6151_d6150
5669,6151,layout_pi6152_d6151
5670,6152,layout_pi6153_d6152
5671,6153,layout_pi6154_d6153
5672,6155,layout_pi6156_d6155
5673,6156,layout_pi6157_d6156
5674,6157,layout_pi6158_d6157
5675,6158,layout_pi6159_d6158
5676,6159,layout_pi6160_d6159
5677,6160,layout_pi6161_d6160
5678,6161,layout_pi6162_d6161
5679,6162,layout_pi6163_d6162
5680,6163,layout_pi6164_d6163
5681,6164,layout_pi6165_d6164
5682,6165,layout_pi6166_d6165
5683,6166,layout_pi6167_d6166
5684,6167,layout_pi6168_d6167
5685,6168,layout_pi6169_d6168
5686,6169,layout_pi6170_d6169
5687,6170,layout_pi6171_d6170
5688,6171,layout_pi6172_d6171
5689,6173,layout_pi6174_d6173
5690,6174,layout_pi6175_d6174
5691,6175,layout_pi6176_d6175
5692,6177,layout_pi6178_d6177
5693,6179,layout_pi6180_d6179
5694,6180,layout_pi6181_d6180
5695,6181,layout_pi6182_d6181
5696,6183,layout_pi6184_d6183
5697,6184,layout_pi6185_d6184
5698,6185,layout_pi6186_d6185
5699,6186,layout_pi6187_d6186
5700,6187,layout_pi6188_d6187
5701,6188,layout_pi6189_d6188
5702,6189,layout_pi6190_d6189
5703,6190,layout_pi6191_d6190
5704,6191,layout_pi6192_d6191
5705,6193,layout_pi6194_d6193
5706,6194,layout_pi6195_d6194
5707,6195,layout_pi6196_d6195
5708,6196,layout_pi6197_d6196
5709,6199,layout_pi6200_d6199
5710,6200,layout_pi6201_d6200
5711,6201,layout_pi6202_d6201
5712,6202,layout_pi6203_d6202
5713,6203,layout_pi6204_d6203
5714,6204,layout_pi6205_d6204
5715,6205,layout_pi6206_d6205
5716,6206,layout_pi6207_d6206
5717,6207,layout_pi6208_d6207
5718,6209,layout_pi6210_d6209
5719,6210,layout_pi6211_d6210
5720,6211,layout_pi6212_d6211
5721,6212,layout_pi6213_d6212
5722,6213,layout_pi6214_d6213
5723,6214,layout_pi6215_d6214
5724,6215,layout_pi6216_d6215
5725,6216,layout_pi6217_d6216
5726,6217,layout_pi6218_d6217
5727,6218,layout_pi6219_d6218
5728,6219,layout_pi6220_d6219
5729,6220,layout_pi6221_d6220
5730,6221,layout_pi6222_d6221
5731,6222,layout_pi6223_d6222
5732,6223,layout_pi6224_d6223
5733,6224,layout_pi6225_d6224
5734,6225,layout_pi6226_d6225
5735,6226,layout_pi6227_d6226
5736,6227,layout_pi6228_d6227
5737,6228,layout_pi6229_d6228
5738,6229,layout_pi6230_d6229
5739,6230,layout_pi6231_d6230
5740,6231,layout_pi6232_d6231
5741,6232,layout_pi6233_d6232
5742,6233,layout_pi6234_d6233
5743,6234,layout_pi6235_d6234
5744,6236,layout_pi6237_d6236
5745,6237,layout_pi6238_d6237
5746,6238,layout_pi6239_d6238
5747,6239,layout_pi6240_d6239
5748,6240,layout_pi6241_d6240
5749,6241,layout_pi6242_d6241
5750,6242,layout_pi6243_d6242
5751,6244,layout_pi6245_d6244
5752,6245,layout_pi6246_d6245
5753,6246,layout_pi6247_d6246
5754,6247,layout_pi6248_d6247
5755,6248,layout_pi6249_d6248
5756,6249,layout_pi6250_d6249
5757,6250,layout_pi6251_d6250
5758,6251,layout_pi6252_d6251
5759,6252,layout_pi6253_d6252
5760,6254,layout_pi6255_d6254
5761,6256,layout_pi6257_d6256
5762,6257,layout_pi6258_d6257
5763,6258,layout_pi6259_d6258
5764,6259,layout_pi6260_d6259
5765,6262,layout_pi6263_d6262
5766,6263,layout_pi6264_d6263
5767,6264,layout_pi6265_d6264
5768,6265,layout_pi6266_d6265
5769,6266,layout_pi6267_d6266
5770,6267,layout_pi6268_d6267
5771,6269,layout_pi6270_d6269
5772,6272,layout_pi6273_d6272
5773,6274,layout_pi6275_d6274
5774,6276,layout_pi6277_d6276
5775,6279,layout_pi6280_d6279
5776,6280,layout_pi6281_d6280
5777,6281,layout_pi6282_d6281
5778,6282,layout_pi6283_d6282
5779,6283,layout_pi6284_d6283
5780,6284,layout_pi6285_d6284
5781,6285,layout_pi6286_d6285
5782,6286,layout_pi6287_d6286
5783,6287,layout_pi6288_d6287
5784,6288,layout_pi6289_d6288
5785,6289,layout_pi6290_d6289
5786,6291,layout_pi6292_d6291
5787,6293,layout_pi6294_d6293
5788,6295,layout_pi6296_d6295
5789,6296,layout_pi6297_d6296
5790,6298,layout_pi6299_d6298
5791,6299,layout_pi6300_d6299
5792,6300,layout_pi6301_d6300
5793,6304,layout_pi6305_d6304
5794,6305,layout_pi6306_d6305
5795,6307,layout_pi6308_d6307
5796,6308,layout_pi6309_d6308
5797,6310,layout_pi6311_d6310
5798,6311,layout_pi6312_d6311
5799,6312,layout_pi6313_d6312
5800,6313,layout_pi6314_d6313
5801,6314,layout_pi6315_d6314
5802,6315,layout_pi6316_d6315
5803,6316,layout_pi6317_d6316
5804,6317,layout_pi6318_d6317
5805,6318,layout_pi6319_d6318
5806,6319,layout_pi6320_d6319
5807,6320,layout_pi6321_d6320
5808,6322,layout_pi6323_d6322
5809,6323,layout_pi6324_d6323
5810,6324,layout_pi6325_d6324
5811,6325,layout_pi6326_d6325
5812,6326,layout_pi6327_d6326
5813,6327,layout_pi6328_d6327
5814,6328,layout_pi6329_d6328
5815,6329,layout_pi6330_d6329
5816,6330,layout_pi6331_d6330
5817,6331,layout_pi6332_d6331
5818,6332,layout_pi6333_d6332
5819,6333,layout_pi6334_d6333
5820,6334,layout_pi6335_d6334
5821,6335,layout_pi6336_d6335
5822,6336,layout_pi6337_d6336
5823,6337,layout_pi6338_d6337
5824,6339,layout_pi6340_d6339
5825,6340,layout_pi6341_d6340
5826,6342,layout_pi6343_d6342
5827,6344,layout_pi6345_d6344
5828,6345,layout_pi6346_d6345
5829,6346,layout_pi6347_d6346
5830,6348,layout_pi6349_d6348
5831,6349,layout_pi6350_d6349
5832,6350,layout_pi6351_d6350
5833,6351,layout_pi6352_d6351
5834,6352,layout_pi6353_d6352
5835,6353,layout_pi6354_d6353
5836,6354,layout_pi6355_d6354
5837,6355,layout_pi6356_d6355
5838,6356,layout_pi6357_d6356
5839,6358,layout_pi6359_d6358
5840,6360,layout_pi6361_d6360
5841,6361,layout_pi6362_d6361
5842,6362,layout_pi6363_d6362
5843,6363,layout_pi6364_d6363
5844,6364,layout_pi6365_d6364
5845,6365,layout_pi6366_d6365
5846,6366,layout_pi6367_d6366
5847,6367,layout_pi6368_d6367
5848,6368,layout_pi6369_d6368
5849,6369,layout_pi6370_d6369
5850,6370,layout_pi6371_d6370
5851,6371,layout_pi6372_d6371
5852,6372,layout_pi6373_d6372
5853,6373,layout_pi6374_d6373
5854,6374,layout_pi6375_d6374
5855,6375,layout_pi6376_d6375
5856,6376,layout_pi6377_d6376
5857,6377,layout_pi6378_d6377
5858,6378,layout_pi6379_d6378
5859,6379,layout_pi6380_d6379
5860,6380,layout_pi6381_d6380
5861,6381,layout_pi6382_d6381
5862,6382,layout_pi6383_d6382
5863,6384,layout_pi6385_d6384
5864,6385,layout_pi6386_d6385
5865,6386,layout_pi6387_d6386
5866,6387,layout_pi6388_d6387
5867,6388,layout_pi6389_d6388
5868,6389,layout_pi6390_d6389
5869,6390,layout_pi6391_d6390
5870,6391,layout_pi6392_d6391
5871,6392,layout_pi6393_d6392
5872,6393,layout_pi6394_d6393
5873,6394,layout_pi6395_d6394
5874,6396,layout_pi6397_d6396
5875,6397,layout_pi6398_d6397
5876,6398,layout_pi6399_d6398
5877,6399,layout_pi6400_d6399
5878,6402,layout_pi6403_d6402
5879,6403,layout_pi6404_d6403
5880,6404,layout_pi6405_d6404
5881,6405,layout_pi6406_d6405
5882,6407,layout_pi6408_d6407
5883,6408,layout_pi6409_d6408
5884,6409,layout_pi6410_d6409
5885,6410,layout_pi6411_d6410
5886,6411,layout_pi6412_d6411
5887,6412,layout_pi6413_d6412
5888,6413,layout_pi6414_d6413
5889,6414,layout_pi6415_d6414
5890,6416,layout_pi6417_d6416
5891,6417,layout_pi6418_d6417
5892,6418,layout_pi6419_d6418
5893,6419,layout_pi6420_d6419
5894,6420,layout_pi6421_d6420
5895,6421,layout_pi6422_d6421
5896,6422,layout_pi6423_d6422
5897,6423,layout_pi6424_d6423
5898,6424,layout_pi6425_d6424
5899,6425,layout_pi6426_d6425
5900,6426,layout_pi6427_d6426
5901,6427,layout_pi6428_d6427
5902,6428,layout_pi6429_d6428
5903,6429,layout_pi6430_d6429
5904,6430,layout_pi6431_d6430
5905,6433,layout_pi6434_d6433
5906,6434,layout_pi6435_d6434
5907,6435,layout_pi6436_d6435
5908,6436,layout_pi6437_d6436
5909,6437,layout_pi6438_d6437
5910,6438,layout_pi6439_d6438
5911,6439,layout_pi6440_d6439
5912,6440,layout_pi6441_d6440
5913,6441,layout_pi6442_d6441
5914,6442,layout_pi6443_d6442
5915,6443,layout_pi6444_d6443
5916,6444,layout_pi6445_d6444
5917,6445,layout_pi6446_d6445
5918,6446,layout_pi6447_d6446
5919,6447,layout_pi6448_d6447
5920,6448,layout_pi6449_d6448
5921,6449,layout_pi6450_d6449
5922,6450,layout_pi6451_d6450
5923,6451,layout_pi6452_d6451
5924,6452,layout_pi6453_d6452
5925,6453,layout_pi6454_d6453
5926,6456,layout_pi6457_d6456
5927,6457,layout_pi6458_d6457
5928,6458,layout_pi6459_d6458
5929,6459,layout_pi6460_d6459
5930,6462,layout_pi6463_d6462
5931,6463,layout_pi6464_d6463
5932,6465,layout_pi6466_d6465
5933,6466,layout_pi6467_d6466
5934,6467,layout_pi6468_d6467
5935,6468,layout_pi6469_d6468
5936,6469,layout_pi6470_d6469
5937,6470,layout_pi6471_d6470
5938,6471,layout_pi6472_d6471
5939,6472,layout_pi6473_d6472
5940,6473,layout_pi6474_d6473
5941,6474,layout_pi6475_d6474
5942,6475,layout_pi6476_d6475
5943,6476,layout_pi6477_d6476
5944,6477,layout_pi6478_d6477
5945,6478,layout_pi6479_d6478
5946,6479,layout_pi6480_d6479
5947,6480,layout_pi6481_d6480
5948,6481,layout_pi6482_d6481
5949,6482,layout_pi6483_d6482
5950,6483,layout_pi6484_d6483
5951,6484,layout_pi6485_d6484
5952,6485,layout_pi6486_d6485
5953,6486,layout_pi6487_d6486
5954,6487,layout_pi6488_d6487
5955,6488,layout_pi6489_d6488
5956,6489,layout_pi6490_d6489
5957,6491,layout_pi6492_d6491
5958,6492,layout_pi6493_d6492
5959,6493,layout_pi6494_d6493
5960,6494,layout_pi6495_d6494
5961,6495,layout_pi6496_d6495
5962,6496,layout_pi6497_d6496
5963,6497,layout_pi6498_d6497
5964,6498,layout_pi6499_d6498
5965,6501,layout_pi6502_d6501
5966,6502,layout_pi6503_d6502
5967,6503,layout_pi6504_d6503
5968,6504,layout_pi6505_d6504
5969,6506,layout_pi6507_d6506
5970,6507,layout_pi6508_d6507
5971,6509,layout_pi6510_d6509
5972,6510,layout_pi6511_d6510
5973,6511,layout_pi6512_d6511
5974,6512,layout_pi6513_d6512
5975,6513,layout_pi6514_d6513
5976,6514,layout_pi6515_d6514
5977,6515,layout_pi6516_d6515
5978,6517,layout_pi6518_d6517
5979,6518,layout_pi6519_d6518
5980,6519,layout_pi6520_d6519
5981,6520,layout_pi6521_d6520
5982,6521,layout_pi6522_d6521
5983,6522,layout_pi6523_d6522
5984,6523,layout_pi6524_d6523
5985,6524,layout_pi6525_d6524
5986,6525,layout_pi6526_d6525
5987,6527,layout_pi6528_d6527
5988,6528,layout_pi6529_d6528
5989,6530,layout_pi6531_d6530
5990,6531,layout_pi6532_d6531
5991,6532,layout_pi6533_d6532
5992,6533,layout_pi6534_d6533
5993,6534,layout_pi6535_d6534
5994,6535,layout_pi6536_d6535
5995,6536,layout_pi6537_d6536
5996,6537,layout_pi6538_d6537
5997,6538,layout_pi6539_d6538
5998,6539,layout_pi6540_d6539
5999,6540,layout_pi6541_d6540
6000,6541,layout_pi6542_d6541
6001,6542,layout_pi6543_d6542
6002,6544,layout_pi6545_d6544
6003,6545,layout_pi6546_d6545
6004,6546,layout_pi6547_d6546
6005,6547,layout_pi6548_d6547
6006,6548,layout_pi6549_d6548
6007,6549,layout_pi6550_d6549
6008,6550,layout_pi6551_d6550
6009,6551,layout_pi6552_d6551
6010,6552,layout_pi6553_d6552
6011,6553,layout_pi6554_d6553
6012,6554,layout_pi6555_d6554
6013,6555,layout_pi6556_d6555
6014,6556,layout_pi6557_d6556
6015,6557,layout_pi6558_d6557
6016,6558,layout_pi6559_d6558
6017,6559,layout_pi6560_d6559
6018,6560,layout_pi6561_d6560
6019,6561,layout_pi6562_d6561
6020,6562,layout_pi6563_d6562
6021,6563,layout_pi6564_d6563
6022,6564,layout_pi6565_d6564
6023,6565,layout_pi6566_d6565
6024,6567,layout_pi6568_d6567
6025,6568,layout_pi6569_d6568
6026,6569,layout_pi6570_d6569
6027,6570,layout_pi6571_d6570
6028,6572,layout_pi6573_d6572
6029,6574,layout_pi6575_d6574
6030,6576,layout_pi6577_d6576
6031,6577,layout_pi6578_d6577
6032,6578,layout_pi6579_d6578
6033,6579,layout_pi6580_d6579
6034,6580,layout_pi6581_d6580
6035,6581,layout_pi6582_d6581
6036,6582,layout_pi6583_d6582
6037,6583,layout_pi6584_d6583
6038,6584,layout_pi6585_d6584
6039,6585,layout_pi6586_d6585
6040,6586,layout_pi6587_d6586
6041,6587,layout_pi6588_d6587
6042,6588,layout_pi6589_d6588
6043,6589,layout_pi6590_d6589
6044,6590,layout_pi6591_d6590
6045,6591,layout_pi6592_d6591
6046,6594,layout_pi6595_d6594
6047,6595,layout_pi6596_d6595
6048,6596,layout_pi6597_d6596
6049,6599,layout_pi6600_d6599
6050,6600,layout_pi6601_d6600
6051,6602,layout_pi6603_d6602
6052,6603,layout_pi6604_d6603
6053,6604,layout_pi6605_d6604
6054,6605,layout_pi6606_d6605
6055,6606,layout_pi6607_d6606
6056,6609,layout_pi6610_d6609
6057,6610,layout_pi6611_d6610
6058,6612,layout_pi6613_d6612
6059,6613,layout_pi6614_d6613
6060,6614,layout_pi6615_d6614
6061,6615,layout_pi6616_d6615
6062,6616,layout_pi6617_d6616
6063,6617,layout_pi6618_d6617
6064,6618,layout_pi6619_d6618
6065,6619,layout_pi6620_d6619
6066,6620,layout_pi6621_d6620
6067,6621,layout_pi6622_d6621
6068,6622,layout_pi6623_d6622
6069,6623,layout_pi6624_d6623
6070,6624,layout_pi6625_d6624
6071,6625,layout_pi6626_d6625
6072,6626,layout_pi6627_d6626
6073,6627,layout_pi6628_d6627
6074,6628,layout_pi6629_d6628
6075,6630,layout_pi6631_d6630
6076,6631,layout_pi6632_d6631
6077,6632,layout_pi6633_d6632
6078,6633,layout_pi6634_d6633
6079,6634,layout_pi6635_d6634
6080,6635,layout_pi6636_d6635
6081,6636,layout_pi6637_d6636
6082,6638,layout_pi6639_d6638
6083,6640,layout_pi6641_d6640
6084,6641,layout_pi6642_d6641
6085,6643,layout_pi6644_d6643
6086,6644,layout_pi6645_d6644
6087,6645,layout_pi6646_d6645
6088,6647,layout_pi6648_d6647
6089,6648,layout_pi6649_d6648
6090,6649,layout_pi6650_d6649
6091,6650,layout_pi6651_d6650
6092,6651,layout_pi6652_d6651
6093,6652,layout_pi6653_d6652
6094,6653,layout_pi6654_d6653
6095,6654,layout_pi6655_d6654
6096,6655,layout_pi6656_d6655
6097,6656,layout_pi6657_d6656
6098,6657,layout_pi6658_d6657
6099,6658,layout_pi6659_d6658
6100,6659,layout_pi6660_d6659
6101,6661,layout_pi6662_d6661
6102,6663,layout_pi6664_d6663
6103,6665,layout_pi6666_d6665
6104,6667,layout_pi6668_d6667
6105,6668,layout_pi6669_d6668
6106,6670,layout_pi6671_d6670
6107,6671,layout_pi6672_d6671
6108,6672,layout_pi6673_d6672
6109,6673,layout_pi6674_d6673
6110,6674,layout_pi6675_d6674
6111,6675,layout_pi6676_d6675
6112,6676,layout_pi6677_d6676
6113,6678,layout_pi6679_d6678
6114,6679,layout_pi6680_d6679
6115,6680,layout_pi6681_d6680
6116,6682,layout_pi6683_d6682
6117,6683,layout_pi6684_d6683
6118,6685,layout_pi6686_d6685
6119,6686,layout_pi6687_d6686
6120,6687,layout_pi6688_d6687
6121,6688,layout_pi6689_d6688
6122,6689,layout_pi6690_d6689
6123,6690,layout_pi6691_d6690
6124,6691,layout_pi6692_d6691
6125,6692,layout_pi6693_d6692
6126,6693,layout_pi6694_d6693
6127,6694,layout_pi6695_d6694
6128,6695,layout_pi6696_d6695
6129,6696,layout_pi6697_d6696
6130,6697,layout_pi6698_d6697
6131,6698,layout_pi6699_d6698
6132,6699,layout_pi6700_d6699
6133,6700,layout_pi6701_d6700
6134,6701,layout_pi6702_d6701
6135,6702,layout_pi6703_d6702
6136,6703,layout_pi6704_d6703
6137,6705,layout_pi6706_d6705
6138,6706,layout_pi6707_d6706
6139,6707,layout_pi6708_d6707
6140,6708,layout_pi6709_d6708
6141,6709,layout_pi6710_d6709
6142,6710,layout_pi6711_d6710
6143,6711,layout_pi6712_d6711
6144,6712,layout_pi6713_d6712
6145,6713,layout_pi6714_d6713
6146,6714,layout_pi6715_d6714
6147,6715,layout_pi6716_d6715
6148,6716,layout_pi6717_d6716
6149,6717,layout_pi6718_d6717
6150,6718,layout_pi6719_d6718
6151,6719,layout_pi6720_d6719
6152,6720,layout_pi6721_d6720
6153,6721,layout_pi6722_d6721
6154,6722,layout_pi6723_d6722
6155,6723,layout_pi6724_d6723
6156,6724,layout_pi6725_d6724
6157,6726,layout_pi6727_d6726
6158,6728,layout_pi6729_d6728
6159,6729,layout_pi6730_d6729
6160,6730,layout_pi6731_d6730
6161,6731,layout_pi6732_d6731
6162,6732,layout_pi6733_d6732
6163,6733,layout_pi6734_d6733
6164,6734,layout_pi6735_d6734
6165,6735,layout_pi6736_d6735
6166,6736,layout_pi6737_d6736
6167,6737,layout_pi6738_d6737
6168,6738,layout_pi6739_d6738
6169,6739,layout_pi6740_d6739
6170,6740,layout_pi6741_d6740
6171,6741,layout_pi6742_d6741
6172,6742,layout_pi6743_d6742
6173,6743,layout_pi6744_d6743
6174,6744,layout_pi6745_d6744
6175,6745,layout_pi6746_d6745
6176,6746,layout_pi6747_d6746
6177,6747,layout_pi6748_d6747
6178,6749,layout_pi6750_d6749
6179,6750,layout_pi6751_d6750
6180,6751,layout_pi6752_d6751
6181,6752,layout_pi6753_d6752
6182,6753,layout_pi6754_d6753
6183,6754,layout_pi6755_d6754
6184,6755,layout_pi6756_d6755
6185,6756,layout_pi6757_d6756
6186,6757,layout_pi6758_d6757
6187,6758,layout_pi6759_d6758
6188,6759,layout_pi6760_d6759
6189,6760,layout_pi6761_d6760
6190,6762,layout_pi6763_d6762
6191,6763,layout_pi6764_d6763
6192,6765,layout_pi6766_d6765
6193,6766,layout_pi6767_d6766
6194,6767,layout_pi6768_d6767
6195,6768,layout_pi6769_d6768
6196,6769,layout_pi6770_d6769
6197,6770,layout_pi6771_d6770
6198,6771,layout_pi6772_d6771
6199,6773,layout_pi6774_d6773
6200,6774,layout_pi6775_d6774
6201,6776,layout_pi6777_d6776
6202,6778,layout_pi6779_d6778
6203,6779,layout_pi6780_d6779
6204,6780,layout_pi6781_d6780
6205,6781,layout_pi6782_d6781
6206,6782,layout_pi6783_d6782
6207,6783,layout_pi6784_d6783
6208,6784,layout_pi6785_d6784
6209,6785,layout_pi6786_d6785
6210,6786,layout_pi6787_d6786
6211,6787,layout_pi6788_d6787
6212,6788,layout_pi6789_d6788
6213,6790,layout_pi6791_d6790
6214,6791,layout_pi6792_d6791
6215,6792,layout_pi6793_d6792
6216,6793,layout_pi6794_d6793
6217,6794,layout_pi6795_d6794
6218,6795,layout_pi6796_d6795
6219,6796,layout_pi6797_d6796
6220,6801,layout_pi6802_d6801
6221,6803,layout_pi6804_d6803
6222,6804,layout_pi6805_d6804
6223,6805,layout_pi6806_d6805
6224,6806,layout_pi6807_d6806
6225,6807,layout_pi6808_d6807
6226,6808,layout_pi6809_d6808
6227,6809,layout_pi6810_d6809
6228,6810,layout_pi6811_d6810
6229,6811,layout_pi6812_d6811
6230,6813,layout_pi6814_d6813
6231,6814,layout_pi6815_d6814
6232,6815,layout_pi6816_d6815
6233,6816,layout_pi6817_d6816
6234,6819,layout_pi6820_d6819
6235,6820,layout_pi6821_d6820
6236,6821,layout_pi6822_d6821
6237,6822,layout_pi6823_d6822
6238,6823,layout_pi6824_d6823
6239,6824,layout_pi6825_d6824
6240,6825,layout_pi6826_d6825
6241,6826,layout_pi6827_d6826
6242,6827,layout_pi6828_d6827
6243,6829,layout_pi6830_d6829
6244,6830,layout_pi6831_d6830
6245,6831,layout_pi6832_d6831
6246,6832,layout_pi6833_d6832
6247,6833,layout_pi6834_d6833
6248,6834,layout_pi6835_d6834
6249,6836,layout_pi6837_d6836
6250,6837,layout_pi6838_d6837
6251,6838,layout_pi6839_d6838
6252,6839,layout_pi6840_d6839
6253,6840,layout_pi6841_d6840
6254,6841,layout_pi6842_d6841
6255,6842,layout_pi6843_d6842
6256,6843,layout_pi6844_d6843
6257,6844,layout_pi6845_d6844
6258,6845,layout_pi6846_d6845
6259,6846,layout_pi6847_d6846
6260,6849,layout_pi6850_d6849
6261,6850,layout_pi6851_d6850
6262,6851,layout_pi6852_d6851
6263,6852,layout_pi6853_d6852
6264,6853,layout_pi6854_d6853
6265,6854,layout_pi6855_d6854
6266,6856,layout_pi6857_d6856
6267,6857,layout_pi6858_d6857
6268,6858,layout_pi6859_d6858
6269,6859,layout_pi6860_d6859
6270,6860,layout_pi6861_d6860
6271,6861,layout_pi6862_d6861
6272,6862,layout_pi6863_d6862
6273,6863,layout_pi6864_d6863
6274,6864,layout_pi6865_d6864
6275,6865,layout_pi6866_d6865
6276,6867,layout_pi6868_d6867
6277,6868,layout_pi6869_d6868
6278,6869,layout_pi6870_d6869
6279,6870,layout_pi6871_d6870
6280,6871,layout_pi6872_d6871
6281,6872,layout_pi6873_d6872
6282,6873,layout_pi6874_d6873
6283,6874,layout_pi6875_d6874
6284,6875,layout_pi6876_d6875
6285,6876,layout_pi6877_d6876
6286,6877,layout_pi6878_d6877
6287,6878,layout_pi6879_d6878
6288,6879,layout_pi6880_d6879
6289,6880,layout_pi6881_d6880
6290,6881,layout_pi6882_d6881
6291,6882,layout_pi6883_d6882
6292,6883,layout_pi6884_d6883
6293,6884,layout_pi6885_d6884
6294,6885,layout_pi6886_d6885
6295,6886,layout_pi6887_d6886
6296,6887,layout_pi6888_d6887
6297,6888,layout_pi6889_d6888
6298,6890,layout_pi6891_d6890
6299,6891,layout_pi6892_d6891
6300,6892,layout_pi6893_d6892
6301,6893,layout_pi6894_d6893
6302,6894,layout_pi6895_d6894
6303,6895,layout_pi6896_d6895
6304,6896,layout_pi6897_d6896
6305,6897,layout_pi6898_d6897
6306,6898,layout_pi6899_d6898
6307,6899,layout_pi6900_d6899
6308,6900,layout_pi6901_d6900
6309,6901,layout_pi6902_d6901
6310,6902,layout_pi6903_d6902
6311,6903,layout_pi6904_d6903
6312,6904,layout_pi6905_d6904
6313,6905,layout_pi6906_d6905
6314,6906,layout_pi6907_d6906
6315,6908,layout_pi6909_d6908
6316,6909,layout_pi6910_d6909
6317,6910,layout_pi6911_d6910
6318,6911,layout_pi6912_d6911
6319,6912,layout_pi6913_d6912
6320,6913,layout_pi6914_d6913
6321,6914,layout_pi6915_d6914
6322,6916,layout_pi6917_d6916
6323,6917,layout_pi6918_d6917
6324,6918,layout_pi6919_d6918
6325,6919,layout_pi6920_d6919
6326,6920,layout_pi6921_d6920
6327,6922,layout_pi6923_d6922
6328,6924,layout_pi6925_d6924
6329,6925,layout_pi6926_d6925
6330,6927,layout_pi6928_d6927
6331,6928,layout_pi6929_d6928
6332,6929,layout_pi6930_d6929
6333,6930,layout_pi6931_d6930
6334,6931,layout_pi6932_d6931
6335,6932,layout_pi6933_d6932
6336,6933,layout_pi6934_d6933
6337,6934,layout_pi6935_d6934
6338,6935,layout_pi6936_d6935
6339,6936,layout_pi6937_d6936
6340,6937,layout_pi6938_d6937
6341,6938,layout_pi6939_d6938
6342,6939,layout_pi6940_d6939
6343,6940,layout_pi6941_d6940
6344,6941,layout_pi6942_d6941
6345,6942,layout_pi6943_d6942
6346,6943,layout_pi6944_d6943
6347,6944,layout_pi6945_d6944
6348,6945,layout_pi6946_d6945
6349,6946,layout_pi6947_d6946
6350,6947,layout_pi6948_d6947
6351,6948,layout_pi6949_d6948
6352,6949,layout_pi6950_d6949
6353,6950,layout_pi6951_d6950
6354,6951,layout_pi6952_d6951
6355,6952,layout_pi6953_d6952
6356,6953,layout_pi6954_d6953
6357,6954,layout_pi6955_d6954
6358,6955,layout_pi6956_d6955
6359,6956,layout_pi6957_d6956
6360,6957,layout_pi6958_d6957
6361,6958,layout_pi6959_d6958
6362,6959,layout_pi6960_d6959
6363,6961,layout_pi6962_d6961
6364,6963,layout_pi6964_d6963
6365,6965,layout_pi6966_d6965
6366,6966,layout_pi6967_d6966
6367,6967,layout_pi6968_d6967
6368,6968,layout_pi6969_d6968
6369,6969,layout_pi6970_d6969
6370,6972,layout_pi6973_d6972
6371,6973,layout_pi6974_d6973
6372,6974,layout_pi6975_d6974
6373,6976,layout_pi6977_d6976
6374,6978,layout_pi6979_d6978
6375,6982,layout_pi6983_d6982
6376,6984,layout_pi6985_d6984
6377,6985,layout_pi6986_d6985
6378,6986,layout_pi6987_d6986
6379,6987,layout_pi6988_d6987
6380,6988,layout_pi6989_d6988
6381,6990,layout_pi6991_d6990
6382,6992,layout_pi6993_d6992
6383,6993,layout_pi6994_d6993
6384,6994,layout_pi6995_d6994
6385,6995,layout_pi6996_d6995
6386,6996,layout_pi6997_d6996
6387,6997,layout_pi6998_d6997
6388,6998,layout_pi6999_d6998
6389,6999,layout_pi7000_d6999
6390,7000,layout_pi7001_d7000
6391,7002,layout_pi7003_d7002
6392,7004,layout_pi7005_d7004
6393,7005,layout_pi7006_d7005
6394,7007,layout_pi7008_d7007
6395,7008,layout_pi7009_d7008
6396,7009,layout_pi7010_d7009
6397,7010,layout_pi7011_d7010
6398,7011,layout_pi7012_d7011
6399,7012,layout_pi7013_d7012
6400,7013,layout_pi7014_d7013
6401,7014,layout_pi7015_d7014
6402,7015,layout_pi7016_d7015
6403,7016,layout_pi7017_d7016
6404,7017,layout_pi7018_d7017
6405,7019,layout_pi7020_d7019
6406,7020,layout_pi7021_d7020
6407,7021,layout_pi7022_d7021
6408,7022,layout_pi7023_d7022
6409,7024,layout_pi7025_d7024
6410,7025,layout_pi7026_d7025
6411,7026,layout_pi7027_d7026
6412,7027,layout_pi7028_d7027
6413,7028,layout_pi7029_d7028
6414,7030,layout_pi7031_d7030
6415,7031,layout_pi7032_d7031
6416,7032,layout_pi7033_d7032
6417,7033,layout_pi7034_d7033
6418,7034,layout_pi7035_d7034
6419,7035,layout_pi7036_d7035
6420,7036,layout_pi7037_d7036
6421,7038,layout_pi7039_d7038
6422,7040,layout_pi7041_d7040
6423,7041,layout_pi7042_d7041
6424,7042,layout_pi7043_d7042
6425,7043,layout_pi7044_d7043
6426,7044,layout_pi7045_d7044
6427,7045,layout_pi7046_d7045
6428,7046,layout_pi7047_d7046
6429,7047,layout_pi7048_d7047
6430,7048,layout_pi7049_d7048
6431,7049,layout_pi7050_d7049
6432,7050,layout_pi7051_d7050
6433,7051,layout_pi7052_d7051
6434,7052,layout_pi7053_d7052
6435,7053,layout_pi7054_d7053
6436,7054,layout_pi7055_d7054
6437,7055,layout_pi7056_d7055
6438,7056,layout_pi7057_d7056
6439,7057,layout_pi7058_d7057
6440,7058,layout_pi7059_d7058
6441,7059,layout_pi7060_d7059
6442,7060,layout_pi7061_d7060
6443,7061,layout_pi7062_d7061
6444,7063,layout_pi7064_d7063
6445,7064,layout_pi7065_d7064
6446,7066,layout_pi7067_d7066
6447,7067,layout_pi7068_d7067
6448,7068,layout_pi7069_d7068
6449,7069,layout_pi7070_d7069
6450,7072,layout_pi7073_d7072
6451,7073,layout_pi7074_d7073
6452,7074,layout_pi7075_d7074
6453,7075,layout_pi7076_d7075
6454,7077,layout_pi7078_d7077
6455,7079,layout_pi7080_d7079
6456,7080,layout_pi7081_d7080
6457,7083,layout_pi7084_d7083
6458,7084,layout_pi7085_d7084
6459,7085,layout_pi7086_d7085
6460,7086,layout_pi7087_d7086
6461,7087,layout_pi7088_d7087
6462,7088,layout_pi7089_d7088
6463,7089,layout_pi7090_d7089
6464,7090,layout_pi7091_d7090
6465,7091,layout_pi7092_d7091
6466,7092,layout_pi7093_d7092
6467,7093,layout_pi7094_d7093
6468,7094,layout_pi7095_d7094
6469,7095,layout_pi7096_d7095
6470,7096,layout_pi7097_d7096
6471,7097,layout_pi7098_d7097
6472,7099,layout_pi7100_d7099
6473,7100,layout_pi7101_d7100
6474,7102,layout_pi7103_d7102
6475,7103,layout_pi7104_d7103
6476,7104,layout_pi7105_d7104
6477,7106,layout_pi7107_d7106
6478,7107,layout_pi7108_d7107
6479,7108,layout_pi7109_d7108
6480,7110,layout_pi7111_d7110
6481,7111,layout_pi7112_d7111
6482,7112,layout_pi7113_d7112
6483,7113,layout_pi7114_d7113
6484,7114,layout_pi7115_d7114
6485,7115,layout_pi7116_d7115
6486,7116,layout_pi7117_d7116
6487,7117,layout_pi7118_d7117
6488,7118,layout_pi7119_d7118
6489,7120,layout_pi7121_d7120
6490,7121,layout_pi7122_d7121
6491,7122,layout_pi7123_d7122
6492,7123,layout_pi7124_d7123
6493,7124,layout_pi7125_d7124
6494,7125,layout_pi7126_d7125
6495,7127,layout_pi7128_d7127
6496,7129,layout_pi7130_d7129
6497,7130,layout_pi7131_d7130
6498,7131,layout_pi7132_d7131
6499,7132,layout_pi7133_d7132
6500,7133,layout_pi7134_d7133
6501,7134,layout_pi7135_d7134
6502,7136,layout_pi7137_d7136
6503,7138,layout_pi7139_d7138
6504,7140,layout_pi7141_d7140
6505,7141,layout_pi7142_d7141
6506,7142,layout_pi7143_d7142
6507,7143,layout_pi7144_d7143
6508,7144,layout_pi7145_d7144
6509,7145,layout_pi7146_d7145
6510,7146,layout_pi7147_d7146
6511,7147,layout_pi7148_d7147
6512,7148,layout_pi7149_d7148
6513,7150,layout_pi7151_d7150
6514,7151,layout_pi7152_d7151
6515,7152,layout_pi7153_d7152
6516,7153,layout_pi7154_d7153
6517,7154,layout_pi7155_d7154
6518,7155,layout_pi7156_d7155
6519,7156,layout_pi7157_d7156
6520,7158,layout_pi7159_d7158
6521,7160,layout_pi7161_d7160
6522,7161,layout_pi7162_d7161
6523,7162,layout_pi7163_d7162
6524,7163,layout_pi7164_d7163
6525,7164,layout_pi7165_d7164
6526,7165,layout_pi7166_d7165
6527,7166,layout_pi7167_d7166
6528,7168,layout_pi7169_d7168
6529,7169,layout_pi7170_d7169
6530,7170,layout_pi7171_d7170
6531,7173,layout_pi7174_d7173
6532,7174,layout_pi7175_d7174
6533,7176,layout_pi7177_d7176
6534,7177,layout_pi7178_d7177
6535,7179,layout_pi7180_d7179
6536,7180,layout_pi7181_d7180
6537,7181,layout_pi7182_d7181
6538,7183,layout_pi7184_d7183
6539,7184,layout_pi7185_d7184
6540,7185,layout_pi7186_d7185
6541,7186,layout_pi7187_d7186
6542,7187,layout_pi7188_d7187
6543,7188,layout_pi7189_d7188
6544,7190,layout_pi7191_d7190
6545,7191,layout_pi7192_d7191
6546,7192,layout_pi7193_d7192
6547,7193,layout_pi7194_d7193
6548,7194,layout_pi7195_d7194
6549,7195,layout_pi7196_d7195
6550,7196,layout_pi7197_d7196
6551,7197,layout_pi7198_d7197
6552,7198,layout_pi7199_d7198
6553,7199,layout_pi7200_d7199
6554,7200,layout_pi7201_d7200
6555,7201,layout_pi7202_d7201
6556,7202,layout_pi7203_d7202
6557,7203,layout_pi7204_d7203
6558,7205,layout_pi7206_d7205
6559,7206,layout_pi7207_d7206
6560,7207,layout_pi7208_d7207
6561,7209,layout_pi7210_d7209
6562,7211,layout_pi7212_d7211
6563,7213,layout_pi7214_d7213
6564,7214,layout_pi7215_d7214
6565,7216,layout_pi7217_d7216
6566,7217,layout_pi7218_d7217
6567,7218,layout_pi7219_d7218
6568,7219,layout_pi7220_d7219
6569,7220,layout_pi7221_d7220
6570,7222,layout_pi7223_d7222
6571,7223,layout_pi7224_d7223
6572,7224,layout_pi7225_d7224
6573,7225,layout_pi7226_d7225
6574,7226,layout_pi7227_d7226
6575,7227,layout_pi7228_d7227
6576,7228,layout_pi7229_d7228
6577,7229,layout_pi7230_d7229
6578,7230,layout_pi7231_d7230
6579,7231,layout_pi7232_d7231
6580,7232,layout_pi7233_d7232
6581,7233,layout_pi7234_d7233
6582,7234,layout_pi7235_d7234
6583,7235,layout_pi7236_d7235
6584,7236,layout_pi7237_d7236
6585,7237,layout_pi7238_d7237
6586,7238,layout_pi7239_d7238
6587,7239,layout_pi7240_d7239
6588,7240,layout_pi7241_d7240
6589,7241,layout_pi7242_d7241
6590,7243,layout_pi7244_d7243
6591,7244,layout_pi7245_d7244
6592,7246,layout_pi7247_d7246
6593,7247,layout_pi7248_d7247
6594,7248,layout_pi7249_d7248
6595,7250,layout_pi7251_d7250
6596,7251,layout_pi7252_d7251
6597,7252,layout_pi7253_d7252
6598,7254,layout_pi7255_d7254
6599,7255,layout_pi7256_d7255
6600,7256,layout_pi7257_d7256
6601,7257,layout_pi7258_d7257
6602,7258,layout_pi7259_d7258
6603,7259,layout_pi7260_d7259
6604,7260,layout_pi7261_d7260
6605,7261,layout_pi7262_d7261
6606,7263,layout_pi7264_d7263
6607,7264,layout_pi7265_d7264
6608,7267,layout_pi7268_d7267
6609,7268,layout_pi7269_d7268
6610,7269,layout_pi7270_d7269
6611,7270,layout_pi7271_d7270
6612,7271,layout_pi7272_d7271
6613,7272,layout_pi7273_d7272
6614,7273,layout_pi7274_d7273
6615,7274,layout_pi7275_d7274
6616,7277,layout_pi7278_d7277
6617,7278,layout_pi7279_d7278
6618,7279,layout_pi7280_d7279
6619,7280,layout_pi7281_d7280
6620,7281,layout_pi7282_d7281
6621,7283,layout_pi7284_d7283
6622,7284,layout_pi7285_d7284
6623,7285,layout_pi7286_d7285
6624,7287,layout_pi7288_d7287
6625,7288,layout_pi7289_d7288
6626,7289,layout_pi7290_d7289
6627,7290,layout_pi7291_d7290
6628,7291,layout_pi7292_d7291
6629,7292,layout_pi7293_d7292
6630,7293,layout_pi7294_d7293
6631,7294,layout_pi7295_d7294
6632,7295,layout_pi7296_d7295
6633,7296,layout_pi7297_d7296
6634,7297,layout_pi7298_d7297
6635,7299,layout_pi7300_d7299
6636,7300,layout_pi7301_d7300
6637,7302,layout_pi7303_d7302
6638,7304,layout_pi7305_d7304
6639,7305,layout_pi7306_d7305
6640,7308,layout_pi7309_d7308
6641,7309,layout_pi7310_d7309
6642,7310,layout_pi7311_d7310
6643,7311,layout_pi7312_d7311
6644,7312,layout_pi7313_d7312
6645,7313,layout_pi7314_d7313
6646,7314,layout_pi7315_d7314
6647,7315,layout_pi7316_d7315
6648,7316,layout_pi7317_d7316
6649,7317,layout_pi7318_d7317
6650,7318,layout_pi7319_d7318
6651,7319,layout_pi7320_d7319
6652,7320,layout_pi7321_d7320
6653,7321,layout_pi7322_d7321
6654,7322,layout_pi7323_d7322
6655,7323,layout_pi7324_d7323
6656,7326,layout_pi7327_d7326
6657,7327,layout_pi7328_d7327
6658,7328,layout_pi7329_d7328
6659,7329,layout_pi7330_d7329
6660,7330,layout_pi7331_d7330
6661,7333,layout_pi7334_d7333
6662,7334,layout_pi7335_d7334
6663,7335,layout_pi7336_d7335
6664,7336,layout_pi7337_d7336
6665,7337,layout_pi7338_d7337
6666,7339,layout_pi7340_d7339
6667,7340,layout_pi7341_d7340
6668,7341,layout_pi7342_d7341
6669,7343,layout_pi7344_d7343
6670,7344,layout_pi7345_d7344
6671,7345,layout_pi7346_d7345
6672,7346,layout_pi7347_d7346
6673,7347,layout_pi7348_d7347
6674,7348,layout_pi7349_d7348
6675,7349,layout_pi7350_d7349
6676,7350,layout_pi7351_d7350
6677,7351,layout_pi7352_d7351
6678,7353,layout_pi7354_d7353
6679,7354,layout_pi7355_d7354
6680,7355,layout_pi7356_d7355
6681,7357,layout_pi7358_d7357
6682,7358,layout_pi7359_d7358
6683,7361,layout_pi7362_d7361
6684,7362,layout_pi7363_d7362
6685,7363,layout_pi7364_d7363
6686,7364,layout_pi7365_d7364
6687,7365,layout_pi7366_d7365
6688,7366,layout_pi7367_d7366
6689,7367,layout_pi7368_d7367
6690,7369,layout_pi7370_d7369
6691,7370,layout_pi7371_d7370
6692,7371,layout_pi7372_d7371
6693,7372,layout_pi7373_d7372
6694,7373,layout_pi7374_d7373
6695,7374,layout_pi7375_d7374
6696,7375,layout_pi7376_d7375
6697,7376,layout_pi7377_d7376
6698,7377,layout_pi7378_d7377
6699,7378,layout_pi7379_d7378
6700,7379,layout_pi7380_d7379
6701,7383,layout_pi7384_d7383
6702,7384,layout_pi7385_d7384
6703,7388,layout_pi7389_d7388
6704,7389,layout_pi7390_d7389
6705,7390,layout_pi7391_d7390
6706,7391,layout_pi7392_d7391
6707,7392,layout_pi7393_d7392
6708,7395,layout_pi7396_d7395
6709,7397,layout_pi7398_d7397
6710,7398,layout_pi7399_d7398
6711,7399,layout_pi7400_d7399
6712,7401,layout_pi7402_d7401
6713,7402,layout_pi7403_d7402
6714,7403,layout_pi7404_d7403
6715,7404,layout_pi7405_d7404
6716,7405,layout_pi7406_d7405
6717,7406,layout_pi7407_d7406
6718,7408,layout_pi7409_d7408
6719,7411,layout_pi7412_d7411
6720,7412,layout_pi7413_d7412
6721,7413,layout_pi7414_d7413
6722,7414,layout_pi7415_d7414
6723,7416,layout_pi7417_d7416
6724,7418,layout_pi7419_d7418
6725,7419,layout_pi7420_d7419
6726,7420,layout_pi7421_d7420
6727,7421,layout_pi7422_d7421
6728,7422,layout_pi7423_d7422
6729,7423,layout_pi7424_d7423
6730,7424,layout_pi7425_d7424
6731,7425,layout_pi7426_d7425
6732,7426,layout_pi7427_d7426
6733,7427,layout_pi7428_d7427
6734,7429,layout_pi7430_d7429
6735,7430,layout_pi7431_d7430
6736,7431,layout_pi7432_d7431
6737,7432,layout_pi7433_d7432
6738,7433,layout_pi7434_d7433
6739,7435,layout_pi7436_d7435
6740,7436,layout_pi7437_d7436
6741,7437,layout_pi7438_d7437
6742,7438,layout_pi7439_d7438
6743,7440,layout_pi7441_d7440
6744,7441,layout_pi7442_d7441
6745,7443,layout_pi7444_d7443
6746,7444,layout_pi7445_d7444
6747,7445,layout_pi7446_d7445
6748,7446,layout_pi7447_d7446
6749,7447,layout_pi7448_d7447
6750,7450,layout_pi7451_d7450
6751,7451,layout_pi7452_d7451
6752,7452,layout_pi7453_d7452
6753,7453,layout_pi7454_d7453
6754,7454,layout_pi7455_d7454
6755,7456,layout_pi7457_d7456
6756,7457,layout_pi7458_d7457
6757,7459,layout_pi7460_d7459
6758,7460,layout_pi7461_d7460
6759,7462,layout_pi7463_d7462
6760,7463,layout_pi7464_d7463
6761,7464,layout_pi7465_d7464
6762,7465,layout_pi7466_d7465
6763,7466,layout_pi7467_d7466
6764,7467,layout_pi7468_d7467
6765,7468,layout_pi7469_d7468
6766,7469,layout_pi7470_d7469
6767,7470,layout_pi7471_d7470
6768,7471,layout_pi7472_d7471
6769,7473,layout_pi7474_d7473
6770,7474,layout_pi7475_d7474
6771,7475,layout_pi7476_d7475
6772,7476,layout_pi7477_d7476
6773,7477,layout_pi7478_d7477
6774,7478,layout_pi7479_d7478
6775,7479,layout_pi7480_d7479
6776,7481,layout_pi7482_d7481
6777,7482,layout_pi7483_d7482
6778,7483,layout_pi7484_d7483
6779,7484,layout_pi7485_d7484
6780,7485,layout_pi7486_d7485
6781,7486,layout_pi7487_d7486
6782,7487,layout_pi7488_d7487
6783,7488,layout_pi7489_d7488
6784,7489,layout_pi7490_d7489
6785,7490,layout_pi7491_d7490
6786,7491,layout_pi7492_d7491
6787,7492,layout_pi7493_d7492
6788,7493,layout_pi7494_d7493
6789,7494,layout_pi7495_d7494
6790,7498,layout_pi7499_d7498
6791,7499,layout_pi7500_d7499
6792,7500,layout_pi7501_d7500
6793,7501,layout_pi7502_d7501
6794,7502,layout_pi7503_d7502
6795,7503,layout_pi7504_d7503
6796,7504,layout_pi7505_d7504
6797,7505,layout_pi7506_d7505
6798,7506,layout_pi7507_d7506
6799,7507,layout_pi7508_d7507
6800,7508,layout_pi7509_d7508
6801,7509,layout_pi7510_d7509
6802,7510,layout_pi7511_d7510
6803,7512,layout_pi7513_d7512
6804,7513,layout_pi7514_d7513
6805,7514,layout_pi7515_d7514
6806,7517,layout_pi7518_d7517
6807,7518,layout_pi7519_d7518
6808,7519,layout_pi7520_d7519
6809,7520,layout_pi7521_d7520
6810,7521,layout_pi7522_d7521
6811,7522,layout_pi7523_d7522
6812,7523,layout_pi7524_d7523
6813,7525,layout_pi7526_d7525
6814,7526,layout_pi7527_d7526
6815,7527,layout_pi7528_d7527
6816,7528,layout_pi7529_d7528
6817,7529,layout_pi7530_d7529
6818,7530,layout_pi7531_d7530
6819,7531,layout_pi7532_d7531
6820,7533,layout_pi7534_d7533
6821,7534,layout_pi7535_d7534
6822,7535,layout_pi7536_d7535
6823,7536,layout_pi7537_d7536
6824,7537,layout_pi7538_d7537
6825,7538,layout_pi7539_d7538
6826,7540,layout_pi7541_d7540
6827,7541,layout_pi7542_d7541
6828,7543,layout_pi7544_d7543
6829,7544,layout_pi7545_d7544
6830,7546,layout_pi7547_d7546
6831,7547,layout_pi7548_d7547
6832,7548,layout_pi7549_d7548
6833,7549,layout_pi7550_d7549
6834,7550,layout_pi7551_d7550
6835,7551,layout_pi7552_d7551
6836,7552,layout_pi7553_d7552
6837,7553,layout_pi7554_d7553
6838,7554,layout_pi7555_d7554
6839,7555,layout_pi7556_d7555
6840,7556,layout_pi7557_d7556
6841,7557,layout_pi7558_d7557
6842,7558,layout_pi7559_d7558
6843,7559,layout_pi7560_d7559
6844,7563,layout_pi7564_d7563
6845,7565,layout_pi7566_d7565
6846,7566,layout_pi7567_d7566
6847,7567,layout_pi7568_d7567
6848,7568,layout_pi7569_d7568
6849,7569,layout_pi7570_d7569
6850,7570,layout_pi7571_d7570
6851,7572,layout_pi7573_d7572
6852,7573,layout_pi7574_d7573
6853,7574,layout_pi7575_d7574
6854,7575,layout_pi7576_d7575
6855,7576,layout_pi7577_d7576
6856,7577,layout_pi7578_d7577
6857,7578,layout_pi7579_d7578
6858,7579,layout_pi7580_d7579
6859,7580,layout_pi7581_d7580
6860,7581,layout_pi7582_d7581
6861,7582,layout_pi7583_d7582
6862,7583,layout_pi7584_d7583
6863,7584,layout_pi7585_d7584
6864,7585,layout_pi7586_d7585
6865,7586,layout_pi7587_d7586
6866,7587,layout_pi7588_d7587
6867,7588,layout_pi7589_d7588
6868,7589,layout_pi7590_d7589
6869,7590,layout_pi7591_d7590
6870,7591,layout_pi7592_d7591
6871,7592,layout_pi7593_d7592
6872,7594,layout_pi7595_d7594
6873,7595,layout_pi7596_d7595
6874,7596,layout_pi7597_d7596
6875,7597,layout_pi7598_d7597
6876,7598,layout_pi7599_d7598
6877,7599,layout_pi7600_d7599
6878,7600,layout_pi7601_d7600
6879,7601,layout_pi7602_d7601
6880,7603,layout_pi7604_d7603
6881,7604,layout_pi7605_d7604
6882,7605,layout_pi7606_d7605
6883,7608,layout_pi7609_d7608
6884,7609,layout_pi7610_d7609
6885,7610,layout_pi7611_d7610
6886,7611,layout_pi7612_d7611
6887,7613,layout_pi7614_d7613
6888,7614,layout_pi7615_d7614
6889,7615,layout_pi7616_d7615
6890,7616,layout_pi7617_d7616
6891,7617,layout_pi7618_d7617
6892,7618,layout_pi7619_d7618
6893,7619,layout_pi7620_d7619
6894,7620,layout_pi7621_d7620
6895,7621,layout_pi7622_d7621
6896,7622,layout_pi7623_d7622
6897,7623,layout_pi7624_d7623
6898,7624,layout_pi7625_d7624
6899,7625,layout_pi7626_d7625
6900,7628,layout_pi7629_d7628
6901,7629,layout_pi7630_d7629
6902,7630,layout_pi7631_d7630
6903,7631,layout_pi7632_d7631
6904,7632,layout_pi7633_d7632
6905,7633,layout_pi7634_d7633
6906,7634,layout_pi7635_d7634
6907,7635,layout_pi7636_d7635
6908,7636,layout_pi7637_d7636
6909,7637,layout_pi7638_d7637
6910,7638,layout_pi7639_d7638
6911,7639,layout_pi7640_d7639
6912,7640,layout_pi7641_d7640
6913,7641,layout_pi7642_d7641
6914,7642,layout_pi7643_d7642
6915,7644,layout_pi7645_d7644
6916,7645,layout_pi7646_d7645
6917,7646,layout_pi7647_d7646
6918,7647,layout_pi7648_d7647
6919,7648,layout_pi7649_d7648
6920,7649,layout_pi7650_d7649
6921,7650,layout_pi7651_d7650
6922,7651,layout_pi7652_d7651
6923,7652,layout_pi7653_d7652
6924,7653,layout_pi7654_d7653
6925,7654,layout_pi7655_d7654
6926,7655,layout_pi7656_d7655
6927,7656,layout_pi7657_d7656
6928,7657,layout_pi7658_d7657
6929,7658,layout_pi7659_d7658
6930,7659,layout_pi7660_d7659
6931,7660,layout_pi7661_d7660
6932,7662,layout_pi7663_d7662
6933,7663,layout_pi7664_d7663
6934,7664,layout_pi7665_d7664
6935,7666,layout_pi7667_d7666
6936,7667,layout_pi7668_d7667
6937,7668,layout_pi7669_d7668
6938,7669,layout_pi7670_d7669
6939,7670,layout_pi7671_d7670
6940,7671,layout_pi7672_d7671
6941,7672,layout_pi7673_d7672
6942,7673,layout_pi7674_d7673
6943,7674,layout_pi7675_d7674
6944,7676,layout_pi7677_d7676
6945,7677,layout_pi7678_d7677
6946,7679,layout_pi7680_d7679
6947,7681,layout_pi7682_d7681
6948,7682,layout_pi7683_d7682
6949,7683,layout_pi7684_d7683
6950,7684,layout_pi7685_d7684
6951,7685,layout_pi7686_d7685
6952,7686,layout_pi7687_d7686
6953,7687,layout_pi7688_d7687
6954,7688,layout_pi7689_d7688
6955,7689,layout_pi7690_d7689
6956,7691,layout_pi7692_d7691
6957,7692,layout_pi7693_d7692
6958,7693,layout_pi7694_d7693
6959,7694,layout_pi7695_d7694
6960,7695,layout_pi7696_d7695
6961,7696,layout_pi7697_d7696
6962,7697,layout_pi7698_d7697
6963,7698,layout_pi7699_d7698
6964,7699,layout_pi7700_d7699
6965,7700,layout_pi7701_d7700
6966,7701,layout_pi7702_d7701
6967,7702,layout_pi7703_d7702
6968,7703,layout_pi7704_d7703
6969,7704,layout_pi7705_d7704
6970,7705,layout_pi7706_d7705
6971,7706,layout_pi7707_d7706
6972,7708,layout_pi7709_d7708
6973,7709,layout_pi7710_d7709
6974,7711,layout_pi7712_d7711
6975,7712,layout_pi7713_d7712
6976,7713,layout_pi7714_d7713
6977,7714,layout_pi7715_d7714
6978,7715,layout_pi7716_d7715
6979,7716,layout_pi7717_d7716
6980,7717,layout_pi7718_d7717
6981,7718,layout_pi7719_d7718
6982,7720,layout_pi7721_d7720
6983,7721,layout_pi7722_d7721
6984,7722,layout_pi7723_d7722
6985,7723,layout_pi7724_d7723
6986,7724,layout_pi7725_d7724
6987,7725,layout_pi7726_d7725
6988,7727,layout_pi7728_d7727
6989,7728,layout_pi7729_d7728
6990,7729,layout_pi7730_d7729
6991,7730,layout_pi7731_d7730
6992,7731,layout_pi7732_d7731
6993,7732,layout_pi7733_d7732
6994,7734,layout_pi7735_d7734
6995,7735,layout_pi7736_d7735
6996,7736,layout_pi7737_d7736
6997,7737,layout_pi7738_d7737
6998,7738,layout_pi7739_d7738
6999,7740,layout_pi7741_d7740
7000,7741,layout_pi7742_d7741
7001,7742,layout_pi7743_d7742
7002,7743,layout_pi7744_d7743
7003,7744,layout_pi7745_d7744
7004,7745,layout_pi7746_d7745
7005,7746,layout_pi7747_d7746
7006,7747,layout_pi7748_d7747
7007,7748,layout_pi7749_d7748
7008,7750,layout_pi7751_d7750
7009,7751,layout_pi7752_d7751
7010,7752,layout_pi7753_d7752
7011,7753,layout_pi7754_d7753
7012,7754,layout_pi7755_d7754
7013,7755,layout_pi7756_d7755
7014,7756,layout_pi7757_d7756
7015,7757,layout_pi7758_d7757
7016,7758,layout_pi7759_d7758
7017,7760,layout_pi7761_d7760
7018,7761,layout_pi7762_d7761
7019,7762,layout_pi7763_d7762
7020,7763,layout_pi7764_d7763
7021,7764,layout_pi7765_d7764
7022,7765,layout_pi7766_d7765
7023,7766,layout_pi7767_d7766
7024,7767,layout_pi7768_d7767
7025,7768,layout_pi7769_d7768
7026,7769,layout_pi7770_d7769
7027,7770,layout_pi7771_d7770
7028,7771,layout_pi7772_d7771
7029,7772,layout_pi7773_d7772
7030,7773,layout_pi7774_d7773
7031,7774,layout_pi7775_d7774
7032,7775,layout_pi7776_d7775
7033,7776,layout_pi7777_d7776
7034,7779,layout_pi7780_d7779
7035,7780,layout_pi7781_d7780
7036,7782,layout_pi7783_d7782
7037,7783,layout_pi7784_d7783
7038,7784,layout_pi7785_d7784
7039,7785,layout_pi7786_d7785
7040,7786,layout_pi7787_d7786
7041,7788,layout_pi7789_d7788
7042,7789,layout_pi7790_d7789
7043,7790,layout_pi7791_d7790
7044,7791,layout_pi7792_d7791
7045,7792,layout_pi7793_d7792
7046,7794,layout_pi7795_d7794
7047,7795,layout_pi7796_d7795
7048,7796,layout_pi7797_d7796
7049,7797,layout_pi7798_d7797
7050,7798,layout_pi7799_d7798
7051,7799,layout_pi7800_d7799
7052,7800,layout_pi7801_d7800
7053,7801,layout_pi7802_d7801
7054,7802,layout_pi7803_d7802
7055,7803,layout_pi7804_d7803
7056,7804,layout_pi7805_d7804
7057,7805,layout_pi7806_d7805
7058,7806,layout_pi7807_d7806
7059,7807,layout_pi7808_d7807
7060,7808,layout_pi7809_d7808
7061,7809,layout_pi7810_d7809
7062,7810,layout_pi7811_d7810
7063,7811,layout_pi7812_d7811
7064,7812,layout_pi7813_d7812
7065,7814,layout_pi7815_d7814
7066,7815,layout_pi7816_d7815
7067,7816,layout_pi7817_d7816
7068,7817,layout_pi7818_d7817
7069,7818,layout_pi7819_d7818
7070,7819,layout_pi7820_d7819
7071,7821,layout_pi7822_d7821
7072,7822,layout_pi7823_d7822
7073,7823,layout_pi7824_d7823
7074,7824,layout_pi7825_d7824
7075,7826,layout_pi7827_d7826
7076,7827,layout_pi7828_d7827
7077,7828,layout_pi7829_d7828
7078,7829,layout_pi7830_d7829
7079,7830,layout_pi7831_d7830
7080,7831,layout_pi7832_d7831
7081,7832,layout_pi7833_d7832
7082,7834,layout_pi7835_d7834
7083,7835,layout_pi7836_d7835
7084,7836,layout_pi7837_d7836
7085,7838,layout_pi7839_d7838
7086,7839,layout_pi7840_d7839
7087,7840,layout_pi7841_d7840
7088,7841,layout_pi7842_d7841
7089,7843,layout_pi7844_d7843
7090,7844,layout_pi7845_d7844
7091,7845,layout_pi7846_d7845
7092,7846,layout_pi7847_d7846
7093,7847,layout_pi7848_d7847
7094,7849,layout_pi7850_d7849
7095,7850,layout_pi7851_d7850
7096,7852,layout_pi7853_d7852
7097,7853,layout_pi7854_d7853
7098,7854,layout_pi7855_d7854
7099,7855,layout_pi7856_d7855
7100,7856,layout_pi7857_d7856
7101,7857,layout_pi7858_d7857
7102,7858,layout_pi7859_d7858
7103,7859,layout_pi7860_d7859
7104,7860,layout_pi7861_d7860
7105,7861,layout_pi7862_d7861
7106,7862,layout_pi7863_d7862
7107,7863,layout_pi7864_d7863
7108,7865,layout_pi7866_d7865
7109,7867,layout_pi7868_d7867
7110,7868,layout_pi7869_d7868
7111,7869,layout_pi7870_d7869
7112,7870,layout_pi7871_d7870
7113,7871,layout_pi7872_d7871
7114,7872,layout_pi7873_d7872
7115,7873,layout_pi7874_d7873
7116,7875,layout_pi7876_d7875
7117,7876,layout_pi7877_d7876
7118,7877,layout_pi7878_d7877
7119,7878,layout_pi7879_d7878
7120,7879,layout_pi7880_d7879
7121,7880,layout_pi7881_d7880
7122,7881,layout_pi7882_d7881
7123,7882,layout_pi7883_d7882
7124,7884,layout_pi7885_d7884
7125,7885,layout_pi7886_d7885
7126,7886,layout_pi7887_d7886
7127,7888,layout_pi7889_d7888
7128,7889,layout_pi7890_d7889
7129,7891,layout_pi7892_d7891
7130,7892,layout_pi7893_d7892
7131,7893,layout_pi7894_d7893
7132,7894,layout_pi7895_d7894
7133,7895,layout_pi7896_d7895
7134,7896,layout_pi7897_d7896
7135,7897,layout_pi7898_d7897
7136,7898,layout_pi7899_d7898
7137,7899,layout_pi7900_d7899
7138,7900,layout_pi7901_d7900
7139,7901,layout_pi7902_d7901
7140,7902,layout_pi7903_d7902
7141,7903,layout_pi7904_d7903
7142,7905,layout_pi7906_d7905
7143,7906,layout_pi7907_d7906
7144,7907,layout_pi7908_d7907
7145,7909,layout_pi7910_d7909
7146,7910,layout_pi7911_d7910
7147,7911,layout_pi7912_d7911
7148,7912,layout_pi7913_d7912
7149,7913,layout_pi7914_d7913
7150,7914,layout_pi7915_d7914
7151,7915,layout_pi7916_d7915
7152,7916,layout_pi7917_d7916
7153,7919,layout_pi7920_d7919
7154,7921,layout_pi7922_d7921
7155,7922,layout_pi7923_d7922
7156,7923,layout_pi7924_d7923
7157,7924,layout_pi7925_d7924
7158,7925,layout_pi7926_d7925
7159,7926,layout_pi7927_d7926
7160,7927,layout_pi7928_d7927
7161,7928,layout_pi7929_d7928
7162,7930,layout_pi7931_d7930
7163,7931,layout_pi7932_d7931
7164,7932,layout_pi7933_d7932
7165,7934,layout_pi7935_d7934
7166,7936,layout_pi7937_d7936
7167,7937,layout_pi7938_d7937
7168,7938,layout_pi7939_d7938
7169,7940,layout_pi7941_d7940
7170,7941,layout_pi7942_d7941
7171,7942,layout_pi7943_d7942
7172,7947,layout_pi7948_d7947
7173,7948,layout_pi7949_d7948
7174,7949,layout_pi7950_d7949
7175,7951,layout_pi7952_d7951
7176,7953,layout_pi7954_d7953
7177,7954,layout_pi7955_d7954
7178,7955,layout_pi7956_d7955
7179,7956,layout_pi7957_d7956
7180,7958,layout_pi7959_d7958
7181,7960,layout_pi7961_d7960
7182,7961,layout_pi7962_d7961
7183,7962,layout_pi7963_d7962
7184,7963,layout_pi7964_d7963
7185,7965,layout_pi7966_d7965
7186,7966,layout_pi7967_d7966
7187,7967,layout_pi7968_d7967
7188,7968,layout_pi7969_d7968
7189,7971,layout_pi7972_d7971
7190,7972,layout_pi7973_d7972
7191,7974,layout_pi7975_d7974
7192,7975,layout_pi7976_d7975
7193,7976,layout_pi7977_d7976
7194,7977,layout_pi7978_d7977
7195,7978,layout_pi7979_d7978
7196,7979,layout_pi7980_d7979
7197,7980,layout_pi7981_d7980
7198,7981,layout_pi7982_d7981
7199,7982,layout_pi7983_d7982
7200,7983,layout_pi7984_d7983
7201,7984,layout_pi7985_d7984
7202,7985,layout_pi7986_d7985
7203,7986,layout_pi7987_d7986
7204,7987,layout_pi7988_d7987
7205,7988,layout_pi7989_d7988
7206,7989,layout_pi7990_d7989
7207,7990,layout_pi7991_d7990
7208,7991,layout_pi7992_d7991
7209,7992,layout_pi7993_d7992
7210,7993,layout_pi7994_d7993
7211,7994,layout_pi7995_d7994
7212,7995,layout_pi7996_d7995
7213,7996,layout_pi7997_d7996
7214,7997,layout_pi7998_d7997
7215,7998,layout_pi7999_d7998
7216,7999,layout_pi8000_d7999
7217,8001,layout_pi8002_d8001
7218,8002,layout_pi8003_d8002
7219,8003,layout_pi8004_d8003
7220,8004,layout_pi8005_d8004
7221,8005,layout_pi8006_d8005
7222,8008,layout_pi8009_d8008
7223,8009,layout_pi8010_d8009
7224,8010,layout_pi8011_d8010
7225,8012,layout_pi8013_d8012
7226,8013,layout_pi8014_d8013
7227,8014,layout_pi8015_d8014
7228,8016,layout_pi8017_d8016
7229,8018,layout_pi8019_d8018
7230,8019,layout_pi8020_d8019
7231,8021,layout_pi8022_d8021
7232,8022,layout_pi8023_d8022
7233,8023,layout_pi8024_d8023
7234,8025,layout_pi8026_d8025
7235,8026,layout_pi8027_d8026
7236,8028,layout_pi8029_d8028
7237,8029,layout_pi8030_d8029
7238,8032,layout_pi8033_d8032
7239,8033,layout_pi8034_d8033
7240,8034,layout_pi8035_d8034
7241,8035,layout_pi8036_d8035
7242,8036,layout_pi8037_d8036
7243,8037,layout_pi8038_d8037
7244,8038,layout_pi8039_d8038
7245,8039,layout_pi8040_d8039
7246,8040,layout_pi8041_d8040
7247,8041,layout_pi8042_d8041
7248,8043,layout_pi8044_d8043
7249,8044,layout_pi8045_d8044
7250,8045,layout_pi8046_d8045
7251,8048,layout_pi8049_d8048
7252,8051,layout_pi8052_d8051
7253,8052,layout_pi8053_d8052
7254,8053,layout_pi8054_d8053
7255,8056,layout_pi8057_d8056
7256,8057,layout_pi8058_d8057
7257,8059,layout_pi8060_d8059
7258,8060,layout_pi8061_d8060
7259,8061,layout_pi8062_d8061
7260,8062,layout_pi8063_d8062
7261,8063,layout_pi8064_d8063
7262,8064,layout_pi8065_d8064
7263,8065,layout_pi8066_d8065
7264,8066,layout_pi8067_d8066
7265,8068,layout_pi8069_d8068
7266,8069,layout_pi8070_d8069
7267,8072,layout_pi8073_d8072
7268,8073,layout_pi8074_d8073
7269,8074,layout_pi8075_d8074
7270,8075,layout_pi8076_d8075
7271,8078,layout_pi8079_d8078
7272,8080,layout_pi8081_d8080
7273,8083,layout_pi8084_d8083
7274,8084,layout_pi8085_d8084
7275,8085,layout_pi8086_d8085
7276,8087,layout_pi8088_d8087
7277,8088,layout_pi8089_d8088
7278,8089,layout_pi8090_d8089
7279,8091,layout_pi8092_d8091
7280,8093,layout_pi8094_d8093
7281,8094,layout_pi8095_d8094
7282,8095,layout_pi8096_d8095
7283,8096,layout_pi8097_d8096
7284,8097,layout_pi8098_d8097
7285,8098,layout_pi8099_d8098
7286,8103,layout_pi8104_d8103
7287,8104,layout_pi8105_d8104
7288,8105,layout_pi8106_d8105
7289,8106,layout_pi8107_d8106
7290,8107,layout_pi8108_d8107
7291,8108,layout_pi8109_d8108
7292,8109,layout_pi8110_d8109
7293,8110,layout_pi8111_d8110
7294,8112,layout_pi8113_d8112
7295,8113,layout_pi8114_d8113
7296,8114,layout_pi8115_d8114
7297,8115,layout_pi8116_d8115
7298,8116,layout_pi8117_d8116
7299,8117,layout_pi8118_d8117
7300,8119,layout_pi8120_d8119
7301,8120,layout_pi8121_d8120
7302,8121,layout_pi8122_d8121
7303,8122,layout_pi8123_d8122
7304,8123,layout_pi8124_d8123
7305,8125,layout_pi8126_d8125
7306,8126,layout_pi8127_d8126
7307,8127,layout_pi8128_d8127
7308,8128,layout_pi8129_d8128
7309,8130,layout_pi8131_d8130
7310,8131,layout_pi8132_d8131
7311,8132,layout_pi8133_d8132
7312,8133,layout_pi8134_d8133
7313,8134,layout_pi8135_d8134
7314,8135,layout_pi8136_d8135
7315,8136,layout_pi8137_d8136
7316,8137,layout_pi8138_d8137
7317,8139,layout_pi8140_d8139
7318,8140,layout_pi8141_d8140
7319,8144,layout_pi8145_d8144
7320,8145,layout_pi8146_d8145
7321,8146,layout_pi8147_d8146
7322,8147,layout_pi8148_d8147
7323,8148,layout_pi8149_d8148
7324,8149,layout_pi8150_d8149
7325,8150,layout_pi8151_d8150
7326,8151,layout_pi8152_d8151
7327,8152,layout_pi8153_d8152
7328,8153,layout_pi8154_d8153
7329,8154,layout_pi8155_d8154
7330,8155,layout_pi8156_d8155
7331,8156,layout_pi8157_d8156
7332,8157,layout_pi8158_d8157
7333,8158,layout_pi8159_d8158
7334,8159,layout_pi8160_d8159
7335,8160,layout_pi8161_d8160
7336,8161,layout_pi8162_d8161
7337,8162,layout_pi8163_d8162
7338,8165,layout_pi8166_d8165
7339,8166,layout_pi8167_d8166
7340,8168,layout_pi8169_d8168
7341,8169,layout_pi8170_d8169
7342,8170,layout_pi8171_d8170
7343,8171,layout_pi8172_d8171
7344,8172,layout_pi8173_d8172
7345,8173,layout_pi8174_d8173
7346,8175,layout_pi8176_d8175
7347,8176,layout_pi8177_d8176
7348,8177,layout_pi8178_d8177
7349,8178,layout_pi8179_d8178
7350,8179,layout_pi8180_d8179
7351,8181,layout_pi8182_d8181
7352,8183,layout_pi8184_d8183
7353,8184,layout_pi8185_d8184
7354,8185,layout_pi8186_d8185
7355,8186,layout_pi8187_d8186
7356,8187,layout_pi8188_d8187
7357,8188,layout_pi8189_d8188
7358,8189,layout_pi8190_d8189
7359,8190,layout_pi8191_d8190
7360,8191,layout_pi8192_d8191
7361,8192,layout_pi8193_d8192
7362,8193,layout_pi8194_d8193
7363,8194,layout_pi8195_d8194
7364,8196,layout_pi8197_d8196
7365,8198,layout_pi8199_d8198
7366,8199,layout_pi8200_d8199
7367,8200,layout_pi8201_d8200
7368,8202,layout_pi8203_d8202
7369,8204,layout_pi8205_d8204
7370,8205,layout_pi8206_d8205
7371,8206,layout_pi8207_d8206
7372,8207,layout_pi8208_d8207
7373,8208,layout_pi8209_d8208
7374,8209,layout_pi8210_d8209
7375,8210,layout_pi8211_d8210
7376,8211,layout_pi8212_d8211
7377,8212,layout_pi8213_d8212
7378,8214,layout_pi8215_d8214
7379,8215,layout_pi8216_d8215
7380,8216,layout_pi8217_d8216
7381,8217,layout_pi8218_d8217
7382,8218,layout_pi8219_d8218
7383,8220,layout_pi8221_d8220
7384,8221,layout_pi8222_d8221
7385,8222,layout_pi8223_d8222
7386,8223,layout_pi8224_d8223
7387,8224,layout_pi8225_d8224
7388,8227,layout_pi8228_d8227
7389,8228,layout_pi8229_d8228
7390,8229,layout_pi8230_d8229
7391,8230,layout_pi8231_d8230
7392,8231,layout_pi8232_d8231
7393,8232,layout_pi8233_d8232
7394,8233,layout_pi8234_d8233
7395,8234,layout_pi8235_d8234
7396,8235,layout_pi8236_d8235
7397,8236,layout_pi8237_d8236
7398,8237,layout_pi8238_d8237
7399,8238,layout_pi8239_d8238
7400,8239,layout_pi8240_d8239
7401,8240,layout_pi8241_d8240
7402,8241,layout_pi8242_d8241
7403,8242,layout_pi8243_d8242
7404,8243,layout_pi8244_d8243
7405,8244,layout_pi8245_d8244
7406,8245,layout_pi8246_d8245
7407,8246,layout_pi8247_d8246
7408,8247,layout_pi8248_d8247
7409,8248,layout_pi8249_d8248
7410,8249,layout_pi8250_d8249
7411,8250,layout_pi8251_d8250
7412,8251,layout_pi8252_d8251
7413,8254,layout_pi8255_d8254
7414,8255,layout_pi8256_d8255
7415,8256,layout_pi8257_d8256
7416,8257,layout_pi8258_d8257
7417,8259,layout_pi8260_d8259
7418,8262,layout_pi8263_d8262
7419,8263,layout_pi8264_d8263
7420,8264,layout_pi8265_d8264
7421,8266,layout_pi8267_d8266
7422,8269,layout_pi8270_d8269
7423,8271,layout_pi8272_d8271
7424,8272,layout_pi8273_d8272
7425,8273,layout_pi8274_d8273
7426,8274,layout_pi8275_d8274
7427,8275,layout_pi8276_d8275
7428,8276,layout_pi8277_d8276
7429,8278,layout_pi8279_d8278
7430,8279,layout_pi8280_d8279
7431,8280,layout_pi8281_d8280
7432,8282,layout_pi8283_d8282
7433,8283,layout_pi8284_d8283
7434,8285,layout_pi8286_d8285
7435,8287,layout_pi8288_d8287
7436,8289,layout_pi8290_d8289
7437,8290,layout_pi8291_d8290
7438,8291,layout_pi8292_d8291
7439,8292,layout_pi8293_d8292
7440,8293,layout_pi8294_d8293
7441,8294,layout_pi8295_d8294
7442,8295,layout_pi8296_d8295
7443,8296,layout_pi8297_d8296
7444,8297,layout_pi8298_d8297
7445,8298,layout_pi8299_d8298
7446,8299,layout_pi8300_d8299
7447,8300,layout_pi8301_d8300
7448,8301,layout_pi8302_d8301
7449,8302,layout_pi8303_d8302
7450,8303,layout_pi8304_d8303
7451,8304,layout_pi8305_d8304
7452,8306,layout_pi8307_d8306
7453,8307,layout_pi8308_d8307
7454,8308,layout_pi8309_d8308
7455,8309,layout_pi8310_d8309
7456,8310,layout_pi8311_d8310
7457,8312,layout_pi8313_d8312
7458,8313,layout_pi8314_d8313
7459,8315,layout_pi8316_d8315
7460,8316,layout_pi8317_d8316
7461,8319,layout_pi8320_d8319
7462,8320,layout_pi8321_d8320
7463,8321,layout_pi8322_d8321
7464,8322,layout_pi8323_d8322
7465,8324,layout_pi8325_d8324
7466,8325,layout_pi8326_d8325
7467,8327,layout_pi8328_d8327
7468,8328,layout_pi8329_d8328
7469,8330,layout_pi8331_d8330
7470,8331,layout_pi8332_d8331
7471,8332,layout_pi8333_d8332
7472,8333,layout_pi8334_d8333
7473,8334,layout_pi8335_d8334
7474,8335,layout_pi8336_d8335
7475,8337,layout_pi8338_d8337
7476,8338,layout_pi8339_d8338
7477,8339,layout_pi8340_d8339
7478,8340,layout_pi8341_d8340
7479,8341,layout_pi8342_d8341
7480,8342,layout_pi8343_d8342
7481,8344,layout_pi8345_d8344
7482,8345,layout_pi8346_d8345
7483,8346,layout_pi8347_d8346
7484,8347,layout_pi8348_d8347
7485,8348,layout_pi8349_d8348
7486,8349,layout_pi8350_d8349
7487,8350,layout_pi8351_d8350
7488,8351,layout_pi8352_d8351
7489,8352,layout_pi8353_d8352
7490,8353,layout_pi8354_d8353
7491,8354,layout_pi8355_d8354
7492,8355,layout_pi8356_d8355
7493,8357,layout_pi8358_d8357
7494,8358,layout_pi8359_d8358
7495,8359,layout_pi8360_d8359
7496,8360,layout_pi8361_d8360
7497,8361,layout_pi8362_d8361
7498,8362,layout_pi8363_d8362
7499,8363,layout_pi8364_d8363
7500,8364,layout_pi8365_d8364
7501,8365,layout_pi8366_d8365
7502,8366,layout_pi8367_d8366
7503,8368,layout_pi8369_d8368
7504,8369,layout_pi8370_d8369
7505,8370,layout_pi8371_d8370
7506,8371,layout_pi8372_d8371
7507,8372,layout_pi8373_d8372
7508,8373,layout_pi8374_d8373
7509,8375,layout_pi8376_d8375
7510,8377,layout_pi8378_d8377
7511,8379,layout_pi8380_d8379
7512,8381,layout_pi8382_d8381
7513,8382,layout_pi8383_d8382
7514,8383,layout_pi8384_d8383
7515,8384,layout_pi8385_d8384
7516,8385,layout_pi8386_d8385
7517,8386,layout_pi8387_d8386
7518,8387,layout_pi8388_d8387
7519,8388,layout_pi8389_d8388
7520,8389,layout_pi8390_d8389
7521,8390,layout_pi8391_d8390
7522,8391,layout_pi8392_d8391
7523,8392,layout_pi8393_d8392
7524,8394,layout_pi8395_d8394
7525,8395,layout_pi8396_d8395
7526,8396,layout_pi8397_d8396
7527,8397,layout_pi8398_d8397
7528,8398,layout_pi8399_d8398
7529,8399,layout_pi8400_d8399
7530,8401,layout_pi8402_d8401
7531,8402,layout_pi8403_d8402
7532,8403,layout_pi8404_d8403
7533,8405,layout_pi8406_d8405
7534,8406,layout_pi8407_d8406
7535,8408,layout_pi8409_d8408
7536,8409,layout_pi8410_d8409
7537,8410,layout_pi8411_d8410
7538,8411,layout_pi8412_d8411
7539,8413,layout_pi8414_d8413
7540,8416,layout_pi8417_d8416
7541,8417,layout_pi8418_d8417
7542,8418,layout_pi8419_d8418
7543,8419,layout_pi8420_d8419
7544,8421,layout_pi8422_d8421
7545,8422,layout_pi8423_d8422
7546,8425,layout_pi8426_d8425
7547,8426,layout_pi8427_d8426
7548,8427,layout_pi8428_d8427
7549,8428,layout_pi8429_d8428
7550,8429,layout_pi8430_d8429
7551,8430,layout_pi8431_d8430
7552,8431,layout_pi8432_d8431
7553,8433,layout_pi8434_d8433
7554,8434,layout_pi8435_d8434
7555,8435,layout_pi8436_d8435
7556,8436,layout_pi8437_d8436
7557,8437,layout_pi8438_d8437
7558,8439,layout_pi8440_d8439
7559,8440,layout_pi8441_d8440
7560,8441,layout_pi8442_d8441
7561,8442,layout_pi8443_d8442
7562,8443,layout_pi8444_d8443
7563,8444,layout_pi8445_d8444
7564,8447,layout_pi8448_d8447
7565,8449,layout_pi8450_d8449
7566,8450,layout_pi8451_d8450
7567,8451,layout_pi8452_d8451
7568,8452,layout_pi8453_d8452
7569,8453,layout_pi8454_d8453
7570,8454,layout_pi8455_d8454
7571,8455,layout_pi8456_d8455
7572,8456,layout_pi8457_d8456
7573,8457,layout_pi8458_d8457
7574,8458,layout_pi8459_d8458
7575,8459,layout_pi8460_d8459
7576,8462,layout_pi8463_d8462
7577,8464,layout_pi8465_d8464
7578,8465,layout_pi8466_d8465
7579,8466,layout_pi8467_d8466
7580,8470,layout_pi8471_d8470
7581,8471,layout_pi8472_d8471
7582,8472,layout_pi8473_d8472
7583,8473,layout_pi8474_d8473
7584,8474,layout_pi8475_d8474
7585,8475,layout_pi8476_d8475
7586,8477,layout_pi8478_d8477
7587,8478,layout_pi8479_d8478
7588,8479,layout_pi8480_d8479
7589,8480,layout_pi8481_d8480
7590,8483,layout_pi8484_d8483
7591,8485,layout_pi8486_d8485
7592,8489,layout_pi8490_d8489
7593,8490,layout_pi8491_d8490
7594,8493,layout_pi8494_d8493
7595,8494,layout_pi8495_d8494
7596,8495,layout_pi8496_d8495
7597,8497,layout_pi8498_d8497
7598,8498,layout_pi8499_d8498
7599,8499,layout_pi8500_d8499
7600,8500,layout_pi8501_d8500
7601,8501,layout_pi8502_d8501
7602,8502,layout_pi8503_d8502
7603,8504,layout_pi8505_d8504
7604,8505,layout_pi8506_d8505
7605,8506,layout_pi8507_d8506
7606,8507,layout_pi8508_d8507
7607,8508,layout_pi8509_d8508
7608,8509,layout_pi8510_d8509
7609,8511,layout_pi8512_d8511
7610,8512,layout_pi8513_d8512
7611,8513,layout_pi8514_d8513
7612,8515,layout_pi8516_d8515
7613,8516,layout_pi8517_d8516
7614,8517,layout_pi8518_d8517
7615,8518,layout_pi8519_d8518
7616,8519,layout_pi8520_d8519
7617,8520,layout_pi8521_d8520
7618,8522,layout_pi8523_d8522
7619,8523,layout_pi8524_d8523
7620,8524,layout_pi8525_d8524
7621,8525,layout_pi8526_d8525
7622,8526,layout_pi8527_d8526
7623,8527,layout_pi8528_d8527
7624,8528,layout_pi8529_d8528
7625,8529,layout_pi8530_d8529
7626,8531,layout_pi8532_d8531
7627,8532,layout_pi8533_d8532
7628,8533,layout_pi8534_d8533
7629,8534,layout_pi8535_d8534
7630,8535,layout_pi8536_d8535
7631,8536,layout_pi8537_d8536
7632,8537,layout_pi8538_d8537
7633,8538,layout_pi8539_d8538
7634,8539,layout_pi8540_d8539
7635,8540,layout_pi8541_d8540
7636,8541,layout_pi8542_d8541
7637,8542,layout_pi8543_d8542
7638,8545,layout_pi8546_d8545
7639,8546,layout_pi8547_d8546
7640,8547,layout_pi8548_d8547
7641,8548,layout_pi8549_d8548
7642,8549,layout_pi8550_d8549
7643,8550,layout_pi8551_d8550
7644,8552,layout_pi8553_d8552
7645,8554,layout_pi8555_d8554
7646,8555,layout_pi8556_d8555
7647,8556,layout_pi8557_d8556
7648,8557,layout_pi8558_d8557
7649,8558,layout_pi8559_d8558
7650,8559,layout_pi8560_d8559
7651,8560,layout_pi8561_d8560
7652,8562,layout_pi8563_d8562
7653,8563,layout_pi8564_d8563
7654,8564,layout_pi8565_d8564
7655,8566,layout_pi8567_d8566
7656,8567,layout_pi8568_d8567
7657,8569,layout_pi8570_d8569
7658,8571,layout_pi8572_d8571
7659,8572,layout_pi8573_d8572
7660,8575,layout_pi8576_d8575
7661,8576,layout_pi8577_d8576
7662,8577,layout_pi8578_d8577
7663,8578,layout_pi8579_d8578
7664,8579,layout_pi8580_d8579
7665,8582,layout_pi8583_d8582
7666,8583,layout_pi8584_d8583
7667,8584,layout_pi8585_d8584
7668,8585,layout_pi8586_d8585
7669,8586,layout_pi8587_d8586
7670,8588,layout_pi8589_d8588
7671,8589,layout_pi8590_d8589
7672,8590,layout_pi8591_d8590
7673,8591,layout_pi8592_d8591
7674,8592,layout_pi8593_d8592
7675,8593,layout_pi8594_d8593
7676,8594,layout_pi8595_d8594
7677,8595,layout_pi8596_d8595
7678,8596,layout_pi8597_d8596
7679,8597,layout_pi8598_d8597
7680,8599,layout_pi8600_d8599
7681,8600,layout_pi8601_d8600
7682,8601,layout_pi8602_d8601
7683,8602,layout_pi8603_d8602
7684,8604,layout_pi8605_d8604
7685,8605,layout_pi8606_d8605
7686,8606,layout_pi8607_d8606
7687,8607,layout_pi8608_d8607
7688,8608,layout_pi8609_d8608
7689,8609,layout_pi8610_d8609
7690,8611,layout_pi8612_d8611
7691,8614,layout_pi8615_d8614
7692,8615,layout_pi8616_d8615
7693,8616,layout_pi8617_d8616
7694,8617,layout_pi8618_d8617
7695,8619,layout_pi8620_d8619
7696,8620,layout_pi8621_d8620
7697,8621,layout_pi8622_d8621
7698,8622,layout_pi8623_d8622
7699,8623,layout_pi8624_d8623
7700,8624,layout_pi8625_d8624
7701,8625,layout_pi8626_d8625
7702,8626,layout_pi8627_d8626
7703,8627,layout_pi8628_d8627
7704,8629,layout_pi8630_d8629
7705,8630,layout_pi8631_d8630
7706,8632,layout_pi8633_d8632
7707,8633,layout_pi8634_d8633
7708,8634,layout_pi8635_d8634
7709,8635,layout_pi8636_d8635
7710,8636,layout_pi8637_d8636
7711,8637,layout_pi8638_d8637
7712,8643,layout_pi8644_d8643
7713,8644,layout_pi8645_d8644
7714,8645,layout_pi8646_d8645
7715,8646,layout_pi8647_d8646
7716,8647,layout_pi8648_d8647
7717,8648,layout_pi8649_d8648
7718,8649,layout_pi8650_d8649
7719,8650,layout_pi8651_d8650
7720,8651,layout_pi8652_d8651
7721,8654,layout_pi8655_d8654
7722,8655,layout_pi8656_d8655
7723,8656,layout_pi8657_d8656
7724,8657,layout_pi8658_d8657
7725,8658,layout_pi8659_d8658
7726,8659,layout_pi8660_d8659
7727,8660,layout_pi8661_d8660
7728,8662,layout_pi8663_d8662
7729,8663,layout_pi8664_d8663
7730,8664,layout_pi8665_d8664
7731,8665,layout_pi8666_d8665
7732,8666,layout_pi8667_d8666
7733,8668,layout_pi8669_d8668
7734,8670,layout_pi8671_d8670
7735,8671,layout_pi8672_d8671
7736,8672,layout_pi8673_d8672
7737,8673,layout_pi8674_d8673
7738,8674,layout_pi8675_d8674
7739,8675,layout_pi8676_d8675
7740,8676,layout_pi8677_d8676
7741,8679,layout_pi8680_d8679
7742,8680,layout_pi8681_d8680
7743,8681,layout_pi8682_d8681
7744,8682,layout_pi8683_d8682
7745,8683,layout_pi8684_d8683
7746,8684,layout_pi8685_d8684
7747,8685,layout_pi8686_d8685
7748,8686,layout_pi8687_d8686
7749,8687,layout_pi8688_d8687
7750,8688,layout_pi8689_d8688
7751,8689,layout_pi8690_d8689
7752,8690,layout_pi8691_d8690
7753,8691,layout_pi8692_d8691
7754,8693,layout_pi8694_d8693
7755,8694,layout_pi8695_d8694
7756,8695,layout_pi8696_d8695
7757,8697,layout_pi8698_d8697
7758,8698,layout_pi8699_d8698
7759,8699,layout_pi8700_d8699
7760,8700,layout_pi8701_d8700
7761,8701,layout_pi8702_d8701
7762,8704,layout_pi8705_d8704
7763,8705,layout_pi8706_d8705
7764,8706,layout_pi8707_d8706
7765,8707,layout_pi8708_d8707
7766,8708,layout_pi8709_d8708
7767,8709,layout_pi8710_d8709
7768,8710,layout_pi8711_d8710
7769,8711,layout_pi8712_d8711
7770,8712,layout_pi8713_d8712
7771,8713,layout_pi8714_d8713
7772,8714,layout_pi8715_d8714
7773,8715,layout_pi8716_d8715
7774,8717,layout_pi8718_d8717
7775,8718,layout_pi8719_d8718
7776,8721,layout_pi8722_d8721
7777,8724,layout_pi8725_d8724
7778,8726,layout_pi8727_d8726
7779,8727,layout_pi8728_d8727
7780,8728,layout_pi8729_d8728
7781,8729,layout_pi8730_d8729
7782,8730,layout_pi8731_d8730
7783,8732,layout_pi8733_d8732
7784,8733,layout_pi8734_d8733
7785,8734,layout_pi8735_d8734
7786,8735,layout_pi8736_d8735
7787,8736,layout_pi8737_d8736
7788,8737,layout_pi8738_d8737
7789,8739,layout_pi8740_d8739
7790,8740,layout_pi8741_d8740
7791,8741,layout_pi8742_d8741
7792,8742,layout_pi8743_d8742
7793,8745,layout_pi8746_d8745
7794,8746,layout_pi8747_d8746
7795,8747,layout_pi8748_d8747
7796,8748,layout_pi8749_d8748
7797,8750,layout_pi8751_d8750
7798,8751,layout_pi8752_d8751
7799,8752,layout_pi8753_d8752
7800,8753,layout_pi8754_d8753
7801,8754,layout_pi8755_d8754
7802,8755,layout_pi8756_d8755
7803,8757,layout_pi8758_d8757
7804,8758,layout_pi8759_d8758
7805,8759,layout_pi8760_d8759
7806,8760,layout_pi8761_d8760
7807,8761,layout_pi8762_d8761
7808,8762,layout_pi8763_d8762
7809,8763,layout_pi8764_d8763
7810,8764,layout_pi8765_d8764
7811,8765,layout_pi8766_d8765
7812,8766,layout_pi8767_d8766
7813,8767,layout_pi8768_d8767
7814,8768,layout_pi8769_d8768
7815,8769,layout_pi8770_d8769
7816,8770,layout_pi8771_d8770
7817,8771,layout_pi8772_d8771
7818,8772,layout_pi8773_d8772
7819,8774,layout_pi8775_d8774
7820,8775,layout_pi8776_d8775
7821,8776,layout_pi8777_d8776
7822,8777,layout_pi8778_d8777
7823,8778,layout_pi8779_d8778
7824,8779,layout_pi8780_d8779
7825,8780,layout_pi8781_d8780
7826,8781,layout_pi8782_d8781
7827,8783,layout_pi8784_d8783
7828,8784,layout_pi8785_d8784
7829,8785,layout_pi8786_d8785
7830,8786,layout_pi8787_d8786
7831,8787,layout_pi8788_d8787
7832,8788,layout_pi8789_d8788
7833,8789,layout_pi8790_d8789
7834,8790,layout_pi8791_d8790
7835,8791,layout_pi8792_d8791
7836,8792,layout_pi8793_d8792
7837,8793,layout_pi8794_d8793
7838,8796,layout_pi8797_d8796
7839,8797,layout_pi8798_d8797
7840,8798,layout_pi8799_d8798
7841,8799,layout_pi8800_d8799
7842,8800,layout_pi8801_d8800
7843,8802,layout_pi8803_d8802
7844,8803,layout_pi8804_d8803
7845,8805,layout_pi8806_d8805
7846,8806,layout_pi8807_d8806
7847,8807,layout_pi8808_d8807
7848,8808,layout_pi8809_d8808
7849,8809,layout_pi8810_d8809
7850,8810,layout_pi8811_d8810
7851,8812,layout_pi8813_d8812
7852,8813,layout_pi8814_d8813
7853,8814,layout_pi8815_d8814
7854,8815,layout_pi8816_d8815
7855,8818,layout_pi8819_d8818
7856,8819,layout_pi8820_d8819
7857,8820,layout_pi8821_d8820
7858,8821,layout_pi8822_d8821
7859,8822,layout_pi8823_d8822
7860,8823,layout_pi8824_d8823
7861,8824,layout_pi8825_d8824
7862,8825,layout_pi8826_d8825
7863,8826,layout_pi8827_d8826
7864,8827,layout_pi8828_d8827
7865,8828,layout_pi8829_d8828
7866,8829,layout_pi8830_d8829
7867,8830,layout_pi8831_d8830
7868,8831,layout_pi8832_d8831
7869,8834,layout_pi8835_d8834
7870,8835,layout_pi8836_d8835
7871,8836,layout_pi8837_d8836
7872,8837,layout_pi8838_d8837
7873,8838,layout_pi8839_d8838
7874,8839,layout_pi8840_d8839
7875,8841,layout_pi8842_d8841
7876,8842,layout_pi8843_d8842
7877,8844,layout_pi8845_d8844
7878,8846,layout_pi8847_d8846
7879,8847,layout_pi8848_d8847
7880,8848,layout_pi8849_d8848
7881,8849,layout_pi8850_d8849
7882,8851,layout_pi8852_d8851
7883,8852,layout_pi8853_d8852
7884,8853,layout_pi8854_d8853
7885,8854,layout_pi8855_d8854
7886,8856,layout_pi8857_d8856
7887,8857,layout_pi8858_d8857
7888,8859,layout_pi8860_d8859
7889,8860,layout_pi8861_d8860
7890,8861,layout_pi8862_d8861
7891,8862,layout_pi8863_d8862
7892,8863,layout_pi8864_d8863
7893,8864,layout_pi8865_d8864
7894,8865,layout_pi8866_d8865
7895,8867,layout_pi8868_d8867
7896,8868,layout_pi8869_d8868
7897,8869,layout_pi8870_d8869
7898,8870,layout_pi8871_d8870
7899,8871,layout_pi8872_d8871
7900,8872,layout_pi8873_d8872
7901,8873,layout_pi8874_d8873
7902,8874,layout_pi8875_d8874
7903,8876,layout_pi8877_d8876
7904,8877,layout_pi8878_d8877
7905,8878,layout_pi8879_d8878
7906,8879,layout_pi8880_d8879
7907,8881,layout_pi8882_d8881
7908,8882,layout_pi8883_d8882
7909,8883,layout_pi8884_d8883
7910,8884,layout_pi8885_d8884
7911,8885,layout_pi8886_d8885
7912,8886,layout_pi8887_d8886
7913,8887,layout_pi8888_d8887
7914,8889,layout_pi8890_d8889
7915,8893,layout_pi8894_d8893
7916,8894,layout_pi8895_d8894
7917,8895,layout_pi8896_d8895
7918,8898,layout_pi8899_d8898
7919,8899,layout_pi8900_d8899
7920,8901,layout_pi8902_d8901
7921,8903,layout_pi8904_d8903
7922,8904,layout_pi8905_d8904
7923,8905,layout_pi8906_d8905
7924,8906,layout_pi8907_d8906
7925,8907,layout_pi8908_d8907
7926,8909,layout_pi8910_d8909
7927,8910,layout_pi8911_d8910
7928,8911,layout_pi8912_d8911
7929,8912,layout_pi8913_d8912
7930,8913,layout_pi8914_d8913
7931,8914,layout_pi8915_d8914
7932,8915,layout_pi8916_d8915
7933,8917,layout_pi8918_d8917
7934,8918,layout_pi8919_d8918
7935,8920,layout_pi8921_d8920
7936,8921,layout_pi8922_d8921
7937,8923,layout_pi8924_d8923
7938,8924,layout_pi8925_d8924
7939,8925,layout_pi8926_d8925
7940,8926,layout_pi8927_d8926
7941,8927,layout_pi8928_d8927
7942,8928,layout_pi8929_d8928
7943,8929,layout_pi8930_d8929
7944,8930,layout_pi8931_d8930
7945,8931,layout_pi8932_d8931
7946,8932,layout_pi8933_d8932
7947,8933,layout_pi8934_d8933
7948,8934,layout_pi8935_d8934
7949,8935,layout_pi8936_d8935
7950,8936,layout_pi8937_d8936
7951,8937,layout_pi8938_d8937
7952,8938,layout_pi8939_d8938
7953,8939,layout_pi8940_d8939
7954,8940,layout_pi8941_d8940
7955,8941,layout_pi8942_d8941
7956,8944,layout_pi8945_d8944
7957,8945,layout_pi8946_d8945
7958,8946,layout_pi8947_d8946
7959,8947,layout_pi8948_d8947
7960,8948,layout_pi8949_d8948
7961,8949,layout_pi8950_d8949
7962,8950,layout_pi8951_d8950
7963,8951,layout_pi8952_d8951
7964,8952,layout_pi8953_d8952
7965,8953,layout_pi8954_d8953
7966,8954,layout_pi8955_d8954
7967,8956,layout_pi8957_d8956
7968,8957,layout_pi8958_d8957
7969,8958,layout_pi8959_d8958
7970,8959,layout_pi8960_d8959
7971,8960,layout_pi8961_d8960
7972,8963,layout_pi8964_d8963
7973,8965,layout_pi8966_d8965
7974,8966,layout_pi8967_d8966
7975,8967,layout_pi8968_d8967
7976,8968,layout_pi8969_d8968
7977,8969,layout_pi8970_d8969
7978,8970,layout_pi8971_d8970
7979,8971,layout_pi8972_d8971
7980,8972,layout_pi8973_d8972
7981,8973,layout_pi8974_d8973
7982,8975,layout_pi8976_d8975
7983,8978,layout_pi8979_d8978
7984,8980,layout_pi8981_d8980
7985,8981,layout_pi8982_d8981
7986,8982,layout_pi8983_d8982
7987,8983,layout_pi8984_d8983
7988,8984,layout_pi8985_d8984
7989,8985,layout_pi8986_d8985
7990,8986,layout_pi8987_d8986
7991,8987,layout_pi8988_d8987
7992,8989,layout_pi8990_d8989
7993,8990,layout_pi8991_d8990
7994,8991,layout_pi8992_d8991
7995,8992,layout_pi8993_d8992
7996,8993,layout_pi8994_d8993
7997,8994,layout_pi8995_d8994
7998,8995,layout_pi8996_d8995
7999,8996,layout_pi8997_d8996
8000,8997,layout_pi8998_d8997
8001,8998,layout_pi8999_d8998
8002,8999,layout_pi9000_d8999
8003,9000,layout_pi9001_d9000
8004,9001,layout_pi9002_d9001
8005,9002,layout_pi9003_d9002
8006,9004,layout_pi9005_d9004
8007,9005,layout_pi9006_d9005
8008,9006,layout_pi9007_d9006
8009,9008,layout_pi9009_d9008
8010,9009,layout_pi9010_d9009
8011,9010,layout_pi9011_d9010
8012,9011,layout_pi9012_d9011
8013,9012,layout_pi9013_d9012
8014,9013,layout_pi9014_d9013
8015,9014,layout_pi9015_d9014
8016,9015,layout_pi9016_d9015
8017,9016,layout_pi9017_d9016
8018,9018,layout_pi9019_d9018
8019,9019,layout_pi9020_d9019
8020,9020,layout_pi9021_d9020
8021,9021,layout_pi9022_d9021
8022,9022,layout_pi9023_d9022
8023,9023,layout_pi9024_d9023
8024,9024,layout_pi9025_d9024
8025,9025,layout_pi9026_d9025
8026,9026,layout_pi9027_d9026
8027,9027,layout_pi9028_d9027
8028,9028,layout_pi9029_d9028
8029,9029,layout_pi9030_d9029
8030,9030,layout_pi9031_d9030
8031,9031,layout_pi9032_d9031
8032,9032,layout_pi9033_d9032
8033,9034,layout_pi9035_d9034
8034,9035,layout_pi9036_d9035
8035,9037,layout_pi9038_d9037
8036,9038,layout_pi9039_d9038
8037,9039,layout_pi9040_d9039
8038,9040,layout_pi9041_d9040
8039,9041,layout_pi9042_d9041
8040,9042,layout_pi9043_d9042
8041,9043,layout_pi9044_d9043
8042,9045,layout_pi9046_d9045
8043,9046,layout_pi9047_d9046
8044,9047,layout_pi9048_d9047
8045,9048,layout_pi9049_d9048
8046,9049,layout_pi9050_d9049
8047,9050,layout_pi9051_d9050
8048,9051,layout_pi9052_d9051
8049,9052,layout_pi9053_d9052
8050,9054,layout_pi9055_d9054
8051,9055,layout_pi9056_d9055
8052,9056,layout_pi9057_d9056
8053,9057,layout_pi9058_d9057
8054,9058,layout_pi9059_d9058
8055,9063,layout_pi9064_d9063
8056,9064,layout_pi9065_d9064
8057,9065,layout_pi9066_d9065
8058,9066,layout_pi9067_d9066
8059,9067,layout_pi9068_d9067
8060,9068,layout_pi9069_d9068
8061,9069,layout_pi9070_d9069
8062,9070,layout_pi9071_d9070
8063,9071,layout_pi9072_d9071
8064,9072,layout_pi9073_d9072
8065,9073,layout_pi9074_d9073
8066,9074,layout_pi9075_d9074
8067,9075,layout_pi9076_d9075
8068,9076,layout_pi9077_d9076
8069,9077,layout_pi9078_d9077
8070,9079,layout_pi9080_d9079
8071,9080,layout_pi9081_d9080
8072,9084,layout_pi9085_d9084
8073,9085,layout_pi9086_d9085
8074,9086,layout_pi9087_d9086
8075,9087,layout_pi9088_d9087
8076,9088,layout_pi9089_d9088
8077,9089,layout_pi9090_d9089
8078,9091,layout_pi9092_d9091
8079,9092,layout_pi9093_d9092
8080,9093,layout_pi9094_d9093
8081,9094,layout_pi9095_d9094
8082,9095,layout_pi9096_d9095
8083,9096,layout_pi9097_d9096
8084,9098,layout_pi9099_d9098
8085,9099,layout_pi9100_d9099
8086,9101,layout_pi9102_d9101
8087,9103,layout_pi9104_d9103
8088,9104,layout_pi9105_d9104
8089,9105,layout_pi9106_d9105
8090,9107,layout_pi9108_d9107
8091,9108,layout_pi9109_d9108
8092,9110,layout_pi9111_d9110
8093,9113,layout_pi9114_d9113
8094,9114,layout_pi9115_d9114
8095,9115,layout_pi9116_d9115
8096,9116,layout_pi9117_d9116
8097,9117,layout_pi9118_d9117
8098,9118,layout_pi9119_d9118
8099,9119,layout_pi9120_d9119
8100,9120,layout_pi9121_d9120
8101,9123,layout_pi9124_d9123
8102,9124,layout_pi9125_d9124
8103,9125,layout_pi9126_d9125
8104,9128,layout_pi9129_d9128
8105,9129,layout_pi9130_d9129
8106,9130,layout_pi9131_d9130
8107,9131,layout_pi9132_d9131
8108,9132,layout_pi9133_d9132
8109,9133,layout_pi9134_d9133
8110,9134,layout_pi9135_d9134
8111,9135,layout_pi9136_d9135
8112,9136,layout_pi9137_d9136
8113,9137,layout_pi9138_d9137
8114,9138,layout_pi9139_d9138
8115,9139,layout_pi9140_d9139
8116,9141,layout_pi9142_d9141
8117,9142,layout_pi9143_d9142
8118,9143,layout_pi9144_d9143
8119,9144,layout_pi9145_d9144
8120,9145,layout_pi9146_d9145
8121,9146,layout_pi9147_d9146
8122,9147,layout_pi9148_d9147
8123,9148,layout_pi9149_d9148
8124,9149,layout_pi9150_d9149
8125,9150,layout_pi9151_d9150
8126,9151,layout_pi9152_d9151
8127,9152,layout_pi9153_d9152
8128,9154,layout_pi9155_d9154
8129,9156,layout_pi9157_d9156
8130,9158,layout_pi9159_d9158
8131,9160,layout_pi9161_d9160
8132,9161,layout_pi9162_d9161
8133,9162,layout_pi9163_d9162
8134,9163,layout_pi9164_d9163
8135,9164,layout_pi9165_d9164
8136,9165,layout_pi9166_d9165
8137,9166,layout_pi9167_d9166
8138,9168,layout_pi9169_d9168
8139,9169,layout_pi9170_d9169
8140,9173,layout_pi9174_d9173
8141,9174,layout_pi9175_d9174
8142,9175,layout_pi9176_d9175
8143,9178,layout_pi9179_d9178
8144,9179,layout_pi9180_d9179
8145,9180,layout_pi9181_d9180
8146,9181,layout_pi9182_d9181
8147,9182,layout_pi9183_d9182
8148,9183,layout_pi9184_d9183
8149,9184,layout_pi9185_d9184
8150,9186,layout_pi9187_d9186
8151,9187,layout_pi9188_d9187
8152,9188,layout_pi9189_d9188
8153,9190,layout_pi9191_d9190
8154,9191,layout_pi9192_d9191
8155,9192,layout_pi9193_d9192
8156,9193,layout_pi9194_d9193
8157,9194,layout_pi9195_d9194
8158,9195,layout_pi9196_d9195
8159,9196,layout_pi9197_d9196
8160,9197,layout_pi9198_d9197
8161,9198,layout_pi9199_d9198
8162,9200,layout_pi9201_d9200
8163,9201,layout_pi9202_d9201
8164,9204,layout_pi9205_d9204
8165,9205,layout_pi9206_d9205
8166,9206,layout_pi9207_d9206
8167,9208,layout_pi9209_d9208
8168,9209,layout_pi9210_d9209
8169,9210,layout_pi9211_d9210
8170,9211,layout_pi9212_d9211
8171,9212,layout_pi9213_d9212
8172,9213,layout_pi9214_d9213
8173,9214,layout_pi9215_d9214
8174,9216,layout_pi9217_d9216
8175,9219,layout_pi9220_d9219
8176,9220,layout_pi9221_d9220
8177,9221,layout_pi9222_d9221
8178,9222,layout_pi9223_d9222
8179,9224,layout_pi9225_d9224
8180,9226,layout_pi9227_d9226
8181,9227,layout_pi9228_d9227
8182,9228,layout_pi9229_d9228
8183,9229,layout_pi9230_d9229
8184,9230,layout_pi9231_d9230
8185,9231,layout_pi9232_d9231
8186,9232,layout_pi9233_d9232
8187,9235,layout_pi9236_d9235
8188,9236,layout_pi9237_d9236
8189,9237,layout_pi9238_d9237
8190,9239,layout_pi9240_d9239
8191,9240,layout_pi9241_d9240
8192,9241,layout_pi9242_d9241
8193,9242,layout_pi9243_d9242
8194,9243,layout_pi9244_d9243
8195,9245,layout_pi9246_d9245
8196,9246,layout_pi9247_d9246
8197,9247,layout_pi9248_d9247
8198,9248,layout_pi9249_d9248
8199,9249,layout_pi9250_d9249
8200,9250,layout_pi9251_d9250
8201,9251,layout_pi9252_d9251
8202,9252,layout_pi9253_d9252
8203,9254,layout_pi9255_d9254
8204,9255,layout_pi9256_d9255
8205,9257,layout_pi9258_d9257
8206,9258,layout_pi9259_d9258
8207,9259,layout_pi9260_d9259
8208,9260,layout_pi9261_d9260
8209,9261,layout_pi9262_d9261
8210,9263,layout_pi9264_d9263
8211,9264,layout_pi9265_d9264
8212,9266,layout_pi9267_d9266
8213,9268,layout_pi9269_d9268
8214,9271,layout_pi9272_d9271
8215,9272,layout_pi9273_d9272
8216,9275,layout_pi9276_d9275
8217,9276,layout_pi9277_d9276
8218,9277,layout_pi9278_d9277
8219,9278,layout_pi9279_d9278
8220,9279,layout_pi9280_d9279
8221,9280,layout_pi9281_d9280
8222,9281,layout_pi9282_d9281
8223,9282,layout_pi9283_d9282
8224,9283,layout_pi9284_d9283
8225,9284,layout_pi9285_d9284
8226,9285,layout_pi9286_d9285
8227,9286,layout_pi9287_d9286
8228,9287,layout_pi9288_d9287
8229,9288,layout_pi9289_d9288
8230,9289,layout_pi9290_d9289
8231,9290,layout_pi9291_d9290
8232,9291,layout_pi9292_d9291
8233,9292,layout_pi9293_d9292
8234,9293,layout_pi9294_d9293
8235,9294,layout_pi9295_d9294
8236,9295,layout_pi9296_d9295
8237,9296,layout_pi9297_d9296
8238,9297,layout_pi9298_d9297
8239,9298,layout_pi9299_d9298
8240,9300,layout_pi9301_d9300
8241,9301,layout_pi9302_d9301
8242,9302,layout_pi9303_d9302
8243,9304,layout_pi9305_d9304
8244,9305,layout_pi9306_d9305
8245,9306,layout_pi9307_d9306
8246,9307,layout_pi9308_d9307
8247,9308,layout_pi9309_d9308
8248,9309,layout_pi9310_d9309
8249,9310,layout_pi9311_d9310
8250,9311,layout_pi9312_d9311
8251,9312,layout_pi9313_d9312
8252,9314,layout_pi9315_d9314
8253,9315,layout_pi9316_d9315
8254,9316,layout_pi9317_d9316
8255,9317,layout_pi9318_d9317
8256,9318,layout_pi9319_d9318
8257,9319,layout_pi9320_d9319
8258,9321,layout_pi9322_d9321
8259,9322,layout_pi9323_d9322
8260,9323,layout_pi9324_d9323
8261,9324,layout_pi9325_d9324
8262,9325,layout_pi9326_d9325
8263,9327,layout_pi9328_d9327
8264,9328,layout_pi9329_d9328
8265,9329,layout_pi9330_d9329
8266,9330,layout_pi9331_d9330
8267,9331,layout_pi9332_d9331
8268,9332,layout_pi9333_d9332
8269,9334,layout_pi9335_d9334
8270,9335,layout_pi9336_d9335
8271,9336,layout_pi9337_d9336
8272,9337,layout_pi9338_d9337
8273,9338,layout_pi9339_d9338
8274,9339,layout_pi9340_d9339
8275,9340,layout_pi9341_d9340
8276,9341,layout_pi9342_d9341
8277,9342,layout_pi9343_d9342
8278,9343,layout_pi9344_d9343
8279,9345,layout_pi9346_d9345
8280,9346,layout_pi9347_d9346
8281,9347,layout_pi9348_d9347
8282,9348,layout_pi9349_d9348
8283,9349,layout_pi9350_d9349
8284,9352,layout_pi9353_d9352
8285,9354,layout_pi9355_d9354
8286,9355,layout_pi9356_d9355
8287,9356,layout_pi9357_d9356
8288,9357,layout_pi9358_d9357
8289,9358,layout_pi9359_d9358
8290,9359,layout_pi9360_d9359
8291,9360,layout_pi9361_d9360
8292,9361,layout_pi9362_d9361
8293,9362,layout_pi9363_d9362
8294,9363,layout_pi9364_d9363
8295,9366,layout_pi9367_d9366
8296,9367,layout_pi9368_d9367
8297,9368,layout_pi9369_d9368
8298,9370,layout_pi9371_d9370
8299,9371,layout_pi9372_d9371
8300,9376,layout_pi9377_d9376
8301,9377,layout_pi9378_d9377
8302,9379,layout_pi9380_d9379
8303,9380,layout_pi9381_d9380
8304,9381,layout_pi9382_d9381
8305,9382,layout_pi9383_d9382
8306,9383,layout_pi9384_d9383
8307,9385,layout_pi9386_d9385
8308,9386,layout_pi9387_d9386
8309,9387,layout_pi9388_d9387
8310,9388,layout_pi9389_d9388
8311,9390,layout_pi9391_d9390
8312,9391,layout_pi9392_d9391
8313,9392,layout_pi9393_d9392
8314,9393,layout_pi9394_d9393
8315,9395,layout_pi9396_d9395
8316,9397,layout_pi9398_d9397
8317,9400,layout_pi9401_d9400
8318,9401,layout_pi9402_d9401
8319,9402,layout_pi9403_d9402
8320,9403,layout_pi9404_d9403
8321,9404,layout_pi9405_d9404
8322,9405,layout_pi9406_d9405
8323,9406,layout_pi9407_d9406
8324,9409,layout_pi9410_d9409
8325,9410,layout_pi9411_d9410
8326,9413,layout_pi9414_d9413
8327,9414,layout_pi9415_d9414
8328,9415,layout_pi9416_d9415
8329,9416,layout_pi9417_d9416
8330,9417,layout_pi9418_d9417
8331,9418,layout_pi9419_d9418
8332,9419,layout_pi9420_d9419
8333,9421,layout_pi9422_d9421
8334,9422,layout_pi9423_d9422
8335,9423,layout_pi9424_d9423
8336,9424,layout_pi9425_d9424
8337,9425,layout_pi9426_d9425
8338,9427,layout_pi9428_d9427
8339,9428,layout_pi9429_d9428
8340,9430,layout_pi9431_d9430
8341,9431,layout_pi9432_d9431
8342,9433,layout_pi9434_d9433
8343,9435,layout_pi9436_d9435
8344,9436,layout_pi9437_d9436
8345,9437,layout_pi9438_d9437
8346,9438,layout_pi9439_d9438
8347,9441,layout_pi9442_d9441
8348,9442,layout_pi9443_d9442
8349,9445,layout_pi9446_d9445
8350,9448,layout_pi9449_d9448
8351,9449,layout_pi9450_d9449
8352,9450,layout_pi9451_d9450
8353,9451,layout_pi9452_d9451
8354,9452,layout_pi9453_d9452
8355,9453,layout_pi9454_d9453
8356,9454,layout_pi9455_d9454
8357,9455,layout_pi9456_d9455
8358,9457,layout_pi9458_d9457
8359,9458,layout_pi9459_d9458
8360,9459,layout_pi9460_d9459
8361,9460,layout_pi9461_d9460
8362,9461,layout_pi9462_d9461
8363,9463,layout_pi9464_d9463
8364,9464,layout_pi9465_d9464
8365,9465,layout_pi9466_d9465
8366,9466,layout_pi9467_d9466
8367,9468,layout_pi9469_d9468
8368,9469,layout_pi9470_d9469
8369,9470,layout_pi9471_d9470
8370,9471,layout_pi9472_d9471
8371,9472,layout_pi9473_d9472
8372,9473,layout_pi9474_d9473
8373,9475,layout_pi9476_d9475
8374,9477,layout_pi9478_d9477
8375,9478,layout_pi9479_d9478
8376,9480,layout_pi9481_d9480
8377,9481,layout_pi9482_d9481
8378,9483,layout_pi9484_d9483
8379,9484,layout_pi9485_d9484
8380,9485,layout_pi9486_d9485
8381,9486,layout_pi9487_d9486
8382,9488,layout_pi9489_d9488
8383,9489,layout_pi9490_d9489
8384,9491,layout_pi9492_d9491
8385,9492,layout_pi9493_d9492
8386,9493,layout_pi9494_d9493
8387,9494,layout_pi9495_d9494
8388,9496,layout_pi9497_d9496
8389,9497,layout_pi9498_d9497
8390,9498,layout_pi9499_d9498
8391,9499,layout_pi9500_d9499
8392,9500,layout_pi9501_d9500
8393,9503,layout_pi9504_d9503
8394,9504,layout_pi9505_d9504
8395,9505,layout_pi9506_d9505
8396,9507,layout_pi9508_d9507
8397,9508,layout_pi9509_d9508
8398,9509,layout_pi9510_d9509
8399,9510,layout_pi9511_d9510
8400,9511,layout_pi9512_d9511
8401,9512,layout_pi9513_d9512
8402,9516,layout_pi9517_d9516
8403,9517,layout_pi9518_d9517
8404,9518,layout_pi9519_d9518
8405,9519,layout_pi9520_d9519
8406,9522,layout_pi9523_d9522
8407,9525,layout_pi9526_d9525
8408,9527,layout_pi9528_d9527
8409,9528,layout_pi9529_d9528
8410,9529,layout_pi9530_d9529
8411,9530,layout_pi9531_d9530
8412,9531,layout_pi9532_d9531
8413,9532,layout_pi9533_d9532
8414,9533,layout_pi9534_d9533
8415,9535,layout_pi9536_d9535
8416,9536,layout_pi9537_d9536
8417,9537,layout_pi9538_d9537
8418,9538,layout_pi9539_d9538
8419,9539,layout_pi9540_d9539
8420,9540,layout_pi9541_d9540
8421,9542,layout_pi9543_d9542
8422,9543,layout_pi9544_d9543
8423,9544,layout_pi9545_d9544
8424,9545,layout_pi9546_d9545
8425,9546,layout_pi9547_d9546
8426,9547,layout_pi9548_d9547
8427,9548,layout_pi9549_d9548
8428,9549,layout_pi9550_d9549
8429,9552,layout_pi9553_d9552
8430,9554,layout_pi9555_d9554
8431,9555,layout_pi9556_d9555
8432,9556,layout_pi9557_d9556
8433,9558,layout_pi9559_d9558
8434,9559,layout_pi9560_d9559
8435,9560,layout_pi9561_d9560
8436,9561,layout_pi9562_d9561
8437,9562,layout_pi9563_d9562
8438,9563,layout_pi9564_d9563
8439,9565,layout_pi9566_d9565
8440,9566,layout_pi9567_d9566
8441,9567,layout_pi9568_d9567
8442,9568,layout_pi9569_d9568
8443,9569,layout_pi9570_d9569
8444,9570,layout_pi9571_d9570
8445,9571,layout_pi9572_d9571
8446,9572,layout_pi9573_d9572
8447,9573,layout_pi9574_d9573
8448,9574,layout_pi9575_d9574
8449,9575,layout_pi9576_d9575
8450,9576,layout_pi9577_d9576
8451,9577,layout_pi9578_d9577
8452,9578,layout_pi9579_d9578
8453,9579,layout_pi9580_d9579
8454,9581,layout_pi9582_d9581
8455,9582,layout_pi9583_d9582
8456,9583,layout_pi9584_d9583
8457,9584,layout_pi9585_d9584
8458,9585,layout_pi9586_d9585
8459,9586,layout_pi9587_d9586
8460,9587,layout_pi9588_d9587
8461,9588,layout_pi9589_d9588
8462,9590,layout_pi9591_d9590
8463,9591,layout_pi9592_d9591
8464,9592,layout_pi9593_d9592
8465,9597,layout_pi9598_d9597
8466,9598,layout_pi9599_d9598
8467,9600,layout_pi9601_d9600
8468,9601,layout_pi9602_d9601
8469,9603,layout_pi9604_d9603
8470,9606,layout_pi9607_d9606
8471,9607,layout_pi9608_d9607
8472,9608,layout_pi9609_d9608
8473,9609,layout_pi9610_d9609
8474,9611,layout_pi9612_d9611
8475,9612,layout_pi9613_d9612
8476,9613,layout_pi9614_d9613
8477,9614,layout_pi9615_d9614
8478,9615,layout_pi9616_d9615
8479,9616,layout_pi9617_d9616
8480,9617,layout_pi9618_d9617
8481,9618,layout_pi9619_d9618
8482,9619,layout_pi9620_d9619
8483,9620,layout_pi9621_d9620
8484,9621,layout_pi9622_d9621
8485,9622,layout_pi9623_d9622
8486,9623,layout_pi9624_d9623
8487,9624,layout_pi9625_d9624
8488,9625,layout_pi9626_d9625
8489,9626,layout_pi9627_d9626
8490,9627,layout_pi9628_d9627
8491,9628,layout_pi9629_d9628
8492,9629,layout_pi9630_d9629
8493,9630,layout_pi9631_d9630
8494,9631,layout_pi9632_d9631
8495,9633,layout_pi9634_d9633
8496,9634,layout_pi9635_d9634
8497,9636,layout_pi9637_d9636
8498,9637,layout_pi9638_d9637
8499,9638,layout_pi9639_d9638
8500,9639,layout_pi9640_d9639
8501,9640,layout_pi9641_d9640
8502,9641,layout_pi9642_d9641
8503,9642,layout_pi9643_d9642
8504,9643,layout_pi9644_d9643
8505,9644,layout_pi9645_d9644
8506,9645,layout_pi9646_d9645
8507,9646,layout_pi9647_d9646
8508,9647,layout_pi9648_d9647
8509,9648,layout_pi9649_d9648
8510,9650,layout_pi9651_d9650
8511,9651,layout_pi9652_d9651
8512,9652,layout_pi9653_d9652
8513,9653,layout_pi9654_d9653
8514,9654,layout_pi9655_d9654
8515,9655,layout_pi9656_d9655
8516,9656,layout_pi9657_d9656
8517,9657,layout_pi9658_d9657
8518,9658,layout_pi9659_d9658
8519,9659,layout_pi9660_d9659
8520,9660,layout_pi9661_d9660
8521,9663,layout_pi9664_d9663
8522,9665,layout_pi9666_d9665
8523,9666,layout_pi9667_d9666
8524,9667,layout_pi9668_d9667
8525,9668,layout_pi9669_d9668
8526,9670,layout_pi9671_d9670
8527,9671,layout_pi9672_d9671
8528,9672,layout_pi9673_d9672
8529,9674,layout_pi9675_d9674
8530,9675,layout_pi9676_d9675
8531,9677,layout_pi9678_d9677
8532,9678,layout_pi9679_d9678
8533,9679,layout_pi9680_d9679
8534,9680,layout_pi9681_d9680
8535,9681,layout_pi9682_d9681
8536,9682,layout_pi9683_d9682
8537,9683,layout_pi9684_d9683
8538,9684,layout_pi9685_d9684
8539,9685,layout_pi9686_d9685
8540,9687,layout_pi9688_d9687
8541,9688,layout_pi9689_d9688
8542,9689,layout_pi9690_d9689
8543,9690,layout_pi9691_d9690
8544,9691,layout_pi9692_d9691
8545,9693,layout_pi9694_d9693
8546,9694,layout_pi9695_d9694
8547,9697,layout_pi9698_d9697
8548,9698,layout_pi9699_d9698
8549,9700,layout_pi9701_d9700
8550,9701,layout_pi9702_d9701
8551,9702,layout_pi9703_d9702
8552,9703,layout_pi9704_d9703
8553,9704,layout_pi9705_d9704
8554,9705,layout_pi9706_d9705
8555,9706,layout_pi9707_d9706
8556,9707,layout_pi9708_d9707
8557,9708,layout_pi9709_d9708
8558,9709,layout_pi9710_d9709
8559,9710,layout_pi9711_d9710
8560,9711,layout_pi9712_d9711
8561,9714,layout_pi9715_d9714
8562,9715,layout_pi9716_d9715
8563,9718,layout_pi9719_d9718
8564,9719,layout_pi9720_d9719
8565,9720,layout_pi9721_d9720
8566,9722,layout_pi9723_d9722
8567,9723,layout_pi9724_d9723
8568,9724,layout_pi9725_d9724
8569,9725,layout_pi9726_d9725
8570,9726,layout_pi9727_d9726
8571,9727,layout_pi9728_d9727
8572,9728,layout_pi9729_d9728
8573,9730,layout_pi9731_d9730
8574,9732,layout_pi9733_d9732
8575,9733,layout_pi9734_d9733
8576,9734,layout_pi9735_d9734
8577,9735,layout_pi9736_d9735
8578,9736,layout_pi9737_d9736
8579,9738,layout_pi9739_d9738
8580,9739,layout_pi9740_d9739
8581,9740,layout_pi9741_d9740
8582,9741,layout_pi9742_d9741
8583,9742,layout_pi9743_d9742
8584,9743,layout_pi9744_d9743
8585,9744,layout_pi9745_d9744
8586,9745,layout_pi9746_d9745
8587,9746,layout_pi9747_d9746
8588,9747,layout_pi9748_d9747
8589,9748,layout_pi9749_d9748
8590,9749,layout_pi9750_d9749
8591,9751,layout_pi9752_d9751
8592,9752,layout_pi9753_d9752
8593,9756,layout_pi9757_d9756
8594,9757,layout_pi9758_d9757
8595,9758,layout_pi9759_d9758
8596,9761,layout_pi9762_d9761
8597,9762,layout_pi9763_d9762
8598,9763,layout_pi9764_d9763
8599,9764,layout_pi9765_d9764
8600,9766,layout_pi9767_d9766
8601,9767,layout_pi9768_d9767
8602,9769,layout_pi9770_d9769
8603,9770,layout_pi9771_d9770
8604,9773,layout_pi9774_d9773
8605,9774,layout_pi9775_d9774
8606,9775,layout_pi9776_d9775
8607,9776,layout_pi9777_d9776
8608,9777,layout_pi9778_d9777
8609,9778,layout_pi9779_d9778
8610,9779,layout_pi9780_d9779
8611,9780,layout_pi9781_d9780
8612,9781,layout_pi9782_d9781
8613,9782,layout_pi9783_d9782
8614,9783,layout_pi9784_d9783
8615,9784,layout_pi9785_d9784
8616,9785,layout_pi9786_d9785
8617,9786,layout_pi9787_d9786
8618,9787,layout_pi9788_d9787
8619,9788,layout_pi9789_d9788
8620,9790,layout_pi9791_d9790
8621,9791,layout_pi9792_d9791
8622,9793,layout_pi9794_d9793
8623,9794,layout_pi9795_d9794
8624,9796,layout_pi9797_d9796
8625,9797,layout_pi9798_d9797
8626,9798,layout_pi9799_d9798
8627,9799,layout_pi9800_d9799
8628,9800,layout_pi9801_d9800
8629,9803,layout_pi9804_d9803
8630,9804,layout_pi9805_d9804
8631,9805,layout_pi9806_d9805
8632,9806,layout_pi9807_d9806
8633,9807,layout_pi9808_d9807
8634,9808,layout_pi9809_d9808
8635,9809,layout_pi9810_d9809
8636,9811,layout_pi9812_d9811
8637,9812,layout_pi9813_d9812
8638,9813,layout_pi9814_d9813
8639,9814,layout_pi9815_d9814
8640,9816,layout_pi9817_d9816
8641,9817,layout_pi9818_d9817
8642,9819,layout_pi9820_d9819
8643,9821,layout_pi9822_d9821
8644,9822,layout_pi9823_d9822
8645,9825,layout_pi9826_d9825
8646,9826,layout_pi9827_d9826
8647,9828,layout_pi9829_d9828
8648,9829,layout_pi9830_d9829
8649,9830,layout_pi9831_d9830
8650,9832,layout_pi9833_d9832
8651,9833,layout_pi9834_d9833
8652,9834,layout_pi9835_d9834
8653,9835,layout_pi9836_d9835
8654,9836,layout_pi9837_d9836
8655,9838,layout_pi9839_d9838
8656,9839,layout_pi9840_d9839
8657,9841,layout_pi9842_d9841
8658,9842,layout_pi9843_d9842
8659,9843,layout_pi9844_d9843
8660,9844,layout_pi9845_d9844
8661,9845,layout_pi9846_d9845
8662,9846,layout_pi9847_d9846
8663,9847,layout_pi9848_d9847
8664,9848,layout_pi9849_d9848
8665,9849,layout_pi9850_d9849
8666,9850,layout_pi9851_d9850
8667,9851,layout_pi9852_d9851
8668,9852,layout_pi9853_d9852
8669,9855,layout_pi9856_d9855
8670,9856,layout_pi9857_d9856
8671,9857,layout_pi9858_d9857
8672,9858,layout_pi9859_d9858
8673,9859,layout_pi9860_d9859
8674,9861,layout_pi9862_d9861
8675,9862,layout_pi9863_d9862
8676,9863,layout_pi9864_d9863
8677,9864,layout_pi9865_d9864
8678,9865,layout_pi9866_d9865
8679,9868,layout_pi9869_d9868
8680,9869,layout_pi9870_d9869
8681,9874,layout_pi9875_d9874
8682,9875,layout_pi9876_d9875
8683,9876,layout_pi9877_d9876
8684,9877,layout_pi9878_d9877
8685,9878,layout_pi9879_d9878
8686,9879,layout_pi9880_d9879
8687,9880,layout_pi9881_d9880
8688,9881,layout_pi9882_d9881
8689,9882,layout_pi9883_d9882
8690,9883,layout_pi9884_d9883
8691,9884,layout_pi9885_d9884
8692,9886,layout_pi9887_d9886
8693,9887,layout_pi9888_d9887
8694,9888,layout_pi9889_d9888
8695,9890,layout_pi9891_d9890
8696,9891,layout_pi9892_d9891
8697,9892,layout_pi9893_d9892
8698,9894,layout_pi9895_d9894
8699,9895,layout_pi9896_d9895
8700,9896,layout_pi9897_d9896
8701,9897,layout_pi9898_d9897
8702,9898,layout_pi9899_d9898
8703,9899,layout_pi9900_d9899
8704,9900,layout_pi9901_d9900
8705,9901,layout_pi9902_d9901
8706,9902,layout_pi9903_d9902
8707,9904,layout_pi9905_d9904
8708,9905,layout_pi9906_d9905
8709,9906,layout_pi9907_d9906
8710,9907,layout_pi9908_d9907
8711,9908,layout_pi9909_d9908
8712,9909,layout_pi9910_d9909
8713,9910,layout_pi9911_d9910
8714,9913,layout_pi9914_d9913
8715,9914,layout_pi9915_d9914
8716,9916,layout_pi9917_d9916
8717,9917,layout_pi9918_d9917
8718,9918,layout_pi9919_d9918
8719,9919,layout_pi9920_d9919
8720,9920,layout_pi9921_d9920
8721,9923,layout_pi9924_d9923
8722,9924,layout_pi9925_d9924
8723,9925,layout_pi9926_d9925
8724,9926,layout_pi9927_d9926
8725,9927,layout_pi9928_d9927
8726,9928,layout_pi9929_d9928
8727,9929,layout_pi9930_d9929
8728,9930,layout_pi9931_d9930
8729,9931,layout_pi9932_d9931
8730,9932,layout_pi9933_d9932
8731,9933,layout_pi9934_d9933
8732,9934,layout_pi9935_d9934
8733,9935,layout_pi9936_d9935
8734,9936,layout_pi9937_d9936
8735,9938,layout_pi9939_d9938
8736,9940,layout_pi9941_d9940
8737,9941,layout_pi9942_d9941
8738,9942,layout_pi9943_d9942
8739,9943,layout_pi9944_d9943
8740,9944,layout_pi9945_d9944
8741,9945,layout_pi9946_d9945
8742,9946,layout_pi9947_d9946
8743,9949,layout_pi9950_d9949
8744,9950,layout_pi9951_d9950
8745,9951,layout_pi9952_d9951
8746,9952,layout_pi9953_d9952
8747,9953,layout_pi9954_d9953
8748,9954,layout_pi9955_d9954
8749,9955,layout_pi9956_d9955
8750,9956,layout_pi9957_d9956
8751,9957,layout_pi9958_d9957
8752,9958,layout_pi9959_d9958
8753,9959,layout_pi9960_d9959
8754,9960,layout_pi9961_d9960
8755,9961,layout_pi9962_d9961
8756,9964,layout_pi9965_d9964
8757,9965,layout_pi9966_d9965
8758,9966,layout_pi9967_d9966
8759,9967,layout_pi9968_d9967
8760,9968,layout_pi9969_d9968
8761,9970,layout_pi9971_d9970
8762,9973,layout_pi9974_d9973
8763,9975,layout_pi9976_d9975
8764,9976,layout_pi9977_d9976
8765,9977,layout_pi9978_d9977
8766,9980,layout_pi9981_d9980
8767,9981,layout_pi9982_d9981
8768,9982,layout_pi9983_d9982
8769,9983,layout_pi9984_d9983
8770,9985,layout_pi9986_d9985
8771,9986,layout_pi9987_d9986
8772,9987,layout_pi9988_d9987
8773,9989,layout_pi9990_d9989
8774,9990,layout_pi9991_d9990
8775,9991,layout_pi9992_d9991
8776,9993,layout_pi9994_d9993
8777,9995,layout_pi9996_d9995
8778,9996,layout_pi9997_d9996
8779,9997,layout_pi9998_d9997
8780,9999,layout_pi10000_d9999
8781,10000,layout_pi10001_d10000
8782,10002,layout_pi10003_d10002
8783,10003,layout_pi10004_d10003
8784,10004,layout_pi10005_d10004
8785,10005,layout_pi10006_d10005
8786,10006,layout_pi10007_d10006
8787,10007,layout_pi10008_d10007
8788,10010,layout_pi10011_d10010
8789,10011,layout_pi10012_d10011
8790,10012,layout_pi10013_d10012
8791,10014,layout_pi10015_d10014
8792,10015,layout_pi10016_d10015
8793,10016,layout_pi10017_d10016
8794,10017,layout_pi10018_d10017
8795,10018,layout_pi10019_d10018
8796,10022,layout_pi10023_d10022
8797,10023,layout_pi10024_d10023
8798,10024,layout_pi10025_d10024
8799,10025,layout_pi10026_d10025
8800,10026,layout_pi10027_d10026
8801,10028,layout_pi10029_d10028
8802,10029,layout_pi10030_d10029
8803,10030,layout_pi10031_d10030
8804,10031,layout_pi10032_d10031
8805,10032,layout_pi10033_d10032
8806,10034,layout_pi10035_d10034
8807,10035,layout_pi10036_d10035
8808,10036,layout_pi10037_d10036
8809,10037,layout_pi10038_d10037
8810,10038,layout_pi10039_d10038
8811,10039,layout_pi10040_d10039
8812,10041,layout_pi10042_d10041
8813,10042,layout_pi10043_d10042
8814,10043,layout_pi10044_d10043
8815,10044,layout_pi10045_d10044
8816,10045,layout_pi10046_d10045
8817,10046,layout_pi10047_d10046
8818,10048,layout_pi10049_d10048
8819,10049,layout_pi10050_d10049
8820,10050,layout_pi10051_d10050
8821,10051,layout_pi10052_d10051
8822,10052,layout_pi10053_d10052
8823,10053,layout_pi10054_d10053
8824,10055,layout_pi10056_d10055
8825,10056,layout_pi10057_d10056
8826,10057,layout_pi10058_d10057
8827,10058,layout_pi10059_d10058
8828,10059,layout_pi10060_d10059
8829,10060,layout_pi10061_d10060
8830,10061,layout_pi10062_d10061
8831,10063,layout_pi10064_d10063
8832,10064,layout_pi10065_d10064
8833,10065,layout_pi10066_d10065
8834,10067,layout_pi10068_d10067
8835,10069,layout_pi10070_d10069
8836,10070,layout_pi10071_d10070
8837,10072,layout_pi10073_d10072
8838,10073,layout_pi10074_d10073
8839,10074,layout_pi10075_d10074
8840,10076,layout_pi10077_d10076
8841,10077,layout_pi10078_d10077
8842,10078,layout_pi10079_d10078
8843,10079,layout_pi10080_d10079
8844,10080,layout_pi10081_d10080
8845,10081,layout_pi10082_d10081
8846,10082,layout_pi10083_d10082
8847,10085,layout_pi10086_d10085
8848,10086,layout_pi10087_d10086
8849,10087,layout_pi10088_d10087
8850,10088,layout_pi10089_d10088
8851,10089,layout_pi10090_d10089
8852,10090,layout_pi10091_d10090
8853,10091,layout_pi10092_d10091
8854,10092,layout_pi10093_d10092
8855,10093,layout_pi10094_d10093
8856,10094,layout_pi10095_d10094
8857,10095,layout_pi10096_d10095
8858,10096,layout_pi10097_d10096
8859,10097,layout_pi10098_d10097
8860,10098,layout_pi10099_d10098
8861,10099,layout_pi10100_d10099
8862,10104,layout_pi10105_d10104
8863,10106,layout_pi10107_d10106
8864,10107,layout_pi10108_d10107
8865,10108,layout_pi10109_d10108
8866,10109,layout_pi10110_d10109
8867,10110,layout_pi10111_d10110
8868,10111,layout_pi10112_d10111
8869,10112,layout_pi10113_d10112
8870,10114,layout_pi10115_d10114
8871,10115,layout_pi10116_d10115
8872,10116,layout_pi10117_d10116
8873,10117,layout_pi10118_d10117
8874,10118,layout_pi10119_d10118
8875,10120,layout_pi10121_d10120
8876,10122,layout_pi10123_d10122
8877,10123,layout_pi10124_d10123
8878,10124,layout_pi10125_d10124
8879,10125,layout_pi10126_d10125
8880,10126,layout_pi10127_d10126
8881,10127,layout_pi10128_d10127
8882,10128,layout_pi10129_d10128
8883,10130,layout_pi10131_d10130
8884,10131,layout_pi10132_d10131
8885,10132,layout_pi10133_d10132
8886,10135,layout_pi10136_d10135
8887,10136,layout_pi10137_d10136
8888,10137,layout_pi10138_d10137
8889,10138,layout_pi10139_d10138
8890,10139,layout_pi10140_d10139
8891,10140,layout_pi10141_d10140
8892,10141,layout_pi10142_d10141
8893,10142,layout_pi10143_d10142
8894,10143,layout_pi10144_d10143
8895,10144,layout_pi10145_d10144
8896,10145,layout_pi10146_d10145
8897,10146,layout_pi10147_d10146
8898,10147,layout_pi10148_d10147
8899,10149,layout_pi10150_d10149
8900,10150,layout_pi10151_d10150
8901,10152,layout_pi10153_d10152
8902,10153,layout_pi10154_d10153
8903,10155,layout_pi10156_d10155
8904,10157,layout_pi10158_d10157
8905,10158,layout_pi10159_d10158
8906,10159,layout_pi10160_d10159
8907,10160,layout_pi10161_d10160
8908,10161,layout_pi10162_d10161
8909,10162,layout_pi10163_d10162
8910,10164,layout_pi10165_d10164
8911,10165,layout_pi10166_d10165
8912,10166,layout_pi10167_d10166
8913,10167,layout_pi10168_d10167
8914,10168,layout_pi10169_d10168
8915,10169,layout_pi10170_d10169
8916,10171,layout_pi10172_d10171
8917,10173,layout_pi10174_d10173
8918,10174,layout_pi10175_d10174
8919,10175,layout_pi10176_d10175
8920,10176,layout_pi10177_d10176
8921,10177,layout_pi10178_d10177
8922,10182,layout_pi10183_d10182
8923,10183,layout_pi10184_d10183
8924,10186,layout_pi10187_d10186
8925,10189,layout_pi10190_d10189
8926,10191,layout_pi10192_d10191
8927,10192,layout_pi10193_d10192
8928,10193,layout_pi10194_d10193
8929,10194,layout_pi10195_d10194
8930,10196,layout_pi10197_d10196
8931,10197,layout_pi10198_d10197
8932,10198,layout_pi10199_d10198
8933,10199,layout_pi10200_d10199
8934,10200,layout_pi10201_d10200
8935,10201,layout_pi10202_d10201
8936,10202,layout_pi10203_d10202
8937,10203,layout_pi10204_d10203
8938,10204,layout_pi10205_d10204
8939,10205,layout_pi10206_d10205
8940,10207,layout_pi10208_d10207
8941,10208,layout_pi10209_d10208
8942,10209,layout_pi10210_d10209
8943,10210,layout_pi10211_d10210
8944,10213,layout_pi10214_d10213
8945,10214,layout_pi10215_d10214
8946,10215,layout_pi10216_d10215
8947,10216,layout_pi10217_d10216
8948,10217,layout_pi10218_d10217
8949,10218,layout_pi10219_d10218
8950,10220,layout_pi10221_d10220
8951,10221,layout_pi10222_d10221
8952,10222,layout_pi10223_d10222
8953,10223,layout_pi10224_d10223
8954,10224,layout_pi10225_d10224
8955,10225,layout_pi10226_d10225
8956,10226,layout_pi10227_d10226
8957,10227,layout_pi10228_d10227
8958,10228,layout_pi10229_d10228
8959,10229,layout_pi10230_d10229
8960,10230,layout_pi10231_d10230
8961,10231,layout_pi10232_d10231
8962,10233,layout_pi10234_d10233
8963,10235,layout_pi10236_d10235
8964,10236,layout_pi10237_d10236
8965,10237,layout_pi10238_d10237
8966,10239,layout_pi10240_d10239
8967,10240,layout_pi10241_d10240
8968,10241,layout_pi10242_d10241
8969,10242,layout_pi10243_d10242
8970,10243,layout_pi10244_d10243
8971,10247,layout_pi10248_d10247
8972,10248,layout_pi10249_d10248
8973,10249,layout_pi10250_d10249
8974,10250,layout_pi10251_d10250
8975,10251,layout_pi10252_d10251
8976,10252,layout_pi10253_d10252
8977,10253,layout_pi10254_d10253
8978,10256,layout_pi10257_d10256
8979,10257,layout_pi10258_d10257
8980,10258,layout_pi10259_d10258
8981,10260,layout_pi10261_d10260
8982,10261,layout_pi10262_d10261
8983,10263,layout_pi10264_d10263
8984,10264,layout_pi10265_d10264
8985,10266,layout_pi10267_d10266
8986,10267,layout_pi10268_d10267
8987,10268,layout_pi10269_d10268
8988,10269,layout_pi10270_d10269
8989,10271,layout_pi10272_d10271
8990,10274,layout_pi10275_d10274
8991,10275,layout_pi10276_d10275
8992,10276,layout_pi10277_d10276
8993,10277,layout_pi10278_d10277
8994,10278,layout_pi10279_d10278
8995,10279,layout_pi10280_d10279
8996,10280,layout_pi10281_d10280
8997,10282,layout_pi10283_d10282
8998,10284,layout_pi10285_d10284
8999,10285,layout_pi10286_d10285
9000,10286,layout_pi10287_d10286
9001,10287,layout_pi10288_d10287
9002,10288,layout_pi10289_d10288
9003,10290,layout_pi10291_d10290
9004,10291,layout_pi10292_d10291
9005,10293,layout_pi10294_d10293
9006,10294,layout_pi10295_d10294
9007,10295,layout_pi10296_d10295
9008,10297,layout_pi10298_d10297
9009,10298,layout_pi10299_d10298
9010,10300,layout_pi10301_d10300
9011,10301,layout_pi10302_d10301
9012,10302,layout_pi10303_d10302
9013,10305,layout_pi10306_d10305
9014,10306,layout_pi10307_d10306
9015,10307,layout_pi10308_d10307
9016,10308,layout_pi10309_d10308
9017,10309,layout_pi10310_d10309
9018,10310,layout_pi10311_d10310
9019,10312,layout_pi10313_d10312
9020,10314,layout_pi10315_d10314
9021,10316,layout_pi10317_d10316
9022,10317,layout_pi10318_d10317
9023,10318,layout_pi10319_d10318
9024,10319,layout_pi10320_d10319
9025,10321,layout_pi10322_d10321
9026,10322,layout_pi10323_d10322
9027,10324,layout_pi10325_d10324
9028,10325,layout_pi10326_d10325
9029,10326,layout_pi10327_d10326
9030,10327,layout_pi10328_d10327
9031,10329,layout_pi10330_d10329
9032,10330,layout_pi10331_d10330
9033,10332,layout_pi10333_d10332
9034,10333,layout_pi10334_d10333
9035,10336,layout_pi10337_d10336
9036,10338,layout_pi10339_d10338
9037,10339,layout_pi10340_d10339
9038,10340,layout_pi10341_d10340
9039,10343,layout_pi10344_d10343
9040,10344,layout_pi10345_d10344
9041,10345,layout_pi10346_d10345
9042,10347,layout_pi10348_d10347
9043,10348,layout_pi10349_d10348
9044,10349,layout_pi10350_d10349
9045,10350,layout_pi10351_d10350
9046,10351,layout_pi10352_d10351
9047,10352,layout_pi10353_d10352
9048,10354,layout_pi10355_d10354
9049,10355,layout_pi10356_d10355
9050,10356,layout_pi10357_d10356
9051,10359,layout_pi10360_d10359
9052,10361,layout_pi10362_d10361
9053,10362,layout_pi10363_d10362
9054,10363,layout_pi10364_d10363
9055,10366,layout_pi10367_d10366
9056,10367,layout_pi10368_d10367
9057,10368,layout_pi10369_d10368
9058,10369,layout_pi10370_d10369
9059,10370,layout_pi10371_d10370
9060,10373,layout_pi10374_d10373
9061,10374,layout_pi10375_d10374
9062,10376,layout_pi10377_d10376
9063,10377,layout_pi10378_d10377
9064,10378,layout_pi10379_d10378
9065,10379,layout_pi10380_d10379
9066,10382,layout_pi10383_d10382
9067,10383,layout_pi10384_d10383
9068,10384,layout_pi10385_d10384
9069,10385,layout_pi10386_d10385
9070,10386,layout_pi10387_d10386
9071,10388,layout_pi10389_d10388
9072,10390,layout_pi10391_d10390
9073,10391,layout_pi10392_d10391
9074,10393,layout_pi10394_d10393
9075,10394,layout_pi10395_d10394
9076,10395,layout_pi10396_d10395
9077,10396,layout_pi10397_d10396
9078,10397,layout_pi10398_d10397
9079,10398,layout_pi10399_d10398
9080,10399,layout_pi10400_d10399
9081,10400,layout_pi10401_d10400
9082,10401,layout_pi10402_d10401
9083,10402,layout_pi10403_d10402
9084,10403,layout_pi10404_d10403
9085,10404,layout_pi10405_d10404
9086,10406,layout_pi10407_d10406
9087,10407,layout_pi10408_d10407
9088,10409,layout_pi10410_d10409
9089,10410,layout_pi10411_d10410
9090,10411,layout_pi10412_d10411
9091,10412,layout_pi10413_d10412
9092,10413,layout_pi10414_d10413
9093,10415,layout_pi10416_d10415
9094,10416,layout_pi10417_d10416
9095,10417,layout_pi10418_d10417
9096,10420,layout_pi10421_d10420
9097,10422,layout_pi10423_d10422
9098,10423,layout_pi10424_d10423
9099,10425,layout_pi10426_d10425
9100,10427,layout_pi10428_d10427
9101,10428,layout_pi10429_d10428
9102,10429,layout_pi10430_d10429
9103,10430,layout_pi10431_d10430
9104,10431,layout_pi10432_d10431
9105,10433,layout_pi10434_d10433
9106,10434,layout_pi10435_d10434
9107,10435,layout_pi10436_d10435
9108,10437,layout_pi10438_d10437
9109,10438,layout_pi10439_d10438
9110,10439,layout_pi10440_d10439
9111,10441,layout_pi10442_d10441
9112,10442,layout_pi10443_d10442
9113,10444,layout_pi10445_d10444
9114,10445,layout_pi10446_d10445
9115,10446,layout_pi10447_d10446
9116,10447,layout_pi10448_d10447
9117,10448,layout_pi10449_d10448
9118,10449,layout_pi10450_d10449
9119,10450,layout_pi10451_d10450
9120,10451,layout_pi10452_d10451
9121,10452,layout_pi10453_d10452
9122,10453,layout_pi10454_d10453
9123,10455,layout_pi10456_d10455
9124,10456,layout_pi10457_d10456
9125,10457,layout_pi10458_d10457
9126,10459,layout_pi10460_d10459
9127,10460,layout_pi10461_d10460
9128,10463,layout_pi10464_d10463
9129,10464,layout_pi10465_d10464
9130,10466,layout_pi10467_d10466
9131,10468,layout_pi10469_d10468
9132,10469,layout_pi10470_d10469
9133,10471,layout_pi10472_d10471
9134,10473,layout_pi10474_d10473
9135,10474,layout_pi10475_d10474
9136,10475,layout_pi10476_d10475
9137,10476,layout_pi10477_d10476
9138,10478,layout_pi10479_d10478
9139,10479,layout_pi10480_d10479
9140,10480,layout_pi10481_d10480
9141,10481,layout_pi10482_d10481
9142,10482,layout_pi10483_d10482
9143,10483,layout_pi10484_d10483
9144,10484,layout_pi10485_d10484
9145,10487,layout_pi10488_d10487
9146,10488,layout_pi10489_d10488
9147,10489,layout_pi10490_d10489
9148,10490,layout_pi10491_d10490
9149,10491,layout_pi10492_d10491
9150,10492,layout_pi10493_d10492
9151,10493,layout_pi10494_d10493
9152,10494,layout_pi10495_d10494
9153,10495,layout_pi10496_d10495
9154,10496,layout_pi10497_d10496
9155,10497,layout_pi10498_d10497
9156,10498,layout_pi10499_d10498
9157,10499,layout_pi10500_d10499
9158,10500,layout_pi10501_d10500
9159,10501,layout_pi10502_d10501
9160,10502,layout_pi10503_d10502
9161,10503,layout_pi10504_d10503
9162,10504,layout_pi10505_d10504
9163,10505,layout_pi10506_d10505
9164,10508,layout_pi10509_d10508
9165,10509,layout_pi10510_d10509
9166,10510,layout_pi10511_d10510
9167,10512,layout_pi10513_d10512
9168,10513,layout_pi10514_d10513
9169,10514,layout_pi10515_d10514
9170,10515,layout_pi10516_d10515
9171,10516,layout_pi10517_d10516
9172,10517,layout_pi10518_d10517
9173,10518,layout_pi10519_d10518
9174,10520,layout_pi10521_d10520
9175,10521,layout_pi10522_d10521
9176,10522,layout_pi10523_d10522
9177,10523,layout_pi10524_d10523
9178,10524,layout_pi10525_d10524
9179,10525,layout_pi10526_d10525
9180,10526,layout_pi10527_d10526
9181,10528,layout_pi10529_d10528
9182,10529,layout_pi10530_d10529
9183,10530,layout_pi10531_d10530
9184,10531,layout_pi10532_d10531
9185,10532,layout_pi10533_d10532
9186,10533,layout_pi10534_d10533
9187,10534,layout_pi10535_d10534
9188,10535,layout_pi10536_d10535
9189,10536,layout_pi10537_d10536
9190,10537,layout_pi10538_d10537
9191,10538,layout_pi10539_d10538
9192,10539,layout_pi10540_d10539
9193,10540,layout_pi10541_d10540
9194,10542,layout_pi10543_d10542
9195,10543,layout_pi10544_d10543
9196,10544,layout_pi10545_d10544
9197,10546,layout_pi10547_d10546
9198,10549,layout_pi10550_d10549
9199,10550,layout_pi10551_d10550
9200,10551,layout_pi10552_d10551
9201,10553,layout_pi10554_d10553
9202,10555,layout_pi10556_d10555
9203,10556,layout_pi10557_d10556
9204,10557,layout_pi10558_d10557
9205,10558,layout_pi10559_d10558
9206,10560,layout_pi10561_d10560
9207,10562,layout_pi10563_d10562
9208,10564,layout_pi10565_d10564
9209,10567,layout_pi10568_d10567
9210,10568,layout_pi10569_d10568
9211,10569,layout_pi10570_d10569
9212,10570,layout_pi10571_d10570
9213,10572,layout_pi10573_d10572
9214,10573,layout_pi10574_d10573
9215,10578,layout_pi10579_d10578
9216,10579,layout_pi10580_d10579
9217,10580,layout_pi10581_d10580
9218,10584,layout_pi10585_d10584
9219,10585,layout_pi10586_d10585
9220,10586,layout_pi10587_d10586
9221,10587,layout_pi10588_d10587
9222,10588,layout_pi10589_d10588
9223,10589,layout_pi10590_d10589
9224,10590,layout_pi10591_d10590
9225,10593,layout_pi10594_d10593
9226,10595,layout_pi10596_d10595
9227,10596,layout_pi10597_d10596
9228,10597,layout_pi10598_d10597
9229,10598,layout_pi10599_d10598
9230,10599,layout_pi10600_d10599
9231,10600,layout_pi10601_d10600
9232,10601,layout_pi10602_d10601
9233,10602,layout_pi10603_d10602
9234,10603,layout_pi10604_d10603
9235,10605,layout_pi10606_d10605
9236,10606,layout_pi10607_d10606
9237,10607,layout_pi10608_d10607
9238,10610,layout_pi10611_d10610
9239,10611,layout_pi10612_d10611
9240,10613,layout_pi10614_d10613
9241,10615,layout_pi10616_d10615
9242,10616,layout_pi10617_d10616
9243,10617,layout_pi10618_d10617
9244,10619,layout_pi10620_d10619
9245,10620,layout_pi10621_d10620
9246,10621,layout_pi10622_d10621
9247,10622,layout_pi10623_d10622
9248,10623,layout_pi10624_d10623
9249,10624,layout_pi10625_d10624
9250,10626,layout_pi10627_d10626
9251,10627,layout_pi10628_d10627
9252,10628,layout_pi10629_d10628
9253,10630,layout_pi10631_d10630
9254,10631,layout_pi10632_d10631
9255,10632,layout_pi10633_d10632
9256,10633,layout_pi10634_d10633
9257,10635,layout_pi10636_d10635
9258,10636,layout_pi10637_d10636
9259,10637,layout_pi10638_d10637
9260,10638,layout_pi10639_d10638
9261,10640,layout_pi10641_d10640
9262,10641,layout_pi10642_d10641
9263,10642,layout_pi10643_d10642
9264,10644,layout_pi10645_d10644
9265,10646,layout_pi10647_d10646
9266,10648,layout_pi10649_d10648
9267,10649,layout_pi10650_d10649
9268,10651,layout_pi10652_d10651
9269,10652,layout_pi10653_d10652
9270,10653,layout_pi10654_d10653
9271,10655,layout_pi10656_d10655
9272,10656,layout_pi10657_d10656
9273,10657,layout_pi10658_d10657
9274,10658,layout_pi10659_d10658
9275,10659,layout_pi10660_d10659
9276,10660,layout_pi10661_d10660
9277,10661,layout_pi10662_d10661
9278,10662,layout_pi10663_d10662
9279,10663,layout_pi10664_d10663
9280,10664,layout_pi10665_d10664
9281,10666,layout_pi10667_d10666
9282,10667,layout_pi10668_d10667
9283,10668,layout_pi10669_d10668
9284,10669,layout_pi10670_d10669
9285,10671,layout_pi10672_d10671
9286,10672,layout_pi10673_d10672
9287,10673,layout_pi10674_d10673
9288,10675,layout_pi10676_d10675
9289,10676,layout_pi10677_d10676
9290,10677,layout_pi10678_d10677
9291,10678,layout_pi10679_d10678
9292,10679,layout_pi10680_d10679
9293,10680,layout_pi10681_d10680
9294,10681,layout_pi10682_d10681
9295,10683,layout_pi10684_d10683
9296,10685,layout_pi10686_d10685
9297,10686,layout_pi10687_d10686
9298,10687,layout_pi10688_d10687
9299,10690,layout_pi10691_d10690
9300,10692,layout_pi10693_d10692
9301,10696,layout_pi10697_d10696
9302,10697,layout_pi10698_d10697
9303,10698,layout_pi10699_d10698
9304,10700,layout_pi10701_d10700
9305,10701,layout_pi10702_d10701
9306,10705,layout_pi10706_d10705
9307,10706,layout_pi10707_d10706
9308,10707,layout_pi10708_d10707
9309,10708,layout_pi10709_d10708
9310,10709,layout_pi10710_d10709
9311,10711,layout_pi10712_d10711
9312,10712,layout_pi10713_d10712
9313,10713,layout_pi10714_d10713
9314,10714,layout_pi10715_d10714
9315,10715,layout_pi10716_d10715
9316,10716,layout_pi10717_d10716
9317,10717,layout_pi10718_d10717
9318,10718,layout_pi10719_d10718
9319,10720,layout_pi10721_d10720
9320,10721,layout_pi10722_d10721
9321,10722,layout_pi10723_d10722
9322,10723,layout_pi10724_d10723
9323,10725,layout_pi10726_d10725
9324,10726,layout_pi10727_d10726
9325,10729,layout_pi10730_d10729
9326,10731,layout_pi10732_d10731
9327,10732,layout_pi10733_d10732
9328,10733,layout_pi10734_d10733
9329,10734,layout_pi10735_d10734
9330,10735,layout_pi10736_d10735
9331,10736,layout_pi10737_d10736
9332,10737,layout_pi10738_d10737
9333,10738,layout_pi10739_d10738
9334,10741,layout_pi10742_d10741
9335,10742,layout_pi10743_d10742
9336,10743,layout_pi10744_d10743
9337,10744,layout_pi10745_d10744
9338,10745,layout_pi10746_d10745
9339,10746,layout_pi10747_d10746
9340,10747,layout_pi10748_d10747
9341,10748,layout_pi10749_d10748
9342,10749,layout_pi10750_d10749
9343,10750,layout_pi10751_d10750
9344,10751,layout_pi10752_d10751
9345,10752,layout_pi10753_d10752
9346,10753,layout_pi10754_d10753
9347,10754,layout_pi10755_d10754
9348,10758,layout_pi10759_d10758
9349,10759,layout_pi10760_d10759
9350,10761,layout_pi10762_d10761
9351,10762,layout_pi10763_d10762
9352,10764,layout_pi10765_d10764
9353,10765,layout_pi10766_d10765
9354,10766,layout_pi10767_d10766
9355,10767,layout_pi10768_d10767
9356,10769,layout_pi10770_d10769
9357,10770,layout_pi10771_d10770
9358,10771,layout_pi10772_d10771
9359,10772,layout_pi10773_d10772
9360,10775,layout_pi10776_d10775
9361,10776,layout_pi10777_d10776
9362,10777,layout_pi10778_d10777
9363,10778,layout_pi10779_d10778
9364,10779,layout_pi10780_d10779
9365,10780,layout_pi10781_d10780
9366,10781,layout_pi10782_d10781
9367,10782,layout_pi10783_d10782
9368,10784,layout_pi10785_d10784
9369,10785,layout_pi10786_d10785
9370,10786,layout_pi10787_d10786
9371,10787,layout_pi10788_d10787
9372,10788,layout_pi10789_d10788
9373,10789,layout_pi10790_d10789
9374,10790,layout_pi10791_d10790
9375,10791,layout_pi10792_d10791
9376,10793,layout_pi10794_d10793
9377,10794,layout_pi10795_d10794
9378,10795,layout_pi10796_d10795
9379,10796,layout_pi10797_d10796
9380,10797,layout_pi10798_d10797
9381,10798,layout_pi10799_d10798
9382,10799,layout_pi10800_d10799
9383,10800,layout_pi10801_d10800
9384,10802,layout_pi10803_d10802
9385,10804,layout_pi10805_d10804
9386,10805,layout_pi10806_d10805
9387,10806,layout_pi10807_d10806
9388,10807,layout_pi10808_d10807
9389,10808,layout_pi10809_d10808
9390,10811,layout_pi10812_d10811
9391,10812,layout_pi10813_d10812
9392,10817,layout_pi10818_d10817
9393,10819,layout_pi10820_d10819
9394,10820,layout_pi10821_d10820
9395,10821,layout_pi10822_d10821
9396,10825,layout_pi10826_d10825
9397,10829,layout_pi10830_d10829
9398,10831,layout_pi10832_d10831
9399,10832,layout_pi10833_d10832
9400,10833,layout_pi10834_d10833
9401,10834,layout_pi10835_d10834
9402,10835,layout_pi10836_d10835
9403,10836,layout_pi10837_d10836
9404,10838,layout_pi10839_d10838
9405,10839,layout_pi10840_d10839
9406,10840,layout_pi10841_d10840
9407,10841,layout_pi10842_d10841
9408,10842,layout_pi10843_d10842
9409,10843,layout_pi10844_d10843
9410,10844,layout_pi10845_d10844
9411,10845,layout_pi10846_d10845
9412,10848,layout_pi10849_d10848
9413,10850,layout_pi10851_d10850
9414,10851,layout_pi10852_d10851
9415,10852,layout_pi10853_d10852
9416,10854,layout_pi10855_d10854
9417,10855,layout_pi10856_d10855
9418,10856,layout_pi10857_d10856
9419,10857,layout_pi10858_d10857
9420,10859,layout_pi10860_d10859
9421,10860,layout_pi10861_d10860
9422,10861,layout_pi10862_d10861
9423,10862,layout_pi10863_d10862
9424,10863,layout_pi10864_d10863
9425,10866,layout_pi10867_d10866
9426,10867,layout_pi10868_d10867
9427,10869,layout_pi10870_d10869
9428,10871,layout_pi10872_d10871
9429,10872,layout_pi10873_d10872
9430,10873,layout_pi10874_d10873
9431,10874,layout_pi10875_d10874
9432,10875,layout_pi10876_d10875
9433,10876,layout_pi10877_d10876
9434,10877,layout_pi10878_d10877
9435,10878,layout_pi10879_d10878
9436,10879,layout_pi10880_d10879
9437,10880,layout_pi10881_d10880
9438,10881,layout_pi10882_d10881
9439,10882,layout_pi10883_d10882
9440,10883,layout_pi10884_d10883
9441,10884,layout_pi10885_d10884
9442,10885,layout_pi10886_d10885
9443,10886,layout_pi10887_d10886
9444,10887,layout_pi10888_d10887
9445,10889,layout_pi10890_d10889
9446,10890,layout_pi10891_d10890
9447,10891,layout_pi10892_d10891
9448,10893,layout_pi10894_d10893
9449,10894,layout_pi10895_d10894
9450,10896,layout_pi10897_d10896
9451,10898,layout_pi10899_d10898
9452,10900,layout_pi10901_d10900
9453,10901,layout_pi10902_d10901
9454,10902,layout_pi10903_d10902
9455,10904,layout_pi10905_d10904
9456,10905,layout_pi10906_d10905
9457,10906,layout_pi10907_d10906
9458,10907,layout_pi10908_d10907
9459,10908,layout_pi10909_d10908
9460,10910,layout_pi10911_d10910
9461,10911,layout_pi10912_d10911
9462,10912,layout_pi10913_d10912
9463,10913,layout_pi10914_d10913
9464,10914,layout_pi10915_d10914
9465,10915,layout_pi10916_d10915
9466,10916,layout_pi10917_d10916
9467,10917,layout_pi10918_d10917
9468,10918,layout_pi10919_d10918
9469,10919,layout_pi10920_d10919
9470,10920,layout_pi10921_d10920
9471,10922,layout_pi10923_d10922
9472,10924,layout_pi10925_d10924
9473,10925,layout_pi10926_d10925
9474,10927,layout_pi10928_d10927
9475,10928,layout_pi10929_d10928
9476,10929,layout_pi10930_d10929
9477,10930,layout_pi10931_d10930
9478,10931,layout_pi10932_d10931
9479,10932,layout_pi10933_d10932
9480,10933,layout_pi10934_d10933
9481,10934,layout_pi10935_d10934
9482,10935,layout_pi10936_d10935
9483,10936,layout_pi10937_d10936
9484,10939,layout_pi10940_d10939
9485,10940,layout_pi10941_d10940
9486,10941,layout_pi10942_d10941
9487,10943,layout_pi10944_d10943
9488,10944,layout_pi10945_d10944
9489,10946,layout_pi10947_d10946
9490,10947,layout_pi10948_d10947
9491,10948,layout_pi10949_d10948
9492,10949,layout_pi10950_d10949
9493,10950,layout_pi10951_d10950
9494,10951,layout_pi10952_d10951
9495,10953,layout_pi10954_d10953
9496,10954,layout_pi10955_d10954
9497,10955,layout_pi10956_d10955
9498,10957,layout_pi10958_d10957
9499,10958,layout_pi10959_d10958
9500,10959,layout_pi10960_d10959
9501,10960,layout_pi10961_d10960
9502,10961,layout_pi10962_d10961
9503,10962,layout_pi10963_d10962
9504,10964,layout_pi10965_d10964
9505,10965,layout_pi10966_d10965
9506,10966,layout_pi10967_d10966
9507,10968,layout_pi10969_d10968
9508,10969,layout_pi10970_d10969
9509,10970,layout_pi10971_d10970
9510,10971,layout_pi10972_d10971
9511,10972,layout_pi10973_d10972
9512,10973,layout_pi10974_d10973
9513,10975,layout_pi10976_d10975
9514,10976,layout_pi10977_d10976
9515,10977,layout_pi10978_d10977
9516,10978,layout_pi10979_d10978
9517,10979,layout_pi10980_d10979
9518,10980,layout_pi10981_d10980
9519,10981,layout_pi10982_d10981
9520,10982,layout_pi10983_d10982
9521,10983,layout_pi10984_d10983
9522,10984,layout_pi10985_d10984
9523,10985,layout_pi10986_d10985
9524,10987,layout_pi10988_d10987
9525,10988,layout_pi10989_d10988
9526,10989,layout_pi10990_d10989
9527,10992,layout_pi10993_d10992
9528,10993,layout_pi10994_d10993
9529,10994,layout_pi10995_d10994
9530,10996,layout_pi10997_d10996
9531,10997,layout_pi10998_d10997
9532,10998,layout_pi10999_d10998
9533,10999,layout_pi11000_d10999
9534,11000,layout_pi11001_d11000
9535,11001,layout_pi11002_d11001
9536,11002,layout_pi11003_d11002
9537,11003,layout_pi11004_d11003
9538,11004,layout_pi11005_d11004
9539,11005,layout_pi11006_d11005
9540,11006,layout_pi11007_d11006
9541,11007,layout_pi11008_d11007
9542,11008,layout_pi11009_d11008
9543,11009,layout_pi11010_d11009
9544,11010,layout_pi11011_d11010
9545,11011,layout_pi11012_d11011
9546,11012,layout_pi11013_d11012
9547,11016,layout_pi11017_d11016
9548,11018,layout_pi11019_d11018
9549,11019,layout_pi11020_d11019
9550,11020,layout_pi11021_d11020
9551,11021,layout_pi11022_d11021
9552,11023,layout_pi11024_d11023
9553,11024,layout_pi11025_d11024
9554,11025,layout_pi11026_d11025
9555,11027,layout_pi11028_d11027
9556,11028,layout_pi11029_d11028
9557,11030,layout_pi11031_d11030
9558,11031,layout_pi11032_d11031
9559,11032,layout_pi11033_d11032
9560,11033,layout_pi11034_d11033
9561,11034,layout_pi11035_d11034
9562,11035,layout_pi11036_d11035
9563,11036,layout_pi11037_d11036
9564,11037,layout_pi11038_d11037
9565,11039,layout_pi11040_d11039
9566,11040,layout_pi11041_d11040
9567,11041,layout_pi11042_d11041
9568,11045,layout_pi11046_d11045
9569,11046,layout_pi11047_d11046
9570,11047,layout_pi11048_d11047
9571,11049,layout_pi11050_d11049
9572,11051,layout_pi11052_d11051
9573,11052,layout_pi11053_d11052
9574,11055,layout_pi11056_d11055
9575,11057,layout_pi11058_d11057
9576,11059,layout_pi11060_d11059
9577,11062,layout_pi11063_d11062
9578,11063,layout_pi11064_d11063
9579,11064,layout_pi11065_d11064
9580,11065,layout_pi11066_d11065
9581,11066,layout_pi11067_d11066
9582,11067,layout_pi11068_d11067
9583,11070,layout_pi11071_d11070
9584,11071,layout_pi11072_d11071
9585,11072,layout_pi11073_d11072
9586,11074,layout_pi11075_d11074
9587,11076,layout_pi11077_d11076
9588,11077,layout_pi11078_d11077
9589,11080,layout_pi11081_d11080
9590,11081,layout_pi11082_d11081
9591,11082,layout_pi11083_d11082
9592,11083,layout_pi11084_d11083
9593,11085,layout_pi11086_d11085
9594,11086,layout_pi11087_d11086
9595,11087,layout_pi11088_d11087
9596,11089,layout_pi11090_d11089
9597,11091,layout_pi11092_d11091
9598,11092,layout_pi11093_d11092
9599,11094,layout_pi11095_d11094
9600,11095,layout_pi11096_d11095
9601,11096,layout_pi11097_d11096
9602,11097,layout_pi11098_d11097
9603,11099,layout_pi11100_d11099
9604,11100,layout_pi11101_d11100
9605,11101,layout_pi11102_d11101
9606,11102,layout_pi11103_d11102
9607,11103,layout_pi11104_d11103
9608,11104,layout_pi11105_d11104
9609,11107,layout_pi11108_d11107
9610,11110,layout_pi11111_d11110
9611,11111,layout_pi11112_d11111
9612,11112,layout_pi11113_d11112
9613,11113,layout_pi11114_d11113
9614,11114,layout_pi11115_d11114
9615,11115,layout_pi11116_d11115
9616,11119,layout_pi11120_d11119
9617,11120,layout_pi11121_d11120
9618,11121,layout_pi11122_d11121
9619,11122,layout_pi11123_d11122
9620,11124,layout_pi11125_d11124
9621,11126,layout_pi11127_d11126
9622,11127,layout_pi11128_d11127
9623,11128,layout_pi11129_d11128
9624,11129,layout_pi11130_d11129
9625,11130,layout_pi11131_d11130
9626,11131,layout_pi11132_d11131
9627,11132,layout_pi11133_d11132
9628,11133,layout_pi11134_d11133
9629,11134,layout_pi11135_d11134
9630,11135,layout_pi11136_d11135
9631,11137,layout_pi11138_d11137
9632,11138,layout_pi11139_d11138
9633,11139,layout_pi11140_d11139
9634,11140,layout_pi11141_d11140
9635,11141,layout_pi11142_d11141
9636,11142,layout_pi11143_d11142
9637,11143,layout_pi11144_d11143
9638,11145,layout_pi11146_d11145
9639,11148,layout_pi11149_d11148
9640,11149,layout_pi11150_d11149
9641,11151,layout_pi11152_d11151
9642,11152,layout_pi11153_d11152
9643,11154,layout_pi11155_d11154
9644,11155,layout_pi11156_d11155
9645,11156,layout_pi11157_d11156
9646,11157,layout_pi11158_d11157
9647,11158,layout_pi11159_d11158
9648,11160,layout_pi11161_d11160
9649,11162,layout_pi11163_d11162
9650,11163,layout_pi11164_d11163
9651,11164,layout_pi11165_d11164
9652,11165,layout_pi11166_d11165
9653,11167,layout_pi11168_d11167
9654,11168,layout_pi11169_d11168
9655,11169,layout_pi11170_d11169
9656,11171,layout_pi11172_d11171
9657,11172,layout_pi11173_d11172
9658,11173,layout_pi11174_d11173
9659,11174,layout_pi11175_d11174
9660,11175,layout_pi11176_d11175
9661,11176,layout_pi11177_d11176
9662,11178,layout_pi11179_d11178
9663,11179,layout_pi11180_d11179
9664,11180,layout_pi11181_d11180
9665,11181,layout_pi11182_d11181
9666,11183,layout_pi11184_d11183
9667,11184,layout_pi11185_d11184
9668,11185,layout_pi11186_d11185
9669,11186,layout_pi11187_d11186
9670,11187,layout_pi11188_d11187
9671,11188,layout_pi11189_d11188
9672,11189,layout_pi11190_d11189
9673,11190,layout_pi11191_d11190
9674,11191,layout_pi11192_d11191
9675,11192,layout_pi11193_d11192
9676,11193,layout_pi11194_d11193
9677,11195,layout_pi11196_d11195
9678,11198,layout_pi11199_d11198
9679,11199,layout_pi11200_d11199
9680,11200,layout_pi11201_d11200
9681,11202,layout_pi11203_d11202
9682,11203,layout_pi11204_d11203
9683,11204,layout_pi11205_d11204
9684,11205,layout_pi11206_d11205
9685,11206,layout_pi11207_d11206
9686,11207,layout_pi11208_d11207
9687,11209,layout_pi11210_d11209
9688,11210,layout_pi11211_d11210
9689,11211,layout_pi11212_d11211
9690,11212,layout_pi11213_d11212
9691,11213,layout_pi11214_d11213
9692,11215,layout_pi11216_d11215
9693,11216,layout_pi11217_d11216
9694,11217,layout_pi11218_d11217
9695,11218,layout_pi11219_d11218
9696,11219,layout_pi11220_d11219
9697,11220,layout_pi11221_d11220
9698,11221,layout_pi11222_d11221
9699,11224,layout_pi11225_d11224
9700,11225,layout_pi11226_d11225
9701,11226,layout_pi11227_d11226
9702,11228,layout_pi11229_d11228
9703,11229,layout_pi11230_d11229
9704,11230,layout_pi11231_d11230
9705,11232,layout_pi11233_d11232
9706,11234,layout_pi11235_d11234
9707,11236,layout_pi11237_d11236
9708,11238,layout_pi11239_d11238
9709,11239,layout_pi11240_d11239
9710,11240,layout_pi11241_d11240
9711,11241,layout_pi11242_d11241
9712,11242,layout_pi11243_d11242
9713,11243,layout_pi11244_d11243
9714,11244,layout_pi11245_d11244
9715,11245,layout_pi11246_d11245
9716,11246,layout_pi11247_d11246
9717,11249,layout_pi11250_d11249
9718,11251,layout_pi11252_d11251
9719,11252,layout_pi11253_d11252
9720,11253,layout_pi11254_d11253
9721,11254,layout_pi11255_d11254
9722,11256,layout_pi11257_d11256
9723,11257,layout_pi11258_d11257
9724,11258,layout_pi11259_d11258
9725,11259,layout_pi11260_d11259
9726,11260,layout_pi11261_d11260
9727,11261,layout_pi11262_d11261
9728,11262,layout_pi11263_d11262
9729,11263,layout_pi11264_d11263
9730,11264,layout_pi11265_d11264
9731,11265,layout_pi11266_d11265
9732,11267,layout_pi11268_d11267
9733,11268,layout_pi11269_d11268
9734,11269,layout_pi11270_d11269
9735,11271,layout_pi11272_d11271
9736,11272,layout_pi11273_d11272
9737,11273,layout_pi11274_d11273
9738,11274,layout_pi11275_d11274
9739,11275,layout_pi11276_d11275
9740,11276,layout_pi11277_d11276
9741,11278,layout_pi11279_d11278
9742,11279,layout_pi11280_d11279
9743,11280,layout_pi11281_d11280
9744,11282,layout_pi11283_d11282
9745,11284,layout_pi11285_d11284
9746,11285,layout_pi11286_d11285
9747,11286,layout_pi11287_d11286
9748,11288,layout_pi11289_d11288
9749,11289,layout_pi11290_d11289
9750,11290,layout_pi11291_d11290
9751,11291,layout_pi11292_d11291
9752,11292,layout_pi11293_d11292
9753,11293,layout_pi11294_d11293
9754,11296,layout_pi11297_d11296
9755,11300,layout_pi11301_d11300
9756,11301,layout_pi11302_d11301
9757,11303,layout_pi11304_d11303
9758,11304,layout_pi11305_d11304
9759,11307,layout_pi11308_d11307
9760,11308,layout_pi11309_d11308
9761,11309,layout_pi11310_d11309
9762,11310,layout_pi11311_d11310
9763,11311,layout_pi11312_d11311
9764,11312,layout_pi11313_d11312
9765,11316,layout_pi11317_d11316
9766,11317,layout_pi11318_d11317
9767,11318,layout_pi11319_d11318
9768,11320,layout_pi11321_d11320
9769,11321,layout_pi11322_d11321
9770,11322,layout_pi11323_d11322
9771,11324,layout_pi11325_d11324
9772,11325,layout_pi11326_d11325
9773,11326,layout_pi11327_d11326
9774,11327,layout_pi11328_d11327
9775,11328,layout_pi11329_d11328
9776,11329,layout_pi11330_d11329
9777,11330,layout_pi11331_d11330
9778,11332,layout_pi11333_d11332
9779,11333,layout_pi11334_d11333
9780,11334,layout_pi11335_d11334
9781,11336,layout_pi11337_d11336
9782,11337,layout_pi11338_d11337
9783,11338,layout_pi11339_d11338
9784,11339,layout_pi11340_d11339
9785,11341,layout_pi11342_d11341
9786,11342,layout_pi11343_d11342
9787,11343,layout_pi11344_d11343
9788,11344,layout_pi11345_d11344
9789,11345,layout_pi11346_d11345
9790,11346,layout_pi11347_d11346
9791,11347,layout_pi11348_d11347
9792,11348,layout_pi11349_d11348
9793,11349,layout_pi11350_d11349
9794,11350,layout_pi11351_d11350
9795,11351,layout_pi11352_d11351
9796,11353,layout_pi11354_d11353
9797,11354,layout_pi11355_d11354
9798,11356,layout_pi11357_d11356
9799,11360,layout_pi11361_d11360
9800,11361,layout_pi11362_d11361
9801,11362,layout_pi11363_d11362
9802,11363,layout_pi11364_d11363
9803,11364,layout_pi11365_d11364
9804,11365,layout_pi11366_d11365
9805,11367,layout_pi11368_d11367
9806,11368,layout_pi11369_d11368
9807,11372,layout_pi11373_d11372
9808,11373,layout_pi11374_d11373
9809,11374,layout_pi11375_d11374
9810,11375,layout_pi11376_d11375
9811,11376,layout_pi11377_d11376
9812,11377,layout_pi11378_d11377
9813,11378,layout_pi11379_d11378
9814,11379,layout_pi11380_d11379
9815,11380,layout_pi11381_d11380
9816,11381,layout_pi11382_d11381
9817,11382,layout_pi11383_d11382
9818,11383,layout_pi11384_d11383
9819,11384,layout_pi11385_d11384
9820,11386,layout_pi11387_d11386
9821,11387,layout_pi11388_d11387
9822,11388,layout_pi11389_d11388
9823,11389,layout_pi11390_d11389
9824,11391,layout_pi11392_d11391
9825,11392,layout_pi11393_d11392
9826,11394,layout_pi11395_d11394
9827,11396,layout_pi11397_d11396
9828,11398,layout_pi11399_d11398
9829,11399,layout_pi11400_d11399
9830,11401,layout_pi11402_d11401
9831,11402,layout_pi11403_d11402
9832,11403,layout_pi11404_d11403
9833,11404,layout_pi11405_d11404
9834,11405,layout_pi11406_d11405
9835,11406,layout_pi11407_d11406
9836,11409,layout_pi11410_d11409
9837,11410,layout_pi11411_d11410
9838,11412,layout_pi11413_d11412
9839,11413,layout_pi11414_d11413
9840,11414,layout_pi11415_d11414
9841,11415,layout_pi11416_d11415
9842,11416,layout_pi11417_d11416
9843,11417,layout_pi11418_d11417
9844,11418,layout_pi11419_d11418
9845,11420,layout_pi11421_d11420
9846,11422,layout_pi11423_d11422
9847,11423,layout_pi11424_d11423
9848,11424,layout_pi11425_d11424
9849,11425,layout_pi11426_d11425
9850,11427,layout_pi11428_d11427
9851,11428,layout_pi11429_d11428
9852,11429,layout_pi11430_d11429
9853,11430,layout_pi11431_d11430
9854,11431,layout_pi11432_d11431
9855,11432,layout_pi11433_d11432
9856,11433,layout_pi11434_d11433
9857,11434,layout_pi11435_d11434
9858,11435,layout_pi11436_d11435
9859,11437,layout_pi11438_d11437
9860,11438,layout_pi11439_d11438
9861,11439,layout_pi11440_d11439
9862,11440,layout_pi11441_d11440
9863,11441,layout_pi11442_d11441
9864,11442,layout_pi11443_d11442
9865,11443,layout_pi11444_d11443
9866,11444,layout_pi11445_d11444
9867,11445,layout_pi11446_d11445
9868,11446,layout_pi11447_d11446
9869,11447,layout_pi11448_d11447
9870,11448,layout_pi11449_d11448
9871,11451,layout_pi11452_d11451
9872,11453,layout_pi11454_d11453
9873,11455,layout_pi11456_d11455
9874,11456,layout_pi11457_d11456
9875,11457,layout_pi11458_d11457
9876,11458,layout_pi11459_d11458
9877,11459,layout_pi11460_d11459
9878,11460,layout_pi11461_d11460
9879,11462,layout_pi11463_d11462
9880,11463,layout_pi11464_d11463
9881,11464,layout_pi11465_d11464
9882,11466,layout_pi11467_d11466
9883,11467,layout_pi11468_d11467
9884,11468,layout_pi11469_d11468
9885,11470,layout_pi11471_d11470
9886,11472,layout_pi11473_d11472
9887,11473,layout_pi11474_d11473
9888,11474,layout_pi11475_d11474
9889,11475,layout_pi11476_d11475
9890,11477,layout_pi11478_d11477
9891,11478,layout_pi11479_d11478
9892,11480,layout_pi11481_d11480
9893,11482,layout_pi11483_d11482
9894,11483,layout_pi11484_d11483
9895,11485,layout_pi11486_d11485
9896,11486,layout_pi11487_d11486
9897,11487,layout_pi11488_d11487
9898,11488,layout_pi11489_d11488
9899,11489,layout_pi11490_d11489
9900,11490,layout_pi11491_d11490
9901,11491,layout_pi11492_d11491
9902,11493,layout_pi11494_d11493
9903,11494,layout_pi11495_d11494
9904,11495,layout_pi11496_d11495
9905,11497,layout_pi11498_d11497
9906,11499,layout_pi11500_d11499
9907,11501,layout_pi11502_d11501
9908,11503,layout_pi11504_d11503
9909,11504,layout_pi11505_d11504
9910,11505,layout_pi11506_d11505
9911,11506,layout_pi11507_d11506
9912,11507,layout_pi11508_d11507
9913,11508,layout_pi11509_d11508
9914,11509,layout_pi11510_d11509
9915,11511,layout_pi11512_d11511
9916,11513,layout_pi11514_d11513
9917,11514,layout_pi11515_d11514
9918,11515,layout_pi11516_d11515
9919,11516,layout_pi11517_d11516
9920,11518,layout_pi11519_d11518
9921,11519,layout_pi11520_d11519
9922,11520,layout_pi11521_d11520
9923,11523,layout_pi11524_d11523
9924,11524,layout_pi11525_d11524
9925,11525,layout_pi11526_d11525
9926,11526,layout_pi11527_d11526
9927,11527,layout_pi11528_d11527
9928,11529,layout_pi11530_d11529
9929,11530,layout_pi11531_d11530
9930,11533,layout_pi11534_d11533
9931,11534,layout_pi11535_d11534
9932,11535,layout_pi11536_d11535
9933,11536,layout_pi11537_d11536
9934,11538,layout_pi11539_d11538
9935,11539,layout_pi11540_d11539
9936,11540,layout_pi11541_d11540
9937,11541,layout_pi11542_d11541
9938,11544,layout_pi11545_d11544
9939,11545,layout_pi11546_d11545
9940,11547,layout_pi11548_d11547
9941,11548,layout_pi11549_d11548
9942,11549,layout_pi11550_d11549
9943,11550,layout_pi11551_d11550
9944,11552,layout_pi11553_d11552
9945,11554,layout_pi11555_d11554
9946,11555,layout_pi11556_d11555
9947,11556,layout_pi11557_d11556
9948,11557,layout_pi11558_d11557
9949,11558,layout_pi11559_d11558
9950,11559,layout_pi11560_d11559
9951,11560,layout_pi11561_d11560
9952,11561,layout_pi11562_d11561
9953,11562,layout_pi11563_d11562
9954,11563,layout_pi11564_d11563
9955,11564,layout_pi11565_d11564
9956,11565,layout_pi11566_d11565
9957,11568,layout_pi11569_d11568
9958,11569,layout_pi11570_d11569
9959,11570,layout_pi11571_d11570
9960,11571,layout_pi11572_d11571
9961,11576,layout_pi11577_d11576
9962,11577,layout_pi11578_d11577
9963,11578,layout_pi11579_d11578
9964,11579,layout_pi11580_d11579
9965,11583,layout_pi11584_d11583
9966,11584,layout_pi11585_d11584
9967,11585,layout_pi11586_d11585
9968,11587,layout_pi11588_d11587
9969,11588,layout_pi11589_d11588
9970,11589,layout_pi11590_d11589
9971,11590,layout_pi11591_d11590
9972,11591,layout_pi11592_d11591
9973,11592,layout_pi11593_d11592
9974,11594,layout_pi11595_d11594
9975,11595,layout_pi11596_d11595
9976,11596,layout_pi11597_d11596
9977,11597,layout_pi11598_d11597
9978,11600,layout_pi11601_d11600
9979,11603,layout_pi11604_d11603
9980,11604,layout_pi11605_d11604
9981,11606,layout_pi11607_d11606
9982,11608,layout_pi11609_d11608
9983,11609,layout_pi11610_d11609
9984,11611,layout_pi11612_d11611
9985,11612,layout_pi11613_d11612
9986,11613,layout_pi11614_d11613
9987,11614,layout_pi11615_d11614
9988,11616,layout_pi11617_d11616
9989,11617,layout_pi11618_d11617
9990,11619,layout_pi11620_d11619
9991,11620,layout_pi11621_d11620
9992,11621,layout_pi11622_d11621
9993,11622,layout_pi11623_d11622
9994,11623,layout_pi11624_d11623
9995,11625,layout_pi11626_d11625
9996,11626,layout_pi11627_d11626
9997,11627,layout_pi11628_d11627
9998,11629,layout_pi11630_d11629
9999,11630,layout_pi11631_d11630
10000,11631,layout_pi11632_d11631
10001,11632,layout_pi11633_d11632
10002,11633,layout_pi11634_d11633
10003,11634,layout_pi11635_d11634
10004,11635,layout_pi11636_d11635
10005,11636,layout_pi11637_d11636
10006,11637,layout_pi11638_d11637
10007,11638,layout_pi11639_d11638
10008,11640,layout_pi11641_d11640
10009,11641,layout_pi11642_d11641
10010,11642,layout_pi11643_d11642
10011,11643,layout_pi11644_d11643
10012,11645,layout_pi11646_d11645
10013,11646,layout_pi11647_d11646
10014,11648,layout_pi11649_d11648
10015,11650,layout_pi11651_d11650
10016,11651,layout_pi11652_d11651
10017,11652,layout_pi11653_d11652
10018,11654,layout_pi11655_d11654
10019,11656,layout_pi11657_d11656
10020,11657,layout_pi11658_d11657
10021,11658,layout_pi11659_d11658
10022,11659,layout_pi11660_d11659
10023,11660,layout_pi11661_d11660
10024,11662,layout_pi11663_d11662
10025,11663,layout_pi11664_d11663
10026,11664,layout_pi11665_d11664
10027,11665,layout_pi11666_d11665
10028,11666,layout_pi11667_d11666
10029,11667,layout_pi11668_d11667
10030,11668,layout_pi11669_d11668
10031,11669,layout_pi11670_d11669
10032,11670,layout_pi11671_d11670
10033,11671,layout_pi11672_d11671
10034,11672,layout_pi11673_d11672
10035,11673,layout_pi11674_d11673
10036,11674,layout_pi11675_d11674
10037,11676,layout_pi11677_d11676
10038,11677,layout_pi11678_d11677
10039,11679,layout_pi11680_d11679
10040,11680,layout_pi11681_d11680
10041,11681,layout_pi11682_d11681
10042,11682,layout_pi11683_d11682
10043,11683,layout_pi11684_d11683
10044,11685,layout_pi11686_d11685
10045,11687,layout_pi11688_d11687
10046,11688,layout_pi11689_d11688
10047,11689,layout_pi11690_d11689
10048,11690,layout_pi11691_d11690
10049,11691,layout_pi11692_d11691
10050,11693,layout_pi11694_d11693
10051,11695,layout_pi11696_d11695
10052,11696,layout_pi11697_d11696
10053,11699,layout_pi11700_d11699
10054,11704,layout_pi11705_d11704
10055,11707,layout_pi11708_d11707
10056,11708,layout_pi11709_d11708
10057,11709,layout_pi11710_d11709
10058,11710,layout_pi11711_d11710
10059,11711,layout_pi11712_d11711
10060,11712,layout_pi11713_d11712
10061,11713,layout_pi11714_d11713
10062,11714,layout_pi11715_d11714
10063,11715,layout_pi11716_d11715
10064,11716,layout_pi11717_d11716
10065,11717,layout_pi11718_d11717
10066,11719,layout_pi11720_d11719
10067,11721,layout_pi11722_d11721
10068,11722,layout_pi11723_d11722
10069,11724,layout_pi11725_d11724
10070,11725,layout_pi11726_d11725
10071,11726,layout_pi11727_d11726
10072,11728,layout_pi11729_d11728
10073,11729,layout_pi11730_d11729
10074,11730,layout_pi11731_d11730
10075,11731,layout_pi11732_d11731
10076,11732,layout_pi11733_d11732
10077,11733,layout_pi11734_d11733
10078,11734,layout_pi11735_d11734
10079,11735,layout_pi11736_d11735
10080,11736,layout_pi11737_d11736
10081,11739,layout_pi11740_d11739
10082,11740,layout_pi11741_d11740
10083,11741,layout_pi11742_d11741
10084,11742,layout_pi11743_d11742
10085,11743,layout_pi11744_d11743
10086,11744,layout_pi11745_d11744
10087,11745,layout_pi11746_d11745
10088,11746,layout_pi11747_d11746
10089,11748,layout_pi11749_d11748
10090,11751,layout_pi11752_d11751
10091,11752,layout_pi11753_d11752
10092,11753,layout_pi11754_d11753
10093,11754,layout_pi11755_d11754
10094,11755,layout_pi11756_d11755
10095,11756,layout_pi11757_d11756
10096,11757,layout_pi11758_d11757
10097,11758,layout_pi11759_d11758
10098,11759,layout_pi11760_d11759
10099,11760,layout_pi11761_d11760
10100,11762,layout_pi11763_d11762
10101,11763,layout_pi11764_d11763
10102,11764,layout_pi11765_d11764
10103,11765,layout_pi11766_d11765
10104,11766,layout_pi11767_d11766
10105,11767,layout_pi11768_d11767
10106,11769,layout_pi11770_d11769
10107,11772,layout_pi11773_d11772
10108,11773,layout_pi11774_d11773
10109,11776,layout_pi11777_d11776
10110,11777,layout_pi11778_d11777
10111,11779,layout_pi11780_d11779
10112,11780,layout_pi11781_d11780
10113,11782,layout_pi11783_d11782
10114,11783,layout_pi11784_d11783
10115,11785,layout_pi11786_d11785
10116,11786,layout_pi11787_d11786
10117,11788,layout_pi11789_d11788
10118,11789,layout_pi11790_d11789
10119,11793,layout_pi11794_d11793
10120,11794,layout_pi11795_d11794
10121,11795,layout_pi11796_d11795
10122,11798,layout_pi11799_d11798
10123,11799,layout_pi11800_d11799
10124,11801,layout_pi11802_d11801
10125,11802,layout_pi11803_d11802
10126,11803,layout_pi11804_d11803
10127,11804,layout_pi11805_d11804
10128,11806,layout_pi11807_d11806
10129,11807,layout_pi11808_d11807
10130,11808,layout_pi11809_d11808
10131,11809,layout_pi11810_d11809
10132,11810,layout_pi11811_d11810
10133,11812,layout_pi11813_d11812
10134,11813,layout_pi11814_d11813
10135,11814,layout_pi11815_d11814
10136,11816,layout_pi11817_d11816
10137,11819,layout_pi11820_d11819
10138,11820,layout_pi11821_d11820
10139,11823,layout_pi11824_d11823
10140,11824,layout_pi11825_d11824
10141,11825,layout_pi11826_d11825
10142,11826,layout_pi11827_d11826
10143,11827,layout_pi11828_d11827
10144,11828,layout_pi11829_d11828
10145,11829,layout_pi11830_d11829
10146,11833,layout_pi11834_d11833
10147,11834,layout_pi11835_d11834
10148,11835,layout_pi11836_d11835
10149,11836,layout_pi11837_d11836
10150,11837,layout_pi11838_d11837
10151,11838,layout_pi11839_d11838
10152,11839,layout_pi11840_d11839
10153,11840,layout_pi11841_d11840
10154,11842,layout_pi11843_d11842
10155,11843,layout_pi11844_d11843
10156,11844,layout_pi11845_d11844
10157,11845,layout_pi11846_d11845
10158,11846,layout_pi11847_d11846
10159,11847,layout_pi11848_d11847
10160,11848,layout_pi11849_d11848
10161,11849,layout_pi11850_d11849
10162,11850,layout_pi11851_d11850
10163,11851,layout_pi11852_d11851
10164,11852,layout_pi11853_d11852
10165,11853,layout_pi11854_d11853
10166,11855,layout_pi11856_d11855
10167,11856,layout_pi11857_d11856
10168,11857,layout_pi11858_d11857
10169,11858,layout_pi11859_d11858
10170,11859,layout_pi11860_d11859
10171,11863,layout_pi11864_d11863
10172,11865,layout_pi11866_d11865
10173,11867,layout_pi11868_d11867
10174,11868,layout_pi11869_d11868
10175,11870,layout_pi11871_d11870
10176,11871,layout_pi11872_d11871
10177,11872,layout_pi11873_d11872
10178,11875,layout_pi11876_d11875
10179,11877,layout_pi11878_d11877
10180,11878,layout_pi11879_d11878
10181,11880,layout_pi11881_d11880
10182,11881,layout_pi11882_d11881
10183,11882,layout_pi11883_d11882
10184,11884,layout_pi11885_d11884
10185,11886,layout_pi11887_d11886
10186,11889,layout_pi11890_d11889
10187,11890,layout_pi11891_d11890
10188,11891,layout_pi11892_d11891
10189,11892,layout_pi11893_d11892
10190,11894,layout_pi11895_d11894
10191,11895,layout_pi11896_d11895
10192,11896,layout_pi11897_d11896
10193,11897,layout_pi11898_d11897
10194,11899,layout_pi11900_d11899
10195,11901,layout_pi11902_d11901
10196,11902,layout_pi11903_d11902
10197,11904,layout_pi11905_d11904
10198,11905,layout_pi11906_d11905
10199,11907,layout_pi11908_d11907
10200,11908,layout_pi11909_d11908
10201,11909,layout_pi11910_d11909
10202,11912,layout_pi11913_d11912
10203,11914,layout_pi11915_d11914
10204,11916,layout_pi11917_d11916
10205,11917,layout_pi11918_d11917
10206,11918,layout_pi11919_d11918
10207,11919,layout_pi11920_d11919
10208,11920,layout_pi11921_d11920
10209,11921,layout_pi11922_d11921
10210,11922,layout_pi11923_d11922
10211,11923,layout_pi11924_d11923
10212,11924,layout_pi11925_d11924
10213,11927,layout_pi11928_d11927
10214,11930,layout_pi11931_d11930
10215,11933,layout_pi11934_d11933
10216,11934,layout_pi11935_d11934
10217,11935,layout_pi11936_d11935
10218,11937,layout_pi11938_d11937
10219,11938,layout_pi11939_d11938
10220,11940,layout_pi11941_d11940
10221,11941,layout_pi11942_d11941
10222,11942,layout_pi11943_d11942
10223,11943,layout_pi11944_d11943
10224,11944,layout_pi11945_d11944
10225,11945,layout_pi11946_d11945
10226,11946,layout_pi11947_d11946
10227,11948,layout_pi11949_d11948
10228,11949,layout_pi11950_d11949
10229,11950,layout_pi11951_d11950
10230,11951,layout_pi11952_d11951
10231,11952,layout_pi11953_d11952
10232,11953,layout_pi11954_d11953
10233,11954,layout_pi11955_d11954
10234,11955,layout_pi11956_d11955
10235,11957,layout_pi11958_d11957
10236,11958,layout_pi11959_d11958
10237,11959,layout_pi11960_d11959
10238,11961,layout_pi11962_d11961
10239,11962,layout_pi11963_d11962
10240,11963,layout_pi11964_d11963
10241,11966,layout_pi11967_d11966
10242,11967,layout_pi11968_d11967
10243,11970,layout_pi11971_d11970
10244,11972,layout_pi11973_d11972
10245,11973,layout_pi11974_d11973
10246,11974,layout_pi11975_d11974
10247,11975,layout_pi11976_d11975
10248,11976,layout_pi11977_d11976
10249,11977,layout_pi11978_d11977
10250,11978,layout_pi11979_d11978
10251,11979,layout_pi11980_d11979
10252,11980,layout_pi11981_d11980
10253,11981,layout_pi11982_d11981
10254,11983,layout_pi11984_d11983
10255,11984,layout_pi11985_d11984
10256,11986,layout_pi11987_d11986
10257,11987,layout_pi11988_d11987
10258,11988,layout_pi11989_d11988
10259,11989,layout_pi11990_d11989
10260,11990,layout_pi11991_d11990
10261,11991,layout_pi11992_d11991
10262,11992,layout_pi11993_d11992
10263,11994,layout_pi11995_d11994
10264,11995,layout_pi11996_d11995
10265,11996,layout_pi11997_d11996
10266,11997,layout_pi11998_d11997
10267,11998,layout_pi11999_d11998
10268,11999,layout_pi12000_d11999
10269,12000,layout_pi12001_d12000
10270,12001,layout_pi12002_d12001
10271,12002,layout_pi12003_d12002
10272,12004,layout_pi12005_d12004
10273,12006,layout_pi12007_d12006
10274,12008,layout_pi12009_d12008
10275,12009,layout_pi12010_d12009
10276,12010,layout_pi12011_d12010
10277,12011,layout_pi12012_d12011
10278,12013,layout_pi12014_d12013
10279,12019,layout_pi12020_d12019
10280,12020,layout_pi12021_d12020
10281,12021,layout_pi12022_d12021
10282,12022,layout_pi12023_d12022
10283,12024,layout_pi12025_d12024
10284,12026,layout_pi12027_d12026
10285,12027,layout_pi12028_d12027
10286,12029,layout_pi12030_d12029
10287,12030,layout_pi12031_d12030
10288,12031,layout_pi12032_d12031
10289,12032,layout_pi12033_d12032
10290,12033,layout_pi12034_d12033
10291,12034,layout_pi12035_d12034
10292,12035,layout_pi12036_d12035
10293,12036,layout_pi12037_d12036
10294,12038,layout_pi12039_d12038
10295,12039,layout_pi12040_d12039
10296,12041,layout_pi12042_d12041
10297,12044,layout_pi12045_d12044
10298,12046,layout_pi12047_d12046
10299,12047,layout_pi12048_d12047
10300,12048,layout_pi12049_d12048
10301,12049,layout_pi12050_d12049
10302,12051,layout_pi12052_d12051
10303,12052,layout_pi12053_d12052
10304,12056,layout_pi12057_d12056
10305,12057,layout_pi12058_d12057
10306,12058,layout_pi12059_d12058
10307,12060,layout_pi12061_d12060
10308,12061,layout_pi12062_d12061
10309,12062,layout_pi12063_d12062
10310,12063,layout_pi12064_d12063
10311,12064,layout_pi12065_d12064
10312,12066,layout_pi12067_d12066
10313,12067,layout_pi12068_d12067
10314,12069,layout_pi12070_d12069
10315,12071,layout_pi12072_d12071
10316,12074,layout_pi12075_d12074
10317,12076,layout_pi12077_d12076
10318,12077,layout_pi12078_d12077
10319,12078,layout_pi12079_d12078
10320,12079,layout_pi12080_d12079
10321,12081,layout_pi12082_d12081
10322,12082,layout_pi12083_d12082
10323,12084,layout_pi12085_d12084
10324,12085,layout_pi12086_d12085
10325,12087,layout_pi12088_d12087
10326,12088,layout_pi12089_d12088
10327,12089,layout_pi12090_d12089
10328,12094,layout_pi12095_d12094
10329,12095,layout_pi12096_d12095
10330,12097,layout_pi12098_d12097
10331,12098,layout_pi12099_d12098
10332,12099,layout_pi12100_d12099
10333,12101,layout_pi12102_d12101
10334,12102,layout_pi12103_d12102
10335,12103,layout_pi12104_d12103
10336,12104,layout_pi12105_d12104
10337,12105,layout_pi12106_d12105
10338,12106,layout_pi12107_d12106
10339,12107,layout_pi12108_d12107
10340,12108,layout_pi12109_d12108
10341,12109,layout_pi12110_d12109
10342,12110,layout_pi12111_d12110
10343,12111,layout_pi12112_d12111
10344,12112,layout_pi12113_d12112
10345,12113,layout_pi12114_d12113
10346,12114,layout_pi12115_d12114
10347,12115,layout_pi12116_d12115
10348,12117,layout_pi12118_d12117
10349,12119,layout_pi12120_d12119
10350,12120,layout_pi12121_d12120
10351,12122,layout_pi12123_d12122
10352,12123,layout_pi12124_d12123
10353,12125,layout_pi12126_d12125
10354,12127,layout_pi12128_d12127
10355,12128,layout_pi12129_d12128
10356,12130,layout_pi12131_d12130
10357,12131,layout_pi12132_d12131
10358,12133,layout_pi12134_d12133
10359,12134,layout_pi12135_d12134
10360,12135,layout_pi12136_d12135
10361,12136,layout_pi12137_d12136
10362,12137,layout_pi12138_d12137
10363,12138,layout_pi12139_d12138
10364,12139,layout_pi12140_d12139
10365,12140,layout_pi12141_d12140
10366,12141,layout_pi12142_d12141
10367,12142,layout_pi12143_d12142
10368,12144,layout_pi12145_d12144
10369,12145,layout_pi12146_d12145
10370,12147,layout_pi12148_d12147
10371,12148,layout_pi12149_d12148
10372,12149,layout_pi12150_d12149
10373,12150,layout_pi12151_d12150
10374,12151,layout_pi12152_d12151
10375,12155,layout_pi12156_d12155
10376,12156,layout_pi12157_d12156
10377,12158,layout_pi12159_d12158
10378,12159,layout_pi12160_d12159
10379,12160,layout_pi12161_d12160
10380,12161,layout_pi12162_d12161
10381,12163,layout_pi12164_d12163
10382,12165,layout_pi12166_d12165
10383,12166,layout_pi12167_d12166
10384,12167,layout_pi12168_d12167
10385,12168,layout_pi12169_d12168
10386,12169,layout_pi12170_d12169
10387,12171,layout_pi12172_d12171
10388,12172,layout_pi12173_d12172
10389,12173,layout_pi12174_d12173
10390,12174,layout_pi12175_d12174
10391,12176,layout_pi12177_d12176
10392,12177,layout_pi12178_d12177
10393,12178,layout_pi12179_d12178
10394,12179,layout_pi12180_d12179
10395,12183,layout_pi12184_d12183
10396,12185,layout_pi12186_d12185
10397,12186,layout_pi12187_d12186
10398,12187,layout_pi12188_d12187
10399,12188,layout_pi12189_d12188
10400,12189,layout_pi12190_d12189
10401,12190,layout_pi12191_d12190
10402,12192,layout_pi12193_d12192
10403,12197,layout_pi12198_d12197
10404,12198,layout_pi12199_d12198
10405,12199,layout_pi12200_d12199
10406,12200,layout_pi12201_d12200
10407,12201,layout_pi12202_d12201
10408,12202,layout_pi12203_d12202
10409,12203,layout_pi12204_d12203
10410,12204,layout_pi12205_d12204
10411,12205,layout_pi12206_d12205
10412,12207,layout_pi12208_d12207
10413,12208,layout_pi12209_d12208
10414,12210,layout_pi12211_d12210
10415,12211,layout_pi12212_d12211
10416,12214,layout_pi12215_d12214
10417,12217,layout_pi12218_d12217
10418,12219,layout_pi12220_d12219
10419,12220,layout_pi12221_d12220
10420,12221,layout_pi12222_d12221
10421,12223,layout_pi12224_d12223
10422,12224,layout_pi12225_d12224
10423,12225,layout_pi12226_d12225
10424,12226,layout_pi12227_d12226
10425,12227,layout_pi12228_d12227
10426,12228,layout_pi12229_d12228
10427,12229,layout_pi12230_d12229
10428,12230,layout_pi12231_d12230
10429,12234,layout_pi12235_d12234
10430,12235,layout_pi12236_d12235
10431,12236,layout_pi12237_d12236
10432,12237,layout_pi12238_d12237
10433,12238,layout_pi12239_d12238
10434,12239,layout_pi12240_d12239
10435,12240,layout_pi12241_d12240
10436,12241,layout_pi12242_d12241
10437,12242,layout_pi12243_d12242
10438,12243,layout_pi12244_d12243
10439,12244,layout_pi12245_d12244
10440,12246,layout_pi12247_d12246
10441,12248,layout_pi12249_d12248
10442,12252,layout_pi12253_d12252
10443,12253,layout_pi12254_d12253
10444,12256,layout_pi12257_d12256
10445,12257,layout_pi12258_d12257
10446,12261,layout_pi12262_d12261
10447,12264,layout_pi12265_d12264
10448,12265,layout_pi12266_d12265
10449,12266,layout_pi12267_d12266
10450,12268,layout_pi12269_d12268
10451,12269,layout_pi12270_d12269
10452,12270,layout_pi12271_d12270
10453,12273,layout_pi12274_d12273
10454,12274,layout_pi12275_d12274
10455,12276,layout_pi12277_d12276
10456,12277,layout_pi12278_d12277
10457,12279,layout_pi12280_d12279
10458,12280,layout_pi12281_d12280
10459,12282,layout_pi12283_d12282
10460,12283,layout_pi12284_d12283
10461,12287,layout_pi12288_d12287
10462,12288,layout_pi12289_d12288
10463,12290,layout_pi12291_d12290
10464,12292,layout_pi12293_d12292
10465,12293,layout_pi12294_d12293
10466,12294,layout_pi12295_d12294
10467,12295,layout_pi12296_d12295
10468,12298,layout_pi12299_d12298
10469,12299,layout_pi12300_d12299
10470,12300,layout_pi12301_d12300
10471,12301,layout_pi12302_d12301
10472,12302,layout_pi12303_d12302
10473,12304,layout_pi12305_d12304
10474,12305,layout_pi12306_d12305
10475,12306,layout_pi12307_d12306
10476,12307,layout_pi12308_d12307
10477,12308,layout_pi12309_d12308
10478,12310,layout_pi12311_d12310
10479,12312,layout_pi12313_d12312
10480,12313,layout_pi12314_d12313
10481,12314,layout_pi12315_d12314
10482,12315,layout_pi12316_d12315
10483,12316,layout_pi12317_d12316
10484,12318,layout_pi12319_d12318
10485,12319,layout_pi12320_d12319
10486,12320,layout_pi12321_d12320
10487,12321,layout_pi12322_d12321
10488,12322,layout_pi12323_d12322
10489,12323,layout_pi12324_d12323
10490,12324,layout_pi12325_d12324
10491,12325,layout_pi12326_d12325
10492,12327,layout_pi12328_d12327
10493,12328,layout_pi12329_d12328
10494,12332,layout_pi12333_d12332
10495,12333,layout_pi12334_d12333
10496,12336,layout_pi12337_d12336
10497,12338,layout_pi12339_d12338
10498,12340,layout_pi12341_d12340
10499,12341,layout_pi12342_d12341
10500,12342,layout_pi12343_d12342
10501,12343,layout_pi12344_d12343
10502,12344,layout_pi12345_d12344
10503,12347,layout_pi12348_d12347
10504,12348,layout_pi12349_d12348
10505,12349,layout_pi12350_d12349
10506,12350,layout_pi12351_d12350
10507,12352,layout_pi12353_d12352
10508,12353,layout_pi12354_d12353
10509,12355,layout_pi12356_d12355
10510,12357,layout_pi12358_d12357
10511,12358,layout_pi12359_d12358
10512,12360,layout_pi12361_d12360
10513,12361,layout_pi12362_d12361
10514,12362,layout_pi12363_d12362
10515,12363,layout_pi12364_d12363
10516,12365,layout_pi12366_d12365
10517,12366,layout_pi12367_d12366
10518,12367,layout_pi12368_d12367
10519,12369,layout_pi12370_d12369
10520,12370,layout_pi12371_d12370
10521,12371,layout_pi12372_d12371
10522,12372,layout_pi12373_d12372
10523,12373,layout_pi12374_d12373
10524,12374,layout_pi12375_d12374
10525,12375,layout_pi12376_d12375
10526,12376,layout_pi12377_d12376
10527,12377,layout_pi12378_d12377
10528,12378,layout_pi12379_d12378
10529,12380,layout_pi12381_d12380
10530,12383,layout_pi12384_d12383
10531,12384,layout_pi12385_d12384
10532,12385,layout_pi12386_d12385
10533,12386,layout_pi12387_d12386
10534,12387,layout_pi12388_d12387
10535,12388,layout_pi12389_d12388
10536,12389,layout_pi12390_d12389
10537,12390,layout_pi12391_d12390
10538,12393,layout_pi12394_d12393
10539,12394,layout_pi12395_d12394
10540,12397,layout_pi12398_d12397
10541,12399,layout_pi12400_d12399
10542,12400,layout_pi12401_d12400
10543,12402,layout_pi12403_d12402
10544,12403,layout_pi12404_d12403
10545,12406,layout_pi12407_d12406
10546,12408,layout_pi12409_d12408
10547,12409,layout_pi12410_d12409
10548,12410,layout_pi12411_d12410
10549,12412,layout_pi12413_d12412
10550,12413,layout_pi12414_d12413
10551,12415,layout_pi12416_d12415
10552,12416,layout_pi12417_d12416
10553,12417,layout_pi12418_d12417
10554,12418,layout_pi12419_d12418
10555,12419,layout_pi12420_d12419
10556,12420,layout_pi12421_d12420
10557,12422,layout_pi12423_d12422
10558,12423,layout_pi12424_d12423
10559,12424,layout_pi12425_d12424
10560,12427,layout_pi12428_d12427
10561,12429,layout_pi12430_d12429
10562,12430,layout_pi12431_d12430
10563,12431,layout_pi12432_d12431
10564,12432,layout_pi12433_d12432
10565,12435,layout_pi12436_d12435
10566,12436,layout_pi12437_d12436
10567,12439,layout_pi12440_d12439
10568,12443,layout_pi12444_d12443
10569,12444,layout_pi12445_d12444
10570,12445,layout_pi12446_d12445
10571,12446,layout_pi12447_d12446
10572,12447,layout_pi12448_d12447
10573,12448,layout_pi12449_d12448
10574,12450,layout_pi12451_d12450
10575,12455,layout_pi12456_d12455
10576,12456,layout_pi12457_d12456
10577,12457,layout_pi12458_d12457
10578,12460,layout_pi12461_d12460
10579,12461,layout_pi12462_d12461
10580,12463,layout_pi12464_d12463
10581,12464,layout_pi12465_d12464
10582,12465,layout_pi12466_d12465
10583,12466,layout_pi12467_d12466
10584,12467,layout_pi12468_d12467
10585,12469,layout_pi12470_d12469
10586,12470,layout_pi12471_d12470
10587,12471,layout_pi12472_d12471
10588,12473,layout_pi12474_d12473
10589,12475,layout_pi12476_d12475
10590,12477,layout_pi12478_d12477
10591,12479,layout_pi12480_d12479
10592,12480,layout_pi12481_d12480
10593,12481,layout_pi12482_d12481
10594,12483,layout_pi12484_d12483
10595,12484,layout_pi12485_d12484
10596,12485,layout_pi12486_d12485
10597,12486,layout_pi12487_d12486
10598,12487,layout_pi12488_d12487
10599,12488,layout_pi12489_d12488
10600,12489,layout_pi12490_d12489
10601,12490,layout_pi12491_d12490
10602,12492,layout_pi12493_d12492
10603,12493,layout_pi12494_d12493
10604,12494,layout_pi12495_d12494
10605,12495,layout_pi12496_d12495
10606,12496,layout_pi12497_d12496
10607,12497,layout_pi12498_d12497
10608,12498,layout_pi12499_d12498
10609,12499,layout_pi12500_d12499
10610,12500,layout_pi12501_d12500
10611,12501,layout_pi12502_d12501
10612,12502,layout_pi12503_d12502
10613,12503,layout_pi12504_d12503
10614,12504,layout_pi12505_d12504
10615,12505,layout_pi12506_d12505
10616,12506,layout_pi12507_d12506
10617,12507,layout_pi12508_d12507
10618,12509,layout_pi12510_d12509
10619,12512,layout_pi12513_d12512
10620,12513,layout_pi12514_d12513
10621,12514,layout_pi12515_d12514
10622,12515,layout_pi12516_d12515
10623,12516,layout_pi12517_d12516
10624,12517,layout_pi12518_d12517
10625,12518,layout_pi12519_d12518
10626,12519,layout_pi12520_d12519
10627,12520,layout_pi12521_d12520
10628,12521,layout_pi12522_d12521
10629,12522,layout_pi12523_d12522
10630,12524,layout_pi12525_d12524
10631,12526,layout_pi12527_d12526
10632,12527,layout_pi12528_d12527
10633,12528,layout_pi12529_d12528
10634,12529,layout_pi12530_d12529
10635,12530,layout_pi12531_d12530
10636,12531,layout_pi12532_d12531
10637,12532,layout_pi12533_d12532
10638,12533,layout_pi12534_d12533
10639,12534,layout_pi12535_d12534
10640,12535,layout_pi12536_d12535
10641,12539,layout_pi12540_d12539
10642,12540,layout_pi12541_d12540
10643,12541,layout_pi12542_d12541
10644,12542,layout_pi12543_d12542
10645,12544,layout_pi12545_d12544
10646,12546,layout_pi12547_d12546
10647,12548,layout_pi12549_d12548
10648,12549,layout_pi12550_d12549
10649,12550,layout_pi12551_d12550
10650,12551,layout_pi12552_d12551
10651,12554,layout_pi12555_d12554
10652,12555,layout_pi12556_d12555
10653,12556,layout_pi12557_d12556
10654,12557,layout_pi12558_d12557
10655,12559,layout_pi12560_d12559
10656,12560,layout_pi12561_d12560
10657,12561,layout_pi12562_d12561
10658,12562,layout_pi12563_d12562
10659,12563,layout_pi12564_d12563
10660,12564,layout_pi12565_d12564
10661,12566,layout_pi12567_d12566
10662,12568,layout_pi12569_d12568
10663,12569,layout_pi12570_d12569
10664,12570,layout_pi12571_d12570
10665,12571,layout_pi12572_d12571
10666,12572,layout_pi12573_d12572
10667,12573,layout_pi12574_d12573
10668,12574,layout_pi12575_d12574
10669,12575,layout_pi12576_d12575
10670,12576,layout_pi12577_d12576
10671,12577,layout_pi12578_d12577
10672,12578,layout_pi12579_d12578
10673,12580,layout_pi12581_d12580
10674,12581,layout_pi12582_d12581
10675,12582,layout_pi12583_d12582
10676,12586,layout_pi12587_d12586
10677,12587,layout_pi12588_d12587
10678,12588,layout_pi12589_d12588
10679,12590,layout_pi12591_d12590
10680,12591,layout_pi12592_d12591
10681,12592,layout_pi12593_d12592
10682,12594,layout_pi12595_d12594
10683,12595,layout_pi12596_d12595
10684,12596,layout_pi12597_d12596
10685,12597,layout_pi12598_d12597
10686,12598,layout_pi12599_d12598
10687,12599,layout_pi12600_d12599
10688,12600,layout_pi12601_d12600
10689,12603,layout_pi12604_d12603
10690,12605,layout_pi12606_d12605
10691,12606,layout_pi12607_d12606
10692,12611,layout_pi12612_d12611
10693,12612,layout_pi12613_d12612
10694,12613,layout_pi12614_d12613
10695,12614,layout_pi12615_d12614
10696,12618,layout_pi12619_d12618
10697,12621,layout_pi12622_d12621
10698,12622,layout_pi12623_d12622
10699,12623,layout_pi12624_d12623
10700,12624,layout_pi12625_d12624
10701,12625,layout_pi12626_d12625
10702,12627,layout_pi12628_d12627
10703,12628,layout_pi12629_d12628
10704,12629,layout_pi12630_d12629
10705,12632,layout_pi12633_d12632
10706,12633,layout_pi12634_d12633
10707,12634,layout_pi12635_d12634
10708,12635,layout_pi12636_d12635
10709,12637,layout_pi12638_d12637
10710,12638,layout_pi12639_d12638
10711,12639,layout_pi12640_d12639
10712,12641,layout_pi12642_d12641
10713,12642,layout_pi12643_d12642
10714,12644,layout_pi12645_d12644
10715,12647,layout_pi12648_d12647
10716,12648,layout_pi12649_d12648
10717,12649,layout_pi12650_d12649
10718,12650,layout_pi12651_d12650
10719,12651,layout_pi12652_d12651
10720,12652,layout_pi12653_d12652
10721,12653,layout_pi12654_d12653
10722,12654,layout_pi12655_d12654
10723,12657,layout_pi12658_d12657
10724,12659,layout_pi12660_d12659
10725,12660,layout_pi12661_d12660
10726,12661,layout_pi12662_d12661
10727,12663,layout_pi12664_d12663
10728,12664,layout_pi12665_d12664
10729,12665,layout_pi12666_d12665
10730,12667,layout_pi12668_d12667
10731,12668,layout_pi12669_d12668
10732,12669,layout_pi12670_d12669
10733,12672,layout_pi12673_d12672
10734,12673,layout_pi12674_d12673
10735,12674,layout_pi12675_d12674
10736,12679,layout_pi12680_d12679
10737,12680,layout_pi12681_d12680
10738,12681,layout_pi12682_d12681
10739,12684,layout_pi12685_d12684
10740,12685,layout_pi12686_d12685
10741,12686,layout_pi12687_d12686
10742,12687,layout_pi12688_d12687
10743,12689,layout_pi12690_d12689
10744,12690,layout_pi12691_d12690
10745,12691,layout_pi12692_d12691
10746,12692,layout_pi12693_d12692
10747,12693,layout_pi12694_d12693
10748,12694,layout_pi12695_d12694
10749,12696,layout_pi12697_d12696
10750,12697,layout_pi12698_d12697
10751,12698,layout_pi12699_d12698
10752,12699,layout_pi12700_d12699
10753,12700,layout_pi12701_d12700
10754,12701,layout_pi12702_d12701
10755,12704,layout_pi12705_d12704
10756,12705,layout_pi12706_d12705
10757,12706,layout_pi12707_d12706
10758,12707,layout_pi12708_d12707
10759,12708,layout_pi12709_d12708
10760,12709,layout_pi12710_d12709
10761,12711,layout_pi12712_d12711
10762,12712,layout_pi12713_d12712
10763,12713,layout_pi12714_d12713
10764,12714,layout_pi12715_d12714
10765,12715,layout_pi12716_d12715
10766,12716,layout_pi12717_d12716
10767,12717,layout_pi12718_d12717
10768,12720,layout_pi12721_d12720
10769,12721,layout_pi12722_d12721
10770,12724,layout_pi12725_d12724
10771,12725,layout_pi12726_d12725
10772,12726,layout_pi12727_d12726
10773,12728,layout_pi12729_d12728
10774,12729,layout_pi12730_d12729
10775,12731,layout_pi12732_d12731
10776,12733,layout_pi12734_d12733
10777,12735,layout_pi12736_d12735
10778,12736,layout_pi12737_d12736
10779,12737,layout_pi12738_d12737
10780,12739,layout_pi12740_d12739
10781,12740,layout_pi12741_d12740
10782,12741,layout_pi12742_d12741
10783,12742,layout_pi12743_d12742
10784,12746,layout_pi12747_d12746
10785,12751,layout_pi12752_d12751
10786,12753,layout_pi12754_d12753
10787,12754,layout_pi12755_d12754
10788,12755,layout_pi12756_d12755
10789,12756,layout_pi12757_d12756
10790,12757,layout_pi12758_d12757
10791,12758,layout_pi12759_d12758
10792,12760,layout_pi12761_d12760
10793,12762,layout_pi12763_d12762
10794,12763,layout_pi12764_d12763
10795,12764,layout_pi12765_d12764
10796,12765,layout_pi12766_d12765
10797,12766,layout_pi12767_d12766
10798,12768,layout_pi12769_d12768
10799,12769,layout_pi12770_d12769
10800,12770,layout_pi12771_d12770
10801,12771,layout_pi12772_d12771
10802,12772,layout_pi12773_d12772
10803,12773,layout_pi12774_d12773
10804,12775,layout_pi12776_d12775
10805,12776,layout_pi12777_d12776
10806,12777,layout_pi12778_d12777
10807,12778,layout_pi12779_d12778
10808,12779,layout_pi12780_d12779
10809,12780,layout_pi12781_d12780
10810,12781,layout_pi12782_d12781
10811,12783,layout_pi12784_d12783
10812,12785,layout_pi12786_d12785
10813,12786,layout_pi12787_d12786
10814,12787,layout_pi12788_d12787
10815,12788,layout_pi12789_d12788
10816,12789,layout_pi12790_d12789
10817,12790,layout_pi12791_d12790
10818,12791,layout_pi12792_d12791
10819,12795,layout_pi12796_d12795
10820,12797,layout_pi12798_d12797
10821,12798,layout_pi12799_d12798
10822,12799,layout_pi12800_d12799
10823,12800,layout_pi12801_d12800
10824,12801,layout_pi12802_d12801
10825,12802,layout_pi12803_d12802
10826,12803,layout_pi12804_d12803
10827,12804,layout_pi12805_d12804
10828,12805,layout_pi12806_d12805
10829,12806,layout_pi12807_d12806
10830,12807,layout_pi12808_d12807
10831,12808,layout_pi12809_d12808
10832,12810,layout_pi12811_d12810
10833,12811,layout_pi12812_d12811
10834,12812,layout_pi12813_d12812
10835,12814,layout_pi12815_d12814
10836,12815,layout_pi12816_d12815
10837,12816,layout_pi12817_d12816
10838,12817,layout_pi12818_d12817
10839,12818,layout_pi12819_d12818
10840,12819,layout_pi12820_d12819
10841,12822,layout_pi12823_d12822
10842,12825,layout_pi12826_d12825
10843,12826,layout_pi12827_d12826
10844,12827,layout_pi12828_d12827
10845,12829,layout_pi12830_d12829
10846,12830,layout_pi12831_d12830
10847,12831,layout_pi12832_d12831
10848,12833,layout_pi12834_d12833
10849,12834,layout_pi12835_d12834
10850,12837,layout_pi12838_d12837
10851,12838,layout_pi12839_d12838
10852,12839,layout_pi12840_d12839
10853,12840,layout_pi12841_d12840
10854,12842,layout_pi12843_d12842
10855,12843,layout_pi12844_d12843
10856,12844,layout_pi12845_d12844
10857,12845,layout_pi12846_d12845
10858,12846,layout_pi12847_d12846
10859,12847,layout_pi12848_d12847
10860,12848,layout_pi12849_d12848
10861,12849,layout_pi12850_d12849
10862,12851,layout_pi12852_d12851
10863,12853,layout_pi12854_d12853
10864,12854,layout_pi12855_d12854
10865,12855,layout_pi12856_d12855
10866,12856,layout_pi12857_d12856
10867,12859,layout_pi12860_d12859
10868,12860,layout_pi12861_d12860
10869,12861,layout_pi12862_d12861
10870,12862,layout_pi12863_d12862
10871,12863,layout_pi12864_d12863
10872,12864,layout_pi12865_d12864
10873,12867,layout_pi12868_d12867
10874,12868,layout_pi12869_d12868
10875,12869,layout_pi12870_d12869
10876,12871,layout_pi12872_d12871
10877,12872,layout_pi12873_d12872
10878,12873,layout_pi12874_d12873
10879,12876,layout_pi12877_d12876
10880,12877,layout_pi12878_d12877
10881,12879,layout_pi12880_d12879
10882,12880,layout_pi12881_d12880
10883,12881,layout_pi12882_d12881
10884,12882,layout_pi12883_d12882
10885,12883,layout_pi12884_d12883
10886,12884,layout_pi12885_d12884
10887,12885,layout_pi12886_d12885
10888,12886,layout_pi12887_d12886
10889,12887,layout_pi12888_d12887
10890,12888,layout_pi12889_d12888
10891,12889,layout_pi12890_d12889
10892,12890,layout_pi12891_d12890
10893,12891,layout_pi12892_d12891
10894,12892,layout_pi12893_d12892
10895,12893,layout_pi12894_d12893
10896,12895,layout_pi12896_d12895
10897,12896,layout_pi12897_d12896
10898,12897,layout_pi12898_d12897
10899,12899,layout_pi12900_d12899
10900,12900,layout_pi12901_d12900
10901,12902,layout_pi12903_d12902
10902,12903,layout_pi12904_d12903
10903,12904,layout_pi12905_d12904
10904,12905,layout_pi12906_d12905
10905,12907,layout_pi12908_d12907
10906,12908,layout_pi12909_d12908
10907,12909,layout_pi12910_d12909
10908,12910,layout_pi12911_d12910
10909,12912,layout_pi12913_d12912
10910,12914,layout_pi12915_d12914
10911,12917,layout_pi12918_d12917
10912,12918,layout_pi12919_d12918
10913,12919,layout_pi12920_d12919
10914,12920,layout_pi12921_d12920
10915,12921,layout_pi12922_d12921
10916,12922,layout_pi12923_d12922
10917,12923,layout_pi12924_d12923
10918,12924,layout_pi12925_d12924
10919,12928,layout_pi12929_d12928
10920,12929,layout_pi12930_d12929
10921,12930,layout_pi12931_d12930
10922,12931,layout_pi12932_d12931
10923,12933,layout_pi12934_d12933
10924,12934,layout_pi12935_d12934
10925,12935,layout_pi12936_d12935
10926,12936,layout_pi12937_d12936
10927,12938,layout_pi12939_d12938
10928,12939,layout_pi12940_d12939
10929,12940,layout_pi12941_d12940
10930,12943,layout_pi12944_d12943
10931,12944,layout_pi12945_d12944
10932,12945,layout_pi12946_d12945
10933,12946,layout_pi12947_d12946
10934,12947,layout_pi12948_d12947
10935,12948,layout_pi12949_d12948
10936,12950,layout_pi12951_d12950
10937,12953,layout_pi12954_d12953
10938,12955,layout_pi12956_d12955
10939,12956,layout_pi12957_d12956
10940,12957,layout_pi12958_d12957
10941,12958,layout_pi12959_d12958
10942,12960,layout_pi12961_d12960
10943,12961,layout_pi12962_d12961
10944,12962,layout_pi12963_d12962
10945,12963,layout_pi12964_d12963
10946,12964,layout_pi12965_d12964
10947,12965,layout_pi12966_d12965
10948,12966,layout_pi12967_d12966
10949,12967,layout_pi12968_d12967
10950,12969,layout_pi12970_d12969
10951,12970,layout_pi12971_d12970
10952,12973,layout_pi12974_d12973
10953,12975,layout_pi12976_d12975
10954,12976,layout_pi12977_d12976
10955,12977,layout_pi12978_d12977
10956,12978,layout_pi12979_d12978
10957,12979,layout_pi12980_d12979
10958,12980,layout_pi12981_d12980
10959,12981,layout_pi12982_d12981
10960,12982,layout_pi12983_d12982
10961,12983,layout_pi12984_d12983
10962,12984,layout_pi12985_d12984
10963,12985,layout_pi12986_d12985
10964,12986,layout_pi12987_d12986
10965,12987,layout_pi12988_d12987
10966,12988,layout_pi12989_d12988
10967,12989,layout_pi12990_d12989
10968,12990,layout_pi12991_d12990
10969,12992,layout_pi12993_d12992
10970,12993,layout_pi12994_d12993
10971,12995,layout_pi12996_d12995
10972,12996,layout_pi12997_d12996
10973,12997,layout_pi12998_d12997
10974,12999,layout_pi13000_d12999
10975,13000,layout_pi13001_d13000
10976,13002,layout_pi13003_d13002
10977,13003,layout_pi13004_d13003
10978,13004,layout_pi13005_d13004
10979,13005,layout_pi13006_d13005
10980,13007,layout_pi13008_d13007
10981,13008,layout_pi13009_d13008
10982,13010,layout_pi13011_d13010
10983,13011,layout_pi13012_d13011
10984,13012,layout_pi13013_d13012
10985,13013,layout_pi13014_d13013
10986,13016,layout_pi13017_d13016
10987,13017,layout_pi13018_d13017
10988,13018,layout_pi13019_d13018
10989,13019,layout_pi13020_d13019
10990,13021,layout_pi13022_d13021
10991,13022,layout_pi13023_d13022
10992,13023,layout_pi13024_d13023
10993,13025,layout_pi13026_d13025
10994,13027,layout_pi13028_d13027
10995,13028,layout_pi13029_d13028
10996,13029,layout_pi13030_d13029
10997,13030,layout_pi13031_d13030
10998,13031,layout_pi13032_d13031
10999,13032,layout_pi13033_d13032
11000,13035,layout_pi13036_d13035
11001,13036,layout_pi13037_d13036
11002,13037,layout_pi13038_d13037
11003,13039,layout_pi13040_d13039
11004,13040,layout_pi13041_d13040
11005,13041,layout_pi13042_d13041
11006,13042,layout_pi13043_d13042
11007,13043,layout_pi13044_d13043
11008,13046,layout_pi13047_d13046
11009,13048,layout_pi13049_d13048
11010,13049,layout_pi13050_d13049
11011,13050,layout_pi13051_d13050
11012,13051,layout_pi13052_d13051
11013,13052,layout_pi13053_d13052
11014,13053,layout_pi13054_d13053
11015,13054,layout_pi13055_d13054
11016,13055,layout_pi13056_d13055
11017,13056,layout_pi13057_d13056
11018,13057,layout_pi13058_d13057
11019,13058,layout_pi13059_d13058
11020,13061,layout_pi13062_d13061
11021,13062,layout_pi13063_d13062
11022,13063,layout_pi13064_d13063
11023,13064,layout_pi13065_d13064
11024,13065,layout_pi13066_d13065
11025,13067,layout_pi13068_d13067
11026,13069,layout_pi13070_d13069
11027,13070,layout_pi13071_d13070
11028,13071,layout_pi13072_d13071
11029,13072,layout_pi13073_d13072
11030,13075,layout_pi13076_d13075
11031,13076,layout_pi13077_d13076
11032,13077,layout_pi13078_d13077
11033,13078,layout_pi13079_d13078
11034,13079,layout_pi13080_d13079
11035,13080,layout_pi13081_d13080
11036,13081,layout_pi13082_d13081
11037,13082,layout_pi13083_d13082
11038,13083,layout_pi13084_d13083
11039,13084,layout_pi13085_d13084
11040,13085,layout_pi13086_d13085
11041,13086,layout_pi13087_d13086
11042,13090,layout_pi13091_d13090
11043,13091,layout_pi13092_d13091
11044,13094,layout_pi13095_d13094
11045,13095,layout_pi13096_d13095
11046,13096,layout_pi13097_d13096
11047,13098,layout_pi13099_d13098
11048,13099,layout_pi13100_d13099
11049,13101,layout_pi13102_d13101
11050,13102,layout_pi13103_d13102
11051,13105,layout_pi13106_d13105
11052,13106,layout_pi13107_d13106
11053,13107,layout_pi13108_d13107
11054,13108,layout_pi13109_d13108
11055,13109,layout_pi13110_d13109
11056,13112,layout_pi13113_d13112
11057,13113,layout_pi13114_d13113
11058,13114,layout_pi13115_d13114
11059,13115,layout_pi13116_d13115
11060,13116,layout_pi13117_d13116
11061,13118,layout_pi13119_d13118
11062,13120,layout_pi13121_d13120
11063,13122,layout_pi13123_d13122
11064,13124,layout_pi13125_d13124
11065,13132,layout_pi13133_d13132
11066,13136,layout_pi13137_d13136
11067,13137,layout_pi13138_d13137
11068,13138,layout_pi13139_d13138
11069,13139,layout_pi13140_d13139
11070,13140,layout_pi13141_d13140
11071,13142,layout_pi13143_d13142
11072,13143,layout_pi13144_d13143
11073,13144,layout_pi13145_d13144
11074,13146,layout_pi13147_d13146
11075,13147,layout_pi13148_d13147
11076,13148,layout_pi13149_d13148
11077,13151,layout_pi13152_d13151
11078,13152,layout_pi13153_d13152
11079,13153,layout_pi13154_d13153
11080,13154,layout_pi13155_d13154
11081,13156,layout_pi13157_d13156
11082,13160,layout_pi13161_d13160
11083,13165,layout_pi13166_d13165
11084,13166,layout_pi13167_d13166
11085,13167,layout_pi13168_d13167
11086,13168,layout_pi13169_d13168
11087,13169,layout_pi13170_d13169
11088,13170,layout_pi13171_d13170
11089,13172,layout_pi13173_d13172
11090,13173,layout_pi13174_d13173
11091,13174,layout_pi13175_d13174
11092,13175,layout_pi13176_d13175
11093,13176,layout_pi13177_d13176
11094,13178,layout_pi13179_d13178
11095,13179,layout_pi13180_d13179
11096,13180,layout_pi13181_d13180
11097,13181,layout_pi13182_d13181
11098,13182,layout_pi13183_d13182
11099,13183,layout_pi13184_d13183
11100,13185,layout_pi13186_d13185
11101,13186,layout_pi13187_d13186
11102,13188,layout_pi13189_d13188
11103,13189,layout_pi13190_d13189
11104,13193,layout_pi13194_d13193
11105,13194,layout_pi13195_d13194
11106,13195,layout_pi13196_d13195
11107,13196,layout_pi13197_d13196
11108,13198,layout_pi13199_d13198
11109,13199,layout_pi13200_d13199
11110,13200,layout_pi13201_d13200
11111,13202,layout_pi13203_d13202
11112,13203,layout_pi13204_d13203
11113,13205,layout_pi13206_d13205
11114,13207,layout_pi13208_d13207
11115,13208,layout_pi13209_d13208
11116,13209,layout_pi13210_d13209
11117,13210,layout_pi13211_d13210
11118,13212,layout_pi13213_d13212
11119,13213,layout_pi13214_d13213
11120,13214,layout_pi13215_d13214
11121,13216,layout_pi13217_d13216
11122,13218,layout_pi13219_d13218
11123,13219,layout_pi13220_d13219
11124,13221,layout_pi13222_d13221
11125,13222,layout_pi13223_d13222
11126,13223,layout_pi13224_d13223
11127,13224,layout_pi13225_d13224
11128,13225,layout_pi13226_d13225
11129,13226,layout_pi13227_d13226
11130,13227,layout_pi13228_d13227
11131,13228,layout_pi13229_d13228
11132,13230,layout_pi13231_d13230
11133,13233,layout_pi13234_d13233
11134,13236,layout_pi13237_d13236
11135,13237,layout_pi13238_d13237
11136,13238,layout_pi13239_d13238
11137,13240,layout_pi13241_d13240
11138,13242,layout_pi13243_d13242
11139,13245,layout_pi13246_d13245
11140,13246,layout_pi13247_d13246
11141,13248,layout_pi13249_d13248
11142,13249,layout_pi13250_d13249
11143,13250,layout_pi13251_d13250
11144,13251,layout_pi13252_d13251
11145,13253,layout_pi13254_d13253
11146,13255,layout_pi13256_d13255
11147,13258,layout_pi13259_d13258
11148,13260,layout_pi13261_d13260
11149,13261,layout_pi13262_d13261
11150,13263,layout_pi13264_d13263
11151,13268,layout_pi13269_d13268
11152,13269,layout_pi13270_d13269
11153,13270,layout_pi13271_d13270
11154,13271,layout_pi13272_d13271
11155,13272,layout_pi13273_d13272
11156,13273,layout_pi13274_d13273
11157,13274,layout_pi13275_d13274
11158,13277,layout_pi13278_d13277
11159,13279,layout_pi13280_d13279
11160,13280,layout_pi13281_d13280
11161,13281,layout_pi13282_d13281
11162,13282,layout_pi13283_d13282
11163,13285,layout_pi13286_d13285
11164,13286,layout_pi13287_d13286
11165,13289,layout_pi13290_d13289
11166,13291,layout_pi13292_d13291
11167,13292,layout_pi13293_d13292
11168,13294,layout_pi13295_d13294
11169,13295,layout_pi13296_d13295
11170,13298,layout_pi13299_d13298
11171,13300,layout_pi13301_d13300
11172,13304,layout_pi13305_d13304
11173,13305,layout_pi13306_d13305
11174,13306,layout_pi13307_d13306
11175,13309,layout_pi13310_d13309
11176,13314,layout_pi13315_d13314
11177,13316,layout_pi13317_d13316
11178,13317,layout_pi13318_d13317
11179,13318,layout_pi13319_d13318
11180,13319,layout_pi13320_d13319
11181,13320,layout_pi13321_d13320
11182,13323,layout_pi13324_d13323
11183,13325,layout_pi13326_d13325
11184,13328,layout_pi13329_d13328
11185,13332,layout_pi13333_d13332
11186,13334,layout_pi13335_d13334
11187,13335,layout_pi13336_d13335
11188,13337,layout_pi13338_d13337
11189,13339,layout_pi13340_d13339
11190,13341,layout_pi13342_d13341
11191,13342,layout_pi13343_d13342
11192,13343,layout_pi13344_d13343
11193,13344,layout_pi13345_d13344
11194,13345,layout_pi13346_d13345
11195,13349,layout_pi13350_d13349
11196,13354,layout_pi13355_d13354
11197,13355,layout_pi13356_d13355
11198,13356,layout_pi13357_d13356
11199,13358,layout_pi13359_d13358
11200,13359,layout_pi13360_d13359
11201,13360,layout_pi13361_d13360
11202,13361,layout_pi13362_d13361
11203,13363,layout_pi13364_d13363
11204,13364,layout_pi13365_d13364
11205,13365,layout_pi13366_d13365
11206,13367,layout_pi13368_d13367
11207,13369,layout_pi13370_d13369
11208,13370,layout_pi13371_d13370
11209,13372,layout_pi13373_d13372
11210,13373,layout_pi13374_d13373
11211,13374,layout_pi13375_d13374
11212,13375,layout_pi13376_d13375
11213,13377,layout_pi13378_d13377
11214,13378,layout_pi13379_d13378
11215,13379,layout_pi13380_d13379
11216,13380,layout_pi13381_d13380
11217,13381,layout_pi13382_d13381
11218,13382,layout_pi13383_d13382
11219,13384,layout_pi13385_d13384
11220,13385,layout_pi13386_d13385
11221,13386,layout_pi13387_d13386
11222,13388,layout_pi13389_d13388
11223,13389,layout_pi13390_d13389
11224,13390,layout_pi13391_d13390
11225,13395,layout_pi13396_d13395
11226,13397,layout_pi13398_d13397
11227,13398,layout_pi13399_d13398
11228,13399,layout_pi13400_d13399
11229,13400,layout_pi13401_d13400
11230,13401,layout_pi13402_d13401
11231,13402,layout_pi13403_d13402
11232,13403,layout_pi13404_d13403
11233,13405,layout_pi13406_d13405
11234,13406,layout_pi13407_d13406
11235,13407,layout_pi13408_d13407
11236,13409,layout_pi13410_d13409
11237,13410,layout_pi13411_d13410
11238,13411,layout_pi13412_d13411
11239,13412,layout_pi13413_d13412
11240,13413,layout_pi13414_d13413
11241,13414,layout_pi13415_d13414
11242,13415,layout_pi13416_d13415
11243,13416,layout_pi13417_d13416
11244,13418,layout_pi13419_d13418
11245,13419,layout_pi13420_d13419
11246,13420,layout_pi13421_d13420
11247,13422,layout_pi13423_d13422
11248,13423,layout_pi13424_d13423
11249,13426,layout_pi13427_d13426
11250,13430,layout_pi13431_d13430
11251,13431,layout_pi13432_d13431
11252,13432,layout_pi13433_d13432
11253,13433,layout_pi13434_d13433
11254,13434,layout_pi13435_d13434
11255,13435,layout_pi13436_d13435
11256,13436,layout_pi13437_d13436
11257,13437,layout_pi13438_d13437
11258,13439,layout_pi13440_d13439
11259,13441,layout_pi13442_d13441
11260,13442,layout_pi13443_d13442
11261,13444,layout_pi13445_d13444
11262,13446,layout_pi13447_d13446
11263,13447,layout_pi13448_d13447
11264,13449,layout_pi13450_d13449
11265,13452,layout_pi13453_d13452
11266,13453,layout_pi13454_d13453
11267,13455,layout_pi13456_d13455
11268,13457,layout_pi13458_d13457
11269,13458,layout_pi13459_d13458
11270,13460,layout_pi13461_d13460
11271,13464,layout_pi13465_d13464
11272,13465,layout_pi13466_d13465
11273,13466,layout_pi13467_d13466
11274,13467,layout_pi13468_d13467
11275,13468,layout_pi13469_d13468
11276,13469,layout_pi13470_d13469
11277,13470,layout_pi13471_d13470
11278,13471,layout_pi13472_d13471
11279,13472,layout_pi13473_d13472
11280,13473,layout_pi13474_d13473
11281,13474,layout_pi13475_d13474
11282,13475,layout_pi13476_d13475
11283,13476,layout_pi13477_d13476
11284,13477,layout_pi13478_d13477
11285,13479,layout_pi13480_d13479
11286,13480,layout_pi13481_d13480
11287,13482,layout_pi13483_d13482
11288,13484,layout_pi13485_d13484
11289,13485,layout_pi13486_d13485
11290,13486,layout_pi13487_d13486
11291,13487,layout_pi13488_d13487
11292,13488,layout_pi13489_d13488
11293,13489,layout_pi13490_d13489
11294,13492,layout_pi13493_d13492
11295,13494,layout_pi13495_d13494
11296,13495,layout_pi13496_d13495
11297,13497,layout_pi13498_d13497
11298,13498,layout_pi13499_d13498
11299,13500,layout_pi13501_d13500
11300,13503,layout_pi13504_d13503
11301,13504,layout_pi13505_d13504
11302,13505,layout_pi13506_d13505
11303,13506,layout_pi13507_d13506
11304,13507,layout_pi13508_d13507
11305,13508,layout_pi13509_d13508
11306,13509,layout_pi13510_d13509
11307,13510,layout_pi13511_d13510
11308,13512,layout_pi13513_d13512
11309,13513,layout_pi13514_d13513
11310,13515,layout_pi13516_d13515
11311,13516,layout_pi13517_d13516
11312,13517,layout_pi13518_d13517
11313,13518,layout_pi13519_d13518
11314,13519,layout_pi13520_d13519
11315,13520,layout_pi13521_d13520
11316,13521,layout_pi13522_d13521
11317,13522,layout_pi13523_d13522
11318,13523,layout_pi13524_d13523
11319,13524,layout_pi13525_d13524
11320,13525,layout_pi13526_d13525
11321,13527,layout_pi13528_d13527
11322,13528,layout_pi13529_d13528
11323,13531,layout_pi13532_d13531
11324,13532,layout_pi13533_d13532
11325,13534,layout_pi13535_d13534
11326,13535,layout_pi13536_d13535
11327,13536,layout_pi13537_d13536
11328,13537,layout_pi13538_d13537
11329,13539,layout_pi13540_d13539
11330,13540,layout_pi13541_d13540
11331,13543,layout_pi13544_d13543
11332,13545,layout_pi13546_d13545
11333,13546,layout_pi13547_d13546
11334,13547,layout_pi13548_d13547
11335,13548,layout_pi13549_d13548
11336,13549,layout_pi13550_d13549
11337,13550,layout_pi13551_d13550
11338,13553,layout_pi13554_d13553
11339,13554,layout_pi13555_d13554
11340,13555,layout_pi13556_d13555
11341,13556,layout_pi13557_d13556
11342,13557,layout_pi13558_d13557
11343,13560,layout_pi13561_d13560
11344,13562,layout_pi13563_d13562
11345,13563,layout_pi13564_d13563
11346,13565,layout_pi13566_d13565
11347,13567,layout_pi13568_d13567
11348,13569,layout_pi13570_d13569
11349,13570,layout_pi13571_d13570
11350,13572,layout_pi13573_d13572
11351,13573,layout_pi13574_d13573
11352,13574,layout_pi13575_d13574
11353,13575,layout_pi13576_d13575
11354,13576,layout_pi13577_d13576
11355,13578,layout_pi13579_d13578
11356,13580,layout_pi13581_d13580
11357,13581,layout_pi13582_d13581
11358,13582,layout_pi13583_d13582
11359,13584,layout_pi13585_d13584
11360,13585,layout_pi13586_d13585
11361,13586,layout_pi13587_d13586
11362,13587,layout_pi13588_d13587
11363,13588,layout_pi13589_d13588
11364,13590,layout_pi13591_d13590
11365,13591,layout_pi13592_d13591
11366,13592,layout_pi13593_d13592
11367,13593,layout_pi13594_d13593
11368,13594,layout_pi13595_d13594
11369,13595,layout_pi13596_d13595
11370,13597,layout_pi13598_d13597
11371,13599,layout_pi13600_d13599
11372,13600,layout_pi13601_d13600
11373,13602,layout_pi13603_d13602
11374,13603,layout_pi13604_d13603
11375,13604,layout_pi13605_d13604
11376,13605,layout_pi13606_d13605
11377,13606,layout_pi13607_d13606
11378,13607,layout_pi13608_d13607
11379,13610,layout_pi13611_d13610
11380,13611,layout_pi13612_d13611
11381,13612,layout_pi13613_d13612
11382,13613,layout_pi13614_d13613
11383,13614,layout_pi13615_d13614
11384,13618,layout_pi13619_d13618
11385,13619,layout_pi13620_d13619
11386,13620,layout_pi13621_d13620
11387,13621,layout_pi13622_d13621
11388,13622,layout_pi13623_d13622
11389,13624,layout_pi13625_d13624
11390,13625,layout_pi13626_d13625
11391,13627,layout_pi13628_d13627
11392,13628,layout_pi13629_d13628
11393,13630,layout_pi13631_d13630
11394,13631,layout_pi13632_d13631
11395,13632,layout_pi13633_d13632
11396,13636,layout_pi13637_d13636
11397,13638,layout_pi13639_d13638
11398,13639,layout_pi13640_d13639
11399,13640,layout_pi13641_d13640
11400,13641,layout_pi13642_d13641
11401,13642,layout_pi13643_d13642
11402,13643,layout_pi13644_d13643
11403,13644,layout_pi13645_d13644
11404,13645,layout_pi13646_d13645
11405,13646,layout_pi13647_d13646
11406,13647,layout_pi13648_d13647
11407,13648,layout_pi13649_d13648
11408,13649,layout_pi13650_d13649
11409,13650,layout_pi13651_d13650
11410,13651,layout_pi13652_d13651
11411,13653,layout_pi13654_d13653
11412,13654,layout_pi13655_d13654
11413,13655,layout_pi13656_d13655
11414,13656,layout_pi13657_d13656
11415,13659,layout_pi13660_d13659
11416,13660,layout_pi13661_d13660
11417,13662,layout_pi13663_d13662
11418,13663,layout_pi13664_d13663
11419,13669,layout_pi13670_d13669
11420,13670,layout_pi13671_d13670
11421,13671,layout_pi13672_d13671
11422,13673,layout_pi13674_d13673
11423,13674,layout_pi13675_d13674
11424,13675,layout_pi13676_d13675
11425,13677,layout_pi13678_d13677
11426,13678,layout_pi13679_d13678
11427,13681,layout_pi13682_d13681
11428,13682,layout_pi13683_d13682
11429,13683,layout_pi13684_d13683
11430,13684,layout_pi13685_d13684
11431,13685,layout_pi13686_d13685
11432,13686,layout_pi13687_d13686
11433,13690,layout_pi13691_d13690
11434,13691,layout_pi13692_d13691
11435,13692,layout_pi13693_d13692
11436,13695,layout_pi13696_d13695
11437,13697,layout_pi13698_d13697
11438,13698,layout_pi13699_d13698
11439,13699,layout_pi13700_d13699
11440,13701,layout_pi13702_d13701
11441,13702,layout_pi13703_d13702
11442,13703,layout_pi13704_d13703
11443,13704,layout_pi13705_d13704
11444,13706,layout_pi13707_d13706
11445,13707,layout_pi13708_d13707
11446,13708,layout_pi13709_d13708
11447,13709,layout_pi13710_d13709
11448,13710,layout_pi13711_d13710
11449,13711,layout_pi13712_d13711
11450,13712,layout_pi13713_d13712
11451,13713,layout_pi13714_d13713
11452,13714,layout_pi13715_d13714
11453,13716,layout_pi13717_d13716
11454,13717,layout_pi13718_d13717
11455,13719,layout_pi13720_d13719
11456,13720,layout_pi13721_d13720
11457,13721,layout_pi13722_d13721
11458,13722,layout_pi13723_d13722
11459,13725,layout_pi13726_d13725
11460,13726,layout_pi13727_d13726
11461,13727,layout_pi13728_d13727
11462,13728,layout_pi13729_d13728
11463,13729,layout_pi13730_d13729
11464,13732,layout_pi13733_d13732
11465,13733,layout_pi13734_d13733
11466,13734,layout_pi13735_d13734
11467,13735,layout_pi13736_d13735
11468,13736,layout_pi13737_d13736
11469,13737,layout_pi13738_d13737
11470,13739,layout_pi13740_d13739
11471,13741,layout_pi13742_d13741
11472,13742,layout_pi13743_d13742
11473,13743,layout_pi13744_d13743
11474,13744,layout_pi13745_d13744
11475,13745,layout_pi13746_d13745
11476,13746,layout_pi13747_d13746
11477,13748,layout_pi13749_d13748
11478,13749,layout_pi13750_d13749
11479,13750,layout_pi13751_d13750
11480,13751,layout_pi13752_d13751
11481,13752,layout_pi13753_d13752
11482,13755,layout_pi13756_d13755
11483,13757,layout_pi13758_d13757
11484,13758,layout_pi13759_d13758
11485,13759,layout_pi13760_d13759
11486,13764,layout_pi13765_d13764
11487,13766,layout_pi13767_d13766
11488,13767,layout_pi13768_d13767
11489,13768,layout_pi13769_d13768
11490,13770,layout_pi13771_d13770
11491,13774,layout_pi13775_d13774
11492,13775,layout_pi13776_d13775
11493,13776,layout_pi13777_d13776
11494,13777,layout_pi13778_d13777
11495,13778,layout_pi13779_d13778
11496,13779,layout_pi13780_d13779
11497,13781,layout_pi13782_d13781
11498,13782,layout_pi13783_d13782
11499,13783,layout_pi13784_d13783
11500,13784,layout_pi13785_d13784
11501,13785,layout_pi13786_d13785
11502,13786,layout_pi13787_d13786
11503,13787,layout_pi13788_d13787
11504,13788,layout_pi13789_d13788
11505,13789,layout_pi13790_d13789
11506,13790,layout_pi13791_d13790
11507,13791,layout_pi13792_d13791
11508,13793,layout_pi13794_d13793
11509,13794,layout_pi13795_d13794
11510,13795,layout_pi13796_d13795
11511,13796,layout_pi13797_d13796
11512,13798,layout_pi13799_d13798
11513,13799,layout_pi13800_d13799
11514,13800,layout_pi13801_d13800
11515,13801,layout_pi13802_d13801
11516,13802,layout_pi13803_d13802
11517,13804,layout_pi13805_d13804
11518,13805,layout_pi13806_d13805
11519,13806,layout_pi13807_d13806
11520,13807,layout_pi13808_d13807
11521,13808,layout_pi13809_d13808
11522,13809,layout_pi13810_d13809
11523,13810,layout_pi13811_d13810
11524,13811,layout_pi13812_d13811
11525,13813,layout_pi13814_d13813
11526,13815,layout_pi13816_d13815
11527,13816,layout_pi13817_d13816
11528,13819,layout_pi13820_d13819
11529,13820,layout_pi13821_d13820
11530,13824,layout_pi13825_d13824
11531,13825,layout_pi13826_d13825
11532,13827,layout_pi13828_d13827
11533,13828,layout_pi13829_d13828
11534,13830,layout_pi13831_d13830
11535,13831,layout_pi13832_d13831
11536,13832,layout_pi13833_d13832
11537,13833,layout_pi13834_d13833
11538,13834,layout_pi13835_d13834
11539,13835,layout_pi13836_d13835
11540,13837,layout_pi13838_d13837
11541,13839,layout_pi13840_d13839
11542,13840,layout_pi13841_d13840
11543,13841,layout_pi13842_d13841
11544,13842,layout_pi13843_d13842
11545,13843,layout_pi13844_d13843
11546,13844,layout_pi13845_d13844
11547,13845,layout_pi13846_d13845
11548,13846,layout_pi13847_d13846
11549,13847,layout_pi13848_d13847
11550,13848,layout_pi13849_d13848
11551,13850,layout_pi13851_d13850
11552,13851,layout_pi13852_d13851
11553,13853,layout_pi13854_d13853
11554,13855,layout_pi13856_d13855
11555,13856,layout_pi13857_d13856
11556,13857,layout_pi13858_d13857
11557,13858,layout_pi13859_d13858
11558,13859,layout_pi13860_d13859
11559,13860,layout_pi13861_d13860
11560,13862,layout_pi13863_d13862
11561,13864,layout_pi13865_d13864
11562,13866,layout_pi13867_d13866
11563,13867,layout_pi13868_d13867
11564,13868,layout_pi13869_d13868
11565,13869,layout_pi13870_d13869
11566,13870,layout_pi13871_d13870
11567,13871,layout_pi13872_d13871
11568,13872,layout_pi13873_d13872
11569,13873,layout_pi13874_d13873
11570,13874,layout_pi13875_d13874
11571,13875,layout_pi13876_d13875
11572,13876,layout_pi13877_d13876
11573,13877,layout_pi13878_d13877
11574,13878,layout_pi13879_d13878
11575,13879,layout_pi13880_d13879
11576,13881,layout_pi13882_d13881
11577,13882,layout_pi13883_d13882
11578,13883,layout_pi13884_d13883
11579,13884,layout_pi13885_d13884
11580,13885,layout_pi13886_d13885
11581,13886,layout_pi13887_d13886
11582,13887,layout_pi13888_d13887
11583,13892,layout_pi13893_d13892
11584,13893,layout_pi13894_d13893
11585,13894,layout_pi13895_d13894
11586,13895,layout_pi13896_d13895
11587,13896,layout_pi13897_d13896
11588,13897,layout_pi13898_d13897
11589,13898,layout_pi13899_d13898
11590,13899,layout_pi13900_d13899
11591,13902,layout_pi13903_d13902
11592,13903,layout_pi13904_d13903
11593,13904,layout_pi13905_d13904
11594,13905,layout_pi13906_d13905
11595,13906,layout_pi13907_d13906
11596,13907,layout_pi13908_d13907
11597,13908,layout_pi13909_d13908
11598,13909,layout_pi13910_d13909
11599,13910,layout_pi13911_d13910
11600,13911,layout_pi13912_d13911
11601,13912,layout_pi13913_d13912
11602,13913,layout_pi13914_d13913
11603,13915,layout_pi13916_d13915
11604,13916,layout_pi13917_d13916
11605,13919,layout_pi13920_d13919
11606,13922,layout_pi13923_d13922
11607,13923,layout_pi13924_d13923
11608,13924,layout_pi13925_d13924
11609,13925,layout_pi13926_d13925
11610,13926,layout_pi13927_d13926
11611,13927,layout_pi13928_d13927
11612,13928,layout_pi13929_d13928
11613,13929,layout_pi13930_d13929
11614,13934,layout_pi13935_d13934
11615,13935,layout_pi13936_d13935
11616,13936,layout_pi13937_d13936
11617,13937,layout_pi13938_d13937
11618,13938,layout_pi13939_d13938
11619,13939,layout_pi13940_d13939
11620,13940,layout_pi13941_d13940
11621,13942,layout_pi13943_d13942
11622,13943,layout_pi13944_d13943
11623,13944,layout_pi13945_d13944
11624,13945,layout_pi13946_d13945
11625,13946,layout_pi13947_d13946
11626,13947,layout_pi13948_d13947
11627,13948,layout_pi13949_d13948
11628,13949,layout_pi13950_d13949
11629,13950,layout_pi13951_d13950
11630,13951,layout_pi13952_d13951
11631,13952,layout_pi13953_d13952
11632,13954,layout_pi13955_d13954
11633,13955,layout_pi13956_d13955
11634,13956,layout_pi13957_d13956
11635,13958,layout_pi13959_d13958
11636,13959,layout_pi13960_d13959
11637,13960,layout_pi13961_d13960
11638,13961,layout_pi13962_d13961
11639,13963,layout_pi13964_d13963
11640,13964,layout_pi13965_d13964
11641,13965,layout_pi13966_d13965
11642,13966,layout_pi13967_d13966
11643,13968,layout_pi13969_d13968
11644,13970,layout_pi13971_d13970
11645,13971,layout_pi13972_d13971
11646,13972,layout_pi13973_d13972
11647,13976,layout_pi13977_d13976
11648,13977,layout_pi13978_d13977
11649,13978,layout_pi13979_d13978
11650,13979,layout_pi13980_d13979
11651,13980,layout_pi13981_d13980
11652,13981,layout_pi13982_d13981
11653,13982,layout_pi13983_d13982
11654,13983,layout_pi13984_d13983
11655,13984,layout_pi13985_d13984
11656,13985,layout_pi13986_d13985
11657,13987,layout_pi13988_d13987
11658,13989,layout_pi13990_d13989
11659,13990,layout_pi13991_d13990
11660,13991,layout_pi13992_d13991
11661,13993,layout_pi13994_d13993
11662,13995,layout_pi13996_d13995
11663,13996,layout_pi13997_d13996
11664,13997,layout_pi13998_d13997
11665,13999,layout_pi14000_d13999
11666,14000,layout_pi14001_d14000
11667,14002,layout_pi14003_d14002
11668,14003,layout_pi14004_d14003
11669,14004,layout_pi14005_d14004
11670,14005,layout_pi14006_d14005
11671,14007,layout_pi14008_d14007
11672,14010,layout_pi14011_d14010
11673,14011,layout_pi14012_d14011
11674,14012,layout_pi14013_d14012
11675,14013,layout_pi14014_d14013
11676,14015,layout_pi14016_d14015
11677,14018,layout_pi14019_d14018
11678,14019,layout_pi14020_d14019
11679,14022,layout_pi14023_d14022
11680,14023,layout_pi14024_d14023
11681,14024,layout_pi14025_d14024
11682,14026,layout_pi14027_d14026
11683,14027,layout_pi14028_d14027
11684,14028,layout_pi14029_d14028
11685,14029,layout_pi14030_d14029
11686,14030,layout_pi14031_d14030
11687,14032,layout_pi14033_d14032
11688,14033,layout_pi14034_d14033
11689,14036,layout_pi14037_d14036
11690,14038,layout_pi14039_d14038
11691,14039,layout_pi14040_d14039
11692,14040,layout_pi14041_d14040
11693,14041,layout_pi14042_d14041
11694,14042,layout_pi14043_d14042
11695,14043,layout_pi14044_d14043
11696,14044,layout_pi14045_d14044
11697,14045,layout_pi14046_d14045
11698,14046,layout_pi14047_d14046
11699,14047,layout_pi14048_d14047
11700,14048,layout_pi14049_d14048
11701,14049,layout_pi14050_d14049
11702,14050,layout_pi14051_d14050
11703,14052,layout_pi14053_d14052
11704,14055,layout_pi14056_d14055
11705,14056,layout_pi14057_d14056
11706,14058,layout_pi14059_d14058
11707,14059,layout_pi14060_d14059
11708,14060,layout_pi14061_d14060
11709,14061,layout_pi14062_d14061
11710,14062,layout_pi14063_d14062
11711,14063,layout_pi14064_d14063
11712,14064,layout_pi14065_d14064
11713,14065,layout_pi14066_d14065
11714,14066,layout_pi14067_d14066
11715,14067,layout_pi14068_d14067
11716,14070,layout_pi14071_d14070
11717,14072,layout_pi14073_d14072
11718,14074,layout_pi14075_d14074
11719,14075,layout_pi14076_d14075
11720,14076,layout_pi14077_d14076
11721,14077,layout_pi14078_d14077
11722,14078,layout_pi14079_d14078
11723,14079,layout_pi14080_d14079
11724,14080,layout_pi14081_d14080
11725,14083,layout_pi14084_d14083
11726,14085,layout_pi14086_d14085
11727,14086,layout_pi14087_d14086
11728,14087,layout_pi14088_d14087
11729,14090,layout_pi14091_d14090
11730,14092,layout_pi14093_d14092
11731,14093,layout_pi14094_d14093
11732,14095,layout_pi14096_d14095
11733,14096,layout_pi14097_d14096
11734,14097,layout_pi14098_d14097
11735,14098,layout_pi14099_d14098
11736,14099,layout_pi14100_d14099
11737,14100,layout_pi14101_d14100
11738,14101,layout_pi14102_d14101
11739,14102,layout_pi14103_d14102
11740,14104,layout_pi14105_d14104
11741,14105,layout_pi14106_d14105
11742,14106,layout_pi14107_d14106
11743,14107,layout_pi14108_d14107
11744,14108,layout_pi14109_d14108
11745,14111,layout_pi14112_d14111
11746,14114,layout_pi14115_d14114
11747,14116,layout_pi14117_d14116
11748,14118,layout_pi14119_d14118
11749,14119,layout_pi14120_d14119
11750,14121,layout_pi14122_d14121
11751,14122,layout_pi14123_d14122
11752,14123,layout_pi14124_d14123
11753,14124,layout_pi14125_d14124
11754,14126,layout_pi14127_d14126
11755,14128,layout_pi14129_d14128
11756,14130,layout_pi14131_d14130
11757,14131,layout_pi14132_d14131
11758,14133,layout_pi14134_d14133
11759,14135,layout_pi14136_d14135
11760,14136,layout_pi14137_d14136
11761,14137,layout_pi14138_d14137
11762,14138,layout_pi14139_d14138
11763,14139,layout_pi14140_d14139
11764,14140,layout_pi14141_d14140
11765,14141,layout_pi14142_d14141
11766,14142,layout_pi14143_d14142
11767,14143,layout_pi14144_d14143
11768,14144,layout_pi14145_d14144
11769,14146,layout_pi14147_d14146
11770,14148,layout_pi14149_d14148
11771,14150,layout_pi14151_d14150
11772,14151,layout_pi14152_d14151
11773,14152,layout_pi14153_d14152
11774,14153,layout_pi14154_d14153
11775,14155,layout_pi14156_d14155
11776,14156,layout_pi14157_d14156
11777,14158,layout_pi14159_d14158
11778,14159,layout_pi14160_d14159
11779,14160,layout_pi14161_d14160
11780,14161,layout_pi14162_d14161
11781,14162,layout_pi14163_d14162
11782,14163,layout_pi14164_d14163
11783,14164,layout_pi14165_d14164
11784,14165,layout_pi14166_d14165
11785,14166,layout_pi14167_d14166
11786,14170,layout_pi14171_d14170
11787,14171,layout_pi14172_d14171
11788,14174,layout_pi14175_d14174
11789,14175,layout_pi14176_d14175
11790,14177,layout_pi14178_d14177
11791,14180,layout_pi14181_d14180
11792,14181,layout_pi14182_d14181
11793,14182,layout_pi14183_d14182
11794,14183,layout_pi14184_d14183
11795,14184,layout_pi14185_d14184
11796,14185,layout_pi14186_d14185
11797,14186,layout_pi14187_d14186
11798,14190,layout_pi14191_d14190
11799,14192,layout_pi14193_d14192
11800,14193,layout_pi14194_d14193
11801,14194,layout_pi14195_d14194
11802,14195,layout_pi14196_d14195
11803,14198,layout_pi14199_d14198
11804,14199,layout_pi14200_d14199
11805,14200,layout_pi14201_d14200
11806,14201,layout_pi14202_d14201
11807,14202,layout_pi14203_d14202
11808,14203,layout_pi14204_d14203
11809,14205,layout_pi14206_d14205
11810,14207,layout_pi14208_d14207
11811,14210,layout_pi14211_d14210
11812,14213,layout_pi14214_d14213
11813,14214,layout_pi14215_d14214
11814,14215,layout_pi14216_d14215
11815,14218,layout_pi14219_d14218
11816,14219,layout_pi14220_d14219
11817,14220,layout_pi14221_d14220
11818,14223,layout_pi14224_d14223
11819,14224,layout_pi14225_d14224
11820,14225,layout_pi14226_d14225
11821,14228,layout_pi14229_d14228
11822,14231,layout_pi14232_d14231
11823,14232,layout_pi14233_d14232
11824,14233,layout_pi14234_d14233
11825,14234,layout_pi14235_d14234
11826,14235,layout_pi14236_d14235
11827,14236,layout_pi14237_d14236
11828,14240,layout_pi14241_d14240
11829,14241,layout_pi14242_d14241
11830,14243,layout_pi14244_d14243
11831,14244,layout_pi14245_d14244
11832,14245,layout_pi14246_d14245
11833,14246,layout_pi14247_d14246
11834,14247,layout_pi14248_d14247
11835,14248,layout_pi14249_d14248
11836,14249,layout_pi14250_d14249
11837,14250,layout_pi14251_d14250
11838,14251,layout_pi14252_d14251
11839,14252,layout_pi14253_d14252
11840,14253,layout_pi14254_d14253
11841,14254,layout_pi14255_d14254
11842,14255,layout_pi14256_d14255
11843,14256,layout_pi14257_d14256
11844,14257,layout_pi14258_d14257
11845,14258,layout_pi14259_d14258
11846,14259,layout_pi14260_d14259
11847,14260,layout_pi14261_d14260
11848,14262,layout_pi14263_d14262
11849,14263,layout_pi14264_d14263
11850,14264,layout_pi14265_d14264
11851,14265,layout_pi14266_d14265
11852,14267,layout_pi14268_d14267
11853,14268,layout_pi14269_d14268
11854,14271,layout_pi14272_d14271
11855,14272,layout_pi14273_d14272
11856,14275,layout_pi14276_d14275
11857,14276,layout_pi14277_d14276
11858,14277,layout_pi14278_d14277
11859,14278,layout_pi14279_d14278
11860,14279,layout_pi14280_d14279
11861,14280,layout_pi14281_d14280
11862,14281,layout_pi14282_d14281
11863,14283,layout_pi14284_d14283
11864,14285,layout_pi14286_d14285
11865,14286,layout_pi14287_d14286
11866,14287,layout_pi14288_d14287
11867,14288,layout_pi14289_d14288
11868,14289,layout_pi14290_d14289
11869,14290,layout_pi14291_d14290
11870,14291,layout_pi14292_d14291
11871,14292,layout_pi14293_d14292
11872,14293,layout_pi14294_d14293
11873,14294,layout_pi14295_d14294
11874,14296,layout_pi14297_d14296
11875,14297,layout_pi14298_d14297
11876,14298,layout_pi14299_d14298
11877,14301,layout_pi14302_d14301
11878,14303,layout_pi14304_d14303
11879,14304,layout_pi14305_d14304
11880,14305,layout_pi14306_d14305
11881,14306,layout_pi14307_d14306
11882,14308,layout_pi14309_d14308
11883,14309,layout_pi14310_d14309
11884,14311,layout_pi14312_d14311
11885,14312,layout_pi14313_d14312
11886,14313,layout_pi14314_d14313
11887,14315,layout_pi14316_d14315
11888,14320,layout_pi14321_d14320
11889,14321,layout_pi14322_d14321
11890,14324,layout_pi14325_d14324
11891,14325,layout_pi14326_d14325
11892,14326,layout_pi14327_d14326
11893,14327,layout_pi14328_d14327
11894,14330,layout_pi14331_d14330
11895,14332,layout_pi14333_d14332
11896,14333,layout_pi14334_d14333
11897,14334,layout_pi14335_d14334
11898,14335,layout_pi14336_d14335
11899,14336,layout_pi14337_d14336
11900,14339,layout_pi14340_d14339
11901,14340,layout_pi14341_d14340
11902,14341,layout_pi14342_d14341
11903,14343,layout_pi14344_d14343
11904,14344,layout_pi14345_d14344
11905,14347,layout_pi14348_d14347
11906,14350,layout_pi14351_d14350
11907,14351,layout_pi14352_d14351
11908,14354,layout_pi14355_d14354
11909,14355,layout_pi14356_d14355
11910,14357,layout_pi14358_d14357
11911,14359,layout_pi14360_d14359
11912,14360,layout_pi14361_d14360
11913,14362,layout_pi14363_d14362
11914,14363,layout_pi14364_d14363
11915,14364,layout_pi14365_d14364
11916,14365,layout_pi14366_d14365
11917,14366,layout_pi14367_d14366
11918,14369,layout_pi14370_d14369
11919,14370,layout_pi14371_d14370
11920,14371,layout_pi14372_d14371
11921,14372,layout_pi14373_d14372
11922,14373,layout_pi14374_d14373
11923,14376,layout_pi14377_d14376
11924,14377,layout_pi14378_d14377
11925,14378,layout_pi14379_d14378
11926,14380,layout_pi14381_d14380
11927,14381,layout_pi14382_d14381
11928,14382,layout_pi14383_d14382
11929,14385,layout_pi14386_d14385
11930,14386,layout_pi14387_d14386
11931,14387,layout_pi14388_d14387
11932,14388,layout_pi14389_d14388
11933,14389,layout_pi14390_d14389
11934,14390,layout_pi14391_d14390
11935,14391,layout_pi14392_d14391
11936,14392,layout_pi14393_d14392
11937,14393,layout_pi14394_d14393
11938,14394,layout_pi14395_d14394
11939,14395,layout_pi14396_d14395
11940,14396,layout_pi14397_d14396
11941,14397,layout_pi14398_d14397
11942,14398,layout_pi14399_d14398
11943,14399,layout_pi14400_d14399
11944,14400,layout_pi14401_d14400
11945,14401,layout_pi14402_d14401
11946,14402,layout_pi14403_d14402
11947,14404,layout_pi14405_d14404
11948,14405,layout_pi14406_d14405
11949,14406,layout_pi14407_d14406
11950,14407,layout_pi14408_d14407
11951,14408,layout_pi14409_d14408
11952,14409,layout_pi14410_d14409
11953,14413,layout_pi14414_d14413
11954,14416,layout_pi14417_d14416
11955,14418,layout_pi14419_d14418
11956,14419,layout_pi14420_d14419
11957,14420,layout_pi14421_d14420
11958,14421,layout_pi14422_d14421
11959,14423,layout_pi14424_d14423
11960,14424,layout_pi14425_d14424
11961,14429,layout_pi14430_d14429
11962,14430,layout_pi14431_d14430
11963,14431,layout_pi14432_d14431
11964,14432,layout_pi14433_d14432
11965,14433,layout_pi14434_d14433
11966,14434,layout_pi14435_d14434
11967,14435,layout_pi14436_d14435
11968,14436,layout_pi14437_d14436
11969,14437,layout_pi14438_d14437
11970,14438,layout_pi14439_d14438
11971,14439,layout_pi14440_d14439
11972,14440,layout_pi14441_d14440
11973,14441,layout_pi14442_d14441
11974,14443,layout_pi14444_d14443
11975,14444,layout_pi14445_d14444
11976,14445,layout_pi14446_d14445
11977,14446,layout_pi14447_d14446
11978,14448,layout_pi14449_d14448
11979,14450,layout_pi14451_d14450
11980,14451,layout_pi14452_d14451
11981,14452,layout_pi14453_d14452
11982,14453,layout_pi14454_d14453
11983,14455,layout_pi14456_d14455
11984,14458,layout_pi14459_d14458
11985,14460,layout_pi14461_d14460
11986,14461,layout_pi14462_d14461
11987,14462,layout_pi14463_d14462
11988,14463,layout_pi14464_d14463
11989,14465,layout_pi14466_d14465
11990,14466,layout_pi14467_d14466
11991,14468,layout_pi14469_d14468
11992,14470,layout_pi14471_d14470
11993,14471,layout_pi14472_d14471
11994,14473,layout_pi14474_d14473
11995,14474,layout_pi14475_d14474
11996,14478,layout_pi14479_d14478
11997,14479,layout_pi14480_d14479
11998,14480,layout_pi14481_d14480
11999,14481,layout_pi14482_d14481
12000,14482,layout_pi14483_d14482
12001,14483,layout_pi14484_d14483
12002,14484,layout_pi14485_d14484
12003,14485,layout_pi14486_d14485
12004,14487,layout_pi14488_d14487
12005,14488,layout_pi14489_d14488
12006,14489,layout_pi14490_d14489
12007,14491,layout_pi14492_d14491
12008,14492,layout_pi14493_d14492
12009,14495,layout_pi14496_d14495
12010,14497,layout_pi14498_d14497
12011,14499,layout_pi14500_d14499
12012,14502,layout_pi14503_d14502
12013,14503,layout_pi14504_d14503
12014,14505,layout_pi14506_d14505
12015,14508,layout_pi14509_d14508
12016,14509,layout_pi14510_d14509
12017,14512,layout_pi14513_d14512
12018,14513,layout_pi14514_d14513
12019,14514,layout_pi14515_d14514
12020,14515,layout_pi14516_d14515
12021,14517,layout_pi14518_d14517
12022,14518,layout_pi14519_d14518
12023,14519,layout_pi14520_d14519
12024,14520,layout_pi14521_d14520
12025,14521,layout_pi14522_d14521
12026,14522,layout_pi14523_d14522
12027,14524,layout_pi14525_d14524
12028,14525,layout_pi14526_d14525
12029,14526,layout_pi14527_d14526
12030,14527,layout_pi14528_d14527
12031,14528,layout_pi14529_d14528
12032,14529,layout_pi14530_d14529
12033,14530,layout_pi14531_d14530
12034,14531,layout_pi14532_d14531
12035,14532,layout_pi14533_d14532
12036,14533,layout_pi14534_d14533
12037,14534,layout_pi14535_d14534
12038,14536,layout_pi14537_d14536
12039,14538,layout_pi14539_d14538
12040,14539,layout_pi14540_d14539
12041,14540,layout_pi14541_d14540
12042,14542,layout_pi14543_d14542
12043,14543,layout_pi14544_d14543
12044,14544,layout_pi14545_d14544
12045,14545,layout_pi14546_d14545
12046,14547,layout_pi14548_d14547
12047,14550,layout_pi14551_d14550
12048,14551,layout_pi14552_d14551
12049,14553,layout_pi14554_d14553
12050,14555,layout_pi14556_d14555
12051,14558,layout_pi14559_d14558
12052,14559,layout_pi14560_d14559
12053,14560,layout_pi14561_d14560
12054,14562,layout_pi14563_d14562
12055,14563,layout_pi14564_d14563
12056,14564,layout_pi14565_d14564
12057,14566,layout_pi14567_d14566
12058,14567,layout_pi14568_d14567
12059,14568,layout_pi14569_d14568
12060,14570,layout_pi14571_d14570
12061,14572,layout_pi14573_d14572
12062,14573,layout_pi14574_d14573
12063,14574,layout_pi14575_d14574
12064,14577,layout_pi14578_d14577
12065,14578,layout_pi14579_d14578
12066,14581,layout_pi14582_d14581
12067,14582,layout_pi14583_d14582
12068,14583,layout_pi14584_d14583
12069,14584,layout_pi14585_d14584
12070,14588,layout_pi14589_d14588
12071,14589,layout_pi14590_d14589
12072,14591,layout_pi14592_d14591
12073,14592,layout_pi14593_d14592
12074,14596,layout_pi14597_d14596
12075,14598,layout_pi14599_d14598
12076,14600,layout_pi14601_d14600
12077,14601,layout_pi14602_d14601
12078,14602,layout_pi14603_d14602
12079,14603,layout_pi14604_d14603
12080,14606,layout_pi14607_d14606
12081,14607,layout_pi14608_d14607
12082,14609,layout_pi14610_d14609
12083,14612,layout_pi14613_d14612
12084,14613,layout_pi14614_d14613
12085,14614,layout_pi14615_d14614
12086,14616,layout_pi14617_d14616
12087,14618,layout_pi14619_d14618
12088,14619,layout_pi14620_d14619
12089,14620,layout_pi14621_d14620
12090,14621,layout_pi14622_d14621
12091,14624,layout_pi14625_d14624
12092,14625,layout_pi14626_d14625
12093,14626,layout_pi14627_d14626
12094,14627,layout_pi14628_d14627
12095,14628,layout_pi14629_d14628
12096,14630,layout_pi14631_d14630
12097,14631,layout_pi14632_d14631
12098,14632,layout_pi14633_d14632
12099,14634,layout_pi14635_d14634
12100,14636,layout_pi14637_d14636
12101,14638,layout_pi14639_d14638
12102,14639,layout_pi14640_d14639
12103,14640,layout_pi14641_d14640
12104,14641,layout_pi14642_d14641
12105,14642,layout_pi14643_d14642
12106,14643,layout_pi14644_d14643
12107,14644,layout_pi14645_d14644
12108,14645,layout_pi14646_d14645
12109,14646,layout_pi14647_d14646
12110,14648,layout_pi14649_d14648
12111,14649,layout_pi14650_d14649
12112,14650,layout_pi14651_d14650
12113,14651,layout_pi14652_d14651
12114,14652,layout_pi14653_d14652
12115,14653,layout_pi14654_d14653
12116,14654,layout_pi14655_d14654
12117,14655,layout_pi14656_d14655
12118,14656,layout_pi14657_d14656
12119,14657,layout_pi14658_d14657
12120,14659,layout_pi14660_d14659
12121,14660,layout_pi14661_d14660
12122,14661,layout_pi14662_d14661
12123,14662,layout_pi14663_d14662
12124,14663,layout_pi14664_d14663
12125,14664,layout_pi14665_d14664
12126,14665,layout_pi14666_d14665
12127,14666,layout_pi14667_d14666
12128,14667,layout_pi14668_d14667
12129,14669,layout_pi14670_d14669
12130,14670,layout_pi14671_d14670
12131,14671,layout_pi14672_d14671
12132,14672,layout_pi14673_d14672
12133,14674,layout_pi14675_d14674
12134,14676,layout_pi14677_d14676
12135,14677,layout_pi14678_d14677
12136,14680,layout_pi14681_d14680
12137,14681,layout_pi14682_d14681
12138,14682,layout_pi14683_d14682
12139,14683,layout_pi14684_d14683
12140,14684,layout_pi14685_d14684
12141,14685,layout_pi14686_d14685
12142,14687,layout_pi14688_d14687
12143,14688,layout_pi14689_d14688
12144,14689,layout_pi14690_d14689
12145,14690,layout_pi14691_d14690
12146,14691,layout_pi14692_d14691
12147,14697,layout_pi14698_d14697
12148,14698,layout_pi14699_d14698
12149,14699,layout_pi14700_d14699
12150,14700,layout_pi14701_d14700
12151,14701,layout_pi14702_d14701
12152,14704,layout_pi14705_d14704
12153,14705,layout_pi14706_d14705
12154,14706,layout_pi14707_d14706
12155,14707,layout_pi14708_d14707
12156,14708,layout_pi14709_d14708
12157,14709,layout_pi14710_d14709
12158,14712,layout_pi14713_d14712
12159,14713,layout_pi14714_d14713
12160,14714,layout_pi14715_d14714
12161,14717,layout_pi14718_d14717
12162,14718,layout_pi14719_d14718
12163,14719,layout_pi14720_d14719
12164,14720,layout_pi14721_d14720
12165,14722,layout_pi14723_d14722
12166,14723,layout_pi14724_d14723
12167,14724,layout_pi14725_d14724
12168,14726,layout_pi14727_d14726
12169,14727,layout_pi14728_d14727
12170,14728,layout_pi14729_d14728
12171,14729,layout_pi14730_d14729
12172,14732,layout_pi14733_d14732
12173,14735,layout_pi14736_d14735
12174,14736,layout_pi14737_d14736
12175,14737,layout_pi14738_d14737
12176,14742,layout_pi14743_d14742
12177,14744,layout_pi14745_d14744
12178,14746,layout_pi14747_d14746
12179,14747,layout_pi14748_d14747
12180,14748,layout_pi14749_d14748
12181,14750,layout_pi14751_d14750
12182,14755,layout_pi14756_d14755
12183,14757,layout_pi14758_d14757
12184,14759,layout_pi14760_d14759
12185,14761,layout_pi14762_d14761
12186,14762,layout_pi14763_d14762
12187,14763,layout_pi14764_d14763
12188,14764,layout_pi14765_d14764
12189,14765,layout_pi14766_d14765
12190,14770,layout_pi14771_d14770
12191,14771,layout_pi14772_d14771
12192,14773,layout_pi14774_d14773
12193,14774,layout_pi14775_d14774
12194,14780,layout_pi14781_d14780
12195,14781,layout_pi14782_d14781
12196,14782,layout_pi14783_d14782
12197,14783,layout_pi14784_d14783
12198,14785,layout_pi14786_d14785
12199,14786,layout_pi14787_d14786
12200,14787,layout_pi14788_d14787
12201,14788,layout_pi14789_d14788
12202,14789,layout_pi14790_d14789
12203,14794,layout_pi14795_d14794
12204,14795,layout_pi14796_d14795
12205,14796,layout_pi14797_d14796
12206,14797,layout_pi14798_d14797
12207,14798,layout_pi14799_d14798
12208,14799,layout_pi14800_d14799
12209,14800,layout_pi14801_d14800
12210,14804,layout_pi14805_d14804
12211,14805,layout_pi14806_d14805
12212,14807,layout_pi14808_d14807
12213,14809,layout_pi14810_d14809
12214,14810,layout_pi14811_d14810
12215,14812,layout_pi14813_d14812
12216,14814,layout_pi14815_d14814
12217,14815,layout_pi14816_d14815
12218,14816,layout_pi14817_d14816
12219,14818,layout_pi14819_d14818
12220,14820,layout_pi14821_d14820
12221,14821,layout_pi14822_d14821
12222,14822,layout_pi14823_d14822
12223,14825,layout_pi14826_d14825
12224,14826,layout_pi14827_d14826
12225,14827,layout_pi14828_d14827
12226,14829,layout_pi14830_d14829
12227,14830,layout_pi14831_d14830
12228,14831,layout_pi14832_d14831
12229,14833,layout_pi14834_d14833
12230,14834,layout_pi14835_d14834
12231,14836,layout_pi14837_d14836
12232,14837,layout_pi14838_d14837
12233,14839,layout_pi14840_d14839
12234,14840,layout_pi14841_d14840
12235,14841,layout_pi14842_d14841
12236,14842,layout_pi14843_d14842
12237,14843,layout_pi14844_d14843
12238,14844,layout_pi14845_d14844
12239,14845,layout_pi14846_d14845
12240,14846,layout_pi14847_d14846
12241,14847,layout_pi14848_d14847
12242,14850,layout_pi14851_d14850
12243,14851,layout_pi14852_d14851
12244,14852,layout_pi14853_d14852
12245,14853,layout_pi14854_d14853
12246,14854,layout_pi14855_d14854
12247,14857,layout_pi14858_d14857
12248,14859,layout_pi14860_d14859
12249,14861,layout_pi14862_d14861
12250,14862,layout_pi14863_d14862
12251,14867,layout_pi14868_d14867
12252,14869,layout_pi14870_d14869
12253,14871,layout_pi14872_d14871
12254,14872,layout_pi14873_d14872
12255,14873,layout_pi14874_d14873
12256,14874,layout_pi14875_d14874
12257,14875,layout_pi14876_d14875
12258,14876,layout_pi14877_d14876
12259,14877,layout_pi14878_d14877
12260,14878,layout_pi14879_d14878
12261,14879,layout_pi14880_d14879
12262,14881,layout_pi14882_d14881
12263,14883,layout_pi14884_d14883
12264,14886,layout_pi14887_d14886
12265,14887,layout_pi14888_d14887
12266,14888,layout_pi14889_d14888
12267,14891,layout_pi14892_d14891
12268,14893,layout_pi14894_d14893
12269,14894,layout_pi14895_d14894
12270,14895,layout_pi14896_d14895
12271,14896,layout_pi14897_d14896
12272,14897,layout_pi14898_d14897
12273,14898,layout_pi14899_d14898
12274,14899,layout_pi14900_d14899
12275,14900,layout_pi14901_d14900
12276,14901,layout_pi14902_d14901
12277,14902,layout_pi14903_d14902
12278,14905,layout_pi14906_d14905
12279,14906,layout_pi14907_d14906
12280,14908,layout_pi14909_d14908
12281,14912,layout_pi14913_d14912
12282,14913,layout_pi14914_d14913
12283,14917,layout_pi14918_d14917
12284,14918,layout_pi14919_d14918
12285,14919,layout_pi14920_d14919
12286,14921,layout_pi14922_d14921
12287,14923,layout_pi14924_d14923
12288,14924,layout_pi14925_d14924
12289,14925,layout_pi14926_d14925
12290,14926,layout_pi14927_d14926
12291,14928,layout_pi14929_d14928
12292,14929,layout_pi14930_d14929
12293,14932,layout_pi14933_d14932
12294,14933,layout_pi14934_d14933
12295,14934,layout_pi14935_d14934
12296,14939,layout_pi14940_d14939
12297,14940,layout_pi14941_d14940
12298,14942,layout_pi14943_d14942
12299,14943,layout_pi14944_d14943
12300,14945,layout_pi14946_d14945
12301,14946,layout_pi14947_d14946
12302,14947,layout_pi14948_d14947
12303,14948,layout_pi14949_d14948
12304,14949,layout_pi14950_d14949
12305,14950,layout_pi14951_d14950
12306,14951,layout_pi14952_d14951
12307,14952,layout_pi14953_d14952
12308,14953,layout_pi14954_d14953
12309,14954,layout_pi14955_d14954
12310,14955,layout_pi14956_d14955
12311,14956,layout_pi14957_d14956
12312,14957,layout_pi14958_d14957
12313,14959,layout_pi14960_d14959
12314,14961,layout_pi14962_d14961
12315,14962,layout_pi14963_d14962
12316,14964,layout_pi14965_d14964
12317,14966,layout_pi14967_d14966
12318,14968,layout_pi14969_d14968
12319,14969,layout_pi14970_d14969
12320,14972,layout_pi14973_d14972
12321,14973,layout_pi14974_d14973
12322,14974,layout_pi14975_d14974
12323,14976,layout_pi14977_d14976
12324,14977,layout_pi14978_d14977
12325,14979,layout_pi14980_d14979
12326,14984,layout_pi14985_d14984
12327,14985,layout_pi14986_d14985
12328,14986,layout_pi14987_d14986
12329,14987,layout_pi14988_d14987
12330,14989,layout_pi14990_d14989
12331,14991,layout_pi14992_d14991
12332,14992,layout_pi14993_d14992
12333,14996,layout_pi14997_d14996
12334,14997,layout_pi14998_d14997
12335,14999,layout_pi15000_d14999
12336,15002,layout_pi15003_d15002
12337,15004,layout_pi15005_d15004
12338,15005,layout_pi15006_d15005
12339,15007,layout_pi15008_d15007
12340,15009,layout_pi15010_d15009
12341,15010,layout_pi15011_d15010
12342,15011,layout_pi15012_d15011
12343,15013,layout_pi15014_d15013
12344,15015,layout_pi15016_d15015
12345,15016,layout_pi15017_d15016
12346,15018,layout_pi15019_d15018
12347,15019,layout_pi15020_d15019
12348,15020,layout_pi15021_d15020
12349,15021,layout_pi15022_d15021
12350,15022,layout_pi15023_d15022
12351,15024,layout_pi15025_d15024
12352,15025,layout_pi15026_d15025
12353,15026,layout_pi15027_d15026
12354,15027,layout_pi15028_d15027
12355,15029,layout_pi15030_d15029
12356,15031,layout_pi15032_d15031
12357,15032,layout_pi15033_d15032
12358,15034,layout_pi15035_d15034
12359,15036,layout_pi15037_d15036
12360,15037,layout_pi15038_d15037
12361,15038,layout_pi15039_d15038
12362,15039,layout_pi15040_d15039
12363,15040,layout_pi15041_d15040
12364,15041,layout_pi15042_d15041
12365,15043,layout_pi15044_d15043
12366,15044,layout_pi15045_d15044
12367,15045,layout_pi15046_d15045
12368,15046,layout_pi15047_d15046
12369,15048,layout_pi15049_d15048
12370,15049,layout_pi15050_d15049
12371,15050,layout_pi15051_d15050
12372,15051,layout_pi15052_d15051
12373,15052,layout_pi15053_d15052
12374,15054,layout_pi15055_d15054
12375,15056,layout_pi15057_d15056
12376,15057,layout_pi15058_d15057
12377,15058,layout_pi15059_d15058
12378,15059,layout_pi15060_d15059
12379,15060,layout_pi15061_d15060
12380,15062,layout_pi15063_d15062
12381,15064,layout_pi15065_d15064
12382,15065,layout_pi15066_d15065
12383,15066,layout_pi15067_d15066
12384,15070,layout_pi15071_d15070
12385,15071,layout_pi15072_d15071
12386,15073,layout_pi15074_d15073
12387,15074,layout_pi15075_d15074
12388,15077,layout_pi15078_d15077
12389,15079,layout_pi15080_d15079
12390,15080,layout_pi15081_d15080
12391,15081,layout_pi15082_d15081
12392,15082,layout_pi15083_d15082
12393,15083,layout_pi15084_d15083
12394,15085,layout_pi15086_d15085
12395,15088,layout_pi15089_d15088
12396,15089,layout_pi15090_d15089
12397,15091,layout_pi15092_d15091
12398,15092,layout_pi15093_d15092
12399,15093,layout_pi15094_d15093
12400,15095,layout_pi15096_d15095
12401,15098,layout_pi15099_d15098
12402,15099,layout_pi15100_d15099
12403,15102,layout_pi15103_d15102
12404,15105,layout_pi15106_d15105
12405,15106,layout_pi15107_d15106
12406,15108,layout_pi15109_d15108
12407,15111,layout_pi15112_d15111
12408,15112,layout_pi15113_d15112
12409,15113,layout_pi15114_d15113
12410,15114,layout_pi15115_d15114
12411,15115,layout_pi15116_d15115
12412,15116,layout_pi15117_d15116
12413,15118,layout_pi15119_d15118
12414,15119,layout_pi15120_d15119
12415,15120,layout_pi15121_d15120
12416,15122,layout_pi15123_d15122
12417,15123,layout_pi15124_d15123
12418,15124,layout_pi15125_d15124
12419,15125,layout_pi15126_d15125
12420,15126,layout_pi15127_d15126
12421,15127,layout_pi15128_d15127
12422,15128,layout_pi15129_d15128
12423,15129,layout_pi15130_d15129
12424,15131,layout_pi15132_d15131
12425,15133,layout_pi15134_d15133
12426,15134,layout_pi15135_d15134
12427,15135,layout_pi15136_d15135
12428,15136,layout_pi15137_d15136
12429,15138,layout_pi15139_d15138
12430,15139,layout_pi15140_d15139
12431,15140,layout_pi15141_d15140
12432,15141,layout_pi15142_d15141
12433,15142,layout_pi15143_d15142
12434,15144,layout_pi15145_d15144
12435,15145,layout_pi15146_d15145
12436,15146,layout_pi15147_d15146
12437,15147,layout_pi15148_d15147
12438,15152,layout_pi15153_d15152
12439,15153,layout_pi15154_d15153
12440,15155,layout_pi15156_d15155
12441,15156,layout_pi15157_d15156
12442,15160,layout_pi15161_d15160
12443,15161,layout_pi15162_d15161
12444,15162,layout_pi15163_d15162
12445,15163,layout_pi15164_d15163
12446,15164,layout_pi15165_d15164
12447,15165,layout_pi15166_d15165
12448,15167,layout_pi15168_d15167
12449,15168,layout_pi15169_d15168
12450,15171,layout_pi15172_d15171
12451,15172,layout_pi15173_d15172
12452,15176,layout_pi15177_d15176
12453,15178,layout_pi15179_d15178
12454,15179,layout_pi15180_d15179
12455,15180,layout_pi15181_d15180
12456,15181,layout_pi15182_d15181
12457,15182,layout_pi15183_d15182
12458,15183,layout_pi15184_d15183
12459,15190,layout_pi15191_d15190
12460,15192,layout_pi15193_d15192
12461,15193,layout_pi15194_d15193
12462,15195,layout_pi15196_d15195
12463,15197,layout_pi15198_d15197
12464,15199,layout_pi15200_d15199
12465,15201,layout_pi15202_d15201
12466,15202,layout_pi15203_d15202
12467,15203,layout_pi15204_d15203
12468,15204,layout_pi15205_d15204
12469,15206,layout_pi15207_d15206
12470,15207,layout_pi15208_d15207
12471,15208,layout_pi15209_d15208
12472,15209,layout_pi15210_d15209
12473,15211,layout_pi15212_d15211
12474,15212,layout_pi15213_d15212
12475,15217,layout_pi15218_d15217
12476,15218,layout_pi15219_d15218
12477,15219,layout_pi15220_d15219
12478,15221,layout_pi15222_d15221
12479,15222,layout_pi15223_d15222
12480,15223,layout_pi15224_d15223
12481,15224,layout_pi15225_d15224
12482,15225,layout_pi15226_d15225
12483,15226,layout_pi15227_d15226
12484,15227,layout_pi15228_d15227
12485,15230,layout_pi15231_d15230
12486,15231,layout_pi15232_d15231
12487,15232,layout_pi15233_d15232
12488,15233,layout_pi15234_d15233
12489,15235,layout_pi15236_d15235
12490,15238,layout_pi15239_d15238
12491,15239,layout_pi15240_d15239
12492,15240,layout_pi15241_d15240
12493,15241,layout_pi15242_d15241
12494,15243,layout_pi15244_d15243
12495,15245,layout_pi15246_d15245
12496,15246,layout_pi15247_d15246
12497,15247,layout_pi15248_d15247
12498,15248,layout_pi15249_d15248
12499,15249,layout_pi15250_d15249
12500,15250,layout_pi15251_d15250
12501,15251,layout_pi15252_d15251
12502,15252,layout_pi15253_d15252
12503,15253,layout_pi15254_d15253
12504,15254,layout_pi15255_d15254
12505,15255,layout_pi15256_d15255
12506,15256,layout_pi15257_d15256
12507,15258,layout_pi15259_d15258
12508,15259,layout_pi15260_d15259
12509,15262,layout_pi15263_d15262
12510,15263,layout_pi15264_d15263
12511,15267,layout_pi15268_d15267
12512,15269,layout_pi15270_d15269
12513,15270,layout_pi15271_d15270
12514,15271,layout_pi15272_d15271
12515,15275,layout_pi15276_d15275
12516,15277,layout_pi15278_d15277
12517,15278,layout_pi15279_d15278
12518,15279,layout_pi15280_d15279
12519,15280,layout_pi15281_d15280
12520,15281,layout_pi15282_d15281
12521,15282,layout_pi15283_d15282
12522,15287,layout_pi15288_d15287
12523,15290,layout_pi15291_d15290
12524,15291,layout_pi15292_d15291
12525,15292,layout_pi15293_d15292
12526,15293,layout_pi15294_d15293
12527,15294,layout_pi15295_d15294
12528,15295,layout_pi15296_d15295
12529,15296,layout_pi15297_d15296
12530,15297,layout_pi15298_d15297
12531,15298,layout_pi15299_d15298
12532,15299,layout_pi15300_d15299
12533,15300,layout_pi15301_d15300
12534,15301,layout_pi15302_d15301
12535,15302,layout_pi15303_d15302
12536,15303,layout_pi15304_d15303
12537,15305,layout_pi15306_d15305
12538,15306,layout_pi15307_d15306
12539,15307,layout_pi15308_d15307
12540,15310,layout_pi15311_d15310
12541,15311,layout_pi15312_d15311
12542,15313,layout_pi15314_d15313
12543,15314,layout_pi15315_d15314
12544,15316,layout_pi15317_d15316
12545,15318,layout_pi15319_d15318
12546,15320,layout_pi15321_d15320
12547,15323,layout_pi15324_d15323
12548,15325,layout_pi15326_d15325
12549,15328,layout_pi15329_d15328
12550,15331,layout_pi15332_d15331
12551,15333,layout_pi15334_d15333
12552,15336,layout_pi15337_d15336
12553,15337,layout_pi15338_d15337
12554,15339,layout_pi15340_d15339
12555,15340,layout_pi15341_d15340
12556,15343,layout_pi15344_d15343
12557,15345,layout_pi15346_d15345
12558,15346,layout_pi15347_d15346
12559,15347,layout_pi15348_d15347
12560,15348,layout_pi15349_d15348
12561,15350,layout_pi15351_d15350
12562,15353,layout_pi15354_d15353
12563,15356,layout_pi15357_d15356
12564,15358,layout_pi15359_d15358
12565,15360,layout_pi15361_d15360
12566,15361,layout_pi15362_d15361
12567,15362,layout_pi15363_d15362
12568,15363,layout_pi15364_d15363
12569,15366,layout_pi15367_d15366
12570,15368,layout_pi15369_d15368
12571,15369,layout_pi15370_d15369
12572,15371,layout_pi15372_d15371
12573,15373,layout_pi15374_d15373
12574,15374,layout_pi15375_d15374
12575,15375,layout_pi15376_d15375
12576,15376,layout_pi15377_d15376
12577,15378,layout_pi15379_d15378
12578,15380,layout_pi15381_d15380
12579,15381,layout_pi15382_d15381
12580,15382,layout_pi15383_d15382
12581,15385,layout_pi15386_d15385
12582,15386,layout_pi15387_d15386
12583,15387,layout_pi15388_d15387
12584,15388,layout_pi15389_d15388
12585,15389,layout_pi15390_d15389
12586,15390,layout_pi15391_d15390
12587,15391,layout_pi15392_d15391
12588,15392,layout_pi15393_d15392
12589,15393,layout_pi15394_d15393
12590,15394,layout_pi15395_d15394
12591,15395,layout_pi15396_d15395
12592,15396,layout_pi15397_d15396
12593,15397,layout_pi15398_d15397
12594,15398,layout_pi15399_d15398
12595,15400,layout_pi15401_d15400
12596,15401,layout_pi15402_d15401
12597,15403,layout_pi15404_d15403
12598,15404,layout_pi15405_d15404
12599,15405,layout_pi15406_d15405
12600,15407,layout_pi15408_d15407
12601,15409,layout_pi15410_d15409
12602,15411,layout_pi15412_d15411
12603,15413,layout_pi15414_d15413
12604,15414,layout_pi15415_d15414
12605,15416,layout_pi15417_d15416
12606,15417,layout_pi15418_d15417
12607,15419,layout_pi15420_d15419
12608,15421,layout_pi15422_d15421
12609,15422,layout_pi15423_d15422
12610,15423,layout_pi15424_d15423
12611,15424,layout_pi15425_d15424
12612,15425,layout_pi15426_d15425
12613,15426,layout_pi15427_d15426
12614,15428,layout_pi15429_d15428
12615,15429,layout_pi15430_d15429
12616,15430,layout_pi15431_d15430
12617,15432,layout_pi15433_d15432
12618,15435,layout_pi15436_d15435
12619,15436,layout_pi15437_d15436
12620,15437,layout_pi15438_d15437
12621,15438,layout_pi15439_d15438
12622,15439,layout_pi15440_d15439
12623,15440,layout_pi15441_d15440
12624,15442,layout_pi15443_d15442
12625,15443,layout_pi15444_d15443
12626,15444,layout_pi15445_d15444
12627,15445,layout_pi15446_d15445
12628,15446,layout_pi15447_d15446
12629,15447,layout_pi15448_d15447
12630,15448,layout_pi15449_d15448
12631,15450,layout_pi15451_d15450
12632,15455,layout_pi15456_d15455
12633,15457,layout_pi15458_d15457
12634,15458,layout_pi15459_d15458
12635,15460,layout_pi15461_d15460
12636,15461,layout_pi15462_d15461
12637,15462,layout_pi15463_d15462
12638,15463,layout_pi15464_d15463
12639,15464,layout_pi15465_d15464
12640,15465,layout_pi15466_d15465
12641,15467,layout_pi15468_d15467
12642,15470,layout_pi15471_d15470
12643,15471,layout_pi15472_d15471
12644,15474,layout_pi15475_d15474
12645,15476,layout_pi15477_d15476
12646,15477,layout_pi15478_d15477
12647,15478,layout_pi15479_d15478
12648,15479,layout_pi15480_d15479
12649,15480,layout_pi15481_d15480
12650,15485,layout_pi15486_d15485
12651,15486,layout_pi15487_d15486
12652,15487,layout_pi15488_d15487
12653,15489,layout_pi15490_d15489
12654,15490,layout_pi15491_d15490
12655,15491,layout_pi15492_d15491
12656,15492,layout_pi15493_d15492
12657,15494,layout_pi15495_d15494
12658,15495,layout_pi15496_d15495
12659,15496,layout_pi15497_d15496
12660,15498,layout_pi15499_d15498
12661,15499,layout_pi15500_d15499
12662,15500,layout_pi15501_d15500
12663,15501,layout_pi15502_d15501
12664,15503,layout_pi15504_d15503
12665,15504,layout_pi15505_d15504
12666,15505,layout_pi15506_d15505
12667,15507,layout_pi15508_d15507
12668,15508,layout_pi15509_d15508
12669,15509,layout_pi15510_d15509
12670,15511,layout_pi15512_d15511
12671,15512,layout_pi15513_d15512
12672,15514,layout_pi15515_d15514
12673,15515,layout_pi15516_d15515
12674,15516,layout_pi15517_d15516
12675,15517,layout_pi15518_d15517
12676,15519,layout_pi15520_d15519
12677,15520,layout_pi15521_d15520
12678,15523,layout_pi15524_d15523
12679,15524,layout_pi15525_d15524
12680,15525,layout_pi15526_d15525
12681,15526,layout_pi15527_d15526
12682,15527,layout_pi15528_d15527
12683,15528,layout_pi15529_d15528
12684,15531,layout_pi15532_d15531
12685,15532,layout_pi15533_d15532
12686,15533,layout_pi15534_d15533
12687,15534,layout_pi15535_d15534
12688,15535,layout_pi15536_d15535
12689,15536,layout_pi15537_d15536
12690,15537,layout_pi15538_d15537
12691,15538,layout_pi15539_d15538
12692,15539,layout_pi15540_d15539
12693,15540,layout_pi15541_d15540
12694,15542,layout_pi15543_d15542
12695,15544,layout_pi15545_d15544
12696,15545,layout_pi15546_d15545
12697,15546,layout_pi15547_d15546
12698,15547,layout_pi15548_d15547
12699,15549,layout_pi15550_d15549
12700,15550,layout_pi15551_d15550
12701,15551,layout_pi15552_d15551
12702,15553,layout_pi15554_d15553
12703,15554,layout_pi15555_d15554
12704,15555,layout_pi15556_d15555
12705,15556,layout_pi15557_d15556
12706,15557,layout_pi15558_d15557
12707,15558,layout_pi15559_d15558
12708,15560,layout_pi15561_d15560
12709,15561,layout_pi15562_d15561
12710,15562,layout_pi15563_d15562
12711,15563,layout_pi15564_d15563
12712,15564,layout_pi15565_d15564
12713,15565,layout_pi15566_d15565
12714,15566,layout_pi15567_d15566
12715,15567,layout_pi15568_d15567
12716,15568,layout_pi15569_d15568
12717,15569,layout_pi15570_d15569
12718,15570,layout_pi15571_d15570
12719,15572,layout_pi15573_d15572
12720,15574,layout_pi15575_d15574
12721,15575,layout_pi15576_d15575
12722,15576,layout_pi15577_d15576
12723,15579,layout_pi15580_d15579
12724,15580,layout_pi15581_d15580
12725,15582,layout_pi15583_d15582
12726,15583,layout_pi15584_d15583
12727,15584,layout_pi15585_d15584
12728,15585,layout_pi15586_d15585
12729,15586,layout_pi15587_d15586
12730,15587,layout_pi15588_d15587
12731,15590,layout_pi15591_d15590
12732,15592,layout_pi15593_d15592
12733,15594,layout_pi15595_d15594
12734,15596,layout_pi15597_d15596
12735,15598,layout_pi15599_d15598
12736,15599,layout_pi15600_d15599
12737,15600,layout_pi15601_d15600
12738,15603,layout_pi15604_d15603
12739,15605,layout_pi15606_d15605
12740,15606,layout_pi15607_d15606
12741,15607,layout_pi15608_d15607
12742,15613,layout_pi15614_d15613
12743,15614,layout_pi15615_d15614
12744,15615,layout_pi15616_d15615
12745,15617,layout_pi15618_d15617
12746,15619,layout_pi15620_d15619
12747,15621,layout_pi15622_d15621
12748,15626,layout_pi15627_d15626
12749,15628,layout_pi15629_d15628
12750,15629,layout_pi15630_d15629
12751,15632,layout_pi15633_d15632
12752,15633,layout_pi15634_d15633
12753,15635,layout_pi15636_d15635
12754,15636,layout_pi15637_d15636
12755,15638,layout_pi15639_d15638
12756,15639,layout_pi15640_d15639
12757,15641,layout_pi15642_d15641
12758,15643,layout_pi15644_d15643
12759,15645,layout_pi15646_d15645
12760,15648,layout_pi15649_d15648
12761,15649,layout_pi15650_d15649
12762,15651,layout_pi15652_d15651
12763,15652,layout_pi15653_d15652
12764,15653,layout_pi15654_d15653
12765,15654,layout_pi15655_d15654
12766,15655,layout_pi15656_d15655
12767,15656,layout_pi15657_d15656
12768,15659,layout_pi15660_d15659
12769,15662,layout_pi15663_d15662
12770,15665,layout_pi15666_d15665
12771,15666,layout_pi15667_d15666
12772,15668,layout_pi15669_d15668
12773,15669,layout_pi15670_d15669
12774,15670,layout_pi15671_d15670
12775,15671,layout_pi15672_d15671
12776,15672,layout_pi15673_d15672
12777,15673,layout_pi15674_d15673
12778,15674,layout_pi15675_d15674
12779,15675,layout_pi15676_d15675
12780,15676,layout_pi15677_d15676
12781,15677,layout_pi15678_d15677
12782,15678,layout_pi15679_d15678
12783,15679,layout_pi15680_d15679
12784,15680,layout_pi15681_d15680
12785,15681,layout_pi15682_d15681
12786,15684,layout_pi15685_d15684
12787,15685,layout_pi15686_d15685
12788,15686,layout_pi15687_d15686
12789,15687,layout_pi15688_d15687
12790,15688,layout_pi15689_d15688
12791,15689,layout_pi15690_d15689
12792,15691,layout_pi15692_d15691
12793,15692,layout_pi15693_d15692
12794,15694,layout_pi15695_d15694
12795,15697,layout_pi15698_d15697
12796,15699,layout_pi15700_d15699
12797,15700,layout_pi15701_d15700
12798,15701,layout_pi15702_d15701
12799,15702,layout_pi15703_d15702
12800,15703,layout_pi15704_d15703
12801,15704,layout_pi15705_d15704
12802,15705,layout_pi15706_d15705
12803,15706,layout_pi15707_d15706
12804,15707,layout_pi15708_d15707
12805,15708,layout_pi15709_d15708
12806,15709,layout_pi15710_d15709
12807,15710,layout_pi15711_d15710
12808,15711,layout_pi15712_d15711
12809,15712,layout_pi15713_d15712
12810,15713,layout_pi15714_d15713
12811,15714,layout_pi15715_d15714
12812,15716,layout_pi15717_d15716
12813,15717,layout_pi15718_d15717
12814,15718,layout_pi15719_d15718
12815,15719,layout_pi15720_d15719
12816,15723,layout_pi15724_d15723
12817,15725,layout_pi15726_d15725
12818,15726,layout_pi15727_d15726
12819,15727,layout_pi15728_d15727
12820,15729,layout_pi15730_d15729
12821,15731,layout_pi15732_d15731
12822,15733,layout_pi15734_d15733
12823,15734,layout_pi15735_d15734
12824,15735,layout_pi15736_d15735
12825,15737,layout_pi15738_d15737
12826,15741,layout_pi15742_d15741
12827,15745,layout_pi15746_d15745
12828,15749,layout_pi15750_d15749
12829,15750,layout_pi15751_d15750
12830,15752,layout_pi15753_d15752
12831,15754,layout_pi15755_d15754
12832,15755,layout_pi15756_d15755
12833,15756,layout_pi15757_d15756
12834,15757,layout_pi15758_d15757
12835,15758,layout_pi15759_d15758
12836,15760,layout_pi15761_d15760
12837,15761,layout_pi15762_d15761
12838,15762,layout_pi15763_d15762
12839,15763,layout_pi15764_d15763
12840,15765,layout_pi15766_d15765
12841,15766,layout_pi15767_d15766
12842,15767,layout_pi15768_d15767
12843,15769,layout_pi15770_d15769
12844,15770,layout_pi15771_d15770
12845,15771,layout_pi15772_d15771
12846,15772,layout_pi15773_d15772
12847,15773,layout_pi15774_d15773
12848,15774,layout_pi15775_d15774
12849,15776,layout_pi15777_d15776
12850,15777,layout_pi15778_d15777
12851,15779,layout_pi15780_d15779
12852,15781,layout_pi15782_d15781
12853,15783,layout_pi15784_d15783
12854,15785,layout_pi15786_d15785
12855,15787,layout_pi15788_d15787
12856,15789,layout_pi15790_d15789
12857,15791,layout_pi15792_d15791
12858,15792,layout_pi15793_d15792
12859,15793,layout_pi15794_d15793
12860,15795,layout_pi15796_d15795
12861,15796,layout_pi15797_d15796
12862,15797,layout_pi15798_d15797
12863,15800,layout_pi15801_d15800
12864,15803,layout_pi15804_d15803
12865,15804,layout_pi15805_d15804
12866,15805,layout_pi15806_d15805
12867,15806,layout_pi15807_d15806
12868,15807,layout_pi15808_d15807
12869,15808,layout_pi15809_d15808
12870,15809,layout_pi15810_d15809
12871,15812,layout_pi15813_d15812
12872,15813,layout_pi15814_d15813
12873,15815,layout_pi15816_d15815
12874,15817,layout_pi15818_d15817
12875,15820,layout_pi15821_d15820
12876,15821,layout_pi15822_d15821
12877,15822,layout_pi15823_d15822
12878,15824,layout_pi15825_d15824
12879,15825,layout_pi15826_d15825
12880,15826,layout_pi15827_d15826
12881,15828,layout_pi15829_d15828
12882,15829,layout_pi15830_d15829
12883,15830,layout_pi15831_d15830
12884,15831,layout_pi15832_d15831
12885,15832,layout_pi15833_d15832
12886,15833,layout_pi15834_d15833
12887,15834,layout_pi15835_d15834
12888,15835,layout_pi15836_d15835
12889,15836,layout_pi15837_d15836
12890,15837,layout_pi15838_d15837
12891,15841,layout_pi15842_d15841
12892,15844,layout_pi15845_d15844
12893,15845,layout_pi15846_d15845
12894,15846,layout_pi15847_d15846
12895,15848,layout_pi15849_d15848
12896,15851,layout_pi15852_d15851
12897,15852,layout_pi15853_d15852
12898,15853,layout_pi15854_d15853
12899,15854,layout_pi15855_d15854
12900,15855,layout_pi15856_d15855
12901,15856,layout_pi15857_d15856
12902,15857,layout_pi15858_d15857
12903,15858,layout_pi15859_d15858
12904,15859,layout_pi15860_d15859
12905,15860,layout_pi15861_d15860
12906,15861,layout_pi15862_d15861
12907,15863,layout_pi15864_d15863
12908,15864,layout_pi15865_d15864
12909,15865,layout_pi15866_d15865
12910,15866,layout_pi15867_d15866
12911,15867,layout_pi15868_d15867
12912,15868,layout_pi15869_d15868
12913,15869,layout_pi15870_d15869
12914,15870,layout_pi15871_d15870
12915,15872,layout_pi15873_d15872
12916,15873,layout_pi15874_d15873
12917,15876,layout_pi15877_d15876
12918,15877,layout_pi15878_d15877
12919,15878,layout_pi15879_d15878
12920,15879,layout_pi15880_d15879
12921,15880,layout_pi15881_d15880
12922,15882,layout_pi15883_d15882
12923,15883,layout_pi15884_d15883
12924,15884,layout_pi15885_d15884
12925,15885,layout_pi15886_d15885
12926,15890,layout_pi15891_d15890
12927,15892,layout_pi15893_d15892
12928,15894,layout_pi15895_d15894
12929,15895,layout_pi15896_d15895
12930,15896,layout_pi15897_d15896
12931,15898,layout_pi15899_d15898
12932,15900,layout_pi15901_d15900
12933,15903,layout_pi15904_d15903
12934,15904,layout_pi15905_d15904
12935,15908,layout_pi15909_d15908
12936,15911,layout_pi15912_d15911
12937,15912,layout_pi15913_d15912
12938,15913,layout_pi15914_d15913
12939,15914,layout_pi15915_d15914
12940,15915,layout_pi15916_d15915
12941,15918,layout_pi15919_d15918
12942,15919,layout_pi15920_d15919
12943,15920,layout_pi15921_d15920
12944,15924,layout_pi15925_d15924
12945,15925,layout_pi15926_d15925
12946,15926,layout_pi15927_d15926
12947,15927,layout_pi15928_d15927
12948,15928,layout_pi15929_d15928
12949,15929,layout_pi15930_d15929
12950,15930,layout_pi15931_d15930
12951,15932,layout_pi15933_d15932
12952,15933,layout_pi15934_d15933
12953,15934,layout_pi15935_d15934
12954,15937,layout_pi15938_d15937
12955,15940,layout_pi15941_d15940
12956,15941,layout_pi15942_d15941
12957,15943,layout_pi15944_d15943
12958,15946,layout_pi15947_d15946
12959,15947,layout_pi15948_d15947
12960,15948,layout_pi15949_d15948
12961,15951,layout_pi15952_d15951
12962,15952,layout_pi15953_d15952
12963,15953,layout_pi15954_d15953
12964,15954,layout_pi15955_d15954
12965,15955,layout_pi15956_d15955
12966,15956,layout_pi15957_d15956
12967,15958,layout_pi15959_d15958
12968,15959,layout_pi15960_d15959
12969,15960,layout_pi15961_d15960
12970,15961,layout_pi15962_d15961
12971,15962,layout_pi15963_d15962
12972,15964,layout_pi15965_d15964
12973,15965,layout_pi15966_d15965
12974,15970,layout_pi15971_d15970
12975,15971,layout_pi15972_d15971
12976,15975,layout_pi15976_d15975
12977,15976,layout_pi15977_d15976
12978,15978,layout_pi15979_d15978
12979,15979,layout_pi15980_d15979
12980,15980,layout_pi15981_d15980
12981,15982,layout_pi15983_d15982
12982,15983,layout_pi15984_d15983
12983,15986,layout_pi15987_d15986
12984,15987,layout_pi15988_d15987
12985,15988,layout_pi15989_d15988
12986,15990,layout_pi15991_d15990
12987,15992,layout_pi15993_d15992
12988,15995,layout_pi15996_d15995
12989,15998,layout_pi15999_d15998
12990,15999,layout_pi16000_d15999
12991,16000,layout_pi16001_d16000
12992,16001,layout_pi16002_d16001
12993,16005,layout_pi16006_d16005
12994,16006,layout_pi16007_d16006
12995,16007,layout_pi16008_d16007
12996,16008,layout_pi16009_d16008
12997,16009,layout_pi16010_d16009
12998,16010,layout_pi16011_d16010
12999,16012,layout_pi16013_d16012
13000,16013,layout_pi16014_d16013
13001,16014,layout_pi16015_d16014
13002,16015,layout_pi16016_d16015
13003,16017,layout_pi16018_d16017
13004,16018,layout_pi16019_d16018
13005,16019,layout_pi16020_d16019
13006,16020,layout_pi16021_d16020
13007,16021,layout_pi16022_d16021
13008,16023,layout_pi16024_d16023
13009,16025,layout_pi16026_d16025
13010,16028,layout_pi16029_d16028
13011,16029,layout_pi16030_d16029
13012,16030,layout_pi16031_d16030
13013,16031,layout_pi16032_d16031
13014,16033,layout_pi16034_d16033
13015,16037,layout_pi16038_d16037
13016,16038,layout_pi16039_d16038
13017,16039,layout_pi16040_d16039
13018,16040,layout_pi16041_d16040
13019,16041,layout_pi16042_d16041
13020,16043,layout_pi16044_d16043
13021,16045,layout_pi16046_d16045
13022,16047,layout_pi16048_d16047
13023,16048,layout_pi16049_d16048
13024,16052,layout_pi16053_d16052
13025,16053,layout_pi16054_d16053
13026,16054,layout_pi16055_d16054
13027,16055,layout_pi16056_d16055
13028,16057,layout_pi16058_d16057
13029,16058,layout_pi16059_d16058
13030,16059,layout_pi16060_d16059
13031,16060,layout_pi16061_d16060
13032,16061,layout_pi16062_d16061
13033,16062,layout_pi16063_d16062
13034,16063,layout_pi16064_d16063
13035,16064,layout_pi16065_d16064
13036,16066,layout_pi16067_d16066
13037,16067,layout_pi16068_d16067
13038,16071,layout_pi16072_d16071
13039,16073,layout_pi16074_d16073
13040,16074,layout_pi16075_d16074
13041,16075,layout_pi16076_d16075
13042,16076,layout_pi16077_d16076
13043,16077,layout_pi16078_d16077
13044,16079,layout_pi16080_d16079
13045,16084,layout_pi16085_d16084
13046,16085,layout_pi16086_d16085
13047,16087,layout_pi16088_d16087
13048,16088,layout_pi16089_d16088
13049,16089,layout_pi16090_d16089
13050,16090,layout_pi16091_d16090
13051,16091,layout_pi16092_d16091
13052,16092,layout_pi16093_d16092
13053,16093,layout_pi16094_d16093
13054,16094,layout_pi16095_d16094
13055,16096,layout_pi16097_d16096
13056,16097,layout_pi16098_d16097
13057,16098,layout_pi16099_d16098
13058,16100,layout_pi16101_d16100
13059,16102,layout_pi16103_d16102
13060,16103,layout_pi16104_d16103
13061,16104,layout_pi16105_d16104
13062,16105,layout_pi16106_d16105
13063,16106,layout_pi16107_d16106
13064,16107,layout_pi16108_d16107
13065,16110,layout_pi16111_d16110
13066,16111,layout_pi16112_d16111
13067,16113,layout_pi16114_d16113
13068,16114,layout_pi16115_d16114
13069,16115,layout_pi16116_d16115
13070,16118,layout_pi16119_d16118
13071,16119,layout_pi16120_d16119
13072,16120,layout_pi16121_d16120
13073,16125,layout_pi16126_d16125
13074,16129,layout_pi16130_d16129
13075,16131,layout_pi16132_d16131
13076,16132,layout_pi16133_d16132
13077,16134,layout_pi16135_d16134
13078,16137,layout_pi16138_d16137
13079,16138,layout_pi16139_d16138
13080,16139,layout_pi16140_d16139
13081,16142,layout_pi16143_d16142
13082,16144,layout_pi16145_d16144
13083,16145,layout_pi16146_d16145
13084,16146,layout_pi16147_d16146
13085,16147,layout_pi16148_d16147
13086,16148,layout_pi16149_d16148
13087,16149,layout_pi16150_d16149
13088,16150,layout_pi16151_d16150
13089,16151,layout_pi16152_d16151
13090,16153,layout_pi16154_d16153
13091,16154,layout_pi16155_d16154
13092,16156,layout_pi16157_d16156
13093,16158,layout_pi16159_d16158
13094,16160,layout_pi16161_d16160
13095,16161,layout_pi16162_d16161
13096,16162,layout_pi16163_d16162
13097,16163,layout_pi16164_d16163
13098,16164,layout_pi16165_d16164
13099,16165,layout_pi16166_d16165
13100,16166,layout_pi16167_d16166
13101,16168,layout_pi16169_d16168
13102,16170,layout_pi16171_d16170
13103,16173,layout_pi16174_d16173
13104,16174,layout_pi16175_d16174
13105,16176,layout_pi16177_d16176
13106,16178,layout_pi16179_d16178
13107,16179,layout_pi16180_d16179
13108,16180,layout_pi16181_d16180
13109,16181,layout_pi16182_d16181
13110,16182,layout_pi16183_d16182
13111,16183,layout_pi16184_d16183
13112,16184,layout_pi16185_d16184
13113,16187,layout_pi16188_d16187
13114,16188,layout_pi16189_d16188
13115,16189,layout_pi16190_d16189
13116,16190,layout_pi16191_d16190
13117,16192,layout_pi16193_d16192
13118,16193,layout_pi16194_d16193
13119,16194,layout_pi16195_d16194
13120,16196,layout_pi16197_d16196
13121,16198,layout_pi16199_d16198
13122,16199,layout_pi16200_d16199
13123,16201,layout_pi16202_d16201
13124,16202,layout_pi16203_d16202
13125,16205,layout_pi16206_d16205
13126,16207,layout_pi16208_d16207
13127,16208,layout_pi16209_d16208
13128,16209,layout_pi16210_d16209
13129,16210,layout_pi16211_d16210
13130,16212,layout_pi16213_d16212
13131,16216,layout_pi16217_d16216
13132,16217,layout_pi16218_d16217
13133,16218,layout_pi16219_d16218
13134,16220,layout_pi16221_d16220
13135,16222,layout_pi16223_d16222
13136,16224,layout_pi16225_d16224
13137,16225,layout_pi16226_d16225
13138,16227,layout_pi16228_d16227
13139,16228,layout_pi16229_d16228
13140,16230,layout_pi16231_d16230
13141,16232,layout_pi16233_d16232
13142,16237,layout_pi16238_d16237
13143,16238,layout_pi16239_d16238
13144,16239,layout_pi16240_d16239
13145,16240,layout_pi16241_d16240
13146,16242,layout_pi16243_d16242
13147,16243,layout_pi16244_d16243
13148,16244,layout_pi16245_d16244
13149,16245,layout_pi16246_d16245
13150,16246,layout_pi16247_d16246
13151,16247,layout_pi16248_d16247
13152,16249,layout_pi16250_d16249
13153,16250,layout_pi16251_d16250
13154,16252,layout_pi16253_d16252
13155,16255,layout_pi16256_d16255
13156,16256,layout_pi16257_d16256
13157,16257,layout_pi16258_d16257
13158,16258,layout_pi16259_d16258
13159,16261,layout_pi16262_d16261
13160,16264,layout_pi16265_d16264
13161,16265,layout_pi16266_d16265
13162,16267,layout_pi16268_d16267
13163,16271,layout_pi16272_d16271
13164,16273,layout_pi16274_d16273
13165,16274,layout_pi16275_d16274
13166,16275,layout_pi16276_d16275
13167,16276,layout_pi16277_d16276
13168,16277,layout_pi16278_d16277
13169,16280,layout_pi16281_d16280
13170,16281,layout_pi16282_d16281
13171,16282,layout_pi16283_d16282
13172,16283,layout_pi16284_d16283
13173,16284,layout_pi16285_d16284
13174,16287,layout_pi16288_d16287
13175,16289,layout_pi16290_d16289
13176,16294,layout_pi16295_d16294
13177,16295,layout_pi16296_d16295
13178,16298,layout_pi16299_d16298
13179,16300,layout_pi16301_d16300
13180,16303,layout_pi16304_d16303
13181,16304,layout_pi16305_d16304
13182,16306,layout_pi16307_d16306
13183,16307,layout_pi16308_d16307
13184,16308,layout_pi16309_d16308
13185,16309,layout_pi16310_d16309
13186,16310,layout_pi16311_d16310
13187,16313,layout_pi16314_d16313
13188,16314,layout_pi16315_d16314
13189,16315,layout_pi16316_d16315
13190,16318,layout_pi16319_d16318
13191,16319,layout_pi16320_d16319
13192,16321,layout_pi16322_d16321
13193,16322,layout_pi16323_d16322
13194,16323,layout_pi16324_d16323
13195,16324,layout_pi16325_d16324
13196,16325,layout_pi16326_d16325
13197,16326,layout_pi16327_d16326
13198,16328,layout_pi16329_d16328
13199,16329,layout_pi16330_d16329
13200,16330,layout_pi16331_d16330
13201,16332,layout_pi16333_d16332
13202,16333,layout_pi16334_d16333
13203,16334,layout_pi16335_d16334
13204,16335,layout_pi16336_d16335
13205,16337,layout_pi16338_d16337
13206,16339,layout_pi16340_d16339
13207,16340,layout_pi16341_d16340
13208,16341,layout_pi16342_d16341
13209,16342,layout_pi16343_d16342
13210,16344,layout_pi16345_d16344
13211,16345,layout_pi16346_d16345
13212,16346,layout_pi16347_d16346
13213,16349,layout_pi16350_d16349
13214,16350,layout_pi16351_d16350
13215,16352,layout_pi16353_d16352
13216,16353,layout_pi16354_d16353
13217,16354,layout_pi16355_d16354
13218,16356,layout_pi16357_d16356
13219,16358,layout_pi16359_d16358
13220,16359,layout_pi16360_d16359
13221,16360,layout_pi16361_d16360
13222,16361,layout_pi16362_d16361
13223,16362,layout_pi16363_d16362
13224,16363,layout_pi16364_d16363
13225,16364,layout_pi16365_d16364
13226,16365,layout_pi16366_d16365
13227,16366,layout_pi16367_d16366
13228,16369,layout_pi16370_d16369
13229,16373,layout_pi16374_d16373
13230,16374,layout_pi16375_d16374
13231,16375,layout_pi16376_d16375
13232,16376,layout_pi16377_d16376
13233,16378,layout_pi16379_d16378
13234,16385,layout_pi16386_d16385
13235,16386,layout_pi16387_d16386
13236,16388,layout_pi16389_d16388
13237,16389,layout_pi16390_d16389
13238,16390,layout_pi16391_d16390
13239,16391,layout_pi16392_d16391
13240,16392,layout_pi16393_d16392
13241,16394,layout_pi16395_d16394
13242,16395,layout_pi16396_d16395
13243,16397,layout_pi16398_d16397
13244,16399,layout_pi16400_d16399
13245,16402,layout_pi16403_d16402
13246,16403,layout_pi16404_d16403
13247,16405,layout_pi16406_d16405
13248,16406,layout_pi16407_d16406
13249,16408,layout_pi16409_d16408
13250,16409,layout_pi16410_d16409
13251,16410,layout_pi16411_d16410
13252,16411,layout_pi16412_d16411
13253,16412,layout_pi16413_d16412
13254,16413,layout_pi16414_d16413
13255,16414,layout_pi16415_d16414
13256,16415,layout_pi16416_d16415
13257,16416,layout_pi16417_d16416
13258,16417,layout_pi16418_d16417
13259,16420,layout_pi16421_d16420
13260,16422,layout_pi16423_d16422
13261,16424,layout_pi16425_d16424
13262,16425,layout_pi16426_d16425
13263,16426,layout_pi16427_d16426
13264,16428,layout_pi16429_d16428
13265,16432,layout_pi16433_d16432
13266,16433,layout_pi16434_d16433
13267,16434,layout_pi16435_d16434
13268,16435,layout_pi16436_d16435
13269,16436,layout_pi16437_d16436
13270,16437,layout_pi16438_d16437
13271,16439,layout_pi16440_d16439
13272,16440,layout_pi16441_d16440
13273,16441,layout_pi16442_d16441
13274,16442,layout_pi16443_d16442
13275,16443,layout_pi16444_d16443
13276,16446,layout_pi16447_d16446
13277,16447,layout_pi16448_d16447
13278,16451,layout_pi16452_d16451
13279,16454,layout_pi16455_d16454
13280,16456,layout_pi16457_d16456
13281,16457,layout_pi16458_d16457
13282,16462,layout_pi16463_d16462
13283,16463,layout_pi16464_d16463
13284,16464,layout_pi16465_d16464
13285,16465,layout_pi16466_d16465
13286,16467,layout_pi16468_d16467
13287,16468,layout_pi16469_d16468
13288,16469,layout_pi16470_d16469
13289,16470,layout_pi16471_d16470
13290,16471,layout_pi16472_d16471
13291,16473,layout_pi16474_d16473
13292,16477,layout_pi16478_d16477
13293,16481,layout_pi16482_d16481
13294,16482,layout_pi16483_d16482
13295,16484,layout_pi16485_d16484
13296,16485,layout_pi16486_d16485
13297,16486,layout_pi16487_d16486
13298,16487,layout_pi16488_d16487
13299,16488,layout_pi16489_d16488
13300,16489,layout_pi16490_d16489
13301,16490,layout_pi16491_d16490
13302,16491,layout_pi16492_d16491
13303,16492,layout_pi16493_d16492
13304,16494,layout_pi16495_d16494
13305,16496,layout_pi16497_d16496
13306,16497,layout_pi16498_d16497
13307,16502,layout_pi16503_d16502
13308,16505,layout_pi16506_d16505
13309,16506,layout_pi16507_d16506
13310,16507,layout_pi16508_d16507
13311,16508,layout_pi16509_d16508
13312,16510,layout_pi16511_d16510
13313,16511,layout_pi16512_d16511
13314,16512,layout_pi16513_d16512
13315,16518,layout_pi16519_d16518
13316,16520,layout_pi16521_d16520
13317,16521,layout_pi16522_d16521
13318,16524,layout_pi16525_d16524
13319,16527,layout_pi16528_d16527
13320,16532,layout_pi16533_d16532
13321,16534,layout_pi16535_d16534
13322,16538,layout_pi16539_d16538
13323,16541,layout_pi16542_d16541
13324,16542,layout_pi16543_d16542
13325,16543,layout_pi16544_d16543
13326,16544,layout_pi16545_d16544
13327,16545,layout_pi16546_d16545
13328,16547,layout_pi16548_d16547
13329,16548,layout_pi16549_d16548
13330,16550,layout_pi16551_d16550
13331,16552,layout_pi16553_d16552
13332,16553,layout_pi16554_d16553
13333,16554,layout_pi16555_d16554
13334,16555,layout_pi16556_d16555
13335,16556,layout_pi16557_d16556
13336,16557,layout_pi16558_d16557
13337,16560,layout_pi16561_d16560
13338,16562,layout_pi16563_d16562
13339,16563,layout_pi16564_d16563
13340,16565,layout_pi16566_d16565
13341,16566,layout_pi16567_d16566
13342,16567,layout_pi16568_d16567
13343,16571,layout_pi16572_d16571
13344,16573,layout_pi16574_d16573
13345,16575,layout_pi16576_d16575
13346,16576,layout_pi16577_d16576
13347,16578,layout_pi16579_d16578
13348,16579,layout_pi16580_d16579
13349,16580,layout_pi16581_d16580
13350,16581,layout_pi16582_d16581
13351,16582,layout_pi16583_d16582
13352,16584,layout_pi16585_d16584
13353,16585,layout_pi16586_d16585
13354,16586,layout_pi16587_d16586
13355,16587,layout_pi16588_d16587
13356,16588,layout_pi16589_d16588
13357,16589,layout_pi16590_d16589
13358,16592,layout_pi16593_d16592
13359,16593,layout_pi16594_d16593
13360,16594,layout_pi16595_d16594
13361,16595,layout_pi16596_d16595
13362,16596,layout_pi16597_d16596
13363,16597,layout_pi16598_d16597
13364,16598,layout_pi16599_d16598
13365,16599,layout_pi16600_d16599
13366,16600,layout_pi16601_d16600
13367,16601,layout_pi16602_d16601
13368,16602,layout_pi16603_d16602
13369,16603,layout_pi16604_d16603
13370,16604,layout_pi16605_d16604
13371,16605,layout_pi16606_d16605
13372,16610,layout_pi16611_d16610
13373,16611,layout_pi16612_d16611
13374,16612,layout_pi16613_d16612
13375,16614,layout_pi16615_d16614
13376,16616,layout_pi16617_d16616
13377,16617,layout_pi16618_d16617
13378,16618,layout_pi16619_d16618
13379,16619,layout_pi16620_d16619
13380,16620,layout_pi16621_d16620
13381,16621,layout_pi16622_d16621
13382,16622,layout_pi16623_d16622
13383,16624,layout_pi16625_d16624
13384,16627,layout_pi16628_d16627
13385,16628,layout_pi16629_d16628
13386,16630,layout_pi16631_d16630
13387,16632,layout_pi16633_d16632
13388,16634,layout_pi16635_d16634
13389,16635,layout_pi16636_d16635
13390,16638,layout_pi16639_d16638
13391,16641,layout_pi16642_d16641
13392,16642,layout_pi16643_d16642
13393,16643,layout_pi16644_d16643
13394,16644,layout_pi16645_d16644
13395,16645,layout_pi16646_d16645
13396,16648,layout_pi16649_d16648
13397,16649,layout_pi16650_d16649
13398,16651,layout_pi16652_d16651
13399,16655,layout_pi16656_d16655
13400,16656,layout_pi16657_d16656
13401,16658,layout_pi16659_d16658
13402,16659,layout_pi16660_d16659
13403,16660,layout_pi16661_d16660
13404,16661,layout_pi16662_d16661
13405,16663,layout_pi16664_d16663
13406,16664,layout_pi16665_d16664
13407,16665,layout_pi16666_d16665
13408,16666,layout_pi16667_d16666
13409,16667,layout_pi16668_d16667
13410,16669,layout_pi16670_d16669
13411,16670,layout_pi16671_d16670
13412,16671,layout_pi16672_d16671
13413,16672,layout_pi16673_d16672
13414,16673,layout_pi16674_d16673
13415,16674,layout_pi16675_d16674
13416,16675,layout_pi16676_d16675
13417,16676,layout_pi16677_d16676
13418,16679,layout_pi16680_d16679
13419,16680,layout_pi16681_d16680
13420,16683,layout_pi16684_d16683
13421,16684,layout_pi16685_d16684
13422,16685,layout_pi16686_d16685
13423,16687,layout_pi16688_d16687
13424,16688,layout_pi16689_d16688
13425,16690,layout_pi16691_d16690
13426,16692,layout_pi16693_d16692
13427,16694,layout_pi16695_d16694
13428,16696,layout_pi16697_d16696
13429,16697,layout_pi16698_d16697
13430,16699,layout_pi16700_d16699
13431,16701,layout_pi16702_d16701
13432,16702,layout_pi16703_d16702
13433,16703,layout_pi16704_d16703
13434,16704,layout_pi16705_d16704
13435,16706,layout_pi16707_d16706
13436,16707,layout_pi16708_d16707
13437,16708,layout_pi16709_d16708
13438,16712,layout_pi16713_d16712
13439,16713,layout_pi16714_d16713
13440,16714,layout_pi16715_d16714
13441,16716,layout_pi16717_d16716
13442,16717,layout_pi16718_d16717
13443,16718,layout_pi16719_d16718
13444,16719,layout_pi16720_d16719
13445,16720,layout_pi16721_d16720
13446,16721,layout_pi16722_d16721
13447,16722,layout_pi16723_d16722
13448,16723,layout_pi16724_d16723
13449,16726,layout_pi16727_d16726
13450,16727,layout_pi16728_d16727
13451,16728,layout_pi16729_d16728
13452,16729,layout_pi16730_d16729
13453,16730,layout_pi16731_d16730
13454,16731,layout_pi16732_d16731
13455,16733,layout_pi16734_d16733
13456,16734,layout_pi16735_d16734
13457,16744,layout_pi16745_d16744
13458,16745,layout_pi16746_d16745
13459,16746,layout_pi16747_d16746
13460,16747,layout_pi16748_d16747
13461,16749,layout_pi16750_d16749
13462,16751,layout_pi16752_d16751
13463,16752,layout_pi16753_d16752
13464,16753,layout_pi16754_d16753
13465,16754,layout_pi16755_d16754
13466,16756,layout_pi16757_d16756
13467,16757,layout_pi16758_d16757
13468,16760,layout_pi16761_d16760
13469,16761,layout_pi16762_d16761
13470,16762,layout_pi16763_d16762
13471,16763,layout_pi16764_d16763
13472,16764,layout_pi16765_d16764
13473,16765,layout_pi16766_d16765
13474,16766,layout_pi16767_d16766
13475,16769,layout_pi16770_d16769
13476,16770,layout_pi16771_d16770
13477,16771,layout_pi16772_d16771
13478,16772,layout_pi16773_d16772
13479,16773,layout_pi16774_d16773
13480,16774,layout_pi16775_d16774
13481,16776,layout_pi16777_d16776
13482,16777,layout_pi16778_d16777
13483,16778,layout_pi16779_d16778
13484,16779,layout_pi16780_d16779
13485,16783,layout_pi16784_d16783
13486,16784,layout_pi16785_d16784
13487,16786,layout_pi16787_d16786
13488,16787,layout_pi16788_d16787
13489,16788,layout_pi16789_d16788
13490,16790,layout_pi16791_d16790
13491,16791,layout_pi16792_d16791
13492,16793,layout_pi16794_d16793
13493,16795,layout_pi16796_d16795
13494,16796,layout_pi16797_d16796
13495,16797,layout_pi16798_d16797
13496,16798,layout_pi16799_d16798
13497,16799,layout_pi16800_d16799
13498,16801,layout_pi16802_d16801
13499,16803,layout_pi16804_d16803
13500,16804,layout_pi16805_d16804
13501,16805,layout_pi16806_d16805
13502,16806,layout_pi16807_d16806
13503,16807,layout_pi16808_d16807
13504,16808,layout_pi16809_d16808
13505,16809,layout_pi16810_d16809
13506,16812,layout_pi16813_d16812
13507,16813,layout_pi16814_d16813
13508,16814,layout_pi16815_d16814
13509,16816,layout_pi16817_d16816
13510,16817,layout_pi16818_d16817
13511,16820,layout_pi16821_d16820
13512,16822,layout_pi16823_d16822
13513,16824,layout_pi16825_d16824
13514,16827,layout_pi16828_d16827
13515,16829,layout_pi16830_d16829
13516,16831,layout_pi16832_d16831
13517,16832,layout_pi16833_d16832
13518,16833,layout_pi16834_d16833
13519,16834,layout_pi16835_d16834
13520,16836,layout_pi16837_d16836
13521,16837,layout_pi16838_d16837
13522,16841,layout_pi16842_d16841
13523,16842,layout_pi16843_d16842
13524,16844,layout_pi16845_d16844
13525,16846,layout_pi16847_d16846
13526,16847,layout_pi16848_d16847
13527,16849,layout_pi16850_d16849
13528,16850,layout_pi16851_d16850
13529,16851,layout_pi16852_d16851
13530,16853,layout_pi16854_d16853
13531,16854,layout_pi16855_d16854
13532,16855,layout_pi16856_d16855
13533,16856,layout_pi16857_d16856
13534,16857,layout_pi16858_d16857
13535,16858,layout_pi16859_d16858
13536,16859,layout_pi16860_d16859
13537,16861,layout_pi16862_d16861
13538,16862,layout_pi16863_d16862
13539,16863,layout_pi16864_d16863
13540,16864,layout_pi16865_d16864
13541,16865,layout_pi16866_d16865
13542,16866,layout_pi16867_d16866
13543,16867,layout_pi16868_d16867
13544,16868,layout_pi16869_d16868
13545,16870,layout_pi16871_d16870
13546,16872,layout_pi16873_d16872
13547,16873,layout_pi16874_d16873
13548,16876,layout_pi16877_d16876
13549,16877,layout_pi16878_d16877
13550,16878,layout_pi16879_d16878
13551,16881,layout_pi16882_d16881
13552,16883,layout_pi16884_d16883
13553,16884,layout_pi16885_d16884
13554,16885,layout_pi16886_d16885
13555,16888,layout_pi16889_d16888
13556,16890,layout_pi16891_d16890
13557,16891,layout_pi16892_d16891
13558,16892,layout_pi16893_d16892
13559,16893,layout_pi16894_d16893
13560,16895,layout_pi16896_d16895
13561,16896,layout_pi16897_d16896
13562,16897,layout_pi16898_d16897
13563,16902,layout_pi16903_d16902
13564,16903,layout_pi16904_d16903
13565,16904,layout_pi16905_d16904
13566,16905,layout_pi16906_d16905
13567,16908,layout_pi16909_d16908
13568,16909,layout_pi16910_d16909
13569,16910,layout_pi16911_d16910
13570,16911,layout_pi16912_d16911
13571,16913,layout_pi16914_d16913
13572,16914,layout_pi16915_d16914
13573,16916,layout_pi16917_d16916
13574,16917,layout_pi16918_d16917
13575,16922,layout_pi16923_d16922
13576,16923,layout_pi16924_d16923
13577,16924,layout_pi16925_d16924
13578,16929,layout_pi16930_d16929
13579,16930,layout_pi16931_d16930
13580,16935,layout_pi16936_d16935
13581,16937,layout_pi16938_d16937
13582,16938,layout_pi16939_d16938
13583,16942,layout_pi16943_d16942
13584,16944,layout_pi16945_d16944
13585,16945,layout_pi16946_d16945
13586,16946,layout_pi16947_d16946
13587,16947,layout_pi16948_d16947
13588,16948,layout_pi16949_d16948
13589,16952,layout_pi16953_d16952
13590,16954,layout_pi16955_d16954
13591,16955,layout_pi16956_d16955
13592,16957,layout_pi16958_d16957
13593,16958,layout_pi16959_d16958
13594,16960,layout_pi16961_d16960
13595,16962,layout_pi16963_d16962
13596,16963,layout_pi16964_d16963
13597,16968,layout_pi16969_d16968
13598,16969,layout_pi16970_d16969
13599,16971,layout_pi16972_d16971
13600,16972,layout_pi16973_d16972
13601,16973,layout_pi16974_d16973
13602,16974,layout_pi16975_d16974
13603,16976,layout_pi16977_d16976
13604,16977,layout_pi16978_d16977
13605,16979,layout_pi16980_d16979
13606,16980,layout_pi16981_d16980
13607,16981,layout_pi16982_d16981
13608,16982,layout_pi16983_d16982
13609,16983,layout_pi16984_d16983
13610,16984,layout_pi16985_d16984
13611,16987,layout_pi16988_d16987
13612,16988,layout_pi16989_d16988
13613,16993,layout_pi16994_d16993
13614,16995,layout_pi16996_d16995
13615,16996,layout_pi16997_d16996
13616,16997,layout_pi16998_d16997
13617,16998,layout_pi16999_d16998
13618,16999,layout_pi17000_d16999
13619,17000,layout_pi17001_d17000
13620,17001,layout_pi17002_d17001
13621,17002,layout_pi17003_d17002
13622,17003,layout_pi17004_d17003
13623,17005,layout_pi17006_d17005
13624,17006,layout_pi17007_d17006
13625,17007,layout_pi17008_d17007
13626,17009,layout_pi17010_d17009
13627,17010,layout_pi17011_d17010
13628,17011,layout_pi17012_d17011
13629,17012,layout_pi17013_d17012
13630,17015,layout_pi17016_d17015
13631,17016,layout_pi17017_d17016
13632,17017,layout_pi17018_d17017
13633,17019,layout_pi17020_d17019
13634,17020,layout_pi17021_d17020
13635,17021,layout_pi17022_d17021
13636,17023,layout_pi17024_d17023
13637,17024,layout_pi17025_d17024
13638,17025,layout_pi17026_d17025
13639,17026,layout_pi17027_d17026
13640,17027,layout_pi17028_d17027
13641,17028,layout_pi17029_d17028
13642,17032,layout_pi17033_d17032
13643,17033,layout_pi17034_d17033
13644,17034,layout_pi17035_d17034
13645,17035,layout_pi17036_d17035
13646,17037,layout_pi17038_d17037
13647,17039,layout_pi17040_d17039
13648,17040,layout_pi17041_d17040
13649,17041,layout_pi17042_d17041
13650,17042,layout_pi17043_d17042
13651,17043,layout_pi17044_d17043
13652,17046,layout_pi17047_d17046
13653,17047,layout_pi17048_d17047
13654,17048,layout_pi17049_d17048
13655,17050,layout_pi17051_d17050
13656,17051,layout_pi17052_d17051
13657,17052,layout_pi17053_d17052
13658,17054,layout_pi17055_d17054
13659,17055,layout_pi17056_d17055
13660,17057,layout_pi17058_d17057
13661,17060,layout_pi17061_d17060
13662,17061,layout_pi17062_d17061
13663,17062,layout_pi17063_d17062
13664,17063,layout_pi17064_d17063
13665,17064,layout_pi17065_d17064
13666,17065,layout_pi17066_d17065
13667,17066,layout_pi17067_d17066
13668,17069,layout_pi17070_d17069
13669,17070,layout_pi17071_d17070
13670,17072,layout_pi17073_d17072
13671,17073,layout_pi17074_d17073
13672,17074,layout_pi17075_d17074
13673,17077,layout_pi17078_d17077
13674,17079,layout_pi17080_d17079
13675,17081,layout_pi17082_d17081
13676,17082,layout_pi17083_d17082
13677,17083,layout_pi17084_d17083
13678,17085,layout_pi17086_d17085
13679,17086,layout_pi17087_d17086
13680,17087,layout_pi17088_d17087
13681,17089,layout_pi17090_d17089
13682,17090,layout_pi17091_d17090
13683,17091,layout_pi17092_d17091
13684,17093,layout_pi17094_d17093
13685,17095,layout_pi17096_d17095
13686,17096,layout_pi17097_d17096
13687,17097,layout_pi17098_d17097
13688,17098,layout_pi17099_d17098
13689,17099,layout_pi17100_d17099
13690,17100,layout_pi17101_d17100
13691,17101,layout_pi17102_d17101
13692,17102,layout_pi17103_d17102
13693,17105,layout_pi17106_d17105
13694,17106,layout_pi17107_d17106
13695,17108,layout_pi17109_d17108
13696,17110,layout_pi17111_d17110
13697,17111,layout_pi17112_d17111
13698,17114,layout_pi17115_d17114
13699,17116,layout_pi17117_d17116
13700,17119,layout_pi17120_d17119
13701,17121,layout_pi17122_d17121
13702,17124,layout_pi17125_d17124
13703,17126,layout_pi17127_d17126
13704,17127,layout_pi17128_d17127
13705,17128,layout_pi17129_d17128
13706,17129,layout_pi17130_d17129
13707,17131,layout_pi17132_d17131
13708,17132,layout_pi17133_d17132
13709,17133,layout_pi17134_d17133
13710,17134,layout_pi17135_d17134
13711,17135,layout_pi17136_d17135
13712,17138,layout_pi17139_d17138
13713,17139,layout_pi17140_d17139
13714,17140,layout_pi17141_d17140
13715,17142,layout_pi17143_d17142
13716,17144,layout_pi17145_d17144
13717,17145,layout_pi17146_d17145
13718,17147,layout_pi17148_d17147
13719,17148,layout_pi17149_d17148
13720,17152,layout_pi17153_d17152
13721,17155,layout_pi17156_d17155
13722,17156,layout_pi17157_d17156
13723,17157,layout_pi17158_d17157
13724,17158,layout_pi17159_d17158
13725,17159,layout_pi17160_d17159
13726,17161,layout_pi17162_d17161
13727,17162,layout_pi17163_d17162
13728,17164,layout_pi17165_d17164
13729,17165,layout_pi17166_d17165
13730,17166,layout_pi17167_d17166
13731,17167,layout_pi17168_d17167
13732,17168,layout_pi17169_d17168
13733,17171,layout_pi17172_d17171
13734,17173,layout_pi17174_d17173
13735,17174,layout_pi17175_d17174
13736,17178,layout_pi17179_d17178
13737,17179,layout_pi17180_d17179
13738,17181,layout_pi17182_d17181
13739,17183,layout_pi17184_d17183
13740,17184,layout_pi17185_d17184
13741,17185,layout_pi17186_d17185
13742,17187,layout_pi17188_d17187
13743,17188,layout_pi17189_d17188
13744,17189,layout_pi17190_d17189
13745,17193,layout_pi17194_d17193
13746,17194,layout_pi17195_d17194
13747,17195,layout_pi17196_d17195
13748,17196,layout_pi17197_d17196
13749,17197,layout_pi17198_d17197
13750,17198,layout_pi17199_d17198
13751,17199,layout_pi17200_d17199
13752,17200,layout_pi17201_d17200
13753,17201,layout_pi17202_d17201
13754,17203,layout_pi17204_d17203
13755,17204,layout_pi17205_d17204
13756,17205,layout_pi17206_d17205
13757,17206,layout_pi17207_d17206
13758,17207,layout_pi17208_d17207
13759,17208,layout_pi17209_d17208
13760,17209,layout_pi17210_d17209
13761,17211,layout_pi17212_d17211
13762,17212,layout_pi17213_d17212
13763,17213,layout_pi17214_d17213
13764,17214,layout_pi17215_d17214
13765,17215,layout_pi17216_d17215
13766,17217,layout_pi17218_d17217
13767,17218,layout_pi17219_d17218
13768,17219,layout_pi17220_d17219
13769,17220,layout_pi17221_d17220
13770,17221,layout_pi17222_d17221
13771,17226,layout_pi17227_d17226
13772,17228,layout_pi17229_d17228
13773,17230,layout_pi17231_d17230
13774,17231,layout_pi17232_d17231
13775,17233,layout_pi17234_d17233
13776,17234,layout_pi17235_d17234
13777,17235,layout_pi17236_d17235
13778,17237,layout_pi17238_d17237
13779,17238,layout_pi17239_d17238
13780,17239,layout_pi17240_d17239
13781,17240,layout_pi17241_d17240
13782,17241,layout_pi17242_d17241
13783,17242,layout_pi17243_d17242
13784,17244,layout_pi17245_d17244
13785,17245,layout_pi17246_d17245
13786,17246,layout_pi17247_d17246
13787,17251,layout_pi17252_d17251
13788,17252,layout_pi17253_d17252
13789,17256,layout_pi17257_d17256
13790,17257,layout_pi17258_d17257
13791,17258,layout_pi17259_d17258
13792,17259,layout_pi17260_d17259
13793,17260,layout_pi17261_d17260
13794,17261,layout_pi17262_d17261
13795,17262,layout_pi17263_d17262
13796,17264,layout_pi17265_d17264
13797,17266,layout_pi17267_d17266
13798,17268,layout_pi17269_d17268
13799,17269,layout_pi17270_d17269
13800,17273,layout_pi17274_d17273
13801,17274,layout_pi17275_d17274
13802,17277,layout_pi17278_d17277
13803,17278,layout_pi17279_d17278
13804,17279,layout_pi17280_d17279
13805,17282,layout_pi17283_d17282
13806,17283,layout_pi17284_d17283
13807,17284,layout_pi17285_d17284
13808,17285,layout_pi17286_d17285
13809,17288,layout_pi17289_d17288
13810,17289,layout_pi17290_d17289
13811,17290,layout_pi17291_d17290
13812,17291,layout_pi17292_d17291
13813,17292,layout_pi17293_d17292
13814,17293,layout_pi17294_d17293
13815,17295,layout_pi17296_d17295
13816,17296,layout_pi17297_d17296
13817,17297,layout_pi17298_d17297
13818,17298,layout_pi17299_d17298
13819,17299,layout_pi17300_d17299
13820,17301,layout_pi17302_d17301
13821,17302,layout_pi17303_d17302
13822,17303,layout_pi17304_d17303
13823,17304,layout_pi17305_d17304
13824,17307,layout_pi17308_d17307
13825,17308,layout_pi17309_d17308
13826,17312,layout_pi17313_d17312
13827,17315,layout_pi17316_d17315
13828,17316,layout_pi17317_d17316
13829,17317,layout_pi17318_d17317
13830,17318,layout_pi17319_d17318
13831,17323,layout_pi17324_d17323
13832,17324,layout_pi17325_d17324
13833,17326,layout_pi17327_d17326
13834,17327,layout_pi17328_d17327
13835,17328,layout_pi17329_d17328
13836,17329,layout_pi17330_d17329
13837,17330,layout_pi17331_d17330
13838,17331,layout_pi17332_d17331
13839,17332,layout_pi17333_d17332
13840,17333,layout_pi17334_d17333
13841,17337,layout_pi17338_d17337
13842,17338,layout_pi17339_d17338
13843,17339,layout_pi17340_d17339
13844,17340,layout_pi17341_d17340
13845,17341,layout_pi17342_d17341
13846,17342,layout_pi17343_d17342
13847,17344,layout_pi17345_d17344
13848,17346,layout_pi17347_d17346
13849,17348,layout_pi17349_d17348
13850,17350,layout_pi17351_d17350
13851,17351,layout_pi17352_d17351
13852,17354,layout_pi17355_d17354
13853,17356,layout_pi17357_d17356
13854,17359,layout_pi17360_d17359
13855,17361,layout_pi17362_d17361
13856,17362,layout_pi17363_d17362
13857,17363,layout_pi17364_d17363
13858,17366,layout_pi17367_d17366
13859,17367,layout_pi17368_d17367
13860,17369,layout_pi17370_d17369
13861,17370,layout_pi17371_d17370
13862,17372,layout_pi17373_d17372
13863,17373,layout_pi17374_d17373
13864,17375,layout_pi17376_d17375
13865,17379,layout_pi17380_d17379
13866,17380,layout_pi17381_d17380
13867,17381,layout_pi17382_d17381
13868,17382,layout_pi17383_d17382
13869,17383,layout_pi17384_d17383
13870,17385,layout_pi17386_d17385
13871,17392,layout_pi17393_d17392
13872,17394,layout_pi17395_d17394
13873,17395,layout_pi17396_d17395
13874,17396,layout_pi17397_d17396
13875,17398,layout_pi17399_d17398
13876,17399,layout_pi17400_d17399
13877,17400,layout_pi17401_d17400
13878,17401,layout_pi17402_d17401
13879,17402,layout_pi17403_d17402
13880,17408,layout_pi17409_d17408
13881,17409,layout_pi17410_d17409
13882,17410,layout_pi17411_d17410
13883,17411,layout_pi17412_d17411
13884,17412,layout_pi17413_d17412
13885,17414,layout_pi17415_d17414
13886,17416,layout_pi17417_d17416
13887,17417,layout_pi17418_d17417
13888,17418,layout_pi17419_d17418
13889,17421,layout_pi17422_d17421
13890,17422,layout_pi17423_d17422
13891,17423,layout_pi17424_d17423
13892,17424,layout_pi17425_d17424
13893,17427,layout_pi17428_d17427
13894,17430,layout_pi17431_d17430
13895,17432,layout_pi17433_d17432
13896,17433,layout_pi17434_d17433
13897,17439,layout_pi17440_d17439
13898,17442,layout_pi17443_d17442
13899,17443,layout_pi17444_d17443
13900,17444,layout_pi17445_d17444
13901,17445,layout_pi17446_d17445
13902,17446,layout_pi17447_d17446
13903,17447,layout_pi17448_d17447
13904,17448,layout_pi17449_d17448
13905,17449,layout_pi17450_d17449
13906,17452,layout_pi17453_d17452
13907,17453,layout_pi17454_d17453
13908,17454,layout_pi17455_d17454
13909,17456,layout_pi17457_d17456
13910,17457,layout_pi17458_d17457
13911,17458,layout_pi17459_d17458
13912,17460,layout_pi17461_d17460
13913,17461,layout_pi17462_d17461
13914,17463,layout_pi17464_d17463
13915,17465,layout_pi17466_d17465
13916,17467,layout_pi17468_d17467
13917,17470,layout_pi17471_d17470
13918,17471,layout_pi17472_d17471
13919,17473,layout_pi17474_d17473
13920,17474,layout_pi17475_d17474
13921,17476,layout_pi17477_d17476
13922,17478,layout_pi17479_d17478
13923,17479,layout_pi17480_d17479
13924,17481,layout_pi17482_d17481
13925,17484,layout_pi17485_d17484
13926,17485,layout_pi17486_d17485
13927,17486,layout_pi17487_d17486
13928,17487,layout_pi17488_d17487
13929,17488,layout_pi17489_d17488
13930,17489,layout_pi17490_d17489
13931,17490,layout_pi17491_d17490
13932,17491,layout_pi17492_d17491
13933,17492,layout_pi17493_d17492
13934,17494,layout_pi17495_d17494
13935,17497,layout_pi17498_d17497
13936,17498,layout_pi17499_d17498
13937,17501,layout_pi17502_d17501
13938,17505,layout_pi17506_d17505
13939,17507,layout_pi17508_d17507
13940,17509,layout_pi17510_d17509
13941,17510,layout_pi17511_d17510
13942,17511,layout_pi17512_d17511
13943,17512,layout_pi17513_d17512
13944,17513,layout_pi17514_d17513
13945,17515,layout_pi17516_d17515
13946,17518,layout_pi17519_d17518
13947,17519,layout_pi17520_d17519
13948,17521,layout_pi17522_d17521
13949,17523,layout_pi17524_d17523
13950,17524,layout_pi17525_d17524
13951,17526,layout_pi17527_d17526
13952,17527,layout_pi17528_d17527
13953,17531,layout_pi17532_d17531
13954,17532,layout_pi17533_d17532
13955,17534,layout_pi17535_d17534
13956,17538,layout_pi17539_d17538
13957,17541,layout_pi17542_d17541
13958,17542,layout_pi17543_d17542
13959,17543,layout_pi17544_d17543
13960,17544,layout_pi17545_d17544
13961,17545,layout_pi17546_d17545
13962,17546,layout_pi17547_d17546
13963,17547,layout_pi17548_d17547
13964,17548,layout_pi17549_d17548
13965,17549,layout_pi17550_d17549
13966,17555,layout_pi17556_d17555
13967,17556,layout_pi17557_d17556
13968,17557,layout_pi17558_d17557
13969,17559,layout_pi17560_d17559
13970,17560,layout_pi17561_d17560
13971,17562,layout_pi17563_d17562
13972,17564,layout_pi17565_d17564
13973,17565,layout_pi17566_d17565
13974,17566,layout_pi17567_d17566
13975,17567,layout_pi17568_d17567
13976,17568,layout_pi17569_d17568
13977,17575,layout_pi17576_d17575
13978,17576,layout_pi17577_d17576
13979,17577,layout_pi17578_d17577
13980,17587,layout_pi17588_d17587
13981,17588,layout_pi17589_d17588
13982,17590,layout_pi17591_d17590
13983,17592,layout_pi17593_d17592
13984,17593,layout_pi17594_d17593
13985,17596,layout_pi17597_d17596
13986,17597,layout_pi17598_d17597
13987,17598,layout_pi17599_d17598
13988,17599,layout_pi17600_d17599
13989,17600,layout_pi17601_d17600
13990,17602,layout_pi17603_d17602
13991,17603,layout_pi17604_d17603
13992,17604,layout_pi17605_d17604
13993,17607,layout_pi17608_d17607
13994,17608,layout_pi17609_d17608
13995,17609,layout_pi17610_d17609
13996,17610,layout_pi17611_d17610
13997,17611,layout_pi17612_d17611
13998,17612,layout_pi17613_d17612
13999,17613,layout_pi17614_d17613
14000,17615,layout_pi17616_d17615
14001,17616,layout_pi17617_d17616
14002,17617,layout_pi17618_d17617
14003,17618,layout_pi17619_d17618
14004,17620,layout_pi17621_d17620
14005,17623,layout_pi17624_d17623
14006,17624,layout_pi17625_d17624
14007,17625,layout_pi17626_d17625
14008,17627,layout_pi17628_d17627
14009,17629,layout_pi17630_d17629
14010,17635,layout_pi17636_d17635
14011,17636,layout_pi17637_d17636
14012,17638,layout_pi17639_d17638
14013,17640,layout_pi17641_d17640
14014,17643,layout_pi17644_d17643
14015,17644,layout_pi17645_d17644
14016,17647,layout_pi17648_d17647
14017,17648,layout_pi17649_d17648
14018,17650,layout_pi17651_d17650
14019,17657,layout_pi17658_d17657
14020,17661,layout_pi17662_d17661
14021,17663,layout_pi17664_d17663
14022,17665,layout_pi17666_d17665
14023,17667,layout_pi17668_d17667
14024,17669,layout_pi17670_d17669
14025,17670,layout_pi17671_d17670
14026,17671,layout_pi17672_d17671
14027,17672,layout_pi17673_d17672
14028,17674,layout_pi17675_d17674
14029,17675,layout_pi17676_d17675
14030,17676,layout_pi17677_d17676
14031,17679,layout_pi17680_d17679
14032,17683,layout_pi17684_d17683
14033,17691,layout_pi17692_d17691
14034,17692,layout_pi17693_d17692
14035,17693,layout_pi17694_d17693
14036,17694,layout_pi17695_d17694
14037,17695,layout_pi17696_d17695
14038,17697,layout_pi17698_d17697
14039,17700,layout_pi17701_d17700
14040,17701,layout_pi17702_d17701
14041,17702,layout_pi17703_d17702
14042,17704,layout_pi17705_d17704
14043,17707,layout_pi17708_d17707
14044,17709,layout_pi17710_d17709
14045,17710,layout_pi17711_d17710
14046,17711,layout_pi17712_d17711
14047,17712,layout_pi17713_d17712
14048,17713,layout_pi17714_d17713
14049,17715,layout_pi17716_d17715
14050,17716,layout_pi17717_d17716
14051,17717,layout_pi17718_d17717
14052,17719,layout_pi17720_d17719
14053,17722,layout_pi17723_d17722
14054,17723,layout_pi17724_d17723
14055,17724,layout_pi17725_d17724
14056,17726,layout_pi17727_d17726
14057,17728,layout_pi17729_d17728
14058,17730,layout_pi17731_d17730
14059,17731,layout_pi17732_d17731
14060,17734,layout_pi17735_d17734
14061,17735,layout_pi17736_d17735
14062,17736,layout_pi17737_d17736
14063,17741,layout_pi17742_d17741
14064,17743,layout_pi17744_d17743
14065,17744,layout_pi17745_d17744
14066,17746,layout_pi17747_d17746
14067,17748,layout_pi17749_d17748
14068,17749,layout_pi17750_d17749
14069,17750,layout_pi17751_d17750
14070,17751,layout_pi17752_d17751
14071,17753,layout_pi17754_d17753
14072,17756,layout_pi17757_d17756
14073,17757,layout_pi17758_d17757
14074,17759,layout_pi17760_d17759
14075,17761,layout_pi17762_d17761
14076,17762,layout_pi17763_d17762
14077,17763,layout_pi17764_d17763
14078,17769,layout_pi17770_d17769
14079,17774,layout_pi17775_d17774
14080,17775,layout_pi17776_d17775
14081,17777,layout_pi17778_d17777
14082,17778,layout_pi17779_d17778
14083,17781,layout_pi17782_d17781
14084,17785,layout_pi17786_d17785
14085,17787,layout_pi17788_d17787
14086,17789,layout_pi17790_d17789
14087,17790,layout_pi17791_d17790
14088,17792,layout_pi17793_d17792
14089,17793,layout_pi17794_d17793
14090,17794,layout_pi17795_d17794
14091,17796,layout_pi17797_d17796
14092,17797,layout_pi17798_d17797
14093,17798,layout_pi17799_d17798
14094,17799,layout_pi17800_d17799
14095,17800,layout_pi17801_d17800
14096,17801,layout_pi17802_d17801
14097,17802,layout_pi17803_d17802
14098,17803,layout_pi17804_d17803
14099,17805,layout_pi17806_d17805
14100,17806,layout_pi17807_d17806
14101,17807,layout_pi17808_d17807
14102,17811,layout_pi17812_d17811
14103,17812,layout_pi17813_d17812
14104,17814,layout_pi17815_d17814
14105,17816,layout_pi17817_d17816
14106,17817,layout_pi17818_d17817
14107,17818,layout_pi17819_d17818
14108,17819,layout_pi17820_d17819
14109,17820,layout_pi17821_d17820
14110,17821,layout_pi17822_d17821
14111,17822,layout_pi17823_d17822
14112,17823,layout_pi17824_d17823
14113,17824,layout_pi17825_d17824
14114,17825,layout_pi17826_d17825
14115,17826,layout_pi17827_d17826
14116,17828,layout_pi17829_d17828
14117,17829,layout_pi17830_d17829
14118,17830,layout_pi17831_d17830
14119,17832,layout_pi17833_d17832
14120,17834,layout_pi17835_d17834
14121,17835,layout_pi17836_d17835
14122,17838,layout_pi17839_d17838
14123,17839,layout_pi17840_d17839
14124,17840,layout_pi17841_d17840
14125,17841,layout_pi17842_d17841
14126,17842,layout_pi17843_d17842
14127,17843,layout_pi17844_d17843
14128,17844,layout_pi17845_d17844
14129,17845,layout_pi17846_d17845
14130,17846,layout_pi17847_d17846
14131,17849,layout_pi17850_d17849
14132,17850,layout_pi17851_d17850
14133,17852,layout_pi17853_d17852
14134,17854,layout_pi17855_d17854
14135,17855,layout_pi17856_d17855
14136,17856,layout_pi17857_d17856
14137,17860,layout_pi17861_d17860
14138,17861,layout_pi17862_d17861
14139,17862,layout_pi17863_d17862
14140,17863,layout_pi17864_d17863
14141,17864,layout_pi17865_d17864
14142,17865,layout_pi17866_d17865
14143,17867,layout_pi17868_d17867
14144,17870,layout_pi17871_d17870
14145,17874,layout_pi17875_d17874
14146,17876,layout_pi17877_d17876
14147,17877,layout_pi17878_d17877
14148,17879,layout_pi17880_d17879
14149,17880,layout_pi17881_d17880
14150,17881,layout_pi17882_d17881
14151,17882,layout_pi17883_d17882
14152,17884,layout_pi17885_d17884
14153,17885,layout_pi17886_d17885
14154,17886,layout_pi17887_d17886
14155,17887,layout_pi17888_d17887
14156,17888,layout_pi17889_d17888
14157,17889,layout_pi17890_d17889
14158,17890,layout_pi17891_d17890
14159,17891,layout_pi17892_d17891
14160,17894,layout_pi17895_d17894
14161,17895,layout_pi17896_d17895
14162,17896,layout_pi17897_d17896
14163,17897,layout_pi17898_d17897
14164,17898,layout_pi17899_d17898
14165,17899,layout_pi17900_d17899
14166,17900,layout_pi17901_d17900
14167,17901,layout_pi17902_d17901
14168,17902,layout_pi17903_d17902
14169,17903,layout_pi17904_d17903
14170,17904,layout_pi17905_d17904
14171,17909,layout_pi17910_d17909
14172,17910,layout_pi17911_d17910
14173,17911,layout_pi17912_d17911
14174,17912,layout_pi17913_d17912
14175,17913,layout_pi17914_d17913
14176,17914,layout_pi17915_d17914
14177,17915,layout_pi17916_d17915
14178,17917,layout_pi17918_d17917
14179,17918,layout_pi17919_d17918
14180,17919,layout_pi17920_d17919
14181,17920,layout_pi17921_d17920
14182,17921,layout_pi17922_d17921
14183,17922,layout_pi17923_d17922
14184,17924,layout_pi17925_d17924
14185,17925,layout_pi17926_d17925
14186,17926,layout_pi17927_d17926
14187,17927,layout_pi17928_d17927
14188,17928,layout_pi17929_d17928
14189,17929,layout_pi17930_d17929
14190,17930,layout_pi17931_d17930
14191,17931,layout_pi17932_d17931
14192,17934,layout_pi17935_d17934
14193,17936,layout_pi17937_d17936
14194,17937,layout_pi17938_d17937
14195,17938,layout_pi17939_d17938
14196,17941,layout_pi17942_d17941
14197,17943,layout_pi17944_d17943
14198,17944,layout_pi17945_d17944
14199,17945,layout_pi17946_d17945
14200,17946,layout_pi17947_d17946
14201,17947,layout_pi17948_d17947
14202,17949,layout_pi17950_d17949
14203,17950,layout_pi17951_d17950
14204,17952,layout_pi17953_d17952
14205,17953,layout_pi17954_d17953
14206,17956,layout_pi17957_d17956
14207,17957,layout_pi17958_d17957
14208,17958,layout_pi17959_d17958
14209,17959,layout_pi17960_d17959
14210,17960,layout_pi17961_d17960
14211,17961,layout_pi17962_d17961
14212,17962,layout_pi17963_d17962
14213,17965,layout_pi17966_d17965
14214,17966,layout_pi17967_d17966
14215,17967,layout_pi17968_d17967
14216,17968,layout_pi17969_d17968
14217,17969,layout_pi17970_d17969
14218,17970,layout_pi17971_d17970
14219,17972,layout_pi17973_d17972
14220,17973,layout_pi17974_d17973
14221,17976,layout_pi17977_d17976
14222,17977,layout_pi17978_d17977
14223,17978,layout_pi17979_d17978
14224,17981,layout_pi17982_d17981
14225,17985,layout_pi17986_d17985
14226,17986,layout_pi17987_d17986
14227,17989,layout_pi17990_d17989
14228,17990,layout_pi17991_d17990
14229,17991,layout_pi17992_d17991
14230,17993,layout_pi17994_d17993
14231,17994,layout_pi17995_d17994
14232,17995,layout_pi17996_d17995
14233,17996,layout_pi17997_d17996
14234,17997,layout_pi17998_d17997
14235,17999,layout_pi18000_d17999
14236,18001,layout_pi18002_d18001
14237,18002,layout_pi18003_d18002
14238,18004,layout_pi18005_d18004
14239,18005,layout_pi18006_d18005
14240,18007,layout_pi18008_d18007
14241,18008,layout_pi18009_d18008
14242,18009,layout_pi18010_d18009
14243,18010,layout_pi18011_d18010
14244,18011,layout_pi18012_d18011
14245,18014,layout_pi18015_d18014
14246,18016,layout_pi18017_d18016
14247,18017,layout_pi18018_d18017
14248,18018,layout_pi18019_d18018
14249,18019,layout_pi18020_d18019
14250,18020,layout_pi18021_d18020
14251,18022,layout_pi18023_d18022
14252,18023,layout_pi18024_d18023
14253,18024,layout_pi18025_d18024
14254,18025,layout_pi18026_d18025
14255,18026,layout_pi18027_d18026
14256,18029,layout_pi18030_d18029
14257,18030,layout_pi18031_d18030
14258,18031,layout_pi18032_d18031
14259,18032,layout_pi18033_d18032
14260,18034,layout_pi18035_d18034
14261,18035,layout_pi18036_d18035
14262,18036,layout_pi18037_d18036
14263,18037,layout_pi18038_d18037
14264,18038,layout_pi18039_d18038
14265,18039,layout_pi18040_d18039
14266,18041,layout_pi18042_d18041
14267,18042,layout_pi18043_d18042
14268,18043,layout_pi18044_d18043
14269,18044,layout_pi18045_d18044
14270,18049,layout_pi18050_d18049
14271,18050,layout_pi18051_d18050
14272,18051,layout_pi18052_d18051
14273,18055,layout_pi18056_d18055
14274,18056,layout_pi18057_d18056
14275,18057,layout_pi18058_d18057
14276,18058,layout_pi18059_d18058
14277,18060,layout_pi18061_d18060
14278,18061,layout_pi18062_d18061
14279,18062,layout_pi18063_d18062
14280,18063,layout_pi18064_d18063
14281,18064,layout_pi18065_d18064
14282,18067,layout_pi18068_d18067
14283,18068,layout_pi18069_d18068
14284,18069,layout_pi18070_d18069
14285,18071,layout_pi18072_d18071
14286,18073,layout_pi18074_d18073
14287,18074,layout_pi18075_d18074
14288,18075,layout_pi18076_d18075
14289,18076,layout_pi18077_d18076
14290,18077,layout_pi18078_d18077
14291,18078,layout_pi18079_d18078
14292,18079,layout_pi18080_d18079
14293,18081,layout_pi18082_d18081
14294,18083,layout_pi18084_d18083
14295,18085,layout_pi18086_d18085
14296,18086,layout_pi18087_d18086
14297,18087,layout_pi18088_d18087
14298,18088,layout_pi18089_d18088
14299,18090,layout_pi18091_d18090
14300,18091,layout_pi18092_d18091
14301,18093,layout_pi18094_d18093
14302,18098,layout_pi18099_d18098
14303,18100,layout_pi18101_d18100
14304,18101,layout_pi18102_d18101
14305,18103,layout_pi18104_d18103
14306,18105,layout_pi18106_d18105
14307,18106,layout_pi18107_d18106
14308,18108,layout_pi18109_d18108
14309,18109,layout_pi18110_d18109
14310,18114,layout_pi18115_d18114
14311,18115,layout_pi18116_d18115
14312,18116,layout_pi18117_d18116
14313,18117,layout_pi18118_d18117
14314,18118,layout_pi18119_d18118
14315,18120,layout_pi18121_d18120
14316,18123,layout_pi18124_d18123
14317,18124,layout_pi18125_d18124
14318,18127,layout_pi18128_d18127
14319,18128,layout_pi18129_d18128
14320,18129,layout_pi18130_d18129
14321,18131,layout_pi18132_d18131
14322,18132,layout_pi18133_d18132
14323,18133,layout_pi18134_d18133
14324,18136,layout_pi18137_d18136
14325,18137,layout_pi18138_d18137
14326,18138,layout_pi18139_d18138
14327,18140,layout_pi18141_d18140
14328,18142,layout_pi18143_d18142
14329,18144,layout_pi18145_d18144
14330,18147,layout_pi18148_d18147
14331,18148,layout_pi18149_d18148
14332,18150,layout_pi18151_d18150
14333,18152,layout_pi18153_d18152
14334,18154,layout_pi18155_d18154
14335,18155,layout_pi18156_d18155
14336,18156,layout_pi18157_d18156
14337,18158,layout_pi18159_d18158
14338,18159,layout_pi18160_d18159
14339,18162,layout_pi18163_d18162
14340,18163,layout_pi18164_d18163
14341,18166,layout_pi18167_d18166
14342,18167,layout_pi18168_d18167
14343,18168,layout_pi18169_d18168
14344,18169,layout_pi18170_d18169
14345,18170,layout_pi18171_d18170
14346,18173,layout_pi18174_d18173
14347,18174,layout_pi18175_d18174
14348,18175,layout_pi18176_d18175
14349,18176,layout_pi18177_d18176
14350,18177,layout_pi18178_d18177
14351,18178,layout_pi18179_d18178
14352,18180,layout_pi18181_d18180
14353,18181,layout_pi18182_d18181
14354,18182,layout_pi18183_d18182
14355,18184,layout_pi18185_d18184
14356,18185,layout_pi18186_d18185
14357,18186,layout_pi18187_d18186
14358,18188,layout_pi18189_d18188
14359,18191,layout_pi18192_d18191
14360,18193,layout_pi18194_d18193
14361,18194,layout_pi18195_d18194
14362,18198,layout_pi18199_d18198
14363,18200,layout_pi18201_d18200
14364,18201,layout_pi18202_d18201
14365,18204,layout_pi18205_d18204
14366,18205,layout_pi18206_d18205
14367,18207,layout_pi18208_d18207
14368,18208,layout_pi18209_d18208
14369,18209,layout_pi18210_d18209
14370,18210,layout_pi18211_d18210
14371,18213,layout_pi18214_d18213
14372,18215,layout_pi18216_d18215
14373,18216,layout_pi18217_d18216
14374,18217,layout_pi18218_d18217
14375,18218,layout_pi18219_d18218
14376,18219,layout_pi18220_d18219
14377,18221,layout_pi18222_d18221
14378,18222,layout_pi18223_d18222
14379,18223,layout_pi18224_d18223
14380,18224,layout_pi18225_d18224
14381,18225,layout_pi18226_d18225
14382,18227,layout_pi18228_d18227
14383,18228,layout_pi18229_d18228
14384,18230,layout_pi18231_d18230
14385,18233,layout_pi18234_d18233
14386,18234,layout_pi18235_d18234
14387,18235,layout_pi18236_d18235
14388,18237,layout_pi18238_d18237
14389,18241,layout_pi18242_d18241
14390,18243,layout_pi18244_d18243
14391,18244,layout_pi18245_d18244
14392,18245,layout_pi18246_d18245
14393,18247,layout_pi18248_d18247
14394,18248,layout_pi18249_d18248
14395,18250,layout_pi18251_d18250
14396,18251,layout_pi18252_d18251
14397,18253,layout_pi18254_d18253
14398,18254,layout_pi18255_d18254
14399,18255,layout_pi18256_d18255
14400,18256,layout_pi18257_d18256
14401,18257,layout_pi18258_d18257
14402,18259,layout_pi18260_d18259
14403,18261,layout_pi18262_d18261
14404,18263,layout_pi18264_d18263
14405,18264,layout_pi18265_d18264
14406,18265,layout_pi18266_d18265
14407,18267,layout_pi18268_d18267
14408,18268,layout_pi18269_d18268
14409,18269,layout_pi18270_d18269
14410,18270,layout_pi18271_d18270
14411,18271,layout_pi18272_d18271
14412,18272,layout_pi18273_d18272
14413,18273,layout_pi18274_d18273
14414,18274,layout_pi18275_d18274
14415,18275,layout_pi18276_d18275
14416,18276,layout_pi18277_d18276
14417,18278,layout_pi18279_d18278
14418,18280,layout_pi18281_d18280
14419,18281,layout_pi18282_d18281
14420,18282,layout_pi18283_d18282
14421,18285,layout_pi18286_d18285
14422,18288,layout_pi18289_d18288
14423,18289,layout_pi18290_d18289
14424,18291,layout_pi18292_d18291
14425,18293,layout_pi18294_d18293
14426,18295,layout_pi18296_d18295
14427,18297,layout_pi18298_d18297
14428,18298,layout_pi18299_d18298
14429,18300,layout_pi18301_d18300
14430,18303,layout_pi18304_d18303
14431,18304,layout_pi18305_d18304
14432,18305,layout_pi18306_d18305
14433,18309,layout_pi18310_d18309
14434,18311,layout_pi18312_d18311
14435,18312,layout_pi18313_d18312
14436,18313,layout_pi18314_d18313
14437,18318,layout_pi18319_d18318
14438,18319,layout_pi18320_d18319
14439,18320,layout_pi18321_d18320
14440,18321,layout_pi18322_d18321
14441,18322,layout_pi18323_d18322
14442,18323,layout_pi18324_d18323
14443,18326,layout_pi18327_d18326
14444,18327,layout_pi18328_d18327
14445,18328,layout_pi18329_d18328
14446,18329,layout_pi18330_d18329
14447,18331,layout_pi18332_d18331
14448,18333,layout_pi18334_d18333
14449,18334,layout_pi18335_d18334
14450,18337,layout_pi18338_d18337
14451,18340,layout_pi18341_d18340
14452,18342,layout_pi18343_d18342
14453,18343,layout_pi18344_d18343
14454,18344,layout_pi18345_d18344
14455,18348,layout_pi18349_d18348
14456,18349,layout_pi18350_d18349
14457,18351,layout_pi18352_d18351
14458,18352,layout_pi18353_d18352
14459,18353,layout_pi18354_d18353
14460,18354,layout_pi18355_d18354
14461,18357,layout_pi18358_d18357
14462,18358,layout_pi18359_d18358
14463,18362,layout_pi18363_d18362
14464,18366,layout_pi18367_d18366
14465,18367,layout_pi18368_d18367
14466,18369,layout_pi18370_d18369
14467,18372,layout_pi18373_d18372
14468,18374,layout_pi18375_d18374
14469,18377,layout_pi18378_d18377
14470,18378,layout_pi18379_d18378
14471,18379,layout_pi18380_d18379
14472,18380,layout_pi18381_d18380
14473,18381,layout_pi18382_d18381
14474,18382,layout_pi18383_d18382
14475,18383,layout_pi18384_d18383
14476,18384,layout_pi18385_d18384
14477,18387,layout_pi18388_d18387
14478,18388,layout_pi18389_d18388
14479,18389,layout_pi18390_d18389
14480,18391,layout_pi18392_d18391
14481,18395,layout_pi18396_d18395
14482,18396,layout_pi18397_d18396
14483,18403,layout_pi18404_d18403
14484,18404,layout_pi18405_d18404
14485,18405,layout_pi18406_d18405
14486,18408,layout_pi18409_d18408
14487,18409,layout_pi18410_d18409
14488,18410,layout_pi18411_d18410
14489,18412,layout_pi18413_d18412
14490,18413,layout_pi18414_d18413
14491,18414,layout_pi18415_d18414
14492,18416,layout_pi18417_d18416
14493,18419,layout_pi18420_d18419
14494,18423,layout_pi18424_d18423
14495,18425,layout_pi18426_d18425
14496,18426,layout_pi18427_d18426
14497,18432,layout_pi18433_d18432
14498,18433,layout_pi18434_d18433
14499,18435,layout_pi18436_d18435
14500,18436,layout_pi18437_d18436
14501,18437,layout_pi18438_d18437
14502,18438,layout_pi18439_d18438
14503,18439,layout_pi18440_d18439
14504,18440,layout_pi18441_d18440
14505,18442,layout_pi18443_d18442
14506,18443,layout_pi18444_d18443
14507,18444,layout_pi18445_d18444
14508,18445,layout_pi18446_d18445
14509,18447,layout_pi18448_d18447
14510,18449,layout_pi18450_d18449
14511,18451,layout_pi18452_d18451
14512,18452,layout_pi18453_d18452
14513,18453,layout_pi18454_d18453
14514,18454,layout_pi18455_d18454
14515,18455,layout_pi18456_d18455
14516,18458,layout_pi18459_d18458
14517,18460,layout_pi18461_d18460
14518,18462,layout_pi18463_d18462
14519,18463,layout_pi18464_d18463
14520,18465,layout_pi18466_d18465
14521,18467,layout_pi18468_d18467
14522,18468,layout_pi18469_d18468
14523,18469,layout_pi18470_d18469
14524,18470,layout_pi18471_d18470
14525,18472,layout_pi18473_d18472
14526,18473,layout_pi18474_d18473
14527,18474,layout_pi18475_d18474
14528,18475,layout_pi18476_d18475
14529,18476,layout_pi18477_d18476
14530,18477,layout_pi18478_d18477
14531,18482,layout_pi18483_d18482
14532,18483,layout_pi18484_d18483
14533,18484,layout_pi18485_d18484
14534,18486,layout_pi18487_d18486
14535,18487,layout_pi18488_d18487
14536,18489,layout_pi18490_d18489
14537,18491,layout_pi18492_d18491
14538,18492,layout_pi18493_d18492
14539,18493,layout_pi18494_d18493
14540,18494,layout_pi18495_d18494
14541,18496,layout_pi18497_d18496
14542,18498,layout_pi18499_d18498
14543,18499,layout_pi18500_d18499
14544,18500,layout_pi18501_d18500
14545,18503,layout_pi18504_d18503
14546,18506,layout_pi18507_d18506
14547,18507,layout_pi18508_d18507
14548,18508,layout_pi18509_d18508
14549,18509,layout_pi18510_d18509
14550,18511,layout_pi18512_d18511
14551,18513,layout_pi18514_d18513
14552,18514,layout_pi18515_d18514
14553,18515,layout_pi18516_d18515
14554,18516,layout_pi18517_d18516
14555,18517,layout_pi18518_d18517
14556,18518,layout_pi18519_d18518
14557,18519,layout_pi18520_d18519
14558,18521,layout_pi18522_d18521
14559,18522,layout_pi18523_d18522
14560,18523,layout_pi18524_d18523
14561,18525,layout_pi18526_d18525
14562,18528,layout_pi18529_d18528
14563,18529,layout_pi18530_d18529
14564,18530,layout_pi18531_d18530
14565,18531,layout_pi18532_d18531
14566,18532,layout_pi18533_d18532
14567,18533,layout_pi18534_d18533
14568,18537,layout_pi18538_d18537
14569,18539,layout_pi18540_d18539
14570,18543,layout_pi18544_d18543
14571,18546,layout_pi18547_d18546
14572,18548,layout_pi18549_d18548
14573,18551,layout_pi18552_d18551
14574,18552,layout_pi18553_d18552
14575,18554,layout_pi18555_d18554
14576,18555,layout_pi18556_d18555
14577,18558,layout_pi18559_d18558
14578,18559,layout_pi18560_d18559
14579,18560,layout_pi18561_d18560
14580,18561,layout_pi18562_d18561
14581,18563,layout_pi18564_d18563
14582,18564,layout_pi18565_d18564
14583,18566,layout_pi18567_d18566
14584,18567,layout_pi18568_d18567
14585,18568,layout_pi18569_d18568
14586,18569,layout_pi18570_d18569
14587,18572,layout_pi18573_d18572
14588,18576,layout_pi18577_d18576
14589,18577,layout_pi18578_d18577
14590,18582,layout_pi18583_d18582
14591,18583,layout_pi18584_d18583
14592,18584,layout_pi18585_d18584
14593,18586,layout_pi18587_d18586
14594,18587,layout_pi18588_d18587
14595,18588,layout_pi18589_d18588
14596,18589,layout_pi18590_d18589
14597,18590,layout_pi18591_d18590
14598,18592,layout_pi18593_d18592
14599,18596,layout_pi18597_d18596
14600,18601,layout_pi18602_d18601
14601,18603,layout_pi18604_d18603
14602,18608,layout_pi18609_d18608
14603,18609,layout_pi18610_d18609
14604,18610,layout_pi18611_d18610
14605,18612,layout_pi18613_d18612
14606,18616,layout_pi18617_d18616
14607,18617,layout_pi18618_d18617
14608,18619,layout_pi18620_d18619
14609,18622,layout_pi18623_d18622
14610,18626,layout_pi18627_d18626
14611,18627,layout_pi18628_d18627
14612,18633,layout_pi18634_d18633
14613,18634,layout_pi18635_d18634
14614,18635,layout_pi18636_d18635
14615,18636,layout_pi18637_d18636
14616,18637,layout_pi18638_d18637
14617,18638,layout_pi18639_d18638
14618,18643,layout_pi18644_d18643
14619,18644,layout_pi18645_d18644
14620,18645,layout_pi18646_d18645
14621,18646,layout_pi18647_d18646
14622,18647,layout_pi18648_d18647
14623,18648,layout_pi18649_d18648
14624,18650,layout_pi18651_d18650
14625,18651,layout_pi18652_d18651
14626,18656,layout_pi18657_d18656
14627,18658,layout_pi18659_d18658
14628,18660,layout_pi18661_d18660
14629,18661,layout_pi18662_d18661
14630,18662,layout_pi18663_d18662
14631,18663,layout_pi18664_d18663
14632,18664,layout_pi18665_d18664
14633,18667,layout_pi18668_d18667
14634,18668,layout_pi18669_d18668
14635,18672,layout_pi18673_d18672
14636,18673,layout_pi18674_d18673
14637,18674,layout_pi18675_d18674
14638,18678,layout_pi18679_d18678
14639,18681,layout_pi18682_d18681
14640,18682,layout_pi18683_d18682
14641,18683,layout_pi18684_d18683
14642,18684,layout_pi18685_d18684
14643,18685,layout_pi18686_d18685
14644,18687,layout_pi18688_d18687
14645,18688,layout_pi18689_d18688
14646,18689,layout_pi18690_d18689
14647,18691,layout_pi18692_d18691
14648,18693,layout_pi18694_d18693
14649,18695,layout_pi18696_d18695
14650,18696,layout_pi18697_d18696
14651,18698,layout_pi18699_d18698
14652,18699,layout_pi18700_d18699
14653,18701,layout_pi18702_d18701
14654,18702,layout_pi18703_d18702
14655,18703,layout_pi18704_d18703
14656,18704,layout_pi18705_d18704
14657,18705,layout_pi18706_d18705
14658,18706,layout_pi18707_d18706
14659,18707,layout_pi18708_d18707
14660,18708,layout_pi18709_d18708
14661,18712,layout_pi18713_d18712
14662,18713,layout_pi18714_d18713
14663,18714,layout_pi18715_d18714
14664,18716,layout_pi18717_d18716
14665,18717,layout_pi18718_d18717
14666,18718,layout_pi18719_d18718
14667,18720,layout_pi18721_d18720
14668,18721,layout_pi18722_d18721
14669,18725,layout_pi18726_d18725
14670,18727,layout_pi18728_d18727
14671,18728,layout_pi18729_d18728
14672,18730,layout_pi18731_d18730
14673,18731,layout_pi18732_d18731
14674,18732,layout_pi18733_d18732
14675,18733,layout_pi18734_d18733
14676,18734,layout_pi18735_d18734
14677,18736,layout_pi18737_d18736
14678,18737,layout_pi18738_d18737
14679,18738,layout_pi18739_d18738
14680,18741,layout_pi18742_d18741
14681,18742,layout_pi18743_d18742
14682,18743,layout_pi18744_d18743
14683,18746,layout_pi18747_d18746
14684,18747,layout_pi18748_d18747
14685,18748,layout_pi18749_d18748
14686,18749,layout_pi18750_d18749
14687,18751,layout_pi18752_d18751
14688,18753,layout_pi18754_d18753
14689,18754,layout_pi18755_d18754
14690,18755,layout_pi18756_d18755
14691,18758,layout_pi18759_d18758
14692,18761,layout_pi18762_d18761
14693,18762,layout_pi18763_d18762
14694,18763,layout_pi18764_d18763
14695,18766,layout_pi18767_d18766
14696,18769,layout_pi18770_d18769
14697,18771,layout_pi18772_d18771
14698,18772,layout_pi18773_d18772
14699,18773,layout_pi18774_d18773
14700,18775,layout_pi18776_d18775
14701,18776,layout_pi18777_d18776
14702,18778,layout_pi18779_d18778
14703,18779,layout_pi18780_d18779
14704,18780,layout_pi18781_d18780
14705,18782,layout_pi18783_d18782
14706,18785,layout_pi18786_d18785
14707,18786,layout_pi18787_d18786
14708,18789,layout_pi18790_d18789
14709,18790,layout_pi18791_d18790
14710,18791,layout_pi18792_d18791
14711,18792,layout_pi18793_d18792
14712,18793,layout_pi18794_d18793
14713,18794,layout_pi18795_d18794
14714,18798,layout_pi18799_d18798
14715,18800,layout_pi18801_d18800
14716,18801,layout_pi18802_d18801
14717,18802,layout_pi18803_d18802
14718,18803,layout_pi18804_d18803
14719,18804,layout_pi18805_d18804
14720,18805,layout_pi18806_d18805
14721,18806,layout_pi18807_d18806
14722,18807,layout_pi18808_d18807
14723,18809,layout_pi18810_d18809
14724,18811,layout_pi18812_d18811
14725,18812,layout_pi18813_d18812
14726,18813,layout_pi18814_d18813
14727,18814,layout_pi18815_d18814
14728,18816,layout_pi18817_d18816
14729,18818,layout_pi18819_d18818
14730,18820,layout_pi18821_d18820
14731,18821,layout_pi18822_d18821
14732,18822,layout_pi18823_d18822
14733,18823,layout_pi18824_d18823
14734,18824,layout_pi18825_d18824
14735,18825,layout_pi18826_d18825
14736,18827,layout_pi18828_d18827
14737,18829,layout_pi18830_d18829
14738,18830,layout_pi18831_d18830
14739,18833,layout_pi18834_d18833
14740,18835,layout_pi18836_d18835
14741,18836,layout_pi18837_d18836
14742,18837,layout_pi18838_d18837
14743,18839,layout_pi18840_d18839
14744,18842,layout_pi18843_d18842
14745,18845,layout_pi18846_d18845
14746,18847,layout_pi18848_d18847
14747,18848,layout_pi18849_d18848
14748,18850,layout_pi18851_d18850
14749,18852,layout_pi18853_d18852
14750,18854,layout_pi18855_d18854
14751,18855,layout_pi18856_d18855
14752,18858,layout_pi18859_d18858
14753,18859,layout_pi18860_d18859
14754,18861,layout_pi18862_d18861
14755,18863,layout_pi18864_d18863
14756,18864,layout_pi18865_d18864
14757,18868,layout_pi18869_d18868
14758,18872,layout_pi18873_d18872
14759,18874,layout_pi18875_d18874
14760,18875,layout_pi18876_d18875
14761,18876,layout_pi18877_d18876
14762,18877,layout_pi18878_d18877
14763,18878,layout_pi18879_d18878
14764,18879,layout_pi18880_d18879
14765,18880,layout_pi18881_d18880
14766,18882,layout_pi18883_d18882
14767,18883,layout_pi18884_d18883
14768,18884,layout_pi18885_d18884
14769,18885,layout_pi18886_d18885
14770,18886,layout_pi18887_d18886
14771,18889,layout_pi18890_d18889
14772,18891,layout_pi18892_d18891
14773,18895,layout_pi18896_d18895
14774,18896,layout_pi18897_d18896
14775,18898,layout_pi18899_d18898
14776,18900,layout_pi18901_d18900
14777,18901,layout_pi18902_d18901
14778,18902,layout_pi18903_d18902
14779,18903,layout_pi18904_d18903
14780,18904,layout_pi18905_d18904
14781,18905,layout_pi18906_d18905
14782,18908,layout_pi18909_d18908
14783,18909,layout_pi18910_d18909
14784,18910,layout_pi18911_d18910
14785,18912,layout_pi18913_d18912
14786,18914,layout_pi18915_d18914
14787,18918,layout_pi18919_d18918
14788,18919,layout_pi18920_d18919
14789,18923,layout_pi18924_d18923
14790,18924,layout_pi18925_d18924
14791,18928,layout_pi18929_d18928
14792,18929,layout_pi18930_d18929
14793,18930,layout_pi18931_d18930
14794,18931,layout_pi18932_d18931
14795,18934,layout_pi18935_d18934
14796,18938,layout_pi18939_d18938
14797,18939,layout_pi18940_d18939
14798,18940,layout_pi18941_d18940
14799,18941,layout_pi18942_d18941
14800,18942,layout_pi18943_d18942
14801,18943,layout_pi18944_d18943
14802,18944,layout_pi18945_d18944
14803,18945,layout_pi18946_d18945
14804,18946,layout_pi18947_d18946
14805,18947,layout_pi18948_d18947
14806,18950,layout_pi18951_d18950
14807,18952,layout_pi18953_d18952
14808,18954,layout_pi18955_d18954
14809,18955,layout_pi18956_d18955
14810,18957,layout_pi18958_d18957
14811,18958,layout_pi18959_d18958
14812,18959,layout_pi18960_d18959
14813,18960,layout_pi18961_d18960
14814,18961,layout_pi18962_d18961
14815,18964,layout_pi18965_d18964
14816,18965,layout_pi18966_d18965
14817,18966,layout_pi18967_d18966
14818,18967,layout_pi18968_d18967
14819,18968,layout_pi18969_d18968
14820,18969,layout_pi18970_d18969
14821,18970,layout_pi18971_d18970
14822,18971,layout_pi18972_d18971
14823,18972,layout_pi18973_d18972
14824,18974,layout_pi18975_d18974
14825,18976,layout_pi18977_d18976
14826,18980,layout_pi18981_d18980
14827,18986,layout_pi18987_d18986
14828,18987,layout_pi18988_d18987
14829,18988,layout_pi18989_d18988
14830,18989,layout_pi18990_d18989
14831,18990,layout_pi18991_d18990
14832,18991,layout_pi18992_d18991
14833,18992,layout_pi18993_d18992
14834,18993,layout_pi18994_d18993
14835,18994,layout_pi18995_d18994
14836,18995,layout_pi18996_d18995
14837,18996,layout_pi18997_d18996
14838,18997,layout_pi18998_d18997
14839,18998,layout_pi18999_d18998
14840,18999,layout_pi19000_d18999
14841,19001,layout_pi19002_d19001
14842,19003,layout_pi19004_d19003
14843,19004,layout_pi19005_d19004
14844,19007,layout_pi19008_d19007
14845,19011,layout_pi19012_d19011
14846,19013,layout_pi19014_d19013
14847,19016,layout_pi19017_d19016
14848,19018,layout_pi19019_d19018
14849,19021,layout_pi19022_d19021
14850,19022,layout_pi19023_d19022
14851,19023,layout_pi19024_d19023
14852,19024,layout_pi19025_d19024
14853,19025,layout_pi19026_d19025
14854,19026,layout_pi19027_d19026
14855,19028,layout_pi19029_d19028
14856,19029,layout_pi19030_d19029
14857,19030,layout_pi19031_d19030
14858,19031,layout_pi19032_d19031
14859,19033,layout_pi19034_d19033
14860,19035,layout_pi19036_d19035
14861,19036,layout_pi19037_d19036
14862,19037,layout_pi19038_d19037
14863,19039,layout_pi19040_d19039
14864,19041,layout_pi19042_d19041
14865,19046,layout_pi19047_d19046
14866,19047,layout_pi19048_d19047
14867,19048,layout_pi19049_d19048
14868,19049,layout_pi19050_d19049
14869,19050,layout_pi19051_d19050
14870,19051,layout_pi19052_d19051
14871,19056,layout_pi19057_d19056
14872,19066,layout_pi19067_d19066
14873,19069,layout_pi19070_d19069
14874,19074,layout_pi19075_d19074
14875,19082,layout_pi19083_d19082
14876,19089,layout_pi19090_d19089
14877,19103,layout_pi19104_d19103
14878,19104,layout_pi19105_d19104
14879,19107,layout_pi19108_d19107
14880,19114,layout_pi19115_d19114
14881,19120,layout_pi19121_d19120
14882,19123,layout_pi19124_d19123
14883,19124,layout_pi19125_d19124
14884,19129,layout_pi19130_d19129
14885,19131,layout_pi19132_d19131
14886,19132,layout_pi19133_d19132
14887,19137,layout_pi19138_d19137
14888,19139,layout_pi19140_d19139
14889,19147,layout_pi19148_d19147
14890,19149,layout_pi19150_d19149
14891,19153,layout_pi19154_d19153
14892,19156,layout_pi19157_d19156
14893,19157,layout_pi19158_d19157
14894,19160,layout_pi19161_d19160
14895,19161,layout_pi19162_d19161
14896,19162,layout_pi19163_d19162
14897,19164,layout_pi19165_d19164
14898,19165,layout_pi19166_d19165
14899,19166,layout_pi19167_d19166
14900,19170,layout_pi19171_d19170
14901,19174,layout_pi19175_d19174
14902,19186,layout_pi19187_d19186
14903,19198,layout_pi19199_d19198
14904,19203,layout_pi19204_d19203
14905,19207,layout_pi19208_d19207
14906,19210,layout_pi19211_d19210
14907,19221,layout_pi19222_d19221
14908,19223,layout_pi19224_d19223
14909,19227,layout_pi19228_d19227
14910,19228,layout_pi19229_d19228
14911,19233,layout_pi19234_d19233
14912,19234,layout_pi19235_d19234
14913,19242,layout_pi19243_d19242
14914,19244,layout_pi19245_d19244
14915,19245,layout_pi19246_d19245
14916,19246,layout_pi19247_d19246
14917,19251,layout_pi19252_d19251
14918,19260,layout_pi19261_d19260
14919,19261,layout_pi19262_d19261
14920,19263,layout_pi19264_d19263
14921,19266,layout_pi19267_d19266
14922,19270,layout_pi19271_d19270
14923,19274,layout_pi19275_d19274
14924,19277,layout_pi19278_d19277
14925,19278,layout_pi19279_d19278
14926,19284,layout_pi19285_d19284
14927,19297,layout_pi19298_d19297
14928,19299,layout_pi19300_d19299
14929,19301,layout_pi19302_d19301
14930,19307,layout_pi19308_d19307
14931,19323,layout_pi19324_d19323
14932,19324,layout_pi19325_d19324
14933,19325,layout_pi19326_d19325
14934,19326,layout_pi19327_d19326
14935,19327,layout_pi19328_d19327
14936,19332,layout_pi19333_d19332
14937,19335,layout_pi19336_d19335
14938,19337,layout_pi19338_d19337
14939,19340,layout_pi19341_d19340
14940,19347,layout_pi19348_d19347
14941,19354,layout_pi19355_d19354
14942,19356,layout_pi19357_d19356
14943,19365,layout_pi19366_d19365
14944,19367,layout_pi19368_d19367
14945,19372,layout_pi19373_d19372
14946,19373,layout_pi19374_d19373
14947,19375,layout_pi19376_d19375
14948,19382,layout_pi19383_d19382
14949,19393,layout_pi19394_d19393
14950,19394,layout_pi19395_d19394
14951,19395,layout_pi19396_d19395
14952,19401,layout_pi19402_d19401
14953,19408,layout_pi19409_d19408
14954,19413,layout_pi19414_d19413
14955,19414,layout_pi19415_d19414
14956,19415,layout_pi19416_d19415
14957,19425,layout_pi19426_d19425
14958,19431,layout_pi19432_d19431
14959,19444,layout_pi19445_d19444
14960,19447,layout_pi19448_d19447
14961,19454,layout_pi19455_d19454
14962,19455,layout_pi19456_d19455
14963,19459,layout_pi19460_d19459
14964,19462,layout_pi19463_d19462
14965,19465,layout_pi19466_d19465
14966,19467,layout_pi19468_d19467
14967,19485,layout_pi19486_d19485
14968,19486,layout_pi19487_d19486
14969,19491,layout_pi19492_d19491
14970,19494,layout_pi19495_d19494
14971,19496,layout_pi19497_d19496
14972,19504,layout_pi19505_d19504
14973,19516,layout_pi19517_d19516
14974,19517,layout_pi19518_d19517
14975,19519,layout_pi19520_d19519
14976,19524,layout_pi19525_d19524
14977,19525,layout_pi19526_d19525
14978,19532,layout_pi19533_d19532
14979,19538,layout_pi19539_d19538
14980,19540,layout_pi19541_d19540
14981,19541,layout_pi19542_d19541
14982,19547,layout_pi19548_d19547
14983,19552,layout_pi19553_d19552
14984,19558,layout_pi19559_d19558
14985,19559,layout_pi19560_d19559
14986,19560,layout_pi19561_d19560
14987,19567,layout_pi19568_d19567
14988,19568,layout_pi19569_d19568
14989,19569,layout_pi19570_d19569
14990,19573,layout_pi19574_d19573
14991,19578,layout_pi19579_d19578
14992,19579,layout_pi19580_d19579
14993,19584,layout_pi19585_d19584
14994,19593,layout_pi19594_d19593
14995,19595,layout_pi19596_d19595
14996,19596,layout_pi19597_d19596
14997,19597,layout_pi19598_d19597
14998,19616,layout_pi19617_d19616
14999,19624,layout_pi19625_d19624
15000,19642,layout_pi19643_d19642
15001,19644,layout_pi19645_d19644
15002,19657,layout_pi19658_d19657
15003,19661,layout_pi19662_d19661
15004,19663,layout_pi19664_d19663
15005,19675,layout_pi19676_d19675
15006,19688,layout_pi19689_d19688
15007,19690,layout_pi19691_d19690
15008,19705,layout_pi19706_d19705
15009,19714,layout_pi19715_d19714
15010,19715,layout_pi19716_d19715
15011,19716,layout_pi19717_d19716
15012,19717,layout_pi19718_d19717
15013,19724,layout_pi19725_d19724
15014,19728,layout_pi19729_d19728
15015,19730,layout_pi19731_d19730
15016,19735,layout_pi19736_d19735
15017,19739,layout_pi19740_d19739
15018,19748,layout_pi19749_d19748
15019,19750,layout_pi19751_d19750
15020,19755,layout_pi19756_d19755
15021,19757,layout_pi19758_d19757
15022,19761,layout_pi19762_d19761
15023,19764,layout_pi19765_d19764
15024,19769,layout_pi19770_d19769
15025,19770,layout_pi19771_d19770
15026,19775,layout_pi19776_d19775
15027,19778,layout_pi19779_d19778
15028,19781,layout_pi19782_d19781
15029,19786,layout_pi19787_d19786
15030,19801,layout_pi19802_d19801
15031,19802,layout_pi19803_d19802
15032,19804,layout_pi19805_d19804
15033,19805,layout_pi19806_d19805
15034,19809,layout_pi19810_d19809
15035,19815,layout_pi19816_d19815
15036,19831,layout_pi19832_d19831
15037,19832,layout_pi19833_d19832
15038,19837,layout_pi19838_d19837
15039,19844,layout_pi19845_d19844
15040,19851,layout_pi19852_d19851
15041,19857,layout_pi19858_d19857
15042,19868,layout_pi19869_d19868
15043,19884,layout_pi19885_d19884
15044,19886,layout_pi19887_d19886
15045,19891,layout_pi19892_d19891
15046,19894,layout_pi19895_d19894
15047,19905,layout_pi19906_d19905
15048,19908,layout_pi19909_d19908
15049,19919,layout_pi19920_d19919
15050,19921,layout_pi19922_d19921
15051,19926,layout_pi19927_d19926
15052,19929,layout_pi19930_d19929
15053,19932,layout_pi19933_d19932
15054,19941,layout_pi19942_d19941
15055,19942,layout_pi19943_d19942
15056,19943,layout_pi19944_d19943
15057,19946,layout_pi19947_d19946
15058,19950,layout_pi19951_d19950
15059,19963,layout_pi19964_d19963
15060,19970,layout_pi19971_d19970
15061,19988,layout_pi19989_d19988
15062,19989,layout_pi19990_d19989
15063,19990,layout_pi19991_d19990
15064,19991,layout_pi19992_d19991
15065,19994,layout_pi19995_d19994
15066,20005,layout_pi20006_d20005
15067,20017,layout_pi20018_d20017
15068,20018,layout_pi20019_d20018
15069,20023,layout_pi20024_d20023
15070,20024,layout_pi20025_d20024
15071,20030,layout_pi20031_d20030
15072,20037,layout_pi20038_d20037
15073,20044,layout_pi20045_d20044
15074,20046,layout_pi20047_d20046
15075,20052,layout_pi20053_d20052
15076,20053,layout_pi20054_d20053
15077,20054,layout_pi20055_d20054
15078,20058,layout_pi20059_d20058
15079,20061,layout_pi20062_d20061
15080,20062,layout_pi20063_d20062
15081,20066,layout_pi20067_d20066
15082,20068,layout_pi20069_d20068
15083,20070,layout_pi20071_d20070
15084,20074,layout_pi20075_d20074
15085,20084,layout_pi20085_d20084
15086,20085,layout_pi20086_d20085
15087,20094,layout_pi20095_d20094
15088,20095,layout_pi20096_d20095
15089,20099,layout_pi20100_d20099
15090,20104,layout_pi20105_d20104
15091,20107,layout_pi20108_d20107
15092,20119,layout_pi20120_d20119
15093,20135,layout_pi20136_d20135
15094,20141,layout_pi20142_d20141
15095,20144,layout_pi20145_d20144
15096,20149,layout_pi20150_d20149
15097,20155,layout_pi20156_d20155
15098,20163,layout_pi20164_d20163
15099,20165,layout_pi20166_d20165
15100,20168,layout_pi20169_d20168
15101,20178,layout_pi20179_d20178
15102,20179,layout_pi20180_d20179
15103,20194,layout_pi20195_d20194
15104,20198,layout_pi20199_d20198
15105,20199,layout_pi20200_d20199
15106,20203,layout_pi20204_d20203
15107,20204,layout_pi20205_d20204
15108,20206,layout_pi20207_d20206
15109,20211,layout_pi20212_d20211
15110,20219,layout_pi20220_d20219
15111,20224,layout_pi20225_d20224
15112,20232,layout_pi20233_d20232
15113,20248,layout_pi20249_d20248
15114,20251,layout_pi20252_d20251
15115,20254,layout_pi20255_d20254
15116,20264,layout_pi20265_d20264
15117,20275,layout_pi20276_d20275
15118,20277,layout_pi20278_d20277
15119,20278,layout_pi20279_d20278
15120,20286,layout_pi20287_d20286
15121,20303,layout_pi20304_d20303
15122,20306,layout_pi20307_d20306
15123,20307,layout_pi20308_d20307
15124,20310,layout_pi20311_d20310
15125,20312,layout_pi20313_d20312
15126,20316,layout_pi20317_d20316
15127,20324,layout_pi20325_d20324
15128,20329,layout_pi20330_d20329
15129,20330,layout_pi20331_d20330
15130,20333,layout_pi20334_d20333
15131,20335,layout_pi20336_d20335
15132,20342,layout_pi20343_d20342
15133,20343,layout_pi20344_d20343
15134,20348,layout_pi20349_d20348
15135,20349,layout_pi20350_d20349
15136,20350,layout_pi20351_d20350
15137,20354,layout_pi20355_d20354
15138,20361,layout_pi20362_d20361
15139,20363,layout_pi20364_d20363
15140,20364,layout_pi20365_d20364
15141,20366,layout_pi20367_d20366
15142,20369,layout_pi20370_d20369
15143,20392,layout_pi20393_d20392
15144,20394,layout_pi20395_d20394
15145,20396,layout_pi20397_d20396
15146,20404,layout_pi20405_d20404
15147,20408,layout_pi20409_d20408
15148,20410,layout_pi20411_d20410
15149,20411,layout_pi20412_d20411
15150,20412,layout_pi20413_d20412
15151,20413,layout_pi20414_d20413
15152,20414,layout_pi20415_d20414
15153,20416,layout_pi20417_d20416
15154,20418,layout_pi20419_d20418
15155,20421,layout_pi20422_d20421
15156,20426,layout_pi20427_d20426
15157,20439,layout_pi20440_d20439
15158,20448,layout_pi20449_d20448
15159,20453,layout_pi20454_d20453
15160,20473,layout_pi20474_d20473
15161,20480,layout_pi20481_d20480
15162,20493,layout_pi20494_d20493
15163,20494,layout_pi20495_d20494
15164,20495,layout_pi20496_d20495
15165,20496,layout_pi20497_d20496
15166,20513,layout_pi20514_d20513
15167,20516,layout_pi20517_d20516
15168,20517,layout_pi20518_d20517
15169,20518,layout_pi20519_d20518
15170,20522,layout_pi20523_d20522
15171,20530,layout_pi20531_d20530
15172,20536,layout_pi20537_d20536
15173,20537,layout_pi20538_d20537
15174,20538,layout_pi20539_d20538
15175,20548,layout_pi20549_d20548
15176,20551,layout_pi20552_d20551
15177,20553,layout_pi20554_d20553
15178,20555,layout_pi20556_d20555
15179,20562,layout_pi20563_d20562
15180,20563,layout_pi20564_d20563
15181,20567,layout_pi20568_d20567
15182,20568,layout_pi20569_d20568
15183,20583,layout_pi20584_d20583
15184,20584,layout_pi20585_d20584
15185,20585,layout_pi20586_d20585
15186,20588,layout_pi20589_d20588
15187,20590,layout_pi20591_d20590
15188,20592,layout_pi20593_d20592
15189,20610,layout_pi20611_d20610
15190,20611,layout_pi20612_d20611
15191,20624,layout_pi20625_d20624
15192,20627,layout_pi20628_d20627
15193,20633,layout_pi20634_d20633
15194,20644,layout_pi20645_d20644
15195,20646,layout_pi20647_d20646
15196,20650,layout_pi20651_d20650
15197,20652,layout_pi20653_d20652
15198,20656,layout_pi20657_d20656
15199,20660,layout_pi20661_d20660
15200,20661,layout_pi20662_d20661
15201,20663,layout_pi20664_d20663
15202,20680,layout_pi20681_d20680
15203,20691,layout_pi20692_d20691
15204,20694,layout_pi20695_d20694
15205,20705,layout_pi20706_d20705
15206,20707,layout_pi20708_d20707
15207,20708,layout_pi20709_d20708
15208,20728,layout_pi20729_d20728
15209,20729,layout_pi20730_d20729
15210,20732,layout_pi20733_d20732
15211,20733,layout_pi20734_d20733
15212,20734,layout_pi20735_d20734
15213,20747,layout_pi20748_d20747
15214,20748,layout_pi20749_d20748
15215,20749,layout_pi20750_d20749
15216,20750,layout_pi20751_d20750
15217,20754,layout_pi20755_d20754
15218,20755,layout_pi20756_d20755
15219,20765,layout_pi20766_d20765
15220,20771,layout_pi20772_d20771
15221,20780,layout_pi20781_d20780
15222,20783,layout_pi20784_d20783
15223,20798,layout_pi20799_d20798
15224,20803,layout_pi20804_d20803
15225,20805,layout_pi20806_d20805
15226,20806,layout_pi20807_d20806
15227,20811,layout_pi20812_d20811
15228,20815,layout_pi20816_d20815
15229,20826,layout_pi20827_d20826
15230,20840,layout_pi20841_d20840
15231,20846,layout_pi20847_d20846
15232,20857,layout_pi20858_d20857
15233,20864,layout_pi20865_d20864
15234,20867,layout_pi20868_d20867
15235,20871,layout_pi20872_d20871
15236,20876,layout_pi20877_d20876
15237,20891,layout_pi20892_d20891
15238,20898,layout_pi20899_d20898
15239,20900,layout_pi20901_d20900
15240,20907,layout_pi20908_d20907
15241,20908,layout_pi20909_d20908
15242,20916,layout_pi20917_d20916
15243,20926,layout_pi20927_d20926
15244,20929,layout_pi20930_d20929
15245,20930,layout_pi20931_d20930
15246,20932,layout_pi20933_d20932
15247,20938,layout_pi20939_d20938
15248,20947,layout_pi20948_d20947
15249,20950,layout_pi20951_d20950
15250,20951,layout_pi20952_d20951
15251,20960,layout_pi20961_d20960
15252,20965,layout_pi20966_d20965
15253,20976,layout_pi20977_d20976
15254,20983,layout_pi20984_d20983
15255,21012,layout_pi21013_d21012
15256,21013,layout_pi21014_d21013
15257,21026,layout_pi21027_d21026
15258,21027,layout_pi21028_d21027
15259,21034,layout_pi21035_d21034
15260,21036,layout_pi21037_d21036
15261,21040,layout_pi21041_d21040
15262,21044,layout_pi21045_d21044
15263,21045,layout_pi21046_d21045
15264,21049,layout_pi21050_d21049
15265,21053,layout_pi21054_d21053
15266,21059,layout_pi21060_d21059
15267,21078,layout_pi21079_d21078
15268,21080,layout_pi21081_d21080
15269,21081,layout_pi21082_d21081
15270,21107,layout_pi21108_d21107
15271,21108,layout_pi21109_d21108
15272,21109,layout_pi21110_d21109
15273,21115,layout_pi21116_d21115
15274,21121,layout_pi21122_d21121
15275,21139,layout_pi21140_d21139
15276,21140,layout_pi21141_d21140
15277,21143,layout_pi21144_d21143
15278,21151,layout_pi21152_d21151
15279,21152,layout_pi21153_d21152
15280,21153,layout_pi21154_d21153
15281,21159,layout_pi21160_d21159
15282,21162,layout_pi21163_d21162
15283,21170,layout_pi21171_d21170
15284,21176,layout_pi21177_d21176
15285,21177,layout_pi21178_d21177
15286,21181,layout_pi21182_d21181
15287,21183,layout_pi21184_d21183
15288,21191,layout_pi21192_d21191
15289,21192,layout_pi21193_d21192
15290,21194,layout_pi21195_d21194
15291,21195,layout_pi21196_d21195
15292,21196,layout_pi21197_d21196
15293,21200,layout_pi21201_d21200
15294,21209,layout_pi21210_d21209
15295,21211,layout_pi21212_d21211
15296,21230,layout_pi21231_d21230
15297,21240,layout_pi21241_d21240
15298,21241,layout_pi21242_d21241
15299,21257,layout_pi21258_d21257
15300,21258,layout_pi21259_d21258
15301,21262,layout_pi21263_d21262
15302,21281,layout_pi21282_d21281
15303,21293,layout_pi21294_d21293
15304,21301,layout_pi21302_d21301
15305,21306,layout_pi21307_d21306
15306,21309,layout_pi21310_d21309
15307,21319,layout_pi21320_d21319
15308,21320,layout_pi21321_d21320
15309,21329,layout_pi21330_d21329
15310,21350,layout_pi21351_d21350
15311,21353,layout_pi21354_d21353
15312,21357,layout_pi21358_d21357
15313,21360,layout_pi21361_d21360
15314,21361,layout_pi21362_d21361
15315,21362,layout_pi21363_d21362
15316,21365,layout_pi21366_d21365
15317,21371,layout_pi21372_d21371
15318,21373,layout_pi21374_d21373
15319,21383,layout_pi21384_d21383
15320,21392,layout_pi21393_d21392
15321,21394,layout_pi21395_d21394
15322,21415,layout_pi21416_d21415
15323,21419,layout_pi21420_d21419
15324,21435,layout_pi21436_d21435
15325,21437,layout_pi21438_d21437
15326,21453,layout_pi21454_d21453
15327,21455,layout_pi21456_d21455
15328,21461,layout_pi21462_d21461
15329,21465,layout_pi21466_d21465
15330,21467,layout_pi21468_d21467
15331,21473,layout_pi21474_d21473
15332,21479,layout_pi21480_d21479
15333,21483,layout_pi21484_d21483
15334,21484,layout_pi21485_d21484
15335,21485,layout_pi21486_d21485
15336,21490,layout_pi21491_d21490
15337,21499,layout_pi21500_d21499
15338,21500,layout_pi21501_d21500
15339,21502,layout_pi21503_d21502
15340,21505,layout_pi21506_d21505
15341,21507,layout_pi21508_d21507
15342,21524,layout_pi21525_d21524
15343,21525,layout_pi21526_d21525
15344,21526,layout_pi21527_d21526
15345,21530,layout_pi21531_d21530
15346,21532,layout_pi21533_d21532
15347,21538,layout_pi21539_d21538
15348,21546,layout_pi21547_d21546
15349,21548,layout_pi21549_d21548
15350,21549,layout_pi21550_d21549
15351,21560,layout_pi21561_d21560
15352,21568,layout_pi21569_d21568
15353,21570,layout_pi21571_d21570
15354,21576,layout_pi21577_d21576
15355,21577,layout_pi21578_d21577
15356,21581,layout_pi21582_d21581
15357,21583,layout_pi21584_d21583
15358,21585,layout_pi21586_d21585
15359,21592,layout_pi21593_d21592
15360,21609,layout_pi21610_d21609
15361,21611,layout_pi21612_d21611
15362,21612,layout_pi21613_d21612
15363,21620,layout_pi21621_d21620
15364,21625,layout_pi21626_d21625
15365,21628,layout_pi21629_d21628
15366,21630,layout_pi21631_d21630
15367,21632,layout_pi21633_d21632
15368,21633,layout_pi21634_d21633
15369,21645,layout_pi21646_d21645
15370,21647,layout_pi21648_d21647
15371,21651,layout_pi21652_d21651
15372,21661,layout_pi21662_d21661
15373,21664,layout_pi21665_d21664
15374,21671,layout_pi21672_d21671
15375,21680,layout_pi21681_d21680
15376,21682,layout_pi21683_d21682
15377,21688,layout_pi21689_d21688
15378,21691,layout_pi21692_d21691
15379,21696,layout_pi21697_d21696
15380,21708,layout_pi21709_d21708
15381,21718,layout_pi21719_d21718
15382,21739,layout_pi21740_d21739
15383,21743,layout_pi21744_d21743
15384,21744,layout_pi21745_d21744
15385,21748,layout_pi21749_d21748
15386,21750,layout_pi21751_d21750
15387,21752,layout_pi21753_d21752
15388,21754,layout_pi21755_d21754
15389,21757,layout_pi21758_d21757
15390,21760,layout_pi21761_d21760
15391,21763,layout_pi21764_d21763
15392,21771,layout_pi21772_d21771
15393,21782,layout_pi21783_d21782
15394,21787,layout_pi21788_d21787
15395,21789,layout_pi21790_d21789
15396,21810,layout_pi21811_d21810
15397,21811,layout_pi21812_d21811
15398,21826,layout_pi21827_d21826
15399,21834,layout_pi21835_d21834
15400,21838,layout_pi21839_d21838
15401,21839,layout_pi21840_d21839
15402,21854,layout_pi21855_d21854
15403,21858,layout_pi21859_d21858
15404,21876,layout_pi21877_d21876
15405,21877,layout_pi21878_d21877
15406,21879,layout_pi21880_d21879
15407,21894,layout_pi21895_d21894
15408,21902,layout_pi21903_d21902
15409,21906,layout_pi21907_d21906
15410,21912,layout_pi21913_d21912
15411,21918,layout_pi21919_d21918
15412,21927,layout_pi21928_d21927
15413,21935,layout_pi21936_d21935
15414,21936,layout_pi21937_d21936
15415,21938,layout_pi21939_d21938
15416,21945,layout_pi21946_d21945
15417,21948,layout_pi21949_d21948
15418,21949,layout_pi21950_d21949
15419,21951,layout_pi21952_d21951
15420,21952,layout_pi21953_d21952
15421,21962,layout_pi21963_d21962
15422,21967,layout_pi21968_d21967
15423,21969,layout_pi21970_d21969
15424,21972,layout_pi21973_d21972
15425,21978,layout_pi21979_d21978
15426,21981,layout_pi21982_d21981
15427,21985,layout_pi21986_d21985
15428,21987,layout_pi21988_d21987
15429,21995,layout_pi21996_d21995
15430,22002,layout_pi22003_d22002
15431,22017,layout_pi22018_d22017
15432,22018,layout_pi22019_d22018
15433,22024,layout_pi22025_d22024
15434,22030,layout_pi22031_d22030
15435,22037,layout_pi22038_d22037
15436,22042,layout_pi22043_d22042
15437,22043,layout_pi22044_d22043
15438,22044,layout_pi22045_d22044
15439,22062,layout_pi22063_d22062
15440,22064,layout_pi22065_d22064
15441,22075,layout_pi22076_d22075
15442,22081,layout_pi22082_d22081
15443,22083,layout_pi22084_d22083
15444,22087,layout_pi22088_d22087
15445,22091,layout_pi22092_d22091
15446,22096,layout_pi22097_d22096
15447,22099,layout_pi22100_d22099
15448,22116,layout_pi22117_d22116
15449,22117,layout_pi22118_d22117
15450,22118,layout_pi22119_d22118
15451,22122,layout_pi22123_d22122
15452,22127,layout_pi22128_d22127
15453,22151,layout_pi22152_d22151
15454,22155,layout_pi22156_d22155
15455,22160,layout_pi22161_d22160
15456,22161,layout_pi22162_d22161
15457,22162,layout_pi22163_d22162
15458,22170,layout_pi22171_d22170
15459,22176,layout_pi22177_d22176
15460,22179,layout_pi22180_d22179
15461,22185,layout_pi22186_d22185
15462,22195,layout_pi22196_d22195
15463,22196,layout_pi22197_d22196
15464,22198,layout_pi22199_d22198
15465,22202,layout_pi22203_d22202
15466,22204,layout_pi22205_d22204
15467,22208,layout_pi22209_d22208
15468,22215,layout_pi22216_d22215
15469,22227,layout_pi22228_d22227
15470,22231,layout_pi22232_d22231
15471,22237,layout_pi22238_d22237
15472,22242,layout_pi22243_d22242
15473,22258,layout_pi22259_d22258
15474,22268,layout_pi22269_d22268
15475,22290,layout_pi22291_d22290
15476,22295,layout_pi22296_d22295
15477,22299,layout_pi22300_d22299
15478,22309,layout_pi22310_d22309
15479,22318,layout_pi22319_d22318
15480,22334,layout_pi22335_d22334
15481,22336,layout_pi22337_d22336
15482,22338,layout_pi22339_d22338
15483,22343,layout_pi22344_d22343
15484,22349,layout_pi22350_d22349
15485,22363,layout_pi22364_d22363
15486,22384,layout_pi22385_d22384
15487,22400,layout_pi22401_d22400
15488,22409,layout_pi22410_d22409
15489,22410,layout_pi22411_d22410
15490,22413,layout_pi22414_d22413
15491,22416,layout_pi22417_d22416
15492,22419,layout_pi22420_d22419
15493,22429,layout_pi22430_d22429
15494,22438,layout_pi22439_d22438
15495,22446,layout_pi22447_d22446
15496,22448,layout_pi22449_d22448
15497,22451,layout_pi22452_d22451
15498,22452,layout_pi22453_d22452
15499,22453,layout_pi22454_d22453
15500,22456,layout_pi22457_d22456
15501,22466,layout_pi22467_d22466
15502,22479,layout_pi22480_d22479
15503,22483,layout_pi22484_d22483
15504,22488,layout_pi22489_d22488
15505,22495,layout_pi22496_d22495
15506,22508,layout_pi22509_d22508
15507,22521,layout_pi22522_d22521
15508,22522,layout_pi22523_d22522
15509,22523,layout_pi22524_d22523
15510,22528,layout_pi22529_d22528
15511,22532,layout_pi22533_d22532
15512,22536,layout_pi22537_d22536
15513,22540,layout_pi22541_d22540
15514,22544,layout_pi22545_d22544
15515,22548,layout_pi22549_d22548
15516,22557,layout_pi22558_d22557
15517,22564,layout_pi22565_d22564
15518,22565,layout_pi22566_d22565
15519,22568,layout_pi22569_d22568
15520,22572,layout_pi22573_d22572
15521,22576,layout_pi22577_d22576
15522,22578,layout_pi22579_d22578
15523,22590,layout_pi22591_d22590
15524,22591,layout_pi22592_d22591
15525,22612,layout_pi22613_d22612
15526,22629,layout_pi22630_d22629
15527,22630,layout_pi22631_d22630
15528,22642,layout_pi22643_d22642
15529,22647,layout_pi22648_d22647
15530,22651,layout_pi22652_d22651
15531,22655,layout_pi22656_d22655
15532,22673,layout_pi22674_d22673
15533,22679,layout_pi22680_d22679
15534,22684,layout_pi22685_d22684
15535,22685,layout_pi22686_d22685
15536,22687,layout_pi22688_d22687
15537,22704,layout_pi22705_d22704
15538,22713,layout_pi22714_d22713
15539,22719,layout_pi22720_d22719
15540,22724,layout_pi22725_d22724
15541,22725,layout_pi22726_d22725
15542,22726,layout_pi22727_d22726
15543,22727,layout_pi22728_d22727
15544,22734,layout_pi22735_d22734
15545,22736,layout_pi22737_d22736
15546,22748,layout_pi22749_d22748
15547,22767,layout_pi22768_d22767
15548,22769,layout_pi22770_d22769
15549,22776,layout_pi22777_d22776
15550,22778,layout_pi22779_d22778
15551,22785,layout_pi22786_d22785
15552,22789,layout_pi22790_d22789
15553,22793,layout_pi22794_d22793
15554,22798,layout_pi22799_d22798
15555,22803,layout_pi22804_d22803
15556,22812,layout_pi22813_d22812
15557,22815,layout_pi22816_d22815
15558,22820,layout_pi22821_d22820
15559,22826,layout_pi22827_d22826
15560,22831,layout_pi22832_d22831
15561,22833,layout_pi22834_d22833
15562,22843,layout_pi22844_d22843
15563,22847,layout_pi22848_d22847
15564,22856,layout_pi22857_d22856
15565,22858,layout_pi22859_d22858
15566,22867,layout_pi22868_d22867
15567,22872,layout_pi22873_d22872
15568,22880,layout_pi22881_d22880
15569,22886,layout_pi22887_d22886
15570,22891,layout_pi22892_d22891
15571,22902,layout_pi22903_d22902
15572,22912,layout_pi22913_d22912
15573,22921,layout_pi22922_d22921
15574,22923,layout_pi22924_d22923
15575,22929,layout_pi22930_d22929
15576,22932,layout_pi22933_d22932
15577,22934,layout_pi22935_d22934
15578,22945,layout_pi22946_d22945
15579,22952,layout_pi22953_d22952
15580,22955,layout_pi22956_d22955
15581,22956,layout_pi22957_d22956
15582,22967,layout_pi22968_d22967
15583,22970,layout_pi22971_d22970
15584,22971,layout_pi22972_d22971
15585,22980,layout_pi22981_d22980
15586,22981,layout_pi22982_d22981
15587,22982,layout_pi22983_d22982
15588,22984,layout_pi22985_d22984
15589,23001,layout_pi23002_d23001
15590,23003,layout_pi23004_d23003
15591,23004,layout_pi23005_d23004
15592,23019,layout_pi23020_d23019
15593,23026,layout_pi23027_d23026
15594,23028,layout_pi23029_d23028
15595,23030,layout_pi23031_d23030
15596,23032,layout_pi23033_d23032
15597,23051,layout_pi23052_d23051
15598,23052,layout_pi23053_d23052
15599,23058,layout_pi23059_d23058
15600,23076,layout_pi23077_d23076
15601,23077,layout_pi23078_d23077
15602,23083,layout_pi23084_d23083
15603,23086,layout_pi23087_d23086
15604,23087,layout_pi23088_d23087
15605,23105,layout_pi23106_d23105
15606,23111,layout_pi23112_d23111
15607,23113,layout_pi23114_d23113
15608,23116,layout_pi23117_d23116
15609,23121,layout_pi23122_d23121
15610,23122,layout_pi23123_d23122
15611,23125,layout_pi23126_d23125
15612,23126,layout_pi23127_d23126
15613,23129,layout_pi23130_d23129
15614,23133,layout_pi23134_d23133
15615,23141,layout_pi23142_d23141
15616,23151,layout_pi23152_d23151
15617,23156,layout_pi23157_d23156
15618,23163,layout_pi23164_d23163
15619,23166,layout_pi23167_d23166
15620,23173,layout_pi23174_d23173
15621,23183,layout_pi23184_d23183
15622,23189,layout_pi23190_d23189
15623,23194,layout_pi23195_d23194
15624,23195,layout_pi23196_d23195
15625,23196,layout_pi23197_d23196
15626,23214,layout_pi23215_d23214
15627,23218,layout_pi23219_d23218
15628,23231,layout_pi23232_d23231
15629,23242,layout_pi23243_d23242
15630,23247,layout_pi23248_d23247
15631,23249,layout_pi23250_d23249
15632,23253,layout_pi23254_d23253
15633,23257,layout_pi23258_d23257
15634,23258,layout_pi23259_d23258
15635,23259,layout_pi23260_d23259
15636,23261,layout_pi23262_d23261
15637,23262,layout_pi23263_d23262
15638,23265,layout_pi23266_d23265
15639,23282,layout_pi23283_d23282
15640,23283,layout_pi23284_d23283
15641,23289,layout_pi23290_d23289
15642,23294,layout_pi23295_d23294
15643,23300,layout_pi23301_d23300
15644,23310,layout_pi23311_d23310
15645,23311,layout_pi23312_d23311
15646,23320,layout_pi23321_d23320
15647,23322,layout_pi23323_d23322
15648,23345,layout_pi23346_d23345
15649,23347,layout_pi23348_d23347
15650,23349,layout_pi23350_d23349
15651,23358,layout_pi23359_d23358
15652,23372,layout_pi23373_d23372
15653,23381,layout_pi23382_d23381
15654,23390,layout_pi23391_d23390
15655,23391,layout_pi23392_d23391
15656,23395,layout_pi23396_d23395
15657,23399,layout_pi23400_d23399
15658,23401,layout_pi23402_d23401
15659,23413,layout_pi23414_d23413
15660,23418,layout_pi23419_d23418
15661,23419,layout_pi23420_d23419
15662,23421,layout_pi23422_d23421
15663,23436,layout_pi23437_d23436
15664,23438,layout_pi23439_d23438
15665,23439,layout_pi23440_d23439
15666,23452,layout_pi23453_d23452
15667,23461,layout_pi23462_d23461
15668,23470,layout_pi23471_d23470
15669,23484,layout_pi23485_d23484
15670,23490,layout_pi23491_d23490
15671,23497,layout_pi23498_d23497
15672,23501,layout_pi23502_d23501
15673,23502,layout_pi23503_d23502
15674,23505,layout_pi23506_d23505
15675,23513,layout_pi23514_d23513
15676,23535,layout_pi23536_d23535
15677,23538,layout_pi23539_d23538
15678,23555,layout_pi23556_d23555
15679,23558,layout_pi23559_d23558
15680,23561,layout_pi23562_d23561
15681,23563,layout_pi23564_d23563
15682,23565,layout_pi23566_d23565
15683,23582,layout_pi23583_d23582
15684,23583,layout_pi23584_d23583
15685,23593,layout_pi23594_d23593
15686,23594,layout_pi23595_d23594
15687,23600,layout_pi23601_d23600
15688,23606,layout_pi23607_d23606
15689,23612,layout_pi23613_d23612
15690,23613,layout_pi23614_d23613
15691,23622,layout_pi23623_d23622
15692,23625,layout_pi23626_d23625
15693,23634,layout_pi23635_d23634
15694,23635,layout_pi23636_d23635
15695,23637,layout_pi23638_d23637
15696,23640,layout_pi23641_d23640
15697,23642,layout_pi23643_d23642
15698,23649,layout_pi23650_d23649
15699,23668,layout_pi23669_d23668
15700,23674,layout_pi23675_d23674
15701,23678,layout_pi23679_d23678
15702,23686,layout_pi23687_d23686
15703,23693,layout_pi23694_d23693
15704,23697,layout_pi23698_d23697
15705,23699,layout_pi23700_d23699
15706,23705,layout_pi23706_d23705
15707,23710,layout_pi23711_d23710
15708,23721,layout_pi23722_d23721
15709,23732,layout_pi23733_d23732
15710,23737,layout_pi23738_d23737
15711,23748,layout_pi23749_d23748
15712,23751,layout_pi23752_d23751
15713,23767,layout_pi23768_d23767
15714,23768,layout_pi23769_d23768
15715,23773,layout_pi23774_d23773
15716,23798,layout_pi23799_d23798
15717,23800,layout_pi23801_d23800
15718,23804,layout_pi23805_d23804
15719,23812,layout_pi23813_d23812
15720,23828,layout_pi23829_d23828
15721,23834,layout_pi23835_d23834
15722,23836,layout_pi23837_d23836
15723,23845,layout_pi23846_d23845
15724,23854,layout_pi23855_d23854
15725,23861,layout_pi23862_d23861
15726,23873,layout_pi23874_d23873
15727,23881,layout_pi23882_d23881
15728,23882,layout_pi23883_d23882
15729,23886,layout_pi23887_d23886
15730,23889,layout_pi23890_d23889
15731,23894,layout_pi23895_d23894
15732,23900,layout_pi23901_d23900
15733,23901,layout_pi23902_d23901
15734,23905,layout_pi23906_d23905
15735,23913,layout_pi23914_d23913
15736,23926,layout_pi23927_d23926
15737,23938,layout_pi23939_d23938
15738,23947,layout_pi23948_d23947
15739,23967,layout_pi23968_d23967
15740,23974,layout_pi23975_d23974
15741,23977,layout_pi23978_d23977
15742,23980,layout_pi23981_d23980
15743,23983,layout_pi23984_d23983
15744,23985,layout_pi23986_d23985
15745,23998,layout_pi23999_d23998
15746,24001,layout_pi24002_d24001
15747,24016,layout_pi24017_d24016
15748,24046,layout_pi24047_d24046
15749,24063,layout_pi24064_d24063
15750,24068,layout_pi24069_d24068
15751,24071,layout_pi24072_d24071
15752,24074,layout_pi24075_d24074
15753,24079,layout_pi24080_d24079
15754,24089,layout_pi24090_d24089
15755,24095,layout_pi24096_d24095
15756,24097,layout_pi24098_d24097
15757,24099,layout_pi24100_d24099
15758,24106,layout_pi24107_d24106
15759,24109,layout_pi24110_d24109
15760,24111,layout_pi24112_d24111
15761,24112,layout_pi24113_d24112
15762,24125,layout_pi24126_d24125
15763,24127,layout_pi24128_d24127
15764,24131,layout_pi24132_d24131
15765,24135,layout_pi24136_d24135
15766,24147,layout_pi24148_d24147
15767,24159,layout_pi24160_d24159
15768,24171,layout_pi24172_d24171
15769,24173,layout_pi24174_d24173
15770,24178,layout_pi24179_d24178
15771,24181,layout_pi24182_d24181
15772,24182,layout_pi24183_d24182
15773,24185,layout_pi24186_d24185
15774,24194,layout_pi24195_d24194
15775,24237,layout_pi24238_d24237
15776,24251,layout_pi24252_d24251
15777,24253,layout_pi24254_d24253
15778,24263,layout_pi24264_d24263
15779,24278,layout_pi24279_d24278
15780,24283,layout_pi24284_d24283
15781,24285,layout_pi24286_d24285
15782,24286,layout_pi24287_d24286
15783,24290,layout_pi24291_d24290
15784,24296,layout_pi24297_d24296
15785,24303,layout_pi24304_d24303
15786,24308,layout_pi24309_d24308
15787,24309,layout_pi24310_d24309
15788,24326,layout_pi24327_d24326
15789,24330,layout_pi24331_d24330
15790,24342,layout_pi24343_d24342
15791,24352,layout_pi24353_d24352
15792,24362,layout_pi24363_d24362
15793,24363,layout_pi24364_d24363
15794,24374,layout_pi24375_d24374
15795,24379,layout_pi24380_d24379
15796,24404,layout_pi24405_d24404
15797,24407,layout_pi24408_d24407
15798,24411,layout_pi24412_d24411
15799,24413,layout_pi24414_d24413
15800,24418,layout_pi24419_d24418
15801,24428,layout_pi24429_d24428
15802,24429,layout_pi24430_d24429
15803,24439,layout_pi24440_d24439
15804,24441,layout_pi24442_d24441
15805,24449,layout_pi24450_d24449
15806,24460,layout_pi24461_d24460
15807,24475,layout_pi24476_d24475
15808,24479,layout_pi24480_d24479
15809,24490,layout_pi24491_d24490
15810,24493,layout_pi24494_d24493
15811,24494,layout_pi24495_d24494
15812,24500,layout_pi24501_d24500
15813,24501,layout_pi24502_d24501
15814,24502,layout_pi24503_d24502
15815,24507,layout_pi24508_d24507
15816,24542,layout_pi24543_d24542
15817,24543,layout_pi24544_d24543
15818,24546,layout_pi24547_d24546
15819,24559,layout_pi24560_d24559
15820,24561,layout_pi24562_d24561
15821,24568,layout_pi24569_d24568
15822,24572,layout_pi24573_d24572
15823,24592,layout_pi24593_d24592
15824,24600,layout_pi24601_d24600
15825,24602,layout_pi24603_d24602
15826,24607,layout_pi24608_d24607
15827,24609,layout_pi24610_d24609
15828,24615,layout_pi24616_d24615
15829,24617,layout_pi24618_d24617
15830,24618,layout_pi24619_d24618
15831,24630,layout_pi24631_d24630
15832,24634,layout_pi24635_d24634
15833,24655,layout_pi24656_d24655
15834,24665,layout_pi24666_d24665
15835,24669,layout_pi24670_d24669
15836,24673,layout_pi24674_d24673
15837,24675,layout_pi24676_d24675
15838,24677,layout_pi24678_d24677
15839,24680,layout_pi24681_d24680
15840,24683,layout_pi24684_d24683
15841,24718,layout_pi24719_d24718
15842,24722,layout_pi24723_d24722
15843,24723,layout_pi24724_d24723
15844,24725,layout_pi24726_d24725
15845,24726,layout_pi24727_d24726
15846,24751,layout_pi24752_d24751
15847,24753,layout_pi24754_d24753
15848,24765,layout_pi24766_d24765
15849,24767,layout_pi24768_d24767
15850,24771,layout_pi24772_d24771
15851,24772,layout_pi24773_d24772
15852,24775,layout_pi24776_d24775
15853,24783,layout_pi24784_d24783
15854,24790,layout_pi24791_d24790
15855,24793,layout_pi24794_d24793
15856,24805,layout_pi24806_d24805
15857,24808,layout_pi24809_d24808
15858,24810,layout_pi24811_d24810
15859,24818,layout_pi24819_d24818
15860,24823,layout_pi24824_d24823
15861,24836,layout_pi24837_d24836
15862,24837,layout_pi24838_d24837
15863,24845,layout_pi24846_d24845
15864,24851,layout_pi24852_d24851
15865,24853,layout_pi24854_d24853
15866,24865,layout_pi24866_d24865
15867,24874,layout_pi24875_d24874
15868,24877,layout_pi24878_d24877
15869,24879,layout_pi24880_d24879
15870,24880,layout_pi24881_d24880
15871,24883,layout_pi24884_d24883
15872,24885,layout_pi24886_d24885
15873,24908,layout_pi24909_d24908
15874,24923,layout_pi24924_d24923
15875,24929,layout_pi24930_d24929
15876,24933,layout_pi24934_d24933
15877,24937,layout_pi24938_d24937
15878,24938,layout_pi24939_d24938
15879,24947,layout_pi24948_d24947
15880,24949,layout_pi24950_d24949
15881,24950,layout_pi24951_d24950
15882,24951,layout_pi24952_d24951
15883,24961,layout_pi24962_d24961
15884,24971,layout_pi24972_d24971
15885,24979,layout_pi24980_d24979
15886,25004,layout_pi25005_d25004
15887,25006,layout_pi25007_d25006
15888,25012,layout_pi25013_d25012
15889,25014,layout_pi25015_d25014
15890,25018,layout_pi25019_d25018
15891,25022,layout_pi25023_d25022
15892,25023,layout_pi25024_d25023
15893,25024,layout_pi25025_d25024
15894,25025,layout_pi25026_d25025
15895,25028,layout_pi25029_d25028
15896,25030,layout_pi25031_d25030
15897,25031,layout_pi25032_d25031
15898,25042,layout_pi25043_d25042
15899,25065,layout_pi25066_d25065
15900,25068,layout_pi25069_d25068
15901,25072,layout_pi25073_d25072
15902,25074,layout_pi25075_d25074
15903,25079,layout_pi25080_d25079
15904,25081,layout_pi25082_d25081
15905,25085,layout_pi25086_d25085
15906,25087,layout_pi25088_d25087
15907,25089,layout_pi25090_d25089
15908,25092,layout_pi25093_d25092
15909,25098,layout_pi25099_d25098
15910,25106,layout_pi25107_d25106
15911,25108,layout_pi25109_d25108
15912,25111,layout_pi25112_d25111
15913,25114,layout_pi25115_d25114
15914,25133,layout_pi25134_d25133
15915,25139,layout_pi25140_d25139
15916,25140,layout_pi25141_d25140
15917,25164,layout_pi25165_d25164
15918,25169,layout_pi25170_d25169
15919,25178,layout_pi25179_d25178
15920,25180,layout_pi25181_d25180
15921,25188,layout_pi25189_d25188
15922,25193,layout_pi25194_d25193
15923,25198,layout_pi25199_d25198
15924,25219,layout_pi25220_d25219
15925,25241,layout_pi25242_d25241
15926,25261,layout_pi25262_d25261
15927,25263,layout_pi25264_d25263
15928,25268,layout_pi25269_d25268
15929,25274,layout_pi25275_d25274
15930,25282,layout_pi25283_d25282
15931,25289,layout_pi25290_d25289
15932,25293,layout_pi25294_d25293
15933,25296,layout_pi25297_d25296
15934,25308,layout_pi25309_d25308
15935,25309,layout_pi25310_d25309
15936,25319,layout_pi25320_d25319
15937,25321,layout_pi25322_d25321
15938,25328,layout_pi25329_d25328
15939,25329,layout_pi25330_d25329
15940,25333,layout_pi25334_d25333
15941,25337,layout_pi25338_d25337
15942,25338,layout_pi25339_d25338
15943,25339,layout_pi25340_d25339
15944,25340,layout_pi25341_d25340
15945,25347,layout_pi25348_d25347
15946,25355,layout_pi25356_d25355
15947,25360,layout_pi25361_d25360
15948,25365,layout_pi25366_d25365
15949,25367,layout_pi25368_d25367
15950,25381,layout_pi25382_d25381
15951,25397,layout_pi25398_d25397
15952,25398,layout_pi25399_d25398
15953,25402,layout_pi25403_d25402
15954,25407,layout_pi25408_d25407
15955,25409,layout_pi25410_d25409
15956,25423,layout_pi25424_d25423
15957,25434,layout_pi25435_d25434
15958,25441,layout_pi25442_d25441
15959,25443,layout_pi25444_d25443
15960,25444,layout_pi25445_d25444
15961,25446,layout_pi25447_d25446
15962,25450,layout_pi25451_d25450
15963,25457,layout_pi25458_d25457
15964,25473,layout_pi25474_d25473
15965,25487,layout_pi25488_d25487
15966,25490,layout_pi25491_d25490
15967,25494,layout_pi25495_d25494
15968,25497,layout_pi25498_d25497
15969,25503,layout_pi25504_d25503
15970,25507,layout_pi25508_d25507
15971,25517,layout_pi25518_d25517
15972,25527,layout_pi25528_d25527
15973,25531,layout_pi25532_d25531
15974,25550,layout_pi25551_d25550
15975,25560,layout_pi25561_d25560
15976,25563,layout_pi25564_d25563
15977,25584,layout_pi25585_d25584
15978,25586,layout_pi25587_d25586
15979,25598,layout_pi25599_d25598
15980,25600,layout_pi25601_d25600
15981,25607,layout_pi25608_d25607
15982,25608,layout_pi25609_d25608
15983,25619,layout_pi25620_d25619
15984,25634,layout_pi25635_d25634
15985,25635,layout_pi25636_d25635
15986,25637,layout_pi25638_d25637
15987,25639,layout_pi25640_d25639
15988,25655,layout_pi25656_d25655
15989,25658,layout_pi25659_d25658
15990,25675,layout_pi25676_d25675
15991,25676,layout_pi25677_d25676
15992,25677,layout_pi25678_d25677
15993,25683,layout_pi25684_d25683
15994,25689,layout_pi25690_d25689
15995,25718,layout_pi25719_d25718
15996,25721,layout_pi25722_d25721
15997,25728,layout_pi25729_d25728
15998,25729,layout_pi25730_d25729
15999,25747,layout_pi25748_d25747
16000,25751,layout_pi25752_d25751
16001,25768,layout_pi25769_d25768
16002,25775,layout_pi25776_d25775
16003,25789,layout_pi25790_d25789
16004,25791,layout_pi25792_d25791
16005,25795,layout_pi25796_d25795
16006,25796,layout_pi25797_d25796
16007,25799,layout_pi25800_d25799
16008,25806,layout_pi25807_d25806
16009,25812,layout_pi25813_d25812
16010,25816,layout_pi25817_d25816
16011,25823,layout_pi25824_d25823
16012,25824,layout_pi25825_d25824
16013,25825,layout_pi25826_d25825
16014,25828,layout_pi25829_d25828
16015,25834,layout_pi25835_d25834
16016,25835,layout_pi25836_d25835
16017,25840,layout_pi25841_d25840
16018,25842,layout_pi25843_d25842
16019,25843,layout_pi25844_d25843
16020,25854,layout_pi25855_d25854
16021,25859,layout_pi25860_d25859
16022,25871,layout_pi25872_d25871
16023,25879,layout_pi25880_d25879
16024,25882,layout_pi25883_d25882
16025,25888,layout_pi25889_d25888
16026,25900,layout_pi25901_d25900
16027,25901,layout_pi25902_d25901
16028,25902,layout_pi25903_d25902
16029,25909,layout_pi25910_d25909
16030,25914,layout_pi25915_d25914
16031,25928,layout_pi25929_d25928
16032,25929,layout_pi25930_d25929
16033,25932,layout_pi25933_d25932
16034,25936,layout_pi25937_d25936
16035,25939,layout_pi25940_d25939
16036,25961,layout_pi25962_d25961
16037,25967,layout_pi25968_d25967
16038,25974,layout_pi25975_d25974
16039,25975,layout_pi25976_d25975
16040,25986,layout_pi25987_d25986
16041,25987,layout_pi25988_d25987
16042,25991,layout_pi25992_d25991
16043,26003,layout_pi26004_d26003
16044,26011,layout_pi26012_d26011
16045,26026,layout_pi26027_d26026
16046,26034,layout_pi26035_d26034
16047,26036,layout_pi26037_d26036
16048,26046,layout_pi26047_d26046
16049,26062,layout_pi26063_d26062
16050,26069,layout_pi26070_d26069
16051,26070,layout_pi26071_d26070
16052,26078,layout_pi26079_d26078
16053,26079,layout_pi26080_d26079
16054,26084,layout_pi26085_d26084
16055,26086,layout_pi26087_d26086
16056,26090,layout_pi26091_d26090
16057,26092,layout_pi26093_d26092
16058,26095,layout_pi26096_d26095
16059,26098,layout_pi26099_d26098
16060,26103,layout_pi26104_d26103
16061,26112,layout_pi26113_d26112
16062,26115,layout_pi26116_d26115
16063,26118,layout_pi26119_d26118
16064,26126,layout_pi26127_d26126
16065,26132,layout_pi26133_d26132
16066,26133,layout_pi26134_d26133
16067,26134,layout_pi26135_d26134
16068,26161,layout_pi26162_d26161
16069,26164,layout_pi26165_d26164
16070,26168,layout_pi26169_d26168
16071,26170,layout_pi26171_d26170
16072,26183,layout_pi26184_d26183
16073,26199,layout_pi26200_d26199
16074,26203,layout_pi26204_d26203
16075,26206,layout_pi26207_d26206
16076,26217,layout_pi26218_d26217
16077,26231,layout_pi26232_d26231
16078,26236,layout_pi26237_d26236
16079,26237,layout_pi26238_d26237
16080,26241,layout_pi26242_d26241
16081,26261,layout_pi26262_d26261
16082,26269,layout_pi26270_d26269
16083,26273,layout_pi26274_d26273
16084,26276,layout_pi26277_d26276
16085,26282,layout_pi26283_d26282
16086,26285,layout_pi26286_d26285
16087,26286,layout_pi26287_d26286
16088,26291,layout_pi26292_d26291
16089,26293,layout_pi26294_d26293
16090,26295,layout_pi26296_d26295
16091,26316,layout_pi26317_d26316
16092,26317,layout_pi26318_d26317
16093,26318,layout_pi26319_d26318
16094,26323,layout_pi26324_d26323
16095,26335,layout_pi26336_d26335
16096,26336,layout_pi26337_d26336
16097,26342,layout_pi26343_d26342
16098,26350,layout_pi26351_d26350
16099,26354,layout_pi26355_d26354
16100,26373,layout_pi26374_d26373
16101,26374,layout_pi26375_d26374
16102,26377,layout_pi26378_d26377
16103,26386,layout_pi26387_d26386
16104,26387,layout_pi26388_d26387
16105,26396,layout_pi26397_d26396
16106,26405,layout_pi26406_d26405
16107,26411,layout_pi26412_d26411
16108,26414,layout_pi26415_d26414
16109,26420,layout_pi26421_d26420
16110,26421,layout_pi26422_d26421
16111,26430,layout_pi26431_d26430
16112,26433,layout_pi26434_d26433
16113,26436,layout_pi26437_d26436
16114,26440,layout_pi26441_d26440
16115,26443,layout_pi26444_d26443
16116,26470,layout_pi26471_d26470
16117,26471,layout_pi26472_d26471
16118,26478,layout_pi26479_d26478
16119,26489,layout_pi26490_d26489
16120,26503,layout_pi26504_d26503
16121,26504,layout_pi26505_d26504
16122,26507,layout_pi26508_d26507
16123,26526,layout_pi26527_d26526
16124,26530,layout_pi26531_d26530
16125,26534,layout_pi26535_d26534
16126,26544,layout_pi26545_d26544
16127,26559,layout_pi26560_d26559
16128,26568,layout_pi26569_d26568
16129,26571,layout_pi26572_d26571
16130,26572,layout_pi26573_d26572
16131,26573,layout_pi26574_d26573
16132,26576,layout_pi26577_d26576
16133,26606,layout_pi26607_d26606
16134,26617,layout_pi26618_d26617
16135,26619,layout_pi26620_d26619
16136,26622,layout_pi26623_d26622
16137,26631,layout_pi26632_d26631
16138,26637,layout_pi26638_d26637
16139,26641,layout_pi26642_d26641
16140,26646,layout_pi26647_d26646
16141,26648,layout_pi26649_d26648
16142,26649,layout_pi26650_d26649
16143,26658,layout_pi26659_d26658
16144,26667,layout_pi26668_d26667
16145,26674,layout_pi26675_d26674
16146,26676,layout_pi26677_d26676
16147,26677,layout_pi26678_d26677
16148,26685,layout_pi26686_d26685
16149,26689,layout_pi26690_d26689
16150,26698,layout_pi26699_d26698
16151,26706,layout_pi26707_d26706
16152,26710,layout_pi26711_d26710
16153,26717,layout_pi26718_d26717
16154,26720,layout_pi26721_d26720
16155,26723,layout_pi26724_d26723
16156,26724,layout_pi26725_d26724
16157,26725,layout_pi26726_d26725
16158,26747,layout_pi26748_d26747
16159,26750,layout_pi26751_d26750
16160,26753,layout_pi26754_d26753
16161,26782,layout_pi26783_d26782
16162,26784,layout_pi26785_d26784
16163,26785,layout_pi26786_d26785
16164,26787,layout_pi26788_d26787
16165,26788,layout_pi26789_d26788
16166,26796,layout_pi26797_d26796
16167,26812,layout_pi26813_d26812
16168,26833,layout_pi26834_d26833
16169,26837,layout_pi26838_d26837
16170,26852,layout_pi26853_d26852
16171,26855,layout_pi26856_d26855
16172,26858,layout_pi26859_d26858
16173,26860,layout_pi26861_d26860
16174,26880,layout_pi26881_d26880
16175,26895,layout_pi26896_d26895
16176,26902,layout_pi26903_d26902
16177,26903,layout_pi26904_d26903
16178,26909,layout_pi26910_d26909
16179,26917,layout_pi26918_d26917
16180,26918,layout_pi26919_d26918
16181,26920,layout_pi26921_d26920
16182,26922,layout_pi26923_d26922
16183,26931,layout_pi26932_d26931
16184,26934,layout_pi26935_d26934
16185,26936,layout_pi26937_d26936
16186,26942,layout_pi26943_d26942
16187,26945,layout_pi26946_d26945
16188,26949,layout_pi26950_d26949
16189,26969,layout_pi26970_d26969
16190,26970,layout_pi26971_d26970
16191,26971,layout_pi26972_d26971
16192,26974,layout_pi26975_d26974
16193,26979,layout_pi26980_d26979
16194,27014,layout_pi27015_d27014
16195,27018,layout_pi27019_d27018
16196,27033,layout_pi27034_d27033
16197,27045,layout_pi27046_d27045
16198,27048,layout_pi27049_d27048
16199,27068,layout_pi27069_d27068
16200,27077,layout_pi27078_d27077
16201,27087,layout_pi27088_d27087
16202,27099,layout_pi27100_d27099
16203,27105,layout_pi27106_d27105
16204,27127,layout_pi27128_d27127
16205,27128,layout_pi27129_d27128
16206,27131,layout_pi27132_d27131
16207,27134,layout_pi27135_d27134
16208,27136,layout_pi27137_d27136
16209,27156,layout_pi27157_d27156
16210,27163,layout_pi27164_d27163
16211,27171,layout_pi27172_d27171
16212,27173,layout_pi27174_d27173
16213,27174,layout_pi27175_d27174
16214,27176,layout_pi27177_d27176
16215,27177,layout_pi27178_d27177
16216,27181,layout_pi27182_d27181
16217,27182,layout_pi27183_d27182
16218,27183,layout_pi27184_d27183
16219,27188,layout_pi27189_d27188
16220,27190,layout_pi27191_d27190
16221,27194,layout_pi27195_d27194
16222,27204,layout_pi27205_d27204
16223,27223,layout_pi27224_d27223
16224,27237,layout_pi27238_d27237
16225,27252,layout_pi27253_d27252
16226,27255,layout_pi27256_d27255
16227,27288,layout_pi27289_d27288
16228,27289,layout_pi27290_d27289
16229,27299,layout_pi27300_d27299
16230,27300,layout_pi27301_d27300
16231,27301,layout_pi27302_d27301
16232,27302,layout_pi27303_d27302
16233,27303,layout_pi27304_d27303
16234,27319,layout_pi27320_d27319
16235,27322,layout_pi27323_d27322
16236,27328,layout_pi27329_d27328
16237,27346,layout_pi27347_d27346
16238,27349,layout_pi27350_d27349
16239,27353,layout_pi27354_d27353
16240,27374,layout_pi27375_d27374
16241,27375,layout_pi27376_d27375
16242,27377,layout_pi27378_d27377
16243,27389,layout_pi27390_d27389
16244,27397,layout_pi27398_d27397
16245,27402,layout_pi27403_d27402
16246,27413,layout_pi27414_d27413
16247,27415,layout_pi27416_d27415
16248,27416,layout_pi27417_d27416
16249,27423,layout_pi27424_d27423
16250,27450,layout_pi27451_d27450
16251,27464,layout_pi27465_d27464
16252,27470,layout_pi27471_d27470
16253,27471,layout_pi27472_d27471
16254,27472,layout_pi27473_d27472
16255,27481,layout_pi27482_d27481
16256,27484,layout_pi27485_d27484
16257,27485,layout_pi27486_d27485
16258,27494,layout_pi27495_d27494
16259,27499,layout_pi27500_d27499
16260,27504,layout_pi27505_d27504
16261,27508,layout_pi27509_d27508
16262,27512,layout_pi27513_d27512
16263,27513,layout_pi27514_d27513
16264,27517,layout_pi27518_d27517
16265,27519,layout_pi27520_d27519
16266,27534,layout_pi27535_d27534
16267,27536,layout_pi27537_d27536
16268,27541,layout_pi27542_d27541
16269,27548,layout_pi27549_d27548
16270,27559,layout_pi27560_d27559
16271,27570,layout_pi27571_d27570
16272,27580,layout_pi27581_d27580
16273,27585,layout_pi27586_d27585
16274,27590,layout_pi27591_d27590
16275,27593,layout_pi27594_d27593
16276,27595,layout_pi27596_d27595
16277,27603,layout_pi27604_d27603
16278,27604,layout_pi27605_d27604
16279,27614,layout_pi27615_d27614
16280,27620,layout_pi27621_d27620
16281,27623,layout_pi27624_d27623
16282,27626,layout_pi27627_d27626
16283,27636,layout_pi27637_d27636
16284,27642,layout_pi27643_d27642
16285,27651,layout_pi27652_d27651
16286,27658,layout_pi27659_d27658
16287,27672,layout_pi27673_d27672
16288,27673,layout_pi27674_d27673
16289,27674,layout_pi27675_d27674
16290,27676,layout_pi27677_d27676
16291,27684,layout_pi27685_d27684
16292,27698,layout_pi27699_d27698
16293,27700,layout_pi27701_d27700
16294,27722,layout_pi27723_d27722
16295,27728,layout_pi27729_d27728
16296,27734,layout_pi27735_d27734
16297,27743,layout_pi27744_d27743
16298,27759,layout_pi27760_d27759
16299,27762,layout_pi27763_d27762
16300,27766,layout_pi27767_d27766
16301,27769,layout_pi27770_d27769
16302,27781,layout_pi27782_d27781
16303,27782,layout_pi27783_d27782
16304,27792,layout_pi27793_d27792
16305,27803,layout_pi27804_d27803
16306,27804,layout_pi27805_d27804
16307,27809,layout_pi27810_d27809
16308,27811,layout_pi27812_d27811
16309,27813,layout_pi27814_d27813
16310,27819,layout_pi27820_d27819
16311,27828,layout_pi27829_d27828
16312,27836,layout_pi27837_d27836
16313,27839,layout_pi27840_d27839
16314,27844,layout_pi27845_d27844
16315,27848,layout_pi27849_d27848
16316,27858,layout_pi27859_d27858
16317,27867,layout_pi27868_d27867
16318,27870,layout_pi27871_d27870
16319,27871,layout_pi27872_d27871
16320,27897,layout_pi27898_d27897
16321,27899,layout_pi27900_d27899
16322,27900,layout_pi27901_d27900
16323,27906,layout_pi27907_d27906
16324,27907,layout_pi27908_d27907
16325,27909,layout_pi27910_d27909
16326,27920,layout_pi27921_d27920
16327,27926,layout_pi27927_d27926
16328,27943,layout_pi27944_d27943
16329,27950,layout_pi27951_d27950
16330,27952,layout_pi27953_d27952
16331,27954,layout_pi27955_d27954
16332,27955,layout_pi27956_d27955
16333,27959,layout_pi27960_d27959
16334,27973,layout_pi27974_d27973
16335,27984,layout_pi27985_d27984
16336,27985,layout_pi27986_d27985
16337,27989,layout_pi27990_d27989
16338,27996,layout_pi27997_d27996
16339,27998,layout_pi27999_d27998
16340,27999,layout_pi28000_d27999
16341,28006,layout_pi28007_d28006
16342,28010,layout_pi28011_d28010
16343,28022,layout_pi28023_d28022
16344,28029,layout_pi28030_d28029
16345,28030,layout_pi28031_d28030
16346,28047,layout_pi28048_d28047
16347,28049,layout_pi28050_d28049
16348,28052,layout_pi28053_d28052
16349,28059,layout_pi28060_d28059
16350,28060,layout_pi28061_d28060
16351,28079,layout_pi28080_d28079
16352,28081,layout_pi28082_d28081
16353,28093,layout_pi28094_d28093
16354,28095,layout_pi28096_d28095
16355,28102,layout_pi28103_d28102
16356,28129,layout_pi28130_d28129
16357,28133,layout_pi28134_d28133
16358,28138,layout_pi28139_d28138
16359,28141,layout_pi28142_d28141
16360,28151,layout_pi28152_d28151
16361,28152,layout_pi28153_d28152
16362,28154,layout_pi28155_d28154
16363,28161,layout_pi28162_d28161
16364,28165,layout_pi28166_d28165
16365,28172,layout_pi28173_d28172
16366,28174,layout_pi28175_d28174
16367,28175,layout_pi28176_d28175
16368,28182,layout_pi28183_d28182
16369,28193,layout_pi28194_d28193
16370,28197,layout_pi28198_d28197
16371,28199,layout_pi28200_d28199
16372,28208,layout_pi28209_d28208
16373,28213,layout_pi28214_d28213
16374,28222,layout_pi28223_d28222
16375,28225,layout_pi28226_d28225
16376,28226,layout_pi28227_d28226
16377,28233,layout_pi28234_d28233
16378,28235,layout_pi28236_d28235
16379,28240,layout_pi28241_d28240
16380,28252,layout_pi28253_d28252
16381,28261,layout_pi28262_d28261
16382,28264,layout_pi28265_d28264
16383,28268,layout_pi28269_d28268
16384,28280,layout_pi28281_d28280
16385,28282,layout_pi28283_d28282
16386,28290,layout_pi28291_d28290
16387,28318,layout_pi28319_d28318
16388,28322,layout_pi28323_d28322
16389,28333,layout_pi28334_d28333
16390,28335,layout_pi28336_d28335
16391,28337,layout_pi28338_d28337
16392,28338,layout_pi28339_d28338
16393,28339,layout_pi28340_d28339
16394,28341,layout_pi28342_d28341
16395,28344,layout_pi28345_d28344
16396,28345,layout_pi28346_d28345
16397,28347,layout_pi28348_d28347
16398,28348,layout_pi28349_d28348
16399,28355,layout_pi28356_d28355
16400,28357,layout_pi28358_d28357
16401,28374,layout_pi28375_d28374
16402,28379,layout_pi28380_d28379
16403,28381,layout_pi28382_d28381
16404,28383,layout_pi28384_d28383
16405,28387,layout_pi28388_d28387
16406,28396,layout_pi28397_d28396
16407,28402,layout_pi28403_d28402
16408,28408,layout_pi28409_d28408
16409,28415,layout_pi28416_d28415
16410,28431,layout_pi28432_d28431
16411,28441,layout_pi28442_d28441
16412,28446,layout_pi28447_d28446
16413,28489,layout_pi28490_d28489
16414,28493,layout_pi28494_d28493
16415,28495,layout_pi28496_d28495
16416,28502,layout_pi28503_d28502
16417,28508,layout_pi28509_d28508
16418,28517,layout_pi28518_d28517
16419,28551,layout_pi28552_d28551
16420,28553,layout_pi28554_d28553
16421,28558,layout_pi28559_d28558
16422,28572,layout_pi28573_d28572
16423,28573,layout_pi28574_d28573
16424,28574,layout_pi28575_d28574
16425,28578,layout_pi28579_d28578
16426,28583,layout_pi28584_d28583
16427,28584,layout_pi28585_d28584
16428,28586,layout_pi28587_d28586
16429,28590,layout_pi28591_d28590
16430,28603,layout_pi28604_d28603
16431,28605,layout_pi28606_d28605
16432,28618,layout_pi28619_d28618
16433,28630,layout_pi28631_d28630
16434,28637,layout_pi28638_d28637
16435,28641,layout_pi28642_d28641
16436,28646,layout_pi28647_d28646
16437,28655,layout_pi28656_d28655
16438,28656,layout_pi28657_d28656
16439,28660,layout_pi28661_d28660
16440,28665,layout_pi28666_d28665
16441,28673,layout_pi28674_d28673
16442,28683,layout_pi28684_d28683
16443,28698,layout_pi28699_d28698
16444,28717,layout_pi28718_d28717
16445,28735,layout_pi28736_d28735
16446,28737,layout_pi28738_d28737
16447,28741,layout_pi28742_d28741
16448,28743,layout_pi28744_d28743
16449,28776,layout_pi28777_d28776
16450,28786,layout_pi28787_d28786
16451,28792,layout_pi28793_d28792
16452,28794,layout_pi28795_d28794
16453,28797,layout_pi28798_d28797
16454,28801,layout_pi28802_d28801
16455,28802,layout_pi28803_d28802
16456,28804,layout_pi28805_d28804
16457,28805,layout_pi28806_d28805
16458,28806,layout_pi28807_d28806
16459,28815,layout_pi28816_d28815
16460,28824,layout_pi28825_d28824
16461,28825,layout_pi28826_d28825
16462,28828,layout_pi28829_d28828
16463,28837,layout_pi28838_d28837
16464,28844,layout_pi28845_d28844
16465,28848,layout_pi28849_d28848
16466,28865,layout_pi28866_d28865
16467,28871,layout_pi28872_d28871
16468,28875,layout_pi28876_d28875
16469,28886,layout_pi28887_d28886
16470,28892,layout_pi28893_d28892
16471,28895,layout_pi28896_d28895
16472,28903,layout_pi28904_d28903
16473,28905,layout_pi28906_d28905
16474,28911,layout_pi28912_d28911
16475,28917,layout_pi28918_d28917
16476,28918,layout_pi28919_d28918
16477,28938,layout_pi28939_d28938
16478,28942,layout_pi28943_d28942
16479,28943,layout_pi28944_d28943
16480,28953,layout_pi28954_d28953
16481,28956,layout_pi28957_d28956
16482,28959,layout_pi28960_d28959
16483,28969,layout_pi28970_d28969
16484,28970,layout_pi28971_d28970
16485,28971,layout_pi28972_d28971
16486,28991,layout_pi28992_d28991
16487,29003,layout_pi29004_d29003
16488,29009,layout_pi29010_d29009
16489,29012,layout_pi29013_d29012
16490,29020,layout_pi29021_d29020
16491,29022,layout_pi29023_d29022
16492,29025,layout_pi29026_d29025
16493,29029,layout_pi29030_d29029
16494,29031,layout_pi29032_d29031
16495,29034,layout_pi29035_d29034
16496,29037,layout_pi29038_d29037
16497,29039,layout_pi29040_d29039
16498,29045,layout_pi29046_d29045
16499,29056,layout_pi29057_d29056
16500,29061,layout_pi29062_d29061
16501,29082,layout_pi29083_d29082
16502,29089,layout_pi29090_d29089
16503,29092,layout_pi29093_d29092
16504,29108,layout_pi29109_d29108
16505,29115,layout_pi29116_d29115
16506,29121,layout_pi29122_d29121
16507,29128,layout_pi29129_d29128
16508,29143,layout_pi29144_d29143
16509,29151,layout_pi29152_d29151
16510,29155,layout_pi29156_d29155
16511,29168,layout_pi29169_d29168
16512,29169,layout_pi29170_d29169
16513,29171,layout_pi29172_d29171
16514,29184,layout_pi29185_d29184
16515,29187,layout_pi29188_d29187
16516,29193,layout_pi29194_d29193
16517,29208,layout_pi29209_d29208
16518,29233,layout_pi29234_d29233
16519,29235,layout_pi29236_d29235
16520,29237,layout_pi29238_d29237
16521,29244,layout_pi29245_d29244
16522,29247,layout_pi29248_d29247
16523,29253,layout_pi29254_d29253
16524,29256,layout_pi29257_d29256
16525,29266,layout_pi29267_d29266
16526,29272,layout_pi29273_d29272
16527,29273,layout_pi29274_d29273
16528,29277,layout_pi29278_d29277
16529,29278,layout_pi29279_d29278
16530,29290,layout_pi29291_d29290
16531,29293,layout_pi29294_d29293
16532,29304,layout_pi29305_d29304
16533,29306,layout_pi29307_d29306
16534,29319,layout_pi29320_d29319
16535,29320,layout_pi29321_d29320
16536,29322,layout_pi29323_d29322
16537,29324,layout_pi29325_d29324
16538,29327,layout_pi29328_d29327
16539,29342,layout_pi29343_d29342
16540,29347,layout_pi29348_d29347
16541,29350,layout_pi29351_d29350
16542,29352,layout_pi29353_d29352
16543,29355,layout_pi29356_d29355
16544,29360,layout_pi29361_d29360
16545,29375,layout_pi29376_d29375
16546,29378,layout_pi29379_d29378
16547,29379,layout_pi29380_d29379
16548,29383,layout_pi29384_d29383
16549,29386,layout_pi29387_d29386
16550,29408,layout_pi29409_d29408
16551,29410,layout_pi29411_d29410
16552,29418,layout_pi29419_d29418
16553,29438,layout_pi29439_d29438
16554,29442,layout_pi29443_d29442
16555,29453,layout_pi29454_d29453
16556,29454,layout_pi29455_d29454
16557,29460,layout_pi29461_d29460
16558,29461,layout_pi29462_d29461
16559,29471,layout_pi29472_d29471
16560,29474,layout_pi29475_d29474
16561,29481,layout_pi29482_d29481
16562,29482,layout_pi29483_d29482
16563,29488,layout_pi29489_d29488
16564,29496,layout_pi29497_d29496
16565,29497,layout_pi29498_d29497
16566,29505,layout_pi29506_d29505
16567,29510,layout_pi29511_d29510
16568,29528,layout_pi29529_d29528
16569,29534,layout_pi29535_d29534
16570,29545,layout_pi29546_d29545
16571,29548,layout_pi29549_d29548
16572,29549,layout_pi29550_d29549
16573,29553,layout_pi29554_d29553
16574,29554,layout_pi29555_d29554
16575,29555,layout_pi29556_d29555
16576,29561,layout_pi29562_d29561
16577,29572,layout_pi29573_d29572
16578,29581,layout_pi29582_d29581
16579,29586,layout_pi29587_d29586
16580,29596,layout_pi29597_d29596
16581,29609,layout_pi29610_d29609
16582,29624,layout_pi29625_d29624
16583,29628,layout_pi29629_d29628
16584,29650,layout_pi29651_d29650
16585,29653,layout_pi29654_d29653
16586,29665,layout_pi29666_d29665
16587,29668,layout_pi29669_d29668
16588,29678,layout_pi29679_d29678
16589,29681,layout_pi29682_d29681
16590,29694,layout_pi29695_d29694
16591,29695,layout_pi29696_d29695
16592,29698,layout_pi29699_d29698
16593,29699,layout_pi29700_d29699
16594,29702,layout_pi29703_d29702
16595,29703,layout_pi29704_d29703
16596,29706,layout_pi29707_d29706
16597,29725,layout_pi29726_d29725
16598,29729,layout_pi29730_d29729
16599,29731,layout_pi29732_d29731
16600,29737,layout_pi29738_d29737
16601,29742,layout_pi29743_d29742
16602,29744,layout_pi29745_d29744
16603,29756,layout_pi29757_d29756
16604,29757,layout_pi29758_d29757
16605,29766,layout_pi29767_d29766
16606,29774,layout_pi29775_d29774
16607,29775,layout_pi29776_d29775
16608,29776,layout_pi29777_d29776
16609,29780,layout_pi29781_d29780
16610,29793,layout_pi29794_d29793
16611,29804,layout_pi29805_d29804
16612,29820,layout_pi29821_d29820
16613,29826,layout_pi29827_d29826
16614,29835,layout_pi29836_d29835
16615,29843,layout_pi29844_d29843
16616,29845,layout_pi29846_d29845
16617,29854,layout_pi29855_d29854
16618,29866,layout_pi29867_d29866
16619,29868,layout_pi29869_d29868
16620,29877,layout_pi29878_d29877
16621,29881,layout_pi29882_d29881
16622,29886,layout_pi29887_d29886
16623,29910,layout_pi29911_d29910
16624,29913,layout_pi29914_d29913
16625,29914,layout_pi29915_d29914
16626,29923,layout_pi29924_d29923
16627,29928,layout_pi29929_d29928
16628,29930,layout_pi29931_d29930
16629,29946,layout_pi29947_d29946
16630,29949,layout_pi29950_d29949
16631,29951,layout_pi29952_d29951
16632,29966,layout_pi29967_d29966
16633,29972,layout_pi29973_d29972
16634,29978,layout_pi29979_d29978
16635,29981,layout_pi29982_d29981
16636,29999,layout_pi30000_d29999
16637,30005,layout_pi30006_d30005
16638,30007,layout_pi30008_d30007
16639,30014,layout_pi30015_d30014
16640,30018,layout_pi30019_d30018
16641,30022,layout_pi30023_d30022
16642,30024,layout_pi30025_d30024
16643,30033,layout_pi30034_d30033
16644,30035,layout_pi30036_d30035
16645,30036,layout_pi30037_d30036
16646,30039,layout_pi30040_d30039
16647,30046,layout_pi30047_d30046
16648,30050,layout_pi30051_d30050
16649,30066,layout_pi30067_d30066
16650,30068,layout_pi30069_d30068
16651,30073,layout_pi30074_d30073
16652,30074,layout_pi30075_d30074
16653,30076,layout_pi30077_d30076
16654,30077,layout_pi30078_d30077
16655,30087,layout_pi30088_d30087
16656,30089,layout_pi30090_d30089
16657,30096,layout_pi30097_d30096
16658,30099,layout_pi30100_d30099
16659,30103,layout_pi30104_d30103
16660,30117,layout_pi30118_d30117
16661,30128,layout_pi30129_d30128
16662,30131,layout_pi30132_d30131
16663,30139,layout_pi30140_d30139
16664,30145,layout_pi30146_d30145
16665,30148,layout_pi30149_d30148
16666,30150,layout_pi30151_d30150
16667,30155,layout_pi30156_d30155
16668,30157,layout_pi30158_d30157
16669,30165,layout_pi30166_d30165
16670,30179,layout_pi30180_d30179
16671,30185,layout_pi30186_d30185
16672,30187,layout_pi30188_d30187
16673,30208,layout_pi30209_d30208
16674,30213,layout_pi30214_d30213
16675,30218,layout_pi30219_d30218
16676,30223,layout_pi30224_d30223
16677,30251,layout_pi30252_d30251
16678,30256,layout_pi30257_d30256
16679,30260,layout_pi30261_d30260
16680,30264,layout_pi30265_d30264
16681,30268,layout_pi30269_d30268
16682,30273,layout_pi30274_d30273
16683,30277,layout_pi30278_d30277
16684,30279,layout_pi30280_d30279
16685,30280,layout_pi30281_d30280
16686,30287,layout_pi30288_d30287
16687,30288,layout_pi30289_d30288
16688,30306,layout_pi30307_d30306
16689,30307,layout_pi30308_d30307
16690,30323,layout_pi30324_d30323
16691,30329,layout_pi30330_d30329
16692,30331,layout_pi30332_d30331
16693,30333,layout_pi30334_d30333
16694,30338,layout_pi30339_d30338
16695,30342,layout_pi30343_d30342
16696,30350,layout_pi30351_d30350
16697,30351,layout_pi30352_d30351
16698,30361,layout_pi30362_d30361
16699,30362,layout_pi30363_d30362
16700,30368,layout_pi30369_d30368
16701,30372,layout_pi30373_d30372
16702,30384,layout_pi30385_d30384
16703,30390,layout_pi30391_d30390
16704,30392,layout_pi30393_d30392
16705,30394,layout_pi30395_d30394
16706,30400,layout_pi30401_d30400
16707,30414,layout_pi30415_d30414
16708,30423,layout_pi30424_d30423
16709,30435,layout_pi30436_d30435
16710,30438,layout_pi30439_d30438
16711,30439,layout_pi30440_d30439
16712,30441,layout_pi30442_d30441
16713,30453,layout_pi30454_d30453
16714,30458,layout_pi30459_d30458
16715,30460,layout_pi30461_d30460
16716,30463,layout_pi30464_d30463
16717,30469,layout_pi30470_d30469
16718,30472,layout_pi30473_d30472
16719,30476,layout_pi30477_d30476
16720,30478,layout_pi30479_d30478
16721,30488,layout_pi30489_d30488
16722,30492,layout_pi30493_d30492
16723,30511,layout_pi30512_d30511
16724,30522,layout_pi30523_d30522
16725,30535,layout_pi30536_d30535
16726,30549,layout_pi30550_d30549
16727,30550,layout_pi30551_d30550
16728,30566,layout_pi30567_d30566
16729,30569,layout_pi30570_d30569
16730,30577,layout_pi30578_d30577
16731,30584,layout_pi30585_d30584
16732,30592,layout_pi30593_d30592
16733,30601,layout_pi30602_d30601
16734,30605,layout_pi30606_d30605
16735,30607,layout_pi30608_d30607
16736,30619,layout_pi30620_d30619
16737,30627,layout_pi30628_d30627
16738,30639,layout_pi30640_d30639
16739,30643,layout_pi30644_d30643
16740,30655,layout_pi30656_d30655
16741,30672,layout_pi30673_d30672
16742,30673,layout_pi30674_d30673
16743,30678,layout_pi30679_d30678
16744,30681,layout_pi30682_d30681
16745,30693,layout_pi30694_d30693
16746,30699,layout_pi30700_d30699
16747,30704,layout_pi30705_d30704
16748,30723,layout_pi30724_d30723
16749,30724,layout_pi30725_d30724
16750,30757,layout_pi30758_d30757
16751,30773,layout_pi30774_d30773
16752,30774,layout_pi30775_d30774
16753,30788,layout_pi30789_d30788
16754,30792,layout_pi30793_d30792
16755,30798,layout_pi30799_d30798
16756,30803,layout_pi30804_d30803
16757,30806,layout_pi30807_d30806
16758,30811,layout_pi30812_d30811
16759,30813,layout_pi30814_d30813
16760,30814,layout_pi30815_d30814
16761,30820,layout_pi30821_d30820
16762,30826,layout_pi30827_d30826
16763,30833,layout_pi30834_d30833
16764,30837,layout_pi30838_d30837
16765,30838,layout_pi30839_d30838
16766,30843,layout_pi30844_d30843
16767,30851,layout_pi30852_d30851
16768,30852,layout_pi30853_d30852
16769,30855,layout_pi30856_d30855
16770,30856,layout_pi30857_d30856
16771,30863,layout_pi30864_d30863
16772,30864,layout_pi30865_d30864
16773,30873,layout_pi30874_d30873
16774,30874,layout_pi30875_d30874
16775,30885,layout_pi30886_d30885
16776,30890,layout_pi30891_d30890
16777,30891,layout_pi30892_d30891
16778,30903,layout_pi30904_d30903
16779,30904,layout_pi30905_d30904
16780,30911,layout_pi30912_d30911
16781,30918,layout_pi30919_d30918
16782,30933,layout_pi30934_d30933
16783,30935,layout_pi30936_d30935
16784,30949,layout_pi30950_d30949
16785,30950,layout_pi30951_d30950
16786,30958,layout_pi30959_d30958
16787,30983,layout_pi30984_d30983
16788,30985,layout_pi30986_d30985
16789,30987,layout_pi30988_d30987
16790,30988,layout_pi30989_d30988
16791,31004,layout_pi31005_d31004
16792,31006,layout_pi31007_d31006
16793,31013,layout_pi31014_d31013
16794,31023,layout_pi31024_d31023
16795,31025,layout_pi31026_d31025
16796,31026,layout_pi31027_d31026
16797,31028,layout_pi31029_d31028
16798,31038,layout_pi31039_d31038
16799,31058,layout_pi31059_d31058
16800,31062,layout_pi31063_d31062
16801,31066,layout_pi31067_d31066
16802,31070,layout_pi31071_d31070
16803,31078,layout_pi31079_d31078
16804,31090,layout_pi31091_d31090
16805,31092,layout_pi31093_d31092
16806,31113,layout_pi31114_d31113
16807,31132,layout_pi31133_d31132
16808,31136,layout_pi31137_d31136
16809,31138,layout_pi31139_d31138
16810,31150,layout_pi31151_d31150
16811,31160,layout_pi31161_d31160
16812,31163,layout_pi31164_d31163
16813,31164,layout_pi31165_d31164
16814,31169,layout_pi31170_d31169
16815,31173,layout_pi31174_d31173
16816,31177,layout_pi31178_d31177
16817,31183,layout_pi31184_d31183
16818,31196,layout_pi31197_d31196
16819,31197,layout_pi31198_d31197
16820,31200,layout_pi31201_d31200
16821,31207,layout_pi31208_d31207
16822,31218,layout_pi31219_d31218
16823,31222,layout_pi31223_d31222
16824,31223,layout_pi31224_d31223
16825,31226,layout_pi31227_d31226
16826,31227,layout_pi31228_d31227
16827,31255,layout_pi31256_d31255
16828,31262,layout_pi31263_d31262
16829,31265,layout_pi31266_d31265
16830,31267,layout_pi31268_d31267
16831,31282,layout_pi31283_d31282
16832,31290,layout_pi31291_d31290
16833,31291,layout_pi31292_d31291
16834,31294,layout_pi31295_d31294
16835,31303,layout_pi31304_d31303
16836,31308,layout_pi31309_d31308
16837,31311,layout_pi31312_d31311
16838,31327,layout_pi31328_d31327
16839,31330,layout_pi31331_d31330
16840,31344,layout_pi31345_d31344
16841,31350,layout_pi31351_d31350
16842,31354,layout_pi31355_d31354
16843,31356,layout_pi31357_d31356
16844,31371,layout_pi31372_d31371
16845,31373,layout_pi31374_d31373
16846,31382,layout_pi31383_d31382
16847,31383,layout_pi31384_d31383
16848,31393,layout_pi31394_d31393
16849,31398,layout_pi31399_d31398
16850,31431,layout_pi31432_d31431
16851,31433,layout_pi31434_d31433
16852,31434,layout_pi31435_d31434
16853,31437,layout_pi31438_d31437
16854,31444,layout_pi31445_d31444
16855,31456,layout_pi31457_d31456
16856,31459,layout_pi31460_d31459
16857,31461,layout_pi31462_d31461
16858,31465,layout_pi31466_d31465
16859,31469,layout_pi31470_d31469
16860,31474,layout_pi31475_d31474
16861,31481,layout_pi31482_d31481
16862,31487,layout_pi31488_d31487
16863,31488,layout_pi31489_d31488
16864,31498,layout_pi31499_d31498
16865,31501,layout_pi31502_d31501
16866,31510,layout_pi31511_d31510
16867,31516,layout_pi31517_d31516
16868,31525,layout_pi31526_d31525
16869,31537,layout_pi31538_d31537
16870,31541,layout_pi31542_d31541
16871,31547,layout_pi31548_d31547
16872,31551,layout_pi31552_d31551
16873,31553,layout_pi31554_d31553
16874,31554,layout_pi31555_d31554
16875,31558,layout_pi31559_d31558
16876,31560,layout_pi31561_d31560
16877,31561,layout_pi31562_d31561
16878,31564,layout_pi31565_d31564
16879,31571,layout_pi31572_d31571
16880,31579,layout_pi31580_d31579
16881,31585,layout_pi31586_d31585
16882,31588,layout_pi31589_d31588
16883,31590,layout_pi31591_d31590
16884,31599,layout_pi31600_d31599
16885,31611,layout_pi31612_d31611
16886,31612,layout_pi31613_d31612
16887,31613,layout_pi31614_d31613
16888,31621,layout_pi31622_d31621
16889,31627,layout_pi31628_d31627
16890,31628,layout_pi31629_d31628
16891,31629,layout_pi31630_d31629
16892,31630,layout_pi31631_d31630
16893,31631,layout_pi31632_d31631
16894,31633,layout_pi31634_d31633
16895,31644,layout_pi31645_d31644
16896,31660,layout_pi31661_d31660
16897,31666,layout_pi31667_d31666
16898,31681,layout_pi31682_d31681
16899,31682,layout_pi31683_d31682
16900,31684,layout_pi31685_d31684
16901,31694,layout_pi31695_d31694
16902,31698,layout_pi31699_d31698
16903,31711,layout_pi31712_d31711
16904,31718,layout_pi31719_d31718
16905,31720,layout_pi31721_d31720
16906,31745,layout_pi31746_d31745
16907,31754,layout_pi31755_d31754
16908,31758,layout_pi31759_d31758
16909,31759,layout_pi31760_d31759
16910,31769,layout_pi31770_d31769
16911,31772,layout_pi31773_d31772
16912,31778,layout_pi31779_d31778
16913,31784,layout_pi31785_d31784
16914,31790,layout_pi31791_d31790
16915,31793,layout_pi31794_d31793
16916,31798,layout_pi31799_d31798
16917,31803,layout_pi31804_d31803
16918,31810,layout_pi31811_d31810
16919,31811,layout_pi31812_d31811
16920,31819,layout_pi31820_d31819
16921,31826,layout_pi31827_d31826
16922,31828,layout_pi31829_d31828
16923,31831,layout_pi31832_d31831
16924,31834,layout_pi31835_d31834
16925,31838,layout_pi31839_d31838
16926,31842,layout_pi31843_d31842
16927,31866,layout_pi31867_d31866
16928,31875,layout_pi31876_d31875
16929,31882,layout_pi31883_d31882
16930,31907,layout_pi31908_d31907
16931,31911,layout_pi31912_d31911
16932,31912,layout_pi31913_d31912
16933,31915,layout_pi31916_d31915
16934,31918,layout_pi31919_d31918
16935,31932,layout_pi31933_d31932
16936,31934,layout_pi31935_d31934
16937,31938,layout_pi31939_d31938
16938,31945,layout_pi31946_d31945
16939,31979,layout_pi31980_d31979
16940,31982,layout_pi31983_d31982
16941,31984,layout_pi31985_d31984
16942,32001,layout_pi32002_d32001
16943,32006,layout_pi32007_d32006
16944,32016,layout_pi32017_d32016
16945,32021,layout_pi32022_d32021
16946,32027,layout_pi32028_d32027
16947,32036,layout_pi32037_d32036
16948,32052,layout_pi32053_d32052
16949,32053,layout_pi32054_d32053
16950,32055,layout_pi32056_d32055
16951,32058,layout_pi32059_d32058
16952,32063,layout_pi32064_d32063
16953,32067,layout_pi32068_d32067
16954,32106,layout_pi32107_d32106
16955,32115,layout_pi32116_d32115
16956,32121,layout_pi32122_d32121
16957,32132,layout_pi32133_d32132
16958,32133,layout_pi32134_d32133
16959,32146,layout_pi32147_d32146
16960,32149,layout_pi32150_d32149
16961,32157,layout_pi32158_d32157
16962,32158,layout_pi32159_d32158
16963,32173,layout_pi32174_d32173
16964,32182,layout_pi32183_d32182
16965,32191,layout_pi32192_d32191
16966,32193,layout_pi32194_d32193
16967,32199,layout_pi32200_d32199
16968,32203,layout_pi32204_d32203
16969,32206,layout_pi32207_d32206
16970,32209,layout_pi32210_d32209
16971,32213,layout_pi32214_d32213
16972,32221,layout_pi32222_d32221
16973,32223,layout_pi32224_d32223
16974,32225,layout_pi32226_d32225
16975,32235,layout_pi32236_d32235
16976,32236,layout_pi32237_d32236
16977,32245,layout_pi32246_d32245
16978,32250,layout_pi32251_d32250
16979,32257,layout_pi32258_d32257
16980,32260,layout_pi32261_d32260
16981,32267,layout_pi32268_d32267
16982,32268,layout_pi32269_d32268
16983,32272,layout_pi32273_d32272
16984,32274,layout_pi32275_d32274
16985,32284,layout_pi32285_d32284
16986,32290,layout_pi32291_d32290
16987,32299,layout_pi32300_d32299
16988,32310,layout_pi32311_d32310
16989,32313,layout_pi32314_d32313
16990,32322,layout_pi32323_d32322
16991,32334,layout_pi32335_d32334
16992,32336,layout_pi32337_d32336
16993,32339,layout_pi32340_d32339
16994,32344,layout_pi32345_d32344
16995,32362,layout_pi32363_d32362
16996,32366,layout_pi32367_d32366
16997,32372,layout_pi32373_d32372
16998,32377,layout_pi32378_d32377
16999,32378,layout_pi32379_d32378
17000,32384,layout_pi32385_d32384
17001,32387,layout_pi32388_d32387
17002,32391,layout_pi32392_d32391
17003,32406,layout_pi32407_d32406
17004,32411,layout_pi32412_d32411
17005,32416,layout_pi32417_d32416
17006,32429,layout_pi32430_d32429
17007,32439,layout_pi32440_d32439
17008,32445,layout_pi32446_d32445
17009,32447,layout_pi32448_d32447
17010,32455,layout_pi32456_d32455
17011,32465,layout_pi32466_d32465
17012,32479,layout_pi32480_d32479
17013,32488,layout_pi32489_d32488
17014,32489,layout_pi32490_d32489
17015,32503,layout_pi32504_d32503
17016,32522,layout_pi32523_d32522
17017,32526,layout_pi32527_d32526
17018,32532,layout_pi32533_d32532
17019,32534,layout_pi32535_d32534
17020,32536,layout_pi32537_d32536
17021,32537,layout_pi32538_d32537
17022,32538,layout_pi32539_d32538
17023,32539,layout_pi32540_d32539
17024,32565,layout_pi32566_d32565
17025,32576,layout_pi32577_d32576
17026,32584,layout_pi32585_d32584
17027,32587,layout_pi32588_d32587
17028,32589,layout_pi32590_d32589
17029,32596,layout_pi32597_d32596
17030,32603,layout_pi32604_d32603
17031,32607,layout_pi32608_d32607
17032,32625,layout_pi32626_d32625
17033,32626,layout_pi32627_d32626
17034,32627,layout_pi32628_d32627
17035,32630,layout_pi32631_d32630
17036,32642,layout_pi32643_d32642
17037,32651,layout_pi32652_d32651
17038,32654,layout_pi32655_d32654
17039,32659,layout_pi32660_d32659
17040,32661,layout_pi32662_d32661
17041,32672,layout_pi32673_d32672
17042,32682,layout_pi32683_d32682
17043,32683,layout_pi32684_d32683
17044,32692,layout_pi32693_d32692
17045,32696,layout_pi32697_d32696
17046,32701,layout_pi32702_d32701
17047,32704,layout_pi32705_d32704
17048,32709,layout_pi32710_d32709
17049,32713,layout_pi32714_d32713
17050,32728,layout_pi32729_d32728
17051,32733,layout_pi32734_d32733
17052,32737,layout_pi32738_d32737
17053,32763,layout_pi32764_d32763
17054,32771,layout_pi32772_d32771
17055,32776,layout_pi32777_d32776
17056,32785,layout_pi32786_d32785
17057,32790,layout_pi32791_d32790
17058,32799,layout_pi32800_d32799
17059,32801,layout_pi32802_d32801
17060,32807,layout_pi32808_d32807
17061,32817,layout_pi32818_d32817
17062,32831,layout_pi32832_d32831
17063,32837,layout_pi32838_d32837
17064,32838,layout_pi32839_d32838
17065,32843,layout_pi32844_d32843
17066,32845,layout_pi32846_d32845
17067,32855,layout_pi32856_d32855
17068,32869,layout_pi32870_d32869
17069,32875,layout_pi32876_d32875
17070,32879,layout_pi32880_d32879
17071,32893,layout_pi32894_d32893
17072,32902,layout_pi32903_d32902
17073,32911,layout_pi32912_d32911
17074,32925,layout_pi32926_d32925
17075,32926,layout_pi32927_d32926
17076,32941,layout_pi32942_d32941
17077,32945,layout_pi32946_d32945
17078,32956,layout_pi32957_d32956
17079,32957,layout_pi32958_d32957
17080,32958,layout_pi32959_d32958
17081,32968,layout_pi32969_d32968
17082,32976,layout_pi32977_d32976
17083,32980,layout_pi32981_d32980
17084,32981,layout_pi32982_d32981
17085,32986,layout_pi32987_d32986
17086,33002,layout_pi33003_d33002
17087,33003,layout_pi33004_d33003
17088,33011,layout_pi33012_d33011
17089,33014,layout_pi33015_d33014
17090,33017,layout_pi33018_d33017
17091,33020,layout_pi33021_d33020
17092,33025,layout_pi33026_d33025
17093,33027,layout_pi33028_d33027
17094,33034,layout_pi33035_d33034
17095,33038,layout_pi33039_d33038
17096,33045,layout_pi33046_d33045
17097,33049,layout_pi33050_d33049
17098,33051,layout_pi33052_d33051
17099,33058,layout_pi33059_d33058
17100,33063,layout_pi33064_d33063
17101,33066,layout_pi33067_d33066
17102,33067,layout_pi33068_d33067
17103,33070,layout_pi33071_d33070
17104,33078,layout_pi33079_d33078
17105,33082,layout_pi33083_d33082
17106,33084,layout_pi33085_d33084
17107,33087,layout_pi33088_d33087
17108,33092,layout_pi33093_d33092
17109,33097,layout_pi33098_d33097
17110,33110,layout_pi33111_d33110
17111,33111,layout_pi33112_d33111
17112,33115,layout_pi33116_d33115
17113,33116,layout_pi33117_d33116
17114,33119,layout_pi33120_d33119
17115,33137,layout_pi33138_d33137
17116,33149,layout_pi33150_d33149
17117,33152,layout_pi33153_d33152
17118,33159,layout_pi33160_d33159
17119,33175,layout_pi33176_d33175
17120,33176,layout_pi33177_d33176
17121,33187,layout_pi33188_d33187
17122,33199,layout_pi33200_d33199
17123,33209,layout_pi33210_d33209
17124,33226,layout_pi33227_d33226
17125,33230,layout_pi33231_d33230
17126,33234,layout_pi33235_d33234
17127,33235,layout_pi33236_d33235
17128,33236,layout_pi33237_d33236
17129,33248,layout_pi33249_d33248
17130,33250,layout_pi33251_d33250
17131,33251,layout_pi33252_d33251
17132,33252,layout_pi33253_d33252
17133,33253,layout_pi33254_d33253
17134,33271,layout_pi33272_d33271
17135,33309,layout_pi33310_d33309
17136,33312,layout_pi33313_d33312
17137,33332,layout_pi33333_d33332
17138,33333,layout_pi33334_d33333
17139,33334,layout_pi33335_d33334
17140,33337,layout_pi33338_d33337
17141,33370,layout_pi33371_d33370
17142,33374,layout_pi33375_d33374
17143,33377,layout_pi33378_d33377
17144,33389,layout_pi33390_d33389
17145,33393,layout_pi33394_d33393
17146,33407,layout_pi33408_d33407
17147,33409,layout_pi33410_d33409
17148,33422,layout_pi33423_d33422
17149,33427,layout_pi33428_d33427
17150,33428,layout_pi33429_d33428
17151,33430,layout_pi33431_d33430
17152,33431,layout_pi33432_d33431
17153,33436,layout_pi33437_d33436
17154,33444,layout_pi33445_d33444
17155,33460,layout_pi33461_d33460
17156,33465,layout_pi33466_d33465
17157,33479,layout_pi33480_d33479
17158,33482,layout_pi33483_d33482
17159,33487,layout_pi33488_d33487
17160,33498,layout_pi33499_d33498
17161,33500,layout_pi33501_d33500
17162,33505,layout_pi33506_d33505
17163,33507,layout_pi33508_d33507
17164,33518,layout_pi33519_d33518
17165,33530,layout_pi33531_d33530
17166,33535,layout_pi33536_d33535
17167,33537,layout_pi33538_d33537
17168,33543,layout_pi33544_d33543
17169,33554,layout_pi33555_d33554
17170,33555,layout_pi33556_d33555
17171,33566,layout_pi33567_d33566
17172,33567,layout_pi33568_d33567
17173,33581,layout_pi33582_d33581
17174,33591,layout_pi33592_d33591
17175,33610,layout_pi33611_d33610
17176,33611,layout_pi33612_d33611
17177,33624,layout_pi33625_d33624
17178,33626,layout_pi33627_d33626
17179,33638,layout_pi33639_d33638
17180,33653,layout_pi33654_d33653
17181,33674,layout_pi33675_d33674
17182,33675,layout_pi33676_d33675
17183,33680,layout_pi33681_d33680
17184,33681,layout_pi33682_d33681
17185,33684,layout_pi33685_d33684
17186,33693,layout_pi33694_d33693
17187,33700,layout_pi33701_d33700
17188,33705,layout_pi33706_d33705
17189,33710,layout_pi33711_d33710
17190,33715,layout_pi33716_d33715
17191,33716,layout_pi33717_d33716
17192,33720,layout_pi33721_d33720
17193,33723,layout_pi33724_d33723
17194,33733,layout_pi33734_d33733
17195,33736,layout_pi33737_d33736
17196,33738,layout_pi33739_d33738
17197,33739,layout_pi33740_d33739
17198,33741,layout_pi33742_d33741
17199,33754,layout_pi33755_d33754
17200,33764,layout_pi33765_d33764
17201,33765,layout_pi33766_d33765
17202,33774,layout_pi33775_d33774
17203,33775,layout_pi33776_d33775
17204,33779,layout_pi33780_d33779
17205,33780,layout_pi33781_d33780
17206,33781,layout_pi33782_d33781
17207,33783,layout_pi33784_d33783
17208,33788,layout_pi33789_d33788
17209,33792,layout_pi33793_d33792
17210,33798,layout_pi33799_d33798
17211,33806,layout_pi33807_d33806
17212,33808,layout_pi33809_d33808
17213,33818,layout_pi33819_d33818
17214,33820,layout_pi33821_d33820
17215,33821,layout_pi33822_d33821
17216,33832,layout_pi33833_d33832
17217,33842,layout_pi33843_d33842
17218,33860,layout_pi33861_d33860
17219,33879,layout_pi33880_d33879
17220,33896,layout_pi33897_d33896
17221,33897,layout_pi33898_d33897
17222,33906,layout_pi33907_d33906
17223,33907,layout_pi33908_d33907
17224,33910,layout_pi33911_d33910
17225,33913,layout_pi33914_d33913
17226,33919,layout_pi33920_d33919
17227,33921,layout_pi33922_d33921
17228,33924,layout_pi33925_d33924
17229,33925,layout_pi33926_d33925
17230,33926,layout_pi33927_d33926
17231,33928,layout_pi33929_d33928
17232,33931,layout_pi33932_d33931
17233,33936,layout_pi33937_d33936
17234,33939,layout_pi33940_d33939
17235,33944,layout_pi33945_d33944
17236,33948,layout_pi33949_d33948
17237,33950,layout_pi33951_d33950
17238,33974,layout_pi33975_d33974
17239,33985,layout_pi33986_d33985
17240,33990,layout_pi33991_d33990
17241,33995,layout_pi33996_d33995
17242,33996,layout_pi33997_d33996
17243,34003,layout_pi34004_d34003
17244,34008,layout_pi34009_d34008
17245,34014,layout_pi34015_d34014
17246,34045,layout_pi34046_d34045
17247,34046,layout_pi34047_d34046
17248,34051,layout_pi34052_d34051
17249,34056,layout_pi34057_d34056
17250,34063,layout_pi34064_d34063
17251,34073,layout_pi34074_d34073
17252,34085,layout_pi34086_d34085
17253,34090,layout_pi34091_d34090
17254,34098,layout_pi34099_d34098
17255,34107,layout_pi34108_d34107
17256,34136,layout_pi34137_d34136
17257,34138,layout_pi34139_d34138
17258,34141,layout_pi34142_d34141
17259,34143,layout_pi34144_d34143
17260,34145,layout_pi34146_d34145
17261,34147,layout_pi34148_d34147
17262,34171,layout_pi34172_d34171
17263,34172,layout_pi34173_d34172
17264,34173,layout_pi34174_d34173
17265,34188,layout_pi34189_d34188
17266,34196,layout_pi34197_d34196
17267,34204,layout_pi34205_d34204
17268,34212,layout_pi34213_d34212
17269,34226,layout_pi34227_d34226
17270,34227,layout_pi34228_d34227
17271,34229,layout_pi34230_d34229
17272,34230,layout_pi34231_d34230
17273,34234,layout_pi34235_d34234
17274,34235,layout_pi34236_d34235
17275,34239,layout_pi34240_d34239
17276,34243,layout_pi34244_d34243
17277,34245,layout_pi34246_d34245
17278,34248,layout_pi34249_d34248
17279,34256,layout_pi34257_d34256
17280,34257,layout_pi34258_d34257
17281,34265,layout_pi34266_d34265
17282,34268,layout_pi34269_d34268
17283,34275,layout_pi34276_d34275
17284,34276,layout_pi34277_d34276
17285,34284,layout_pi34285_d34284
17286,34305,layout_pi34306_d34305
17287,34317,layout_pi34318_d34317
17288,34318,layout_pi34319_d34318
17289,34320,layout_pi34321_d34320
17290,34323,layout_pi34324_d34323
17291,34326,layout_pi34327_d34326
17292,34328,layout_pi34329_d34328
17293,34332,layout_pi34333_d34332
17294,34333,layout_pi34334_d34333
17295,34335,layout_pi34336_d34335
17296,34338,layout_pi34339_d34338
17297,34346,layout_pi34347_d34346
17298,34348,layout_pi34349_d34348
17299,34355,layout_pi34356_d34355
17300,34368,layout_pi34369_d34368
17301,34370,layout_pi34371_d34370
17302,34371,layout_pi34372_d34371
17303,34376,layout_pi34377_d34376
17304,34378,layout_pi34379_d34378
17305,34402,layout_pi34403_d34402
17306,34403,layout_pi34404_d34403
17307,34408,layout_pi34409_d34408
17308,34410,layout_pi34411_d34410
17309,34412,layout_pi34413_d34412
17310,34416,layout_pi34417_d34416
17311,34425,layout_pi34426_d34425
17312,34436,layout_pi34437_d34436
17313,34441,layout_pi34442_d34441
17314,34447,layout_pi34448_d34447
17315,34472,layout_pi34473_d34472
17316,34476,layout_pi34477_d34476
17317,34497,layout_pi34498_d34497
17318,34503,layout_pi34504_d34503
17319,34507,layout_pi34508_d34507
17320,34513,layout_pi34514_d34513
17321,34524,layout_pi34525_d34524
17322,34527,layout_pi34528_d34527
17323,34530,layout_pi34531_d34530
17324,34531,layout_pi34532_d34531
17325,34539,layout_pi34540_d34539
17326,34554,layout_pi34555_d34554
17327,34568,layout_pi34569_d34568
17328,34570,layout_pi34571_d34570
17329,34578,layout_pi34579_d34578
17330,34582,layout_pi34583_d34582
17331,34588,layout_pi34589_d34588
17332,34603,layout_pi34604_d34603
17333,34617,layout_pi34618_d34617
17334,34627,layout_pi34628_d34627
17335,34631,layout_pi34632_d34631
17336,34632,layout_pi34633_d34632
17337,34634,layout_pi34635_d34634
17338,34635,layout_pi34636_d34635
17339,34645,layout_pi34646_d34645
17340,34652,layout_pi34653_d34652
17341,34653,layout_pi34654_d34653
17342,34658,layout_pi34659_d34658
17343,34676,layout_pi34677_d34676
17344,34694,layout_pi34695_d34694
17345,34699,layout_pi34700_d34699
17346,34703,layout_pi34704_d34703
17347,34706,layout_pi34707_d34706
17348,34710,layout_pi34711_d34710
17349,34714,layout_pi34715_d34714
17350,34727,layout_pi34728_d34727
17351,34750,layout_pi34751_d34750
17352,34751,layout_pi34752_d34751
17353,34756,layout_pi34757_d34756
17354,34758,layout_pi34759_d34758
17355,34766,layout_pi34767_d34766
17356,34767,layout_pi34768_d34767
17357,34769,layout_pi34770_d34769
17358,34772,layout_pi34773_d34772
17359,34775,layout_pi34776_d34775
17360,34794,layout_pi34795_d34794
17361,34799,layout_pi34800_d34799
17362,34800,layout_pi34801_d34800
17363,34808,layout_pi34809_d34808
17364,34813,layout_pi34814_d34813
17365,34817,layout_pi34818_d34817
17366,34818,layout_pi34819_d34818
17367,34826,layout_pi34827_d34826
17368,34838,layout_pi34839_d34838
17369,34843,layout_pi34844_d34843
17370,34844,layout_pi34845_d34844
17371,34860,layout_pi34861_d34860
17372,34866,layout_pi34867_d34866
17373,34868,layout_pi34869_d34868
17374,34883,layout_pi34884_d34883
17375,34902,layout_pi34903_d34902
17376,34904,layout_pi34905_d34904
17377,34907,layout_pi34908_d34907
17378,34908,layout_pi34909_d34908
17379,34909,layout_pi34910_d34909
17380,34910,layout_pi34911_d34910
17381,34914,layout_pi34915_d34914
17382,34915,layout_pi34916_d34915
17383,34938,layout_pi34939_d34938
17384,34949,layout_pi34950_d34949
17385,34950,layout_pi34951_d34950
17386,34951,layout_pi34952_d34951
17387,34957,layout_pi34958_d34957
17388,34976,layout_pi34977_d34976
17389,34989,layout_pi34990_d34989
17390,34990,layout_pi34991_d34990
17391,34991,layout_pi34992_d34991
17392,34993,layout_pi34994_d34993
17393,35005,layout_pi35006_d35005
17394,35011,layout_pi35012_d35011
17395,35015,layout_pi35016_d35015
17396,35016,layout_pi35017_d35016
17397,35022,layout_pi35023_d35022
17398,35035,layout_pi35036_d35035
17399,35053,layout_pi35054_d35053
17400,35058,layout_pi35059_d35058
17401,35061,layout_pi35062_d35061
17402,35075,layout_pi35076_d35075
17403,35082,layout_pi35083_d35082
17404,35087,layout_pi35088_d35087
17405,35094,layout_pi35095_d35094
17406,35108,layout_pi35109_d35108
17407,35135,layout_pi35136_d35135
17408,35145,layout_pi35146_d35145
17409,35151,layout_pi35152_d35151
17410,35155,layout_pi35156_d35155
17411,35160,layout_pi35161_d35160
17412,35163,layout_pi35164_d35163
17413,35184,layout_pi35185_d35184
17414,35186,layout_pi35187_d35186
17415,35189,layout_pi35190_d35189
17416,35195,layout_pi35196_d35195
17417,35197,layout_pi35198_d35197
17418,35204,layout_pi35205_d35204
17419,35210,layout_pi35211_d35210
17420,35215,layout_pi35216_d35215
17421,35216,layout_pi35217_d35216
17422,35219,layout_pi35220_d35219
17423,35220,layout_pi35221_d35220
17424,35222,layout_pi35223_d35222
17425,35223,layout_pi35224_d35223
17426,35229,layout_pi35230_d35229
17427,35242,layout_pi35243_d35242
17428,35243,layout_pi35244_d35243
17429,35244,layout_pi35245_d35244
17430,35256,layout_pi35257_d35256
17431,35258,layout_pi35259_d35258
17432,35261,layout_pi35262_d35261
17433,35270,layout_pi35271_d35270
17434,35292,layout_pi35293_d35292
17435,35294,layout_pi35295_d35294
17436,35301,layout_pi35302_d35301
17437,35302,layout_pi35303_d35302
17438,35303,layout_pi35304_d35303
17439,35311,layout_pi35312_d35311
17440,35328,layout_pi35329_d35328
17441,35342,layout_pi35343_d35342
17442,35360,layout_pi35361_d35360
17443,35361,layout_pi35362_d35361
17444,35366,layout_pi35367_d35366
17445,35367,layout_pi35368_d35367
17446,35369,layout_pi35370_d35369
17447,35378,layout_pi35379_d35378
17448,35383,layout_pi35384_d35383
17449,35387,layout_pi35388_d35387
17450,35394,layout_pi35395_d35394
17451,35395,layout_pi35396_d35395
17452,35397,layout_pi35398_d35397
17453,35398,layout_pi35399_d35398
17454,35405,layout_pi35406_d35405
17455,35407,layout_pi35408_d35407
17456,35419,layout_pi35420_d35419
17457,35420,layout_pi35421_d35420
17458,35434,layout_pi35435_d35434
17459,35435,layout_pi35436_d35435
17460,35436,layout_pi35437_d35436
17461,35438,layout_pi35439_d35438
17462,35439,layout_pi35440_d35439
17463,35449,layout_pi35450_d35449
17464,35456,layout_pi35457_d35456
17465,35458,layout_pi35459_d35458
17466,35461,layout_pi35462_d35461
17467,35462,layout_pi35463_d35462
17468,35463,layout_pi35464_d35463
17469,35484,layout_pi35485_d35484
17470,35489,layout_pi35490_d35489
17471,35498,layout_pi35499_d35498
17472,35500,layout_pi35501_d35500
17473,35502,layout_pi35503_d35502
17474,35520,layout_pi35521_d35520
17475,35522,layout_pi35523_d35522
17476,35524,layout_pi35525_d35524
17477,35527,layout_pi35528_d35527
17478,35531,layout_pi35532_d35531
17479,35535,layout_pi35536_d35535
17480,35536,layout_pi35537_d35536
17481,35537,layout_pi35538_d35537
17482,35539,layout_pi35540_d35539
17483,35541,layout_pi35542_d35541
17484,35547,layout_pi35548_d35547
17485,35572,layout_pi35573_d35572
17486,35577,layout_pi35578_d35577
17487,35589,layout_pi35590_d35589
17488,35612,layout_pi35613_d35612
17489,35616,layout_pi35617_d35616
17490,35621,layout_pi35622_d35621
17491,35630,layout_pi35631_d35630
17492,35634,layout_pi35635_d35634
17493,35642,layout_pi35643_d35642
17494,35644,layout_pi35645_d35644
17495,35655,layout_pi35656_d35655
17496,35660,layout_pi35661_d35660
17497,35664,layout_pi35665_d35664
17498,35668,layout_pi35669_d35668
17499,35684,layout_pi35685_d35684
17500,35697,layout_pi35698_d35697
17501,35716,layout_pi35717_d35716
17502,35727,layout_pi35728_d35727
17503,35732,layout_pi35733_d35732
17504,35737,layout_pi35738_d35737
17505,35747,layout_pi35748_d35747
17506,35754,layout_pi35755_d35754
17507,35756,layout_pi35757_d35756
17508,35764,layout_pi35765_d35764
17509,35767,layout_pi35768_d35767
17510,35768,layout_pi35769_d35768
17511,35771,layout_pi35772_d35771
17512,35776,layout_pi35777_d35776
17513,35793,layout_pi35794_d35793
17514,35794,layout_pi35795_d35794
17515,35801,layout_pi35802_d35801
17516,35822,layout_pi35823_d35822
17517,35823,layout_pi35824_d35823
17518,35834,layout_pi35835_d35834
17519,35837,layout_pi35838_d35837
17520,35844,layout_pi35845_d35844
17521,35845,layout_pi35846_d35845
17522,35847,layout_pi35848_d35847
17523,35860,layout_pi35861_d35860
17524,35864,layout_pi35865_d35864
17525,35873,layout_pi35874_d35873
17526,35881,layout_pi35882_d35881
17527,35904,layout_pi35905_d35904
17528,35907,layout_pi35908_d35907
17529,35913,layout_pi35914_d35913
17530,35918,layout_pi35919_d35918
17531,35931,layout_pi35932_d35931
17532,35943,layout_pi35944_d35943
17533,35951,layout_pi35952_d35951
17534,35960,layout_pi35961_d35960
17535,35964,layout_pi35965_d35964
17536,35975,layout_pi35976_d35975
17537,35977,layout_pi35978_d35977
17538,35988,layout_pi35989_d35988
17539,35993,layout_pi35994_d35993
17540,35997,layout_pi35998_d35997
17541,35998,layout_pi35999_d35998
17542,36014,layout_pi36015_d36014
17543,36029,layout_pi36030_d36029
17544,36035,layout_pi36036_d36035
17545,36038,layout_pi36039_d36038
17546,36046,layout_pi36047_d36046
17547,36048,layout_pi36049_d36048
17548,36052,layout_pi36053_d36052
17549,36054,layout_pi36055_d36054
17550,36060,layout_pi36061_d36060
17551,36064,layout_pi36065_d36064
17552,36065,layout_pi36066_d36065
17553,36080,layout_pi36081_d36080
17554,36088,layout_pi36089_d36088
17555,36093,layout_pi36094_d36093
17556,36098,layout_pi36099_d36098
17557,36102,layout_pi36103_d36102
17558,36104,layout_pi36105_d36104
17559,36108,layout_pi36109_d36108
17560,36126,layout_pi36127_d36126
17561,36132,layout_pi36133_d36132
17562,36134,layout_pi36135_d36134
17563,36137,layout_pi36138_d36137
17564,36148,layout_pi36149_d36148
17565,36156,layout_pi36157_d36156
17566,36161,layout_pi36162_d36161
17567,36167,layout_pi36168_d36167
17568,36171,layout_pi36172_d36171
17569,36177,layout_pi36178_d36177
17570,36184,layout_pi36185_d36184
17571,36194,layout_pi36195_d36194
17572,36206,layout_pi36207_d36206
17573,36207,layout_pi36208_d36207
17574,36217,layout_pi36218_d36217
17575,36220,layout_pi36221_d36220
17576,36235,layout_pi36236_d36235
17577,36236,layout_pi36237_d36236
17578,36237,layout_pi36238_d36237
17579,36245,layout_pi36246_d36245
17580,36255,layout_pi36256_d36255
17581,36269,layout_pi36270_d36269
17582,36280,layout_pi36281_d36280
17583,36288,layout_pi36289_d36288
17584,36293,layout_pi36294_d36293
17585,36311,layout_pi36312_d36311
17586,36317,layout_pi36318_d36317
17587,36320,layout_pi36321_d36320
17588,36341,layout_pi36342_d36341
17589,36344,layout_pi36345_d36344
17590,36362,layout_pi36363_d36362
17591,36363,layout_pi36364_d36363
17592,36371,layout_pi36372_d36371
17593,36379,layout_pi36380_d36379
17594,36396,layout_pi36397_d36396
17595,36398,layout_pi36399_d36398
17596,36400,layout_pi36401_d36400
17597,36401,layout_pi36402_d36401
17598,36407,layout_pi36408_d36407
17599,36408,layout_pi36409_d36408
17600,36423,layout_pi36424_d36423
17601,36426,layout_pi36427_d36426
17602,36428,layout_pi36429_d36428
17603,36430,layout_pi36431_d36430
17604,36431,layout_pi36432_d36431
17605,36434,layout_pi36435_d36434
17606,36445,layout_pi36446_d36445
17607,36446,layout_pi36447_d36446
17608,36449,layout_pi36450_d36449
17609,36456,layout_pi36457_d36456
17610,36460,layout_pi36461_d36460
17611,36464,layout_pi36465_d36464
17612,36467,layout_pi36468_d36467
17613,36484,layout_pi36485_d36484
17614,36485,layout_pi36486_d36485
17615,36487,layout_pi36488_d36487
17616,36488,layout_pi36489_d36488
17617,36498,layout_pi36499_d36498
17618,36514,layout_pi36515_d36514
17619,36518,layout_pi36519_d36518
17620,36524,layout_pi36525_d36524
17621,36528,layout_pi36529_d36528
17622,36529,layout_pi36530_d36529
17623,36537,layout_pi36538_d36537
17624,36545,layout_pi36546_d36545
17625,36550,layout_pi36551_d36550
17626,36553,layout_pi36554_d36553
17627,36554,layout_pi36555_d36554
17628,36564,layout_pi36565_d36564
17629,36566,layout_pi36567_d36566
17630,36567,layout_pi36568_d36567
17631,36572,layout_pi36573_d36572
17632,36580,layout_pi36581_d36580
17633,36582,layout_pi36583_d36582
17634,36597,layout_pi36598_d36597
17635,36599,layout_pi36600_d36599
17636,36600,layout_pi36601_d36600
17637,36641,layout_pi36642_d36641
17638,36653,layout_pi36654_d36653
17639,36657,layout_pi36658_d36657
17640,36664,layout_pi36665_d36664
17641,36666,layout_pi36667_d36666
17642,36671,layout_pi36672_d36671
17643,36676,layout_pi36677_d36676
17644,36678,layout_pi36679_d36678
17645,36682,layout_pi36683_d36682
17646,36702,layout_pi36703_d36702
17647,36714,layout_pi36715_d36714
17648,36722,layout_pi36723_d36722
17649,36724,layout_pi36725_d36724
17650,36738,layout_pi36739_d36738
17651,36739,layout_pi36740_d36739
17652,36743,layout_pi36744_d36743
17653,36744,layout_pi36745_d36744
17654,36751,layout_pi36752_d36751
17655,36755,layout_pi36756_d36755
17656,36777,layout_pi36778_d36777
17657,36782,layout_pi36783_d36782
17658,36798,layout_pi36799_d36798
17659,36800,layout_pi36801_d36800
17660,36803,layout_pi36804_d36803
17661,36811,layout_pi36812_d36811
17662,36812,layout_pi36813_d36812
17663,36822,layout_pi36823_d36822
17664,36830,layout_pi36831_d36830
17665,36839,layout_pi36840_d36839
17666,36842,layout_pi36843_d36842
17667,36852,layout_pi36853_d36852
17668,36857,layout_pi36858_d36857
17669,36874,layout_pi36875_d36874
17670,36875,layout_pi36876_d36875
17671,36878,layout_pi36879_d36878
17672,36879,layout_pi36880_d36879
17673,36885,layout_pi36886_d36885
17674,36892,layout_pi36893_d36892
17675,36893,layout_pi36894_d36893
17676,36895,layout_pi36896_d36895
17677,36907,layout_pi36908_d36907
17678,36917,layout_pi36918_d36917
17679,36928,layout_pi36929_d36928
17680,36936,layout_pi36937_d36936
17681,36946,layout_pi36947_d36946
17682,36956,layout_pi36957_d36956
17683,36957,layout_pi36958_d36957
17684,36959,layout_pi36960_d36959
17685,36967,layout_pi36968_d36967
17686,36968,layout_pi36969_d36968
17687,36976,layout_pi36977_d36976
17688,36983,layout_pi36984_d36983
17689,36989,layout_pi36990_d36989
17690,36994,layout_pi36995_d36994
17691,37005,layout_pi37006_d37005
17692,37007,layout_pi37008_d37007
17693,37008,layout_pi37009_d37008
17694,37011,layout_pi37012_d37011
17695,37022,layout_pi37023_d37022
17696,37024,layout_pi37025_d37024
17697,37048,layout_pi37049_d37048
17698,37051,layout_pi37052_d37051
17699,37058,layout_pi37059_d37058
17700,37070,layout_pi37071_d37070
17701,37071,layout_pi37072_d37071
17702,37072,layout_pi37073_d37072
17703,37075,layout_pi37076_d37075
17704,37077,layout_pi37078_d37077
17705,37089,layout_pi37090_d37089
17706,37090,layout_pi37091_d37090
17707,37092,layout_pi37093_d37092
17708,37094,layout_pi37095_d37094
17709,37099,layout_pi37100_d37099
17710,37103,layout_pi37104_d37103
17711,37118,layout_pi37119_d37118
17712,37131,layout_pi37132_d37131
17713,37133,layout_pi37134_d37133
17714,37134,layout_pi37135_d37134
17715,37139,layout_pi37140_d37139
17716,37149,layout_pi37150_d37149
17717,37152,layout_pi37153_d37152
17718,37156,layout_pi37157_d37156
17719,37167,layout_pi37168_d37167
17720,37172,layout_pi37173_d37172
17721,37182,layout_pi37183_d37182
17722,37185,layout_pi37186_d37185
17723,37201,layout_pi37202_d37201
17724,37203,layout_pi37204_d37203
17725,37232,layout_pi37233_d37232
17726,37236,layout_pi37237_d37236
17727,37238,layout_pi37239_d37238
17728,37241,layout_pi37242_d37241
17729,37243,layout_pi37244_d37243
17730,37249,layout_pi37250_d37249
17731,37265,layout_pi37266_d37265
17732,37273,layout_pi37274_d37273
17733,37279,layout_pi37280_d37279
17734,37283,layout_pi37284_d37283
17735,37302,layout_pi37303_d37302
17736,37307,layout_pi37308_d37307
17737,37316,layout_pi37317_d37316
17738,37320,layout_pi37321_d37320
17739,37326,layout_pi37327_d37326
17740,37332,layout_pi37333_d37332
17741,37334,layout_pi37335_d37334
17742,37336,layout_pi37337_d37336
17743,37344,layout_pi37345_d37344
17744,37347,layout_pi37348_d37347
17745,37353,layout_pi37354_d37353
17746,37356,layout_pi37357_d37356
17747,37357,layout_pi37358_d37357
17748,37362,layout_pi37363_d37362
17749,37363,layout_pi37364_d37363
17750,37378,layout_pi37379_d37378
17751,37385,layout_pi37386_d37385
17752,37387,layout_pi37388_d37387
17753,37398,layout_pi37399_d37398
17754,37406,layout_pi37407_d37406
17755,37418,layout_pi37419_d37418
17756,37434,layout_pi37435_d37434
17757,37436,layout_pi37437_d37436
17758,37444,layout_pi37445_d37444
17759,37458,layout_pi37459_d37458
17760,37461,layout_pi37462_d37461
17761,37463,layout_pi37464_d37463
17762,37469,layout_pi37470_d37469
17763,37477,layout_pi37478_d37477
17764,37480,layout_pi37481_d37480
17765,37485,layout_pi37486_d37485
17766,37494,layout_pi37495_d37494
17767,37496,layout_pi37497_d37496
17768,37500,layout_pi37501_d37500
17769,37510,layout_pi37511_d37510
17770,37522,layout_pi37523_d37522
17771,37526,layout_pi37527_d37526
17772,37537,layout_pi37538_d37537
17773,37558,layout_pi37559_d37558
17774,37566,layout_pi37567_d37566
17775,37577,layout_pi37578_d37577
17776,37579,layout_pi37580_d37579
17777,37589,layout_pi37590_d37589
17778,37597,layout_pi37598_d37597
17779,37600,layout_pi37601_d37600
17780,37605,layout_pi37606_d37605
17781,37608,layout_pi37609_d37608
17782,37635,layout_pi37636_d37635
17783,37637,layout_pi37638_d37637
17784,37640,layout_pi37641_d37640
17785,37663,layout_pi37664_d37663
17786,37666,layout_pi37667_d37666
17787,37672,layout_pi37673_d37672
17788,37676,layout_pi37677_d37676
17789,37679,layout_pi37680_d37679
17790,37683,layout_pi37684_d37683
17791,37685,layout_pi37686_d37685
17792,37701,layout_pi37702_d37701
17793,37703,layout_pi37704_d37703
17794,37704,layout_pi37705_d37704
17795,37705,layout_pi37706_d37705
17796,37706,layout_pi37707_d37706
17797,37721,layout_pi37722_d37721
17798,37725,layout_pi37726_d37725
17799,37740,layout_pi37741_d37740
17800,37744,layout_pi37745_d37744
17801,37747,layout_pi37748_d37747
17802,37758,layout_pi37759_d37758
17803,37763,layout_pi37764_d37763
17804,37779,layout_pi37780_d37779
17805,37782,layout_pi37783_d37782
17806,37791,layout_pi37792_d37791
17807,37794,layout_pi37795_d37794
17808,37795,layout_pi37796_d37795
17809,37797,layout_pi37798_d37797
17810,37798,layout_pi37799_d37798
17811,37802,layout_pi37803_d37802
17812,37803,layout_pi37804_d37803
17813,37809,layout_pi37810_d37809
17814,37813,layout_pi37814_d37813
17815,37817,layout_pi37818_d37817
17816,37820,layout_pi37821_d37820
17817,37831,layout_pi37832_d37831
17818,37838,layout_pi37839_d37838
17819,37849,layout_pi37850_d37849
17820,37853,layout_pi37854_d37853
17821,37862,layout_pi37863_d37862
17822,37865,layout_pi37866_d37865
17823,37871,layout_pi37872_d37871
17824,37884,layout_pi37885_d37884
17825,37891,layout_pi37892_d37891
17826,37893,layout_pi37894_d37893
17827,37898,layout_pi37899_d37898
17828,37899,layout_pi37900_d37899
17829,37907,layout_pi37908_d37907
17830,37909,layout_pi37910_d37909
17831,37915,layout_pi37916_d37915
17832,37927,layout_pi37928_d37927
17833,37946,layout_pi37947_d37946
17834,37956,layout_pi37957_d37956
17835,37957,layout_pi37958_d37957
17836,37966,layout_pi37967_d37966
17837,37967,layout_pi37968_d37967
17838,37976,layout_pi37977_d37976
17839,37978,layout_pi37979_d37978
17840,37993,layout_pi37994_d37993
17841,37994,layout_pi37995_d37994
17842,38010,layout_pi38011_d38010
17843,38012,layout_pi38013_d38012
17844,38013,layout_pi38014_d38013
17845,38015,layout_pi38016_d38015
17846,38039,layout_pi38040_d38039
17847,38043,layout_pi38044_d38043
17848,38046,layout_pi38047_d38046
17849,38056,layout_pi38057_d38056
17850,38065,layout_pi38066_d38065
17851,38076,layout_pi38077_d38076
17852,38082,layout_pi38083_d38082
17853,38083,layout_pi38084_d38083
17854,38086,layout_pi38087_d38086
17855,38133,layout_pi38134_d38133
17856,38138,layout_pi38139_d38138
17857,38152,layout_pi38153_d38152
17858,38153,layout_pi38154_d38153
17859,38161,layout_pi38162_d38161
17860,38166,layout_pi38167_d38166
17861,38179,layout_pi38180_d38179
17862,38187,layout_pi38188_d38187
17863,38194,layout_pi38195_d38194
17864,38208,layout_pi38209_d38208
17865,38212,layout_pi38213_d38212
17866,38213,layout_pi38214_d38213
17867,38215,layout_pi38216_d38215
17868,38223,layout_pi38224_d38223
17869,38227,layout_pi38228_d38227
17870,38229,layout_pi38230_d38229
17871,38234,layout_pi38235_d38234
17872,38235,layout_pi38236_d38235
17873,38246,layout_pi38247_d38246
17874,38265,layout_pi38266_d38265
17875,38268,layout_pi38269_d38268
17876,38269,layout_pi38270_d38269
17877,38275,layout_pi38276_d38275
17878,38276,layout_pi38277_d38276
17879,38282,layout_pi38283_d38282
17880,38283,layout_pi38284_d38283
17881,38293,layout_pi38294_d38293
17882,38314,layout_pi38315_d38314
17883,38338,layout_pi38339_d38338
17884,38343,layout_pi38344_d38343
17885,38346,layout_pi38347_d38346
17886,38348,layout_pi38349_d38348
17887,38349,layout_pi38350_d38349
17888,38351,layout_pi38352_d38351
17889,38364,layout_pi38365_d38364
17890,38375,layout_pi38376_d38375
17891,38378,layout_pi38379_d38378
17892,38380,layout_pi38381_d38380
17893,38389,layout_pi38390_d38389
17894,38395,layout_pi38396_d38395
17895,38401,layout_pi38402_d38401
17896,38404,layout_pi38405_d38404
17897,38406,layout_pi38407_d38406
17898,38407,layout_pi38408_d38407
17899,38413,layout_pi38414_d38413
17900,38424,layout_pi38425_d38424
17901,38431,layout_pi38432_d38431
17902,38437,layout_pi38438_d38437
17903,38440,layout_pi38441_d38440
17904,38445,layout_pi38446_d38445
17905,38451,layout_pi38452_d38451
17906,38452,layout_pi38453_d38452
17907,38454,layout_pi38455_d38454
17908,38458,layout_pi38459_d38458
17909,38462,layout_pi38463_d38462
17910,38463,layout_pi38464_d38463
17911,38465,layout_pi38466_d38465
17912,38466,layout_pi38467_d38466
17913,38471,layout_pi38472_d38471
17914,38473,layout_pi38474_d38473
17915,38478,layout_pi38479_d38478
17916,38481,layout_pi38482_d38481
17917,38483,layout_pi38484_d38483
17918,38494,layout_pi38495_d38494
17919,38508,layout_pi38509_d38508
17920,38513,layout_pi38514_d38513
17921,38515,layout_pi38516_d38515
17922,38524,layout_pi38525_d38524
17923,38526,layout_pi38527_d38526
17924,38528,layout_pi38529_d38528
17925,38531,layout_pi38532_d38531
17926,38540,layout_pi38541_d38540
17927,38551,layout_pi38552_d38551
17928,38555,layout_pi38556_d38555
17929,38559,layout_pi38560_d38559
17930,38563,layout_pi38564_d38563
17931,38567,layout_pi38568_d38567
17932,38595,layout_pi38596_d38595
17933,38598,layout_pi38599_d38598
17934,38601,layout_pi38602_d38601
17935,38603,layout_pi38604_d38603
17936,38607,layout_pi38608_d38607
17937,38616,layout_pi38617_d38616
17938,38622,layout_pi38623_d38622
17939,38624,layout_pi38625_d38624
17940,38627,layout_pi38628_d38627
17941,38631,layout_pi38632_d38631
17942,38637,layout_pi38638_d38637
17943,38638,layout_pi38639_d38638
17944,38647,layout_pi38648_d38647
17945,38651,layout_pi38652_d38651
17946,38655,layout_pi38656_d38655
17947,38662,layout_pi38663_d38662
17948,38666,layout_pi38667_d38666
17949,38674,layout_pi38675_d38674
17950,38677,layout_pi38678_d38677
17951,38686,layout_pi38687_d38686
17952,38692,layout_pi38693_d38692
17953,38698,layout_pi38699_d38698
17954,38699,layout_pi38700_d38699
17955,38701,layout_pi38702_d38701
17956,38703,layout_pi38704_d38703
17957,38704,layout_pi38705_d38704
17958,38721,layout_pi38722_d38721
17959,38724,layout_pi38725_d38724
17960,38729,layout_pi38730_d38729
17961,38733,layout_pi38734_d38733
17962,38742,layout_pi38743_d38742
17963,38743,layout_pi38744_d38743
17964,38752,layout_pi38753_d38752
17965,38756,layout_pi38757_d38756
17966,38767,layout_pi38768_d38767
17967,38805,layout_pi38806_d38805
17968,38813,layout_pi38814_d38813
17969,38814,layout_pi38815_d38814
17970,38818,layout_pi38819_d38818
17971,38821,layout_pi38822_d38821
17972,38822,layout_pi38823_d38822
17973,38827,layout_pi38828_d38827
17974,38833,layout_pi38834_d38833
17975,38834,layout_pi38835_d38834
17976,38836,layout_pi38837_d38836
17977,38838,layout_pi38839_d38838
17978,38841,layout_pi38842_d38841
17979,38849,layout_pi38850_d38849
17980,38895,layout_pi38896_d38895
17981,38898,layout_pi38899_d38898
17982,38902,layout_pi38903_d38902
17983,38912,layout_pi38913_d38912
17984,38923,layout_pi38924_d38923
17985,38925,layout_pi38926_d38925
17986,38927,layout_pi38928_d38927
17987,38932,layout_pi38933_d38932
17988,38933,layout_pi38934_d38933
17989,38938,layout_pi38939_d38938
17990,38940,layout_pi38941_d38940
17991,38944,layout_pi38945_d38944
17992,38956,layout_pi38957_d38956
17993,38988,layout_pi38989_d38988
17994,38994,layout_pi38995_d38994
17995,38998,layout_pi38999_d38998
17996,39005,layout_pi39006_d39005
17997,39028,layout_pi39029_d39028
17998,39038,layout_pi39039_d39038
17999,39060,layout_pi39061_d39060
18000,39076,layout_pi39077_d39076
18001,39077,layout_pi39078_d39077
18002,39084,layout_pi39085_d39084
18003,39086,layout_pi39087_d39086
18004,39093,layout_pi39094_d39093
18005,39114,layout_pi39115_d39114
18006,39119,layout_pi39120_d39119
18007,39124,layout_pi39125_d39124
18008,39125,layout_pi39126_d39125
18009,39135,layout_pi39136_d39135
18010,39146,layout_pi39147_d39146
18011,39152,layout_pi39153_d39152
18012,39159,layout_pi39160_d39159
18013,39166,layout_pi39167_d39166
18014,39167,layout_pi39168_d39167
18015,39176,layout_pi39177_d39176
18016,39180,layout_pi39181_d39180
18017,39188,layout_pi39189_d39188
18018,39198,layout_pi39199_d39198
18019,39202,layout_pi39203_d39202
18020,39216,layout_pi39217_d39216
18021,39218,layout_pi39219_d39218
18022,39223,layout_pi39224_d39223
18023,39226,layout_pi39227_d39226
18024,39232,layout_pi39233_d39232
18025,39234,layout_pi39235_d39234
18026,39250,layout_pi39251_d39250
18027,39257,layout_pi39258_d39257
18028,39264,layout_pi39265_d39264
18029,39268,layout_pi39269_d39268
18030,39298,layout_pi39299_d39298
18031,39300,layout_pi39301_d39300
18032,39301,layout_pi39302_d39301
18033,39303,layout_pi39304_d39303
18034,39308,layout_pi39309_d39308
18035,39319,layout_pi39320_d39319
18036,39321,layout_pi39322_d39321
18037,39323,layout_pi39324_d39323
18038,39352,layout_pi39353_d39352
18039,39353,layout_pi39354_d39353
18040,39383,layout_pi39384_d39383
18041,39385,layout_pi39386_d39385
18042,39390,layout_pi39391_d39390
18043,39392,layout_pi39393_d39392
18044,39400,layout_pi39401_d39400
18045,39425,layout_pi39426_d39425
18046,39428,layout_pi39429_d39428
18047,39430,layout_pi39431_d39430
18048,39432,layout_pi39433_d39432
18049,39447,layout_pi39448_d39447
18050,39451,layout_pi39452_d39451
18051,39460,layout_pi39461_d39460
18052,39462,layout_pi39463_d39462
18053,39469,layout_pi39470_d39469
18054,39471,layout_pi39472_d39471
18055,39475,layout_pi39476_d39475
18056,39480,layout_pi39481_d39480
18057,39491,layout_pi39492_d39491
18058,39502,layout_pi39503_d39502
18059,39503,layout_pi39504_d39503
18060,39507,layout_pi39508_d39507
18061,39521,layout_pi39522_d39521
18062,39523,layout_pi39524_d39523
18063,39525,layout_pi39526_d39525
18064,39526,layout_pi39527_d39526
18065,39534,layout_pi39535_d39534
18066,39536,layout_pi39537_d39536
18067,39545,layout_pi39546_d39545
18068,39547,layout_pi39548_d39547
18069,39565,layout_pi39566_d39565
18070,39568,layout_pi39569_d39568
18071,39576,layout_pi39577_d39576
18072,39585,layout_pi39586_d39585
18073,39599,layout_pi39600_d39599
18074,39603,layout_pi39604_d39603
18075,39618,layout_pi39619_d39618
18076,39635,layout_pi39636_d39635
18077,39637,layout_pi39638_d39637
18078,39644,layout_pi39645_d39644
18079,39646,layout_pi39647_d39646
18080,39666,layout_pi39667_d39666
18081,39668,layout_pi39669_d39668
18082,39670,layout_pi39671_d39670
18083,39671,layout_pi39672_d39671
18084,39674,layout_pi39675_d39674
18085,39677,layout_pi39678_d39677
18086,39687,layout_pi39688_d39687
18087,39693,layout_pi39694_d39693
18088,39697,layout_pi39698_d39697
18089,39709,layout_pi39710_d39709
18090,39710,layout_pi39711_d39710
18091,39715,layout_pi39716_d39715
18092,39718,layout_pi39719_d39718
18093,39722,layout_pi39723_d39722
18094,39725,layout_pi39726_d39725
18095,39746,layout_pi39747_d39746
18096,39751,layout_pi39752_d39751
18097,39753,layout_pi39754_d39753
18098,39763,layout_pi39764_d39763
18099,39782,layout_pi39783_d39782
18100,39784,layout_pi39785_d39784
18101,39785,layout_pi39786_d39785
18102,39786,layout_pi39787_d39786
18103,39792,layout_pi39793_d39792
18104,39793,layout_pi39794_d39793
18105,39795,layout_pi39796_d39795
18106,39796,layout_pi39797_d39796
18107,39802,layout_pi39803_d39802
18108,39813,layout_pi39814_d39813
18109,39819,layout_pi39820_d39819
18110,39824,layout_pi39825_d39824
18111,39829,layout_pi39830_d39829
18112,39840,layout_pi39841_d39840
18113,39848,layout_pi39849_d39848
18114,39854,layout_pi39855_d39854
18115,39859,layout_pi39860_d39859
18116,39861,layout_pi39862_d39861
18117,39863,layout_pi39864_d39863
18118,39867,layout_pi39868_d39867
18119,39868,layout_pi39869_d39868
18120,39875,layout_pi39876_d39875
18121,39884,layout_pi39885_d39884
18122,39895,layout_pi39896_d39895
18123,39898,layout_pi39899_d39898
18124,39900,layout_pi39901_d39900
18125,39901,layout_pi39902_d39901
18126,39910,layout_pi39911_d39910
18127,39920,layout_pi39921_d39920
18128,39923,layout_pi39924_d39923
18129,39935,layout_pi39936_d39935
18130,39937,layout_pi39938_d39937
18131,39940,layout_pi39941_d39940
18132,39946,layout_pi39947_d39946
18133,39948,layout_pi39949_d39948
18134,39957,layout_pi39958_d39957
18135,39961,layout_pi39962_d39961
18136,39968,layout_pi39969_d39968
18137,39979,layout_pi39980_d39979
18138,39988,layout_pi39989_d39988
18139,39996,layout_pi39997_d39996
18140,39998,layout_pi39999_d39998
18141,40000,layout_pi40001_d40000
18142,40021,layout_pi40022_d40021
18143,40024,layout_pi40025_d40024
18144,40027,layout_pi40028_d40027
18145,40029,layout_pi40030_d40029
18146,40036,layout_pi40037_d40036
18147,40037,layout_pi40038_d40037
18148,40044,layout_pi40045_d40044
18149,40065,layout_pi40066_d40065
18150,40067,layout_pi40068_d40067
18151,40079,layout_pi40080_d40079
18152,40081,layout_pi40082_d40081
18153,40086,layout_pi40087_d40086
18154,40089,layout_pi40090_d40089
18155,40110,layout_pi40111_d40110
18156,40119,layout_pi40120_d40119
18157,40121,layout_pi40122_d40121
18158,40128,layout_pi40129_d40128
18159,40134,layout_pi40135_d40134
18160,40154,layout_pi40155_d40154
18161,40175,layout_pi40176_d40175
18162,40184,layout_pi40185_d40184
18163,40196,layout_pi40197_d40196
18164,40203,layout_pi40204_d40203
18165,40204,layout_pi40205_d40204
18166,40206,layout_pi40207_d40206
18167,40211,layout_pi40212_d40211
18168,40212,layout_pi40213_d40212
18169,40215,layout_pi40216_d40215
18170,40226,layout_pi40227_d40226
18171,40227,layout_pi40228_d40227
18172,40232,layout_pi40233_d40232
18173,40254,layout_pi40255_d40254
18174,40260,layout_pi40261_d40260
18175,40264,layout_pi40265_d40264
18176,40269,layout_pi40270_d40269
18177,40279,layout_pi40280_d40279
18178,40282,layout_pi40283_d40282
18179,40283,layout_pi40284_d40283
18180,40286,layout_pi40287_d40286
18181,40303,layout_pi40304_d40303
18182,40316,layout_pi40317_d40316
18183,40317,layout_pi40318_d40317
18184,40318,layout_pi40319_d40318
18185,40319,layout_pi40320_d40319
18186,40330,layout_pi40331_d40330
18187,40334,layout_pi40335_d40334
18188,40337,layout_pi40338_d40337
18189,40348,layout_pi40349_d40348
18190,40351,layout_pi40352_d40351
18191,40352,layout_pi40353_d40352
18192,40354,layout_pi40355_d40354
18193,40355,layout_pi40356_d40355
18194,40363,layout_pi40364_d40363
18195,40365,layout_pi40366_d40365
18196,40367,layout_pi40368_d40367
18197,40369,layout_pi40370_d40369
18198,40374,layout_pi40375_d40374
18199,40390,layout_pi40391_d40390
18200,40391,layout_pi40392_d40391
18201,40403,layout_pi40404_d40403
18202,40405,layout_pi40406_d40405
18203,40418,layout_pi40419_d40418
18204,40424,layout_pi40425_d40424
18205,40425,layout_pi40426_d40425
18206,40432,layout_pi40433_d40432
18207,40436,layout_pi40437_d40436
18208,40440,layout_pi40441_d40440
18209,40441,layout_pi40442_d40441
18210,40446,layout_pi40447_d40446
18211,40461,layout_pi40462_d40461
18212,40468,layout_pi40469_d40468
18213,40503,layout_pi40504_d40503
18214,40508,layout_pi40509_d40508
18215,40510,layout_pi40511_d40510
18216,40514,layout_pi40515_d40514
18217,40522,layout_pi40523_d40522
18218,40523,layout_pi40524_d40523
18219,40539,layout_pi40540_d40539
18220,40541,layout_pi40542_d40541
18221,40546,layout_pi40547_d40546
18222,40548,layout_pi40549_d40548
18223,40549,layout_pi40550_d40549
18224,40556,layout_pi40557_d40556
18225,40563,layout_pi40564_d40563
18226,40566,layout_pi40567_d40566
18227,40572,layout_pi40573_d40572
18228,40573,layout_pi40574_d40573
18229,40582,layout_pi40583_d40582
18230,40587,layout_pi40588_d40587
18231,40588,layout_pi40589_d40588
18232,40589,layout_pi40590_d40589
18233,40590,layout_pi40591_d40590
18234,40600,layout_pi40601_d40600
18235,40603,layout_pi40604_d40603
18236,40619,layout_pi40620_d40619
18237,40630,layout_pi40631_d40630
18238,40634,layout_pi40635_d40634
18239,40636,layout_pi40637_d40636
18240,40650,layout_pi40651_d40650
18241,40651,layout_pi40652_d40651
18242,40654,layout_pi40655_d40654
18243,40661,layout_pi40662_d40661
18244,40675,layout_pi40676_d40675
18245,40676,layout_pi40677_d40676
18246,40686,layout_pi40687_d40686
18247,40694,layout_pi40695_d40694
18248,40702,layout_pi40703_d40702
18249,40705,layout_pi40706_d40705
18250,40706,layout_pi40707_d40706
18251,40712,layout_pi40713_d40712
18252,40716,layout_pi40717_d40716
18253,40718,layout_pi40719_d40718
18254,40733,layout_pi40734_d40733
18255,40737,layout_pi40738_d40737
18256,40742,layout_pi40743_d40742
18257,40758,layout_pi40759_d40758
18258,40764,layout_pi40765_d40764
18259,40769,layout_pi40770_d40769
18260,40779,layout_pi40780_d40779
18261,40783,layout_pi40784_d40783
18262,40786,layout_pi40787_d40786
18263,40791,layout_pi40792_d40791
18264,40799,layout_pi40800_d40799
18265,40812,layout_pi40813_d40812
18266,40814,layout_pi40815_d40814
18267,40816,layout_pi40817_d40816
18268,40817,layout_pi40818_d40817
18269,40823,layout_pi40824_d40823
18270,40828,layout_pi40829_d40828
18271,40832,layout_pi40833_d40832
18272,40849,layout_pi40850_d40849
18273,40854,layout_pi40855_d40854
18274,40859,layout_pi40860_d40859
18275,40861,layout_pi40862_d40861
18276,40870,layout_pi40871_d40870
18277,40877,layout_pi40878_d40877
18278,40891,layout_pi40892_d40891
18279,40913,layout_pi40914_d40913
18280,40919,layout_pi40920_d40919
18281,40922,layout_pi40923_d40922
18282,40924,layout_pi40925_d40924
18283,40926,layout_pi40927_d40926
18284,40932,layout_pi40933_d40932
18285,40939,layout_pi40940_d40939
18286,40944,layout_pi40945_d40944
18287,40954,layout_pi40955_d40954
18288,40973,layout_pi40974_d40973
18289,40974,layout_pi40975_d40974
18290,40980,layout_pi40981_d40980
18291,40984,layout_pi40985_d40984
18292,40986,layout_pi40987_d40986
18293,40994,layout_pi40995_d40994
18294,41019,layout_pi41020_d41019
18295,41028,layout_pi41029_d41028
18296,41034,layout_pi41035_d41034
18297,41038,layout_pi41039_d41038
18298,41043,layout_pi41044_d41043
18299,41053,layout_pi41054_d41053
18300,41059,layout_pi41060_d41059
18301,41062,layout_pi41063_d41062
18302,41094,layout_pi41095_d41094
18303,41105,layout_pi41106_d41105
18304,41115,layout_pi41116_d41115
18305,41118,layout_pi41119_d41118
18306,41120,layout_pi41121_d41120
18307,41127,layout_pi41128_d41127
18308,41138,layout_pi41139_d41138
18309,41146,layout_pi41147_d41146
18310,41149,layout_pi41150_d41149
18311,41153,layout_pi41154_d41153
18312,41155,layout_pi41156_d41155
18313,41164,layout_pi41165_d41164
18314,41167,layout_pi41168_d41167
18315,41172,layout_pi41173_d41172
18316,41188,layout_pi41189_d41188
18317,41220,layout_pi41221_d41220
18318,41233,layout_pi41234_d41233
18319,41234,layout_pi41235_d41234
18320,41236,layout_pi41237_d41236
18321,41239,layout_pi41240_d41239
18322,41240,layout_pi41241_d41240
18323,41247,layout_pi41248_d41247
18324,41251,layout_pi41252_d41251
18325,41252,layout_pi41253_d41252
18326,41254,layout_pi41255_d41254
18327,41255,layout_pi41256_d41255
18328,41265,layout_pi41266_d41265
18329,41271,layout_pi41272_d41271
18330,41273,layout_pi41274_d41273
18331,41286,layout_pi41287_d41286
18332,41290,layout_pi41291_d41290
18333,41302,layout_pi41303_d41302
18334,41303,layout_pi41304_d41303
18335,41306,layout_pi41307_d41306
18336,41307,layout_pi41308_d41307
18337,41310,layout_pi41311_d41310
18338,41315,layout_pi41316_d41315
18339,41323,layout_pi41324_d41323
18340,41325,layout_pi41326_d41325
18341,41330,layout_pi41331_d41330
18342,41334,layout_pi41335_d41334
18343,41337,layout_pi41338_d41337
18344,41343,layout_pi41344_d41343
18345,41359,layout_pi41360_d41359
18346,41360,layout_pi41361_d41360
18347,41363,layout_pi41364_d41363
18348,41364,layout_pi41365_d41364
18349,41365,layout_pi41366_d41365
18350,41367,layout_pi41368_d41367
18351,41369,layout_pi41370_d41369
18352,41379,layout_pi41380_d41379
18353,41380,layout_pi41381_d41380
18354,41389,layout_pi41390_d41389
18355,41402,layout_pi41403_d41402
18356,41403,layout_pi41404_d41403
18357,41469,layout_pi41470_d41469
18358,41493,layout_pi41494_d41493
18359,41495,layout_pi41496_d41495
18360,41503,layout_pi41504_d41503
18361,41505,layout_pi41506_d41505
18362,41506,layout_pi41507_d41506
18363,41520,layout_pi41521_d41520
18364,41528,layout_pi41529_d41528
18365,41534,layout_pi41535_d41534
18366,41540,layout_pi41541_d41540
18367,41541,layout_pi41542_d41541
18368,41542,layout_pi41543_d41542
18369,41547,layout_pi41548_d41547
18370,41551,layout_pi41552_d41551
18371,41552,layout_pi41553_d41552
18372,41557,layout_pi41558_d41557
18373,41560,layout_pi41561_d41560
18374,41566,layout_pi41567_d41566
18375,41568,layout_pi41569_d41568
18376,41572,layout_pi41573_d41572
18377,41574,layout_pi41575_d41574
18378,41579,layout_pi41580_d41579
18379,41588,layout_pi41589_d41588
18380,41596,layout_pi41597_d41596
18381,41597,layout_pi41598_d41597
18382,41602,layout_pi41603_d41602
18383,41604,layout_pi41605_d41604
18384,41608,layout_pi41609_d41608
18385,41618,layout_pi41619_d41618
18386,41627,layout_pi41628_d41627
18387,41633,layout_pi41634_d41633
18388,41635,layout_pi41636_d41635
18389,41648,layout_pi41649_d41648
18390,41652,layout_pi41653_d41652
18391,41656,layout_pi41657_d41656
18392,41665,layout_pi41666_d41665
18393,41668,layout_pi41669_d41668
18394,41676,layout_pi41677_d41676
18395,41682,layout_pi41683_d41682
18396,41693,layout_pi41694_d41693
18397,41699,layout_pi41700_d41699
18398,41702,layout_pi41703_d41702
18399,41703,layout_pi41704_d41703
18400,41706,layout_pi41707_d41706
18401,41711,layout_pi41712_d41711
18402,41713,layout_pi41714_d41713
18403,41719,layout_pi41720_d41719
18404,41742,layout_pi41743_d41742
18405,41747,layout_pi41748_d41747
18406,41756,layout_pi41757_d41756
18407,41759,layout_pi41760_d41759
18408,41787,layout_pi41788_d41787
18409,41790,layout_pi41791_d41790
18410,41803,layout_pi41804_d41803
18411,41810,layout_pi41811_d41810
18412,41813,layout_pi41814_d41813
18413,41825,layout_pi41826_d41825
18414,41826,layout_pi41827_d41826
18415,41827,layout_pi41828_d41827
18416,41831,layout_pi41832_d41831
18417,41832,layout_pi41833_d41832
18418,41834,layout_pi41835_d41834
18419,41837,layout_pi41838_d41837
18420,41849,layout_pi41850_d41849
18421,41850,layout_pi41851_d41850
18422,41853,layout_pi41854_d41853
18423,41861,layout_pi41862_d41861
18424,41869,layout_pi41870_d41869
18425,41878,layout_pi41879_d41878
18426,41895,layout_pi41896_d41895
18427,41903,layout_pi41904_d41903
18428,41931,layout_pi41932_d41931
18429,41934,layout_pi41935_d41934
18430,41941,layout_pi41942_d41941
18431,41955,layout_pi41956_d41955
18432,41960,layout_pi41961_d41960
18433,41976,layout_pi41977_d41976
18434,41977,layout_pi41978_d41977
18435,41979,layout_pi41980_d41979
18436,41980,layout_pi41981_d41980
18437,41990,layout_pi41991_d41990
18438,41992,layout_pi41993_d41992
18439,42003,layout_pi42004_d42003
18440,42011,layout_pi42012_d42011
18441,42022,layout_pi42023_d42022
18442,42036,layout_pi42037_d42036
18443,42039,layout_pi42040_d42039
18444,42043,layout_pi42044_d42043
18445,42044,layout_pi42045_d42044
18446,42045,layout_pi42046_d42045
18447,42049,layout_pi42050_d42049
18448,42051,layout_pi42052_d42051
18449,42058,layout_pi42059_d42058
18450,42072,layout_pi42073_d42072
18451,42077,layout_pi42078_d42077
18452,42100,layout_pi42101_d42100
18453,42109,layout_pi42110_d42109
18454,42110,layout_pi42111_d42110
18455,42113,layout_pi42114_d42113
18456,42128,layout_pi42129_d42128
18457,42129,layout_pi42130_d42129
18458,42143,layout_pi42144_d42143
18459,42156,layout_pi42157_d42156
18460,42158,layout_pi42159_d42158
18461,42162,layout_pi42163_d42162
18462,42166,layout_pi42167_d42166
18463,42190,layout_pi42191_d42190
18464,42196,layout_pi42197_d42196
18465,42201,layout_pi42202_d42201
18466,42207,layout_pi42208_d42207
18467,42208,layout_pi42209_d42208
18468,42211,layout_pi42212_d42211
18469,42213,layout_pi42214_d42213
18470,42214,layout_pi42215_d42214
18471,42217,layout_pi42218_d42217
18472,42228,layout_pi42229_d42228
18473,42249,layout_pi42250_d42249
18474,42257,layout_pi42258_d42257
18475,42260,layout_pi42261_d42260
18476,42266,layout_pi42267_d42266
18477,42268,layout_pi42269_d42268
18478,42273,layout_pi42274_d42273
18479,42287,layout_pi42288_d42287
18480,42301,layout_pi42302_d42301
18481,42304,layout_pi42305_d42304
18482,42308,layout_pi42309_d42308
18483,42315,layout_pi42316_d42315
18484,42322,layout_pi42323_d42322
18485,42328,layout_pi42329_d42328
18486,42333,layout_pi42334_d42333
18487,42335,layout_pi42336_d42335
18488,42339,layout_pi42340_d42339
18489,42344,layout_pi42345_d42344
18490,42354,layout_pi42355_d42354
18491,42359,layout_pi42360_d42359
18492,42360,layout_pi42361_d42360
18493,42363,layout_pi42364_d42363
18494,42366,layout_pi42367_d42366
18495,42368,layout_pi42369_d42368
18496,42375,layout_pi42376_d42375
18497,42382,layout_pi42383_d42382
18498,42384,layout_pi42385_d42384
18499,42385,layout_pi42386_d42385
18500,42386,layout_pi42387_d42386
18501,42388,layout_pi42389_d42388
18502,42394,layout_pi42395_d42394
18503,42403,layout_pi42404_d42403
18504,42415,layout_pi42416_d42415
18505,42431,layout_pi42432_d42431
18506,42432,layout_pi42433_d42432
18507,42435,layout_pi42436_d42435
18508,42437,layout_pi42438_d42437
18509,42444,layout_pi42445_d42444
18510,42452,layout_pi42453_d42452
18511,42455,layout_pi42456_d42455
18512,42458,layout_pi42459_d42458
18513,42466,layout_pi42467_d42466
18514,42471,layout_pi42472_d42471
18515,42476,layout_pi42477_d42476
18516,42479,layout_pi42480_d42479
18517,42480,layout_pi42481_d42480
18518,42488,layout_pi42489_d42488
18519,42490,layout_pi42491_d42490
18520,42501,layout_pi42502_d42501
18521,42503,layout_pi42504_d42503
18522,42513,layout_pi42514_d42513
18523,42520,layout_pi42521_d42520
18524,42534,layout_pi42535_d42534
18525,42536,layout_pi42537_d42536
18526,42538,layout_pi42539_d42538
18527,42544,layout_pi42545_d42544
18528,42551,layout_pi42552_d42551
18529,42568,layout_pi42569_d42568
18530,42581,layout_pi42582_d42581
18531,42603,layout_pi42604_d42603
18532,42624,layout_pi42625_d42624
18533,42626,layout_pi42627_d42626
18534,42628,layout_pi42629_d42628
18535,42629,layout_pi42630_d42629
18536,42637,layout_pi42638_d42637
18537,42639,layout_pi42640_d42639
18538,42640,layout_pi42641_d42640
18539,42653,layout_pi42654_d42653
18540,42656,layout_pi42657_d42656
18541,42660,layout_pi42661_d42660
18542,42662,layout_pi42663_d42662
18543,42674,layout_pi42675_d42674
18544,42677,layout_pi42678_d42677
18545,42685,layout_pi42686_d42685
18546,42707,layout_pi42708_d42707
18547,42714,layout_pi42715_d42714
18548,42722,layout_pi42723_d42722
18549,42728,layout_pi42729_d42728
18550,42730,layout_pi42731_d42730
18551,42731,layout_pi42732_d42731
18552,42741,layout_pi42742_d42741
18553,42754,layout_pi42755_d42754
18554,42757,layout_pi42758_d42757
18555,42774,layout_pi42775_d42774
18556,42776,layout_pi42777_d42776
18557,42786,layout_pi42787_d42786
18558,42791,layout_pi42792_d42791
18559,42793,layout_pi42794_d42793
18560,42796,layout_pi42797_d42796
18561,42797,layout_pi42798_d42797
18562,42803,layout_pi42804_d42803
18563,42809,layout_pi42810_d42809
18564,42816,layout_pi42817_d42816
18565,42820,layout_pi42821_d42820
18566,42833,layout_pi42834_d42833
18567,42837,layout_pi42838_d42837
18568,42838,layout_pi42839_d42838
18569,42846,layout_pi42847_d42846
18570,42851,layout_pi42852_d42851
18571,42852,layout_pi42853_d42852
18572,42857,layout_pi42858_d42857
18573,42860,layout_pi42861_d42860
18574,42862,layout_pi42863_d42862
18575,42869,layout_pi42870_d42869
18576,42877,layout_pi42878_d42877
18577,42891,layout_pi42892_d42891
18578,42897,layout_pi42898_d42897
18579,42902,layout_pi42903_d42902
18580,42905,layout_pi42906_d42905
18581,42907,layout_pi42908_d42907
18582,42925,layout_pi42926_d42925
18583,42926,layout_pi42927_d42926
18584,42929,layout_pi42930_d42929
18585,42964,layout_pi42965_d42964
18586,42968,layout_pi42969_d42968
18587,42985,layout_pi42986_d42985
18588,42998,layout_pi42999_d42998
18589,43002,layout_pi43003_d43002
18590,43007,layout_pi43008_d43007
18591,43008,layout_pi43009_d43008
18592,43009,layout_pi43010_d43009
18593,43015,layout_pi43016_d43015
18594,43017,layout_pi43018_d43017
18595,43030,layout_pi43031_d43030
18596,43041,layout_pi43042_d43041
18597,43047,layout_pi43048_d43047
18598,43052,layout_pi43053_d43052
18599,43059,layout_pi43060_d43059
18600,43061,layout_pi43062_d43061
18601,43069,layout_pi43070_d43069
18602,43072,layout_pi43073_d43072
18603,43074,layout_pi43075_d43074
18604,43075,layout_pi43076_d43075
18605,43076,layout_pi43077_d43076
18606,43085,layout_pi43086_d43085
18607,43102,layout_pi43103_d43102
18608,43114,layout_pi43115_d43114
18609,43121,layout_pi43122_d43121
18610,43122,layout_pi43123_d43122
18611,43127,layout_pi43128_d43127
18612,43130,layout_pi43131_d43130
18613,43142,layout_pi43143_d43142
18614,43147,layout_pi43148_d43147
18615,43168,layout_pi43169_d43168
18616,43175,layout_pi43176_d43175
18617,43196,layout_pi43197_d43196
18618,43207,layout_pi43208_d43207
18619,43208,layout_pi43209_d43208
18620,43215,layout_pi43216_d43215
18621,43239,layout_pi43240_d43239
18622,43241,layout_pi43242_d43241
18623,43248,layout_pi43249_d43248
18624,43256,layout_pi43257_d43256
18625,43258,layout_pi43259_d43258
18626,43272,layout_pi43273_d43272
18627,43281,layout_pi43282_d43281
18628,43283,layout_pi43284_d43283
18629,43286,layout_pi43287_d43286
18630,43314,layout_pi43315_d43314
18631,43318,layout_pi43319_d43318
18632,43319,layout_pi43320_d43319
18633,43336,layout_pi43337_d43336
18634,43342,layout_pi43343_d43342
18635,43351,layout_pi43352_d43351
18636,43353,layout_pi43354_d43353
18637,43374,layout_pi43375_d43374
18638,43381,layout_pi43382_d43381
18639,43383,layout_pi43384_d43383
18640,43387,layout_pi43388_d43387
18641,43391,layout_pi43392_d43391
18642,43394,layout_pi43395_d43394
18643,43400,layout_pi43401_d43400
18644,43416,layout_pi43417_d43416
18645,43422,layout_pi43423_d43422
18646,43423,layout_pi43424_d43423
18647,43435,layout_pi43436_d43435
18648,43452,layout_pi43453_d43452
18649,43458,layout_pi43459_d43458
18650,43464,layout_pi43465_d43464
18651,43473,layout_pi43474_d43473
18652,43490,layout_pi43491_d43490
18653,43494,layout_pi43495_d43494
18654,43495,layout_pi43496_d43495
18655,43500,layout_pi43501_d43500
18656,43509,layout_pi43510_d43509
18657,43515,layout_pi43516_d43515
18658,43517,layout_pi43518_d43517
18659,43521,layout_pi43522_d43521
18660,43524,layout_pi43525_d43524
18661,43529,layout_pi43530_d43529
18662,43532,layout_pi43533_d43532
18663,43551,layout_pi43552_d43551
18664,43556,layout_pi43557_d43556
18665,43569,layout_pi43570_d43569
18666,43577,layout_pi43578_d43577
18667,43578,layout_pi43579_d43578
18668,43593,layout_pi43594_d43593
18669,43594,layout_pi43595_d43594
18670,43596,layout_pi43597_d43596
18671,43597,layout_pi43598_d43597
18672,43598,layout_pi43599_d43598
18673,43604,layout_pi43605_d43604
18674,43612,layout_pi43613_d43612
18675,43623,layout_pi43624_d43623
18676,43624,layout_pi43625_d43624
18677,43631,layout_pi43632_d43631
18678,43632,layout_pi43633_d43632
18679,43640,layout_pi43641_d43640
18680,43641,layout_pi43642_d43641
18681,43642,layout_pi43643_d43642
18682,43651,layout_pi43652_d43651
18683,43671,layout_pi43672_d43671
18684,43677,layout_pi43678_d43677
18685,43691,layout_pi43692_d43691
18686,43702,layout_pi43703_d43702
18687,43710,layout_pi43711_d43710
18688,43716,layout_pi43717_d43716
18689,43718,layout_pi43719_d43718
18690,43719,layout_pi43720_d43719
18691,43722,layout_pi43723_d43722
18692,43729,layout_pi43730_d43729
18693,43734,layout_pi43735_d43734
18694,43743,layout_pi43744_d43743
18695,43746,layout_pi43747_d43746
18696,43753,layout_pi43754_d43753
18697,43759,layout_pi43760_d43759
18698,43762,layout_pi43763_d43762
18699,43769,layout_pi43770_d43769
18700,43773,layout_pi43774_d43773
18701,43781,layout_pi43782_d43781
18702,43785,layout_pi43786_d43785
18703,43805,layout_pi43806_d43805
18704,43809,layout_pi43810_d43809
18705,43810,layout_pi43811_d43810
18706,43818,layout_pi43819_d43818
18707,43822,layout_pi43823_d43822
18708,43834,layout_pi43835_d43834
18709,43838,layout_pi43839_d43838
18710,43839,layout_pi43840_d43839
18711,43841,layout_pi43842_d43841
18712,43843,layout_pi43844_d43843
18713,43844,layout_pi43845_d43844
18714,43852,layout_pi43853_d43852
18715,43857,layout_pi43858_d43857
18716,43862,layout_pi43863_d43862
18717,43870,layout_pi43871_d43870
18718,43878,layout_pi43879_d43878
18719,43889,layout_pi43890_d43889
18720,43890,layout_pi43891_d43890
18721,43892,layout_pi43893_d43892
18722,43894,layout_pi43895_d43894
18723,43901,layout_pi43902_d43901
18724,43904,layout_pi43905_d43904
18725,43919,layout_pi43920_d43919
18726,43924,layout_pi43925_d43924
18727,43926,layout_pi43927_d43926
18728,43930,layout_pi43931_d43930
18729,43944,layout_pi43945_d43944
18730,43947,layout_pi43948_d43947
18731,43956,layout_pi43957_d43956
18732,43958,layout_pi43959_d43958
18733,43971,layout_pi43972_d43971
18734,43979,layout_pi43980_d43979
18735,43980,layout_pi43981_d43980
18736,43985,layout_pi43986_d43985
18737,43986,layout_pi43987_d43986
18738,43987,layout_pi43988_d43987
18739,44000,layout_pi44001_d44000
18740,44004,layout_pi44005_d44004
18741,44008,layout_pi44009_d44008
18742,44014,layout_pi44015_d44014
18743,44018,layout_pi44019_d44018
18744,44022,layout_pi44023_d44022
18745,44027,layout_pi44028_d44027
18746,44034,layout_pi44035_d44034
18747,44040,layout_pi44041_d44040
18748,44042,layout_pi44043_d44042
18749,44060,layout_pi44061_d44060
18750,44062,layout_pi44063_d44062
18751,44069,layout_pi44070_d44069
18752,44079,layout_pi44080_d44079
18753,44080,layout_pi44081_d44080
18754,44092,layout_pi44093_d44092
18755,44093,layout_pi44094_d44093
18756,44099,layout_pi44100_d44099
18757,44103,layout_pi44104_d44103
18758,44115,layout_pi44116_d44115
18759,44119,layout_pi44120_d44119
18760,44123,layout_pi44124_d44123
18761,44139,layout_pi44140_d44139
18762,44145,layout_pi44146_d44145
18763,44148,layout_pi44149_d44148
18764,44155,layout_pi44156_d44155
18765,44156,layout_pi44157_d44156
18766,44167,layout_pi44168_d44167
18767,44176,layout_pi44177_d44176
18768,44177,layout_pi44178_d44177
18769,44179,layout_pi44180_d44179
18770,44180,layout_pi44181_d44180
18771,44183,layout_pi44184_d44183
18772,44184,layout_pi44185_d44184
18773,44193,layout_pi44194_d44193
18774,44196,layout_pi44197_d44196
18775,44197,layout_pi44198_d44197
18776,44204,layout_pi44205_d44204
18777,44209,layout_pi44210_d44209
18778,44212,layout_pi44213_d44212
18779,44219,layout_pi44220_d44219
18780,44220,layout_pi44221_d44220
18781,44232,layout_pi44233_d44232
18782,44234,layout_pi44235_d44234
18783,44238,layout_pi44239_d44238
18784,44246,layout_pi44247_d44246
18785,44248,layout_pi44249_d44248
18786,44256,layout_pi44257_d44256
18787,44259,layout_pi44260_d44259
18788,44263,layout_pi44264_d44263
18789,44264,layout_pi44265_d44264
18790,44266,layout_pi44267_d44266
18791,44267,layout_pi44268_d44267
18792,44268,layout_pi44269_d44268
18793,44275,layout_pi44276_d44275
18794,44287,layout_pi44288_d44287
18795,44288,layout_pi44289_d44288
18796,44291,layout_pi44292_d44291
18797,44307,layout_pi44308_d44307
18798,44314,layout_pi44315_d44314
18799,44330,layout_pi44331_d44330
18800,44334,layout_pi44335_d44334
18801,44353,layout_pi44354_d44353
18802,44360,layout_pi44361_d44360
18803,44363,layout_pi44364_d44363
18804,44368,layout_pi44369_d44368
18805,44370,layout_pi44371_d44370
18806,44375,layout_pi44376_d44375
18807,44377,layout_pi44378_d44377
18808,44384,layout_pi44385_d44384
18809,44388,layout_pi44389_d44388
18810,44409,layout_pi44410_d44409
18811,44416,layout_pi44417_d44416
18812,44419,layout_pi44420_d44419
18813,44421,layout_pi44422_d44421
18814,44422,layout_pi44423_d44422
18815,44433,layout_pi44434_d44433
18816,44437,layout_pi44438_d44437
18817,44442,layout_pi44443_d44442
18818,44452,layout_pi44453_d44452
18819,44461,layout_pi44462_d44461
18820,44462,layout_pi44463_d44462
18821,44478,layout_pi44479_d44478
18822,44483,layout_pi44484_d44483
18823,44487,layout_pi44488_d44487
18824,44497,layout_pi44498_d44497
18825,44502,layout_pi44503_d44502
18826,44503,layout_pi44504_d44503
18827,44507,layout_pi44508_d44507
18828,44510,layout_pi44511_d44510
18829,44520,layout_pi44521_d44520
18830,44534,layout_pi44535_d44534
18831,44535,layout_pi44536_d44535
18832,44542,layout_pi44543_d44542
18833,44553,layout_pi44554_d44553
18834,44571,layout_pi44572_d44571
18835,44572,layout_pi44573_d44572
18836,44573,layout_pi44574_d44573
18837,44581,layout_pi44582_d44581
18838,44584,layout_pi44585_d44584
18839,44599,layout_pi44600_d44599
18840,44606,layout_pi44607_d44606
18841,44631,layout_pi44632_d44631
18842,44643,layout_pi44644_d44643
18843,44645,layout_pi44646_d44645
18844,44657,layout_pi44658_d44657
18845,44663,layout_pi44664_d44663
18846,44669,layout_pi44670_d44669
18847,44672,layout_pi44673_d44672
18848,44685,layout_pi44686_d44685
18849,44712,layout_pi44713_d44712
18850,44715,layout_pi44716_d44715
18851,44719,layout_pi44720_d44719
18852,44720,layout_pi44721_d44720
18853,44726,layout_pi44727_d44726
18854,44729,layout_pi44730_d44729
18855,44764,layout_pi44765_d44764
18856,44771,layout_pi44772_d44771
18857,44794,layout_pi44795_d44794
18858,44800,layout_pi44801_d44800
18859,44810,layout_pi44811_d44810
18860,44811,layout_pi44812_d44811
18861,44814,layout_pi44815_d44814
18862,44820,layout_pi44821_d44820
18863,44827,layout_pi44828_d44827
18864,44833,layout_pi44834_d44833
18865,44842,layout_pi44843_d44842
18866,44843,layout_pi44844_d44843
18867,44844,layout_pi44845_d44844
18868,44851,layout_pi44852_d44851
18869,44871,layout_pi44872_d44871
18870,44874,layout_pi44875_d44874
18871,44875,layout_pi44876_d44875
18872,44882,layout_pi44883_d44882
18873,44887,layout_pi44888_d44887
18874,44907,layout_pi44908_d44907
18875,44909,layout_pi44910_d44909
18876,44917,layout_pi44918_d44917
18877,44920,layout_pi44921_d44920
18878,44921,layout_pi44922_d44921
18879,44927,layout_pi44928_d44927
18880,44931,layout_pi44932_d44931
18881,44941,layout_pi44942_d44941
18882,44944,layout_pi44945_d44944
18883,44951,layout_pi44952_d44951
18884,44956,layout_pi44957_d44956
18885,44973,layout_pi44974_d44973
18886,44976,layout_pi44977_d44976
18887,44989,layout_pi44990_d44989
18888,44994,layout_pi44995_d44994
18889,44997,layout_pi44998_d44997
18890,44999,layout_pi45000_d44999
18891,45003,layout_pi45004_d45003
18892,45011,layout_pi45012_d45011
18893,45013,layout_pi45014_d45013
18894,45020,layout_pi45021_d45020
18895,45024,layout_pi45025_d45024
18896,45030,layout_pi45031_d45030
18897,45042,layout_pi45043_d45042
18898,45052,layout_pi45053_d45052
18899,45053,layout_pi45054_d45053
18900,45067,layout_pi45068_d45067
18901,45068,layout_pi45069_d45068
18902,45079,layout_pi45080_d45079
18903,45082,layout_pi45083_d45082
18904,45083,layout_pi45084_d45083
18905,45088,layout_pi45089_d45088
18906,45100,layout_pi45101_d45100
18907,45102,layout_pi45103_d45102
18908,45120,layout_pi45121_d45120
18909,45137,layout_pi45138_d45137
18910,45147,layout_pi45148_d45147
18911,45150,layout_pi45151_d45150
18912,45151,layout_pi45152_d45151
18913,45155,layout_pi45156_d45155
18914,45160,layout_pi45161_d45160
18915,45165,layout_pi45166_d45165
18916,45168,layout_pi45169_d45168
18917,45181,layout_pi45182_d45181
18918,45184,layout_pi45185_d45184
18919,45185,layout_pi45186_d45185
18920,45187,layout_pi45188_d45187
18921,45190,layout_pi45191_d45190
18922,45199,layout_pi45200_d45199
18923,45200,layout_pi45201_d45200
18924,45201,layout_pi45202_d45201
18925,45208,layout_pi45209_d45208
18926,45214,layout_pi45215_d45214
18927,45219,layout_pi45220_d45219
18928,45226,layout_pi45227_d45226
18929,45229,layout_pi45230_d45229
18930,45231,layout_pi45232_d45231
18931,45238,layout_pi45239_d45238
18932,45239,layout_pi45240_d45239
18933,45242,layout_pi45243_d45242
18934,45253,layout_pi45254_d45253
18935,45255,layout_pi45256_d45255
18936,45261,layout_pi45262_d45261
18937,45277,layout_pi45278_d45277
18938,45281,layout_pi45282_d45281
18939,45283,layout_pi45284_d45283
18940,45284,layout_pi45285_d45284
18941,45308,layout_pi45309_d45308
18942,45309,layout_pi45310_d45309
18943,45316,layout_pi45317_d45316
18944,45324,layout_pi45325_d45324
18945,45326,layout_pi45327_d45326
18946,45342,layout_pi45343_d45342
18947,45361,layout_pi45362_d45361
18948,45366,layout_pi45367_d45366
18949,45371,layout_pi45372_d45371
18950,45381,layout_pi45382_d45381
18951,45383,layout_pi45384_d45383
18952,45388,layout_pi45389_d45388
18953,45389,layout_pi45390_d45389
18954,45392,layout_pi45393_d45392
18955,45410,layout_pi45411_d45410
18956,45426,layout_pi45427_d45426
18957,45427,layout_pi45428_d45427
18958,45435,layout_pi45436_d45435
18959,45436,layout_pi45437_d45436
18960,45439,layout_pi45440_d45439
18961,45447,layout_pi45448_d45447
18962,45466,layout_pi45467_d45466
18963,45470,layout_pi45471_d45470
18964,45477,layout_pi45478_d45477
18965,45478,layout_pi45479_d45478
18966,45482,layout_pi45483_d45482
18967,45485,layout_pi45486_d45485
18968,45503,layout_pi45504_d45503
18969,45526,layout_pi45527_d45526
18970,45528,layout_pi45529_d45528
18971,45533,layout_pi45534_d45533
18972,45534,layout_pi45535_d45534
18973,45540,layout_pi45541_d45540
18974,45542,layout_pi45543_d45542
18975,45557,layout_pi45558_d45557
18976,45562,layout_pi45563_d45562
18977,45580,layout_pi45581_d45580
18978,45582,layout_pi45583_d45582
18979,45584,layout_pi45585_d45584
18980,45585,layout_pi45586_d45585
18981,45590,layout_pi45591_d45590
18982,45602,layout_pi45603_d45602
18983,45605,layout_pi45606_d45605
18984,45637,layout_pi45638_d45637
18985,45644,layout_pi45645_d45644
18986,45646,layout_pi45647_d45646
18987,45657,layout_pi45658_d45657
18988,45665,layout_pi45666_d45665
18989,45670,layout_pi45671_d45670
18990,45681,layout_pi45682_d45681
18991,45682,layout_pi45683_d45682
18992,45689,layout_pi45690_d45689
18993,45693,layout_pi45694_d45693
18994,45700,layout_pi45701_d45700
18995,45702,layout_pi45703_d45702
18996,45705,layout_pi45706_d45705
18997,45725,layout_pi45726_d45725
18998,45728,layout_pi45729_d45728
18999,45730,layout_pi45731_d45730
19000,45737,layout_pi45738_d45737
19001,45780,layout_pi45781_d45780
19002,45786,layout_pi45787_d45786
19003,45787,layout_pi45788_d45787
19004,45792,layout_pi45793_d45792
19005,45800,layout_pi45801_d45800
19006,45805,layout_pi45806_d45805
19007,45807,layout_pi45808_d45807
19008,45812,layout_pi45813_d45812
19009,45814,layout_pi45815_d45814
19010,45818,layout_pi45819_d45818
19011,45819,layout_pi45820_d45819
19012,45831,layout_pi45832_d45831
19013,45833,layout_pi45834_d45833
19014,45855,layout_pi45856_d45855
19015,45858,layout_pi45859_d45858
19016,45866,layout_pi45867_d45866
19017,45871,layout_pi45872_d45871
19018,45877,layout_pi45878_d45877
19019,45881,layout_pi45882_d45881
19020,45882,layout_pi45883_d45882
19021,45896,layout_pi45897_d45896
19022,45904,layout_pi45905_d45904
19023,45914,layout_pi45915_d45914
19024,45925,layout_pi45926_d45925
19025,45929,layout_pi45930_d45929
19026,45930,layout_pi45931_d45930
19027,45945,layout_pi45946_d45945
19028,45948,layout_pi45949_d45948
19029,45950,layout_pi45951_d45950
19030,45953,layout_pi45954_d45953
19031,45963,layout_pi45964_d45963
19032,45965,layout_pi45966_d45965
19033,45971,layout_pi45972_d45971
19034,45972,layout_pi45973_d45972
19035,45983,layout_pi45984_d45983
19036,45988,layout_pi45989_d45988
19037,46000,layout_pi46001_d46000
19038,46005,layout_pi46006_d46005
19039,46008,layout_pi46009_d46008
19040,46011,layout_pi46012_d46011
19041,46012,layout_pi46013_d46012
19042,46019,layout_pi46020_d46019
19043,46027,layout_pi46028_d46027
19044,46039,layout_pi46040_d46039
19045,46041,layout_pi46042_d46041
19046,46044,layout_pi46045_d46044
19047,46049,layout_pi46050_d46049
19048,46050,layout_pi46051_d46050
19049,46053,layout_pi46054_d46053
19050,46064,layout_pi46065_d46064
19051,46070,layout_pi46071_d46070
19052,46079,layout_pi46080_d46079
19053,46087,layout_pi46088_d46087
19054,46101,layout_pi46102_d46101
19055,46103,layout_pi46104_d46103
19056,46117,layout_pi46118_d46117
19057,46129,layout_pi46130_d46129
19058,46137,layout_pi46138_d46137
19059,46149,layout_pi46150_d46149
19060,46151,layout_pi46152_d46151
19061,46155,layout_pi46156_d46155
19062,46166,layout_pi46167_d46166
19063,46173,layout_pi46174_d46173
19064,46176,layout_pi46177_d46176
19065,46182,layout_pi46183_d46182
19066,46192,layout_pi46193_d46192
19067,46198,layout_pi46199_d46198
19068,46208,layout_pi46209_d46208
19069,46215,layout_pi46216_d46215
19070,46218,layout_pi46219_d46218
19071,46222,layout_pi46223_d46222
19072,46223,layout_pi46224_d46223
19073,46239,layout_pi46240_d46239
19074,46243,layout_pi46244_d46243
19075,46245,layout_pi46246_d46245
19076,46252,layout_pi46253_d46252
19077,46256,layout_pi46257_d46256
19078,46260,layout_pi46261_d46260
19079,46272,layout_pi46273_d46272
19080,46280,layout_pi46281_d46280
19081,46284,layout_pi46285_d46284
19082,46285,layout_pi46286_d46285
19083,46288,layout_pi46289_d46288
19084,46296,layout_pi46297_d46296
19085,46310,layout_pi46311_d46310
19086,46314,layout_pi46315_d46314
19087,46322,layout_pi46323_d46322
19088,46338,layout_pi46339_d46338
19089,46339,layout_pi46340_d46339
19090,46355,layout_pi46356_d46355
19091,46356,layout_pi46357_d46356
19092,46360,layout_pi46361_d46360
19093,46367,layout_pi46368_d46367
19094,46382,layout_pi46383_d46382
19095,46383,layout_pi46384_d46383
19096,46398,layout_pi46399_d46398
19097,46402,layout_pi46403_d46402
19098,46403,layout_pi46404_d46403
19099,46405,layout_pi46406_d46405
19100,46408,layout_pi46409_d46408
19101,46415,layout_pi46416_d46415
19102,46424,layout_pi46425_d46424
19103,46427,layout_pi46428_d46427
19104,46436,layout_pi46437_d46436
19105,46452,layout_pi46453_d46452
19106,46459,layout_pi46460_d46459
19107,46460,layout_pi46461_d46460
19108,46463,layout_pi46464_d46463
19109,46468,layout_pi46469_d46468
19110,46484,layout_pi46485_d46484
19111,46487,layout_pi46488_d46487
19112,46489,layout_pi46490_d46489
19113,46499,layout_pi46500_d46499
19114,46503,layout_pi46504_d46503
19115,46515,layout_pi46516_d46515
19116,46516,layout_pi46517_d46516
19117,46517,layout_pi46518_d46517
19118,46520,layout_pi46521_d46520
19119,46521,layout_pi46522_d46521
19120,46532,layout_pi46533_d46532
19121,46540,layout_pi46541_d46540
19122,46545,layout_pi46546_d46545
19123,46548,layout_pi46549_d46548
19124,46552,layout_pi46553_d46552
19125,46569,layout_pi46570_d46569
19126,46576,layout_pi46577_d46576
19127,46579,layout_pi46580_d46579
19128,46584,layout_pi46585_d46584
19129,46587,layout_pi46588_d46587
19130,46590,layout_pi46591_d46590
19131,46591,layout_pi46592_d46591
19132,46596,layout_pi46597_d46596
19133,46598,layout_pi46599_d46598
19134,46605,layout_pi46606_d46605
19135,46606,layout_pi46607_d46606
19136,46609,layout_pi46610_d46609
19137,46611,layout_pi46612_d46611
19138,46615,layout_pi46616_d46615
19139,46616,layout_pi46617_d46616
19140,46619,layout_pi46620_d46619
19141,46622,layout_pi46623_d46622
19142,46629,layout_pi46630_d46629
19143,46638,layout_pi46639_d46638
19144,46644,layout_pi46645_d46644
19145,46668,layout_pi46669_d46668
19146,46677,layout_pi46678_d46677
19147,46686,layout_pi46687_d46686
19148,46689,layout_pi46690_d46689
19149,46696,layout_pi46697_d46696
19150,46702,layout_pi46703_d46702
19151,46703,layout_pi46704_d46703
19152,46710,layout_pi46711_d46710
19153,46724,layout_pi46725_d46724
19154,46732,layout_pi46733_d46732
19155,46737,layout_pi46738_d46737
19156,46749,layout_pi46750_d46749
19157,46763,layout_pi46764_d46763
19158,46778,layout_pi46779_d46778
19159,46782,layout_pi46783_d46782
19160,46786,layout_pi46787_d46786
19161,46791,layout_pi46792_d46791
19162,46804,layout_pi46805_d46804
19163,46815,layout_pi46816_d46815
19164,46822,layout_pi46823_d46822
19165,46834,layout_pi46835_d46834
19166,46839,layout_pi46840_d46839
19167,46843,layout_pi46844_d46843
19168,46847,layout_pi46848_d46847
19169,46851,layout_pi46852_d46851
19170,46853,layout_pi46854_d46853
19171,46866,layout_pi46867_d46866
19172,46872,layout_pi46873_d46872
19173,46879,layout_pi46880_d46879
19174,46889,layout_pi46890_d46889
19175,46892,layout_pi46893_d46892
19176,46902,layout_pi46903_d46902
19177,46908,layout_pi46909_d46908
19178,46913,layout_pi46914_d46913
19179,46916,layout_pi46917_d46916
19180,46929,layout_pi46930_d46929
19181,46931,layout_pi46932_d46931
19182,46932,layout_pi46933_d46932
19183,46933,layout_pi46934_d46933
19184,46940,layout_pi46941_d46940
19185,46943,layout_pi46944_d46943
19186,46945,layout_pi46946_d46945
19187,46947,layout_pi46948_d46947
19188,46950,layout_pi46951_d46950
19189,46953,layout_pi46954_d46953
19190,46959,layout_pi46960_d46959
19191,46964,layout_pi46965_d46964
19192,46966,layout_pi46967_d46966
19193,46992,layout_pi46993_d46992
19194,46999,layout_pi47000_d46999
19195,47005,layout_pi47006_d47005
19196,47019,layout_pi47020_d47019
19197,47025,layout_pi47026_d47025
19198,47029,layout_pi47030_d47029
19199,47064,layout_pi47065_d47064
19200,47066,layout_pi47067_d47066
19201,47094,layout_pi47095_d47094
19202,47111,layout_pi47112_d47111
19203,47113,layout_pi47114_d47113
19204,47121,layout_pi47122_d47121
19205,47125,layout_pi47126_d47125
19206,47138,layout_pi47139_d47138
19207,47143,layout_pi47144_d47143
19208,47156,layout_pi47157_d47156
19209,47158,layout_pi47159_d47158
19210,47159,layout_pi47160_d47159
19211,47160,layout_pi47161_d47160
19212,47168,layout_pi47169_d47168
19213,47173,layout_pi47174_d47173
19214,47179,layout_pi47180_d47179
19215,47180,layout_pi47181_d47180
19216,47196,layout_pi47197_d47196
19217,47198,layout_pi47199_d47198
19218,47200,layout_pi47201_d47200
19219,47208,layout_pi47209_d47208
19220,47210,layout_pi47211_d47210
19221,47216,layout_pi47217_d47216
19222,47217,layout_pi47218_d47217
19223,47225,layout_pi47226_d47225
19224,47251,layout_pi47252_d47251
19225,47263,layout_pi47264_d47263
19226,47266,layout_pi47267_d47266
19227,47279,layout_pi47280_d47279
19228,47283,layout_pi47284_d47283
19229,47284,layout_pi47285_d47284
19230,47290,layout_pi47291_d47290
19231,47300,layout_pi47301_d47300
19232,47301,layout_pi47302_d47301
19233,47307,layout_pi47308_d47307
19234,47310,layout_pi47311_d47310
19235,47314,layout_pi47315_d47314
19236,47325,layout_pi47326_d47325
19237,47331,layout_pi47332_d47331
19238,47335,layout_pi47336_d47335
19239,47339,layout_pi47340_d47339
19240,47351,layout_pi47352_d47351
19241,47358,layout_pi47359_d47358
19242,47371,layout_pi47372_d47371
19243,47372,layout_pi47373_d47372
19244,47388,layout_pi47389_d47388
19245,47389,layout_pi47390_d47389
19246,47402,layout_pi47403_d47402
19247,47411,layout_pi47412_d47411
19248,47418,layout_pi47419_d47418
19249,47424,layout_pi47425_d47424
19250,47443,layout_pi47444_d47443
19251,47453,layout_pi47454_d47453
19252,47464,layout_pi47465_d47464
19253,47473,layout_pi47474_d47473
19254,47482,layout_pi47483_d47482
19255,47484,layout_pi47485_d47484
19256,47489,layout_pi47490_d47489
19257,47495,layout_pi47496_d47495
19258,47497,layout_pi47498_d47497
19259,47501,layout_pi47502_d47501
19260,47507,layout_pi47508_d47507
19261,47518,layout_pi47519_d47518
19262,47530,layout_pi47531_d47530
19263,47535,layout_pi47536_d47535
19264,47545,layout_pi47546_d47545
19265,47550,layout_pi47551_d47550
19266,47551,layout_pi47552_d47551
19267,47559,layout_pi47560_d47559
19268,47573,layout_pi47574_d47573
19269,47586,layout_pi47587_d47586
19270,47588,layout_pi47589_d47588
19271,47589,layout_pi47590_d47589
19272,47607,layout_pi47608_d47607
19273,47652,layout_pi47653_d47652
19274,47658,layout_pi47659_d47658
19275,47661,layout_pi47662_d47661
19276,47665,layout_pi47666_d47665
19277,47666,layout_pi47667_d47666
19278,47670,layout_pi47671_d47670
19279,47677,layout_pi47678_d47677
19280,47680,layout_pi47681_d47680
19281,47694,layout_pi47695_d47694
19282,47696,layout_pi47697_d47696
19283,47705,layout_pi47706_d47705
19284,47706,layout_pi47707_d47706
19285,47708,layout_pi47709_d47708
19286,47714,layout_pi47715_d47714
19287,47729,layout_pi47730_d47729
19288,47733,layout_pi47734_d47733
19289,47734,layout_pi47735_d47734
19290,47735,layout_pi47736_d47735
19291,47741,layout_pi47742_d47741
19292,47761,layout_pi47762_d47761
19293,47771,layout_pi47772_d47771
19294,47779,layout_pi47780_d47779
19295,47783,layout_pi47784_d47783
19296,47790,layout_pi47791_d47790
19297,47794,layout_pi47795_d47794
19298,47796,layout_pi47797_d47796
19299,47802,layout_pi47803_d47802
19300,47803,layout_pi47804_d47803
19301,47804,layout_pi47805_d47804
19302,47810,layout_pi47811_d47810
19303,47813,layout_pi47814_d47813
19304,47825,layout_pi47826_d47825
19305,47826,layout_pi47827_d47826
19306,47829,layout_pi47830_d47829
19307,47831,layout_pi47832_d47831
19308,47835,layout_pi47836_d47835
19309,47841,layout_pi47842_d47841
19310,47843,layout_pi47844_d47843
19311,47852,layout_pi47853_d47852
19312,47858,layout_pi47859_d47858
19313,47866,layout_pi47867_d47866
19314,47878,layout_pi47879_d47878
19315,47879,layout_pi47880_d47879
19316,47894,layout_pi47895_d47894
19317,47895,layout_pi47896_d47895
19318,47907,layout_pi47908_d47907
19319,47909,layout_pi47910_d47909
19320,47911,layout_pi47912_d47911
19321,47915,layout_pi47916_d47915
19322,47923,layout_pi47924_d47923
19323,47927,layout_pi47928_d47927
19324,47938,layout_pi47939_d47938
19325,47939,layout_pi47940_d47939
19326,47940,layout_pi47941_d47940
19327,47941,layout_pi47942_d47941
19328,47943,layout_pi47944_d47943
19329,47949,layout_pi47950_d47949
19330,47950,layout_pi47951_d47950
19331,47954,layout_pi47955_d47954
19332,47964,layout_pi47965_d47964
19333,47965,layout_pi47966_d47965
19334,47967,layout_pi47968_d47967
19335,47996,layout_pi47997_d47996
19336,47998,layout_pi47999_d47998
19337,48005,layout_pi48006_d48005
19338,48011,layout_pi48012_d48011
19339,48012,layout_pi48013_d48012
19340,48019,layout_pi48020_d48019
19341,48021,layout_pi48022_d48021
19342,48026,layout_pi48027_d48026
19343,48028,layout_pi48029_d48028
19344,48032,layout_pi48033_d48032
19345,48033,layout_pi48034_d48033
19346,48034,layout_pi48035_d48034
19347,48035,layout_pi48036_d48035
19348,48041,layout_pi48042_d48041
19349,48069,layout_pi48070_d48069
19350,48077,layout_pi48078_d48077
19351,48079,layout_pi48080_d48079
19352,48082,layout_pi48083_d48082
19353,48091,layout_pi48092_d48091
19354,48093,layout_pi48094_d48093
19355,48096,layout_pi48097_d48096
19356,48101,layout_pi48102_d48101
19357,48144,layout_pi48145_d48144
19358,48145,layout_pi48146_d48145
19359,48150,layout_pi48151_d48150
19360,48153,layout_pi48154_d48153
19361,48154,layout_pi48155_d48154
19362,48156,layout_pi48157_d48156
19363,48163,layout_pi48164_d48163
19364,48167,layout_pi48168_d48167
19365,48173,layout_pi48174_d48173
19366,48216,layout_pi48217_d48216
19367,48217,layout_pi48218_d48217
19368,48225,layout_pi48226_d48225
19369,48229,layout_pi48230_d48229
19370,48238,layout_pi48239_d48238
19371,48243,layout_pi48244_d48243
19372,48260,layout_pi48261_d48260
19373,48267,layout_pi48268_d48267
19374,48274,layout_pi48275_d48274
19375,48286,layout_pi48287_d48286
19376,48297,layout_pi48298_d48297
19377,48307,layout_pi48308_d48307
19378,48312,layout_pi48313_d48312
19379,48322,layout_pi48323_d48322
19380,48324,layout_pi48325_d48324
19381,48336,layout_pi48337_d48336
19382,48352,layout_pi48353_d48352
19383,48366,layout_pi48367_d48366
19384,48373,layout_pi48374_d48373
19385,48377,layout_pi48378_d48377
19386,48382,layout_pi48383_d48382
19387,48383,layout_pi48384_d48383
19388,48385,layout_pi48386_d48385
19389,48389,layout_pi48390_d48389
19390,48394,layout_pi48395_d48394
19391,48398,layout_pi48399_d48398
19392,48405,layout_pi48406_d48405
19393,48408,layout_pi48409_d48408
19394,48409,layout_pi48410_d48409
19395,48412,layout_pi48413_d48412
19396,48413,layout_pi48414_d48413
19397,48420,layout_pi48421_d48420
19398,48422,layout_pi48423_d48422
19399,48423,layout_pi48424_d48423
19400,48437,layout_pi48438_d48437
19401,48444,layout_pi48445_d48444
19402,48456,layout_pi48457_d48456
19403,48461,layout_pi48462_d48461
19404,48463,layout_pi48464_d48463
19405,48468,layout_pi48469_d48468
19406,48475,layout_pi48476_d48475
19407,48484,layout_pi48485_d48484
19408,48495,layout_pi48496_d48495
19409,48501,layout_pi48502_d48501
19410,48503,layout_pi48504_d48503
19411,48509,layout_pi48510_d48509
19412,48520,layout_pi48521_d48520
19413,48522,layout_pi48523_d48522
19414,48524,layout_pi48525_d48524
19415,48550,layout_pi48551_d48550
19416,48552,layout_pi48553_d48552
19417,48562,layout_pi48563_d48562
19418,48564,layout_pi48565_d48564
19419,48584,layout_pi48585_d48584
19420,48588,layout_pi48589_d48588
19421,48604,layout_pi48605_d48604
19422,48613,layout_pi48614_d48613
19423,48624,layout_pi48625_d48624
19424,48627,layout_pi48628_d48627
19425,48632,layout_pi48633_d48632
19426,48633,layout_pi48634_d48633
19427,48640,layout_pi48641_d48640
19428,48642,layout_pi48643_d48642
19429,48647,layout_pi48648_d48647
19430,48657,layout_pi48658_d48657
19431,48669,layout_pi48670_d48669
19432,48671,layout_pi48672_d48671
19433,48674,layout_pi48675_d48674
19434,48684,layout_pi48685_d48684
19435,48689,layout_pi48690_d48689
19436,48696,layout_pi48697_d48696
19437,48698,layout_pi48699_d48698
19438,48703,layout_pi48704_d48703
19439,48707,layout_pi48708_d48707
19440,48711,layout_pi48712_d48711
19441,48715,layout_pi48716_d48715
19442,48716,layout_pi48717_d48716
19443,48736,layout_pi48737_d48736
19444,48738,layout_pi48739_d48738
19445,48741,layout_pi48742_d48741
19446,48752,layout_pi48753_d48752
19447,48768,layout_pi48769_d48768
19448,48777,layout_pi48778_d48777
19449,48778,layout_pi48779_d48778
19450,48779,layout_pi48780_d48779
19451,48788,layout_pi48789_d48788
19452,48792,layout_pi48793_d48792
19453,48799,layout_pi48800_d48799
19454,48810,layout_pi48811_d48810
19455,48811,layout_pi48812_d48811
19456,48815,layout_pi48816_d48815
19457,48824,layout_pi48825_d48824
19458,48825,layout_pi48826_d48825
19459,48827,layout_pi48828_d48827
19460,48835,layout_pi48836_d48835
19461,48840,layout_pi48841_d48840
19462,48842,layout_pi48843_d48842
19463,48849,layout_pi48850_d48849
19464,48852,layout_pi48853_d48852
19465,48855,layout_pi48856_d48855
19466,48860,layout_pi48861_d48860
19467,48865,layout_pi48866_d48865
19468,48874,layout_pi48875_d48874
19469,48877,layout_pi48878_d48877
19470,48878,layout_pi48879_d48878
19471,48885,layout_pi48886_d48885
19472,48887,layout_pi48888_d48887
19473,48888,layout_pi48889_d48888
19474,48891,layout_pi48892_d48891
19475,48899,layout_pi48900_d48899
19476,48901,layout_pi48902_d48901
19477,48909,layout_pi48910_d48909
19478,48910,layout_pi48911_d48910
19479,48911,layout_pi48912_d48911
19480,48917,layout_pi48918_d48917
19481,48922,layout_pi48923_d48922
19482,48925,layout_pi48926_d48925
19483,48926,layout_pi48927_d48926
19484,48930,layout_pi48931_d48930
19485,48937,layout_pi48938_d48937
19486,48944,layout_pi48945_d48944
19487,48965,layout_pi48966_d48965
19488,48972,layout_pi48973_d48972
19489,48978,layout_pi48979_d48978
19490,48982,layout_pi48983_d48982
19491,49000,layout_pi49001_d49000
19492,49005,layout_pi49006_d49005
19493,49014,layout_pi49015_d49014
19494,49029,layout_pi49030_d49029
19495,49033,layout_pi49034_d49033
19496,49039,layout_pi49040_d49039
19497,49041,layout_pi49042_d49041
19498,49048,layout_pi49049_d49048
