candidate_id,mhz,k,badness,quality_score,uncertainty,heatmap_mc_mse,decoder_mc_rce,epistemic_score,disagreement_score,prior_tension_score,peak_bias_score,p99_var,p99_mc_range,peak_loc_spread_px,pred_p99_mean,selected_reason
238,120.0,3,55.76461609588681,-55.76461609588681,55.76461609588681,1.2167119104914612,3.1166334351993066,4.333345345690768,51.29123037478614,0.0,0.0,29.80364608754438,15.691931962966919,27.283236611516603,9.74588856101036,worst_uncertainty_stratified_mhz
1513,120.0,3,44.670397262282336,-44.670397262282336,44.670397262282336,1.6091205831937827,3.064224065843601,4.673344649037384,37.62669106107366,6.333721306277789,0.0,20.011388165449944,14.39531421661377,20.83529157463365,7.282878637313843,worst_uncertainty_stratified_mhz
870,120.0,3,36.778739815912154,-36.778739815912154,36.778739815912154,1.2850875536038202,1.2082712615401017,2.493358815143922,33.55833938677421,1.819352924768958,0.0,8.615257867521105,8.497758865356445,41.38840417314975,8.129051864147186,worst_uncertainty_stratified_mhz
1573,150.0,3,27.21566632859239,-27.21566632859239,27.21566632859239,0.003605488799465795,0.0035753834701559278,0.007180872269621722,22.515903577408594,13.36817649168313,0.0,0.05560043842956386,0.7250182628631592,44.1955880150949,4.296567350625992,worst_uncertainty_stratified_mhz
177,150.0,3,26.544775959200678,-26.544775959200678,26.544775959200678,0.004187270075427675,0.006573020037403857,0.010760290112831531,22.04461419549813,12.77536647413205,0.0,0.10286011202113965,1.0913140773773193,42.79219408957666,4.448682576417923,worst_uncertainty_stratified_mhz
473,150.0,3,25.530957005531757,-25.530957005531757,25.530957005531757,0.0041382003129011155,0.004071819667371226,0.008210019980272341,21.6370202874,11.083659607337674,0.0,0.01766450886227844,0.4465174674987793,42.79219408957666,5.15479701757431,worst_uncertainty_stratified_mhz
1291,150.0,3,22.835162941848168,-22.835162941848168,22.835162941848168,0.0036041865901707774,0.02779590157957162,0.0314000881697424,19.441901232294644,9.54126200161682,0.0,0.2338643791382502,1.8777804374694824,36.538293268843304,5.392472922801971,worst_uncertainty_stratified_mhz
527,155.0,3,26.739395989790744,-26.739395989790744,26.739395989790744,0.006407216826562211,0.028339853937922117,0.03474707076448433,23.19485969628256,9.948567092042659,0.0,0.48343729525804235,1.9120702743530273,43.51077452769601,6.25475013256073,worst_uncertainty_stratified_mhz
937,155.0,3,26.442617691971112,-26.442617691971112,26.442617691971112,0.007404833096729457,0.018315006131925052,0.02571983922865451,23.196274349204412,9.144943205734029,0.0,0.27829587243394016,1.640368938446045,44.1955880150949,6.629561126232147,worst_uncertainty_stratified_mhz
1469,155.0,3,25.79895528606557,-25.79895528606557,25.79895528606557,0.01175087520700272,0.009994686860355205,0.021745562067357924,22.07737607139442,10.528870862856822,0.0,0.1138103834176114,1.1349372863769531,42.79219408957666,5.7261417508125305,worst_uncertainty_stratified_mhz
19,155.0,3,25.436731866601278,-25.436731866601278,25.436731866601278,0.0018199833839478692,0.010248321286349737,0.012068304670297606,21.880584540213842,10.091888616542137,0.0,0.07896181106882239,0.8110513687133789,42.79219408957666,5.894472718238831,worst_uncertainty_stratified_mhz
1575,155.0,3,24.57102901754452,-24.57102901754452,24.57102901754452,0.04502055728138688,0.020259276217015777,0.06527983349840266,21.157519386501217,9.498341181498711,0.0,0.3313474302265007,1.6166176795959473,40.035726232953486,6.043874144554138,worst_uncertainty_stratified_mhz
1070,155.0,3,23.790715897924372,-23.790715897924372,23.790715897924372,0.006449045679740186,0.014169358462260731,0.020618404142000918,20.204940776450805,10.116599572176854,0.0,0.2837428073523789,1.5678939819335938,38.27450195626326,5.469647705554962,worst_uncertainty_stratified_mhz
1016,155.0,3,23.367427065803454,-23.367427065803454,23.367427065803454,0.005220635044652742,0.013756030367550656,0.018976665412203397,19.9065692702279,9.784590427680046,0.0,0.14799780602754709,1.2426409721374512,38.27450195626326,5.567531108856201,worst_uncertainty_stratified_mhz
775,155.0,3,22.74203087089209,-22.74203087089209,22.74203087089209,0.023912662033441955,0.01767092420924477,0.041583586242686724,19.68577816320397,8.577103835318365,0.0,0.0983268657821803,0.9004006385803223,38.27450195626326,6.181041777133942,worst_uncertainty_stratified_mhz
414,170.0,3,27.969198514359487,-27.969198514359487,27.969198514359487,0.009097781397448792,0.03281737504853753,0.041915156445986326,23.899362566546966,11.422805310355162,0.0,0.5631158860411425,2.476905345916748,44.1955880150949,6.266175925731659,worst_uncertainty_stratified_mhz
165,170.0,3,26.768107726267903,-26.768107726267903,26.768107726267903,0.02465523182605218,0.03380335980948125,0.058458591635533436,23.1316488670394,10.15149234329635,0.0,0.45292471653817756,2.5652542114257812,42.79219408957666,6.735909938812256,worst_uncertainty_stratified_mhz
481,170.0,3,26.480974698106607,-26.480974698106607,26.480974698106607,0.013177744064520646,0.006964595745967939,0.020142339810488585,21.81672743886231,13.23566965355067,0.0,0.0481092320408969,0.7450423240661621,42.79219408957666,4.7187599539756775,worst_uncertainty_stratified_mhz
328,180.0,3,27.84034203797475,-27.84034203797475,27.84034203797475,0.009435111816671166,0.010356097329223076,0.01979120914589424,22.795518214093203,14.306985469118478,0.0,0.1097966266659931,1.1758551597595215,44.1955880150949,4.710049211978912,worst_uncertainty_stratified_mhz
151,180.0,3,25.5401421489329,-25.5401421489329,25.5401421489329,0.02825802778036074,0.026595809718262937,0.05485383749862367,21.680359624006822,10.816285320240654,0.0,0.23796284914265797,1.5908775329589844,41.293916016769344,6.342227756977081,worst_uncertainty_stratified_mhz
98,180.0,3,25.153268068451517,-25.153268068451517,25.153268068451517,0.03545599567559734,0.034982625823712324,0.07043862149930966,21.271519176473358,10.825904012655522,0.0,0.30647805461000743,1.3699417114257812,40.56014053230092,6.221991717815399,worst_uncertainty_stratified_mhz
228,180.0,3,24.087129719125528,-24.087129719125528,24.087129719125528,0.016586789489809416,0.03878115393581851,0.055367943425627925,20.164047932885644,10.992932612988268,0.0,0.21654095042051935,1.6205120086669922,38.27450195626326,5.762740075588226,worst_uncertainty_stratified_mhz
403,200.0,3,31.292169166359642,-31.292169166359642,31.292169166359642,0.7005090392161771,0.18451303132545993,0.8850220705416371,25.6005355176885,13.602716502800478,0.0,1.5085067098023046,3.9884696006774902,44.1955880150949,6.724656343460083,worst_uncertainty_stratified_mhz
412,200.0,3,31.113182632823207,-31.113182632823207,31.113182632823207,0.13534577581184928,0.17691824353357463,0.3122640193454239,26.82830410673435,11.220598848029406,0.0,2.166467769398693,5.128084659576416,44.1955880150949,8.10425889492035,worst_uncertainty_stratified_mhz
794,200.0,3,28.46851885700017,-28.46851885700017,28.46851885700017,0.020279643658698096,0.016762589123999146,0.03704223278269724,22.906207978895477,15.721211116335361,0.0,0.15824853269598904,1.3003308773040771,44.1955880150949,4.353347718715668,worst_uncertainty_stratified_mhz
861,200.0,3,27.560955335977713,-27.560955335977713,27.560955335977713,0.01137691927509832,0.042118517123185414,0.05349543639828373,22.723974799791968,13.58177155768172,0.0,0.4446737716967526,1.7664079666137695,42.79219408957666,5.582097947597504,worst_uncertainty_stratified_mhz
23,200.0,3,27.47075508874933,-27.47075508874933,27.47075508874933,0.018514867580693525,0.04822763722749615,0.06674250480818968,22.821638264131998,13.018102182491218,0.0,0.38533764802408754,2.08040714263916,42.79219408957666,5.959966719150543,worst_uncertainty_stratified_mhz
156,200.0,3,27.30845597411376,-27.30845597411376,27.30845597411376,0.01584262550381756,0.05940691548351113,0.0752495409873287,24.379646750563765,8.07487798524256,0.0,1.0238681048022045,2.5159692764282227,44.1955880150949,9.248403549194336,worst_uncertainty_stratified_mhz
1491,200.0,3,27.17003686500435,-27.17003686500435,27.17003686500435,0.04265328430122812,0.030100267095264695,0.07275355139649281,22.432214424017143,13.26141636608336,0.0,0.2865086241171184,1.4992175102233887,42.79219408957666,5.6766357421875,worst_uncertainty_stratified_mhz
1428,200.0,3,26.96283309524607,-26.96283309524607,26.96283309524607,0.04756989439695638,0.05782034156442965,0.10539023596138603,22.549165799119585,12.246889682052227,0.0,0.3081657620827194,1.6898059844970703,42.79219408957666,6.347012937068939,worst_uncertainty_stratified_mhz
845,230.0,3,28.12859456230405,-28.12859456230405,28.12859456230405,0.09604025038160784,0.04647809684368108,0.14251834722528892,22.961008179674415,14.296249482180546,0.0,0.25843682998046447,1.8943681716918945,43.51077452769601,5.944221079349518,worst_uncertainty_stratified_mhz
281,230.0,3,28.111129519006965,-28.111129519006965,28.111129519006965,0.06104165845141324,0.06562207246565145,0.12666373091706468,23.24014832212996,13.484318784020054,0.0,0.4281345104672276,2.2904739379882812,43.333553685337186,6.594399988651276,worst_uncertainty_stratified_mhz
416,230.0,3,28.067728815748026,-28.067728815748026,28.067728815748026,0.038777796235061605,0.0691684963872073,0.1079462926222689,22.74598719249932,14.823263087127463,0.0,0.3164774527799601,2.0668253898620605,42.79219408957666,5.482378304004669,worst_uncertainty_stratified_mhz
615,230.0,3,27.974684158190584,-27.974684158190584,27.974684158190584,0.033359075885946984,0.03139654794244148,0.06475562382838847,21.70511127538742,17.68650075595408,0.0,0.02902427278964037,0.5599799156188965,42.79219408957666,2.928847163915634,worst_uncertainty_stratified_mhz
585,230.0,3,27.96707349355303,-27.96707349355303,27.96707349355303,0.15140576108480272,0.09042421728229323,0.24182997836709597,21.779078404156827,16.77471659696036,0.0,1.2657984107314917,3.013404369354248,38.01315561749642,3.7495418787002563,worst_uncertainty_stratified_mhz
402,230.0,3,27.88653534490172,-27.88653534490172,27.88653534490172,0.07411454120198122,0.047374080622535446,0.12148862182451667,22.322205512541757,15.47545000812229,0.0,0.2626159121144518,1.4753050804138184,42.64387412044079,4.846658766269684,worst_uncertainty_stratified_mhz
1101,230.0,3,27.414825365103532,-27.414825365103532,27.414825365103532,0.1858194391426813,0.14505277623486498,0.3308722153775463,21.499768211038557,15.777501613340954,0.0,1.1655146457802479,2.698535442352295,37.96997168816432,4.349020808935165,worst_uncertainty_stratified_mhz
896,230.0,3,27.030716299009683,-27.030716299009683,27.030716299009683,0.1381330594195819,0.07061275399933697,0.20874581341891887,22.266484613187345,12.961253089007334,0.0,0.2527343628327934,1.3030929565429688,42.724407544166134,6.5984044671058655,worst_uncertainty_stratified_mhz
1067,250.0,3,31.932185169828468,-31.932185169828468,31.932185169828468,0.75041230702612,0.455169625944695,1.205581932970815,26.940264498736553,10.698955561544174,0.0,2.960915899537838,5.208148956298828,42.7505482420986,10.315072774887085,worst_uncertainty_stratified_mhz
559,250.0,3,30.316786653666135,-30.316786653666135,30.316786653666135,0.2641794437640653,0.31105869326832414,0.5752381370323895,26.194100800239184,10.024787909093996,0.0,2.6057223478905485,4.76987361907959,42.40688328561768,10.408459424972534,worst_uncertainty_stratified_mhz
1160,250.0,3,29.85603979409695,-29.85603979409695,29.85603979409695,0.4333855412169397,0.6014204977236202,1.0348060389405598,26.177077161613404,7.3962222000455276,0.0,7.229082878550425,9.06051778793335,28.83547077819261,12.115863382816315,worst_uncertainty_stratified_mhz
488,250.0,3,29.41575914273567,-29.41575914273567,29.41575914273567,0.18413072936827443,0.22311073423017191,0.4072414635984464,25.4798340344373,9.992213954665065,0.0,1.6473275834964056,4.086957931518555,43.57805497036323,10.215960264205933,worst_uncertainty_stratified_mhz
1171,250.0,3,28.98934963482008,-28.98934963482008,28.98934963482008,0.07700938246393739,0.06991047255842726,0.14691985502236465,23.22579020926329,15.933668342352412,0.0,0.7168467899632418,2.2256927490234375,42.79219408957666,5.310840725898743,worst_uncertainty_stratified_mhz
1320,250.0,3,28.3178518269117,-28.3178518269117,28.3178518269117,0.20484535621310881,0.23792953135025208,0.4427748875633609,24.638002457708016,9.161303161134267,0.0,1.6727013276371139,3.5705385208129883,42.360063739328815,10.560076594352722,worst_uncertainty_stratified_mhz
1102,250.0,3,28.252003493438565,-28.252003493438565,28.252003493438565,0.2905044896624418,0.18037118604029664,0.47087567570273847,23.929465459796646,10.943614709703587,0.0,0.6167219576110341,2.7827281951904297,43.84275880918079,9.175454258918762,worst_uncertainty_stratified_mhz
584,250.0,3,27.68984066226562,-27.68984066226562,27.68984066226562,0.08482064483568341,0.21312733835900544,0.29794798319468885,24.106071434881667,9.266856153352204,0.0,3.0685401291843846,4.795921325683594,37.27914128571097,10.323309898376465,worst_uncertainty_stratified_mhz
480,250.0,3,27.657478099901297,-27.657478099901297,27.657478099901297,0.4669119934244555,0.14811124550101804,0.6150232389254735,22.866219902483042,11.866980554068443,0.0,0.5631532395061605,2.148801803588867,42.457331522364896,8.231431186199188,worst_uncertainty_stratified_mhz
1088,250.0,3,27.17908737826923,-27.17908737826923,27.17908737826923,0.18147198920311713,0.06321681738190378,0.2446888065850209,22.788674996033826,11.794265142634057,0.0,0.33156902103919705,2.1220178604125977,42.79219408957666,8.118938386440277,worst_uncertainty_stratified_mhz
136,250.0,3,27.121829764686204,-27.121829764686204,27.121829764686204,0.004469207114802798,0.02806667141343028,0.03253587852823308,21.620932964818852,15.543059628864668,0.0,0.28372693737789856,1.705864667892456,40.96854738698945,4.70713397860527,worst_uncertainty_stratified_mhz
1308,250.0,3,27.11342848238208,-27.11342848238208,27.11342848238208,0.12194214860189549,0.08610494990247253,0.20804709850436803,22.919186212926753,11.325037913187476,0.0,0.5806134241567378,2.6981701850891113,41.97897539245092,8.492146134376526,worst_uncertainty_stratified_mhz
1254,265.0,3,30.0191965053603,-30.0191965053603,30.0191965053603,0.4776728329923636,0.4378872571874812,0.9155600901798449,27.63650278840049,4.09479576667569,0.0,4.082339621676283,5.572573661804199,41.53575267164422,14.876112461090088,worst_uncertainty_stratified_mhz
265,265.0,3,29.005925637288314,-29.005925637288314,29.005925637288314,0.17793175961221339,0.3061258232422774,0.48405758285449074,26.906552827688895,4.527462436923942,0.0,3.1697039185646503,5.022439002990723,42.451258815257766,14.496503233909607,worst_uncertainty_stratified_mhz
1413,265.0,3,28.602581115608647,-28.602581115608647,28.602581115608647,0.10640239160868985,0.4441662081867705,0.5505685997954604,26.329086780058617,4.832653649303562,0.0,3.221046690146011,5.088610649108887,41.127469530716326,14.245244264602661,worst_uncertainty_stratified_mhz
1375,265.0,3,27.854045559721833,-27.854045559721833,27.854045559721833,0.6649128820982345,0.5026041073797705,1.1675169894780049,24.853579460870645,5.128386360714576,0.0,4.4969607566994085,5.331612586975098,35.381624821367375,13.946246027946472,worst_uncertainty_stratified_mhz
1147,265.0,3,27.462952739980178,-27.462952739980178,27.462952739980178,0.29185689705909407,0.11690739300549814,0.4087642900645922,24.767492669272244,6.477787810562683,0.0,1.0092100562255268,3.320977210998535,44.1955880150949,12.899230241775513,worst_uncertainty_stratified_mhz
166,265.0,3,27.073333505755077,-27.073333505755077,27.073333505755077,0.36538802558814615,0.4210419272086348,0.786429952796781,25.210472059747023,2.995997679139654,0.0,2.925844756819288,4.455743789672852,40.11351081618262,15.36443042755127,worst_uncertainty_stratified_mhz
805,265.0,3,26.949420611640022,-26.949420611640022,26.949420611640022,0.8700788125894316,0.5536989585955409,1.4237777711849726,24.404291750148722,3.135506606496406,0.0,2.131763807977677,3.6773195266723633,40.86773635766973,15.257373809814453,worst_uncertainty_stratified_mhz
429,265.0,3,26.453444017726838,-26.453444017726838,26.453444017726838,1.1030342641556046,0.5010432286099638,1.6040774927655683,23.058583509562727,5.042591025156979,0.0,2.0452199449791806,4.059636116027832,37.96709101313926,13.816888332366943,worst_uncertainty_stratified_mhz
804,265.0,3,26.092940422207743,-26.092940422207743,26.092940422207743,1.0491485342967608,0.4058706923371142,1.455019226633875,23.734056269560472,2.5273779627140196,0.0,1.4519536659692562,4.0441484451293945,40.52005676205304,15.622477769851685,worst_uncertainty_stratified_mhz
1405,265.0,3,26.014963707308674,-26.014963707308674,26.014963707308674,0.24905101274162356,0.1329419593920643,0.3819929721336879,22.77809601370994,8.136076381095444,0.0,0.1066740574015057,1.1472558975219727,44.1955880150949,11.265538215637207,worst_uncertainty_stratified_mhz
732,265.0,3,25.677878376730146,-25.677878376730146,25.677878376730146,0.3642767102142286,0.5379644189829728,0.9022411291972013,23.620813246754608,3.215083596197104,0.0,3.1800830137951834,5.329781532287598,35.55167893363125,15.089645385742188,worst_uncertainty_stratified_mhz
34,270.0,3,34.96340078910991,-34.96340078910991,34.96340078910991,0.23503018662811556,0.5218279835830206,0.7568581702111362,28.79026499348779,15.292702192473984,0.0,4.721668744291264,6.6358747482299805,41.50131775016307,8.510406017303467,worst_uncertainty_stratified_mhz
980,270.0,3,32.203394513562166,-32.203394513562166,32.203394513562166,0.034778844670137116,0.11993870368636382,0.15471754835650092,25.593678732054236,18.237590661603587,0.0,2.206060082693323,4.4823596477508545,42.29287765097097,5.16860419511795,worst_uncertainty_stratified_mhz
1538,270.0,3,31.9152839068877,-31.9152839068877,31.9152839068877,0.12154165219990169,0.5157643160874446,0.6373059682873462,27.119547001394654,11.750096138608141,0.0,3.480467314634577,5.731874942779541,41.54628443074061,10.161826074123383,worst_uncertainty_stratified_mhz
180,270.0,3,31.72203483327386,-31.72203483327386,31.72203483327386,0.02705696883131842,0.08349925682802108,0.1105562256593395,25.162723370687566,18.238328909277925,0.0,1.661466242787565,4.265856981277466,42.736657274522535,4.9318044781684875,worst_uncertainty_stratified_mhz
378,270.0,3,31.504969677797106,-31.504969677797106,31.504969677797106,0.1763621591776854,0.10208525857093964,0.278447417748625,25.24608015117609,16.91596466703121,0.0,2.0383011091492307,5.004886150360107,41.410671933693614,5.963174939155579,worst_uncertainty_stratified_mhz
127,270.0,3,30.821666990096197,-30.821666990096197,30.821666990096197,0.22266847304636786,0.31298620484703155,0.5356546778933994,25.235936200534454,14.284831630008739,0.0,2.511691284002268,5.178502559661865,40.269987273402506,7.863601922988892,worst_uncertainty_stratified_mhz
1127,270.0,3,30.080929375359908,-30.080929375359908,30.080929375359908,0.18367351963176368,0.16184269045314886,0.3455162100849125,25.43152070971489,12.194372232213734,0.0,1.7742109207756442,4.914921760559082,42.39969781731941,9.285515427589417,worst_uncertainty_stratified_mhz
1537,280.0,3,28.98382382405486,-28.98382382405486,28.98382382405486,0.03854512123246543,0.012072513314218965,0.050617634546684394,22.313932189819923,18.879730413543413,0.0,0.016285358061352895,0.3997056484222412,44.1955880150949,2.8063448667526245,worst_uncertainty_stratified_mhz
463,280.0,3,28.734038711888335,-28.734038711888335,28.734038711888335,0.07890924812198515,0.07648053168265799,0.15538977980464314,23.099595933718447,15.562540403557735,0.0,0.5875311654530151,2.460390567779541,42.56373896875132,5.95781946182251,worst_uncertainty_stratified_mhz
1187,280.0,3,28.443166395257233,-28.443166395257233,28.443166395257233,0.06540890984316601,0.03331240486845861,0.09872131471162462,22.030207448867735,17.89733582532303,0.0,0.4841964120846818,2.2118618488311768,40.88016022473493,3.467415511608124,worst_uncertainty_stratified_mhz
690,280.0,3,28.430869885642714,-28.430869885642714,28.430869885642714,0.11649092351454264,0.1347953176195778,0.25128624113412046,23.333031076429755,13.7550801040073,0.0,0.9374470307910627,3.577737331390381,41.213430759887004,7.49986469745636,worst_uncertainty_stratified_mhz
1143,280.0,3,28.30937903015313,-28.30937903015313,28.30937903015313,0.007503995604888673,0.03303497007174116,0.04053896567662983,21.965236529723683,17.84578664529779,0.0,0.625275677672632,2.1261379718780518,40.55378373222405,3.4333464205265045,worst_uncertainty_stratified_mhz
229,280.0,3,28.30013057650906,-28.30013057650906,28.30013057650906,0.015512399143369186,0.03390028822284365,0.049412687366212835,22.532645077929068,16.225124334205983,0.0,0.6366648942005746,2.537036418914795,41.25492394854219,5.078457057476044,worst_uncertainty_stratified_mhz
668,300.0,3,29.036866993796117,-29.036866993796117,29.036866993796117,0.012255598685658486,0.005197426864668728,0.017453025550327215,22.299402523792033,19.169365640559658,0.0,0.012821771173171292,0.37757349014282227,44.1955880150949,2.6373870074748993,worst_uncertainty_stratified_mhz
1595,300.0,3,28.28622385030311,-28.28622385030311,28.28622385030311,0.0385424638018735,0.051322350945078275,0.08986481474695177,22.240120352353166,16.896972162092695,0.0,0.5960890211328653,2.1397030353546143,41.14835962708599,4.563219487667084,worst_uncertainty_stratified_mhz
1529,300.0,3,28.07090234062258,-28.07090234062258,28.07090234062258,0.011955160806947952,0.022498611462871316,0.03445377226981927,21.754226726258207,17.846651790299703,0.0,0.2380803597196426,1.493342638015747,41.53895009506138,3.3984695076942444,worst_uncertainty_stratified_mhz
1145,300.0,3,27.69263008956012,-27.69263008956012,27.69263008956012,0.012199334724924208,0.017215475811723415,0.029414810536647622,21.602730783140707,17.215152232080253,0.0,0.2906839417216309,1.7378184795379639,40.88627520330019,3.831243008375168,worst_uncertainty_stratified_mhz
115,300.0,3,25.55550774473508,-25.55550774473508,25.55550774473508,0.0673172779880239,0.025438493579093217,0.09275577156711712,20.01448429384044,15.481094196033435,0.0,0.2655831493890153,1.5278306007385254,37.96997168816432,4.311130911111832,worst_uncertainty_stratified_mhz
734,300.0,3,25.24292204410748,-25.24292204410748,25.24292204410748,0.03616030946375718,0.013770967004555282,0.04993127646831246,19.67934419646232,15.6962238058706,0.0,0.0934118022001229,0.894097089767456,38.27776769875694,3.8264946937561035,worst_uncertainty_stratified_mhz
1982,120.0,4,107.91626197815569,-107.91626197815569,107.91626197815569,2.212857556509929,9.20957959153297,11.4224371480429,96.25583190908881,0.0,0.0,68.09467167826952,25.820783615112305,30.501536846526275,8.668272078037262,worst_uncertainty_stratified_mhz
3102,120.0,4,98.10259942694842,-98.10259942694842,98.10259942694842,2.2363818346361906,6.199322704008314,8.435704538644504,89.49338500855875,0.0,0.0,63.4590464288957,22.368350982666016,29.70032617666008,11.477903544902802,worst_uncertainty_stratified_mhz
2006,120.0,4,63.282654475447515,-63.282654475447515,63.282654475447515,0.3239991339429324,4.333513503913037,4.657512637855969,56.217726542140554,6.349710751452207,0.0,32.21873958250046,17.496437072753906,30.501536846526275,7.669794797897339,worst_uncertainty_stratified_mhz
2338,150.0,4,26.92115994795779,-26.92115994795779,26.92115994795779,0.004468307810301883,0.005421928913796474,0.009890236724098358,21.949920642100704,14.120074553667756,0.0,0.08519364106695004,0.9372599124908447,42.79219408957666,3.7763270437717438,worst_uncertainty_stratified_mhz
2389,150.0,4,25.721491063133886,-25.721491063133886,25.721491063133886,0.006225784727997674,0.005311847190164093,0.011537631918161768,21.71662346301094,11.382918595048832,0.0,0.03508645011347866,0.5708799362182617,42.79219408957666,5.030740201473236,worst_uncertainty_stratified_mhz
2169,150.0,4,23.46472108988579,-23.46472108988579,23.46472108988579,0.003253258980304876,0.010831525187593246,0.014084784167898122,19.688929461476853,10.709553996501889,0.0,0.06650168166370563,0.9703536033630371,38.27450195626326,4.824520170688629,worst_uncertainty_stratified_mhz
2969,150.0,4,23.235351274163772,-23.235351274163772,23.235351274163772,0.011282224467380619,0.018017221629527937,0.029299446096908557,19.484463319506276,10.576060180958047,0.0,0.14962492665261706,1.0839414596557617,37.585735326051555,4.843055903911591,worst_uncertainty_stratified_mhz
2508,155.0,4,26.071683916205465,-26.071683916205465,26.071683916205465,0.004907153553974774,0.009072437664770689,0.013979591218745462,22.41780477641842,10.357627612786466,0.0,0.12029728172779741,1.1066904067993164,43.48832458258193,5.886655032634735,worst_uncertainty_stratified_mhz
2067,155.0,4,25.335499434876326,-25.335499434876326,25.335499434876326,0.02621655098200383,0.01591707910294558,0.042133630084949414,22.036578346983212,9.28552280646801,0.0,0.030167313756546577,0.5020475387573242,43.51077452769601,6.334817349910736,worst_uncertainty_stratified_mhz
2463,155.0,4,24.32748429873,-24.32748429873,24.32748429873,0.029637586639558244,0.021494283763260274,0.05113187040281852,21.325458987865588,8.39728749130662,0.0,0.09890755945222907,1.159186840057373,41.293916016769344,6.638954281806946,worst_uncertainty_stratified_mhz
2622,155.0,4,23.600706760928613,-23.600706760928613,23.600706760928613,0.019629903012095468,0.009052606775042812,0.02868250978713828,20.256735083400407,9.413340150425553,0.0,0.23387567059165448,1.771216869354248,38.27450195626326,5.863290965557098,worst_uncertainty_stratified_mhz
2792,155.0,4,22.71042664810295,-22.71042664810295,22.71042664810295,0.015360682829121166,0.019741412331971332,0.0351020951610925,20.017970142390205,7.5502600228084225,0.0,0.16210434759292625,1.4372296333312988,38.27450195626326,6.817903935909271,worst_uncertainty_stratified_mhz
2950,155.0,4,22.614878124948067,-22.614878124948067,22.614878124948067,0.02049073213438243,0.014446854149704546,0.034937586284086976,19.457600201460743,8.861832186041974,0.0,0.24402777115436436,1.675656795501709,36.75148806511105,5.966350436210632,worst_uncertainty_stratified_mhz
3116,155.0,4,21.83158292266052,-21.83158292266052,21.83158292266052,0.015360838280241882,0.028000212286713164,0.043361050566955044,19.030364724695566,7.838833466324778,0.0,0.13510515234666798,1.2522258758544922,36.538293268843304,6.4415587186813354,worst_uncertainty_stratified_mhz
2302,155.0,4,20.870689839062237,-20.870689839062237,20.870689839062237,0.014991997365964406,0.014001107072457322,0.028993104438421728,18.05887882085569,7.905683567517919,0.0,0.15197343964672072,1.127718448638916,34.68609231377902,6.157147586345673,worst_uncertainty_stratified_mhz
3175,170.0,4,24.922497211589224,-24.922497211589224,24.922497211589224,0.012229664668214848,0.010567669558502118,0.022797334226716967,20.65588361024012,12.092815340896356,0.0,0.05082164105621345,0.6499834060668945,40.56014053230092,4.97393411397934,worst_uncertainty_stratified_mhz
2790,170.0,4,23.53521653734961,-23.53521653734961,23.53521653734961,0.0157652832428651,0.00825504418454037,0.024020327427405473,18.976350165892498,12.899187267203986,0.0,0.09622376143450762,1.0087647438049316,36.75148806511105,3.852357655763626,worst_uncertainty_stratified_mhz
2125,170.0,4,20.819521155458546,-20.819521155458546,20.819521155458546,0.0377691442825557,0.08143208911155063,0.11920123339410632,17.24645495865559,9.784126673020696,0.0,0.3798890158913082,2.2331318855285645,31.5,5.237408399581909,worst_uncertainty_stratified_mhz
2734,180.0,4,27.527435965366806,-27.527435965366806,27.527435965366806,0.0033855270661004478,0.007929997512898114,0.011315524578998561,22.52752974971648,14.21822786753253,0.0,0.05182751234114846,0.7558164596557617,44.1955880150949,4.660915017127991,worst_uncertainty_stratified_mhz
1672,180.0,4,27.442584467906812,-27.442584467906812,27.442584467906812,0.011333624013888604,0.013088587783219217,0.024422211797107823,22.27846424402741,14.637530233561584,0.0,0.08272406346187822,0.8807058334350586,43.51077452769601,4.3414207100868225,worst_uncertainty_stratified_mhz
2796,180.0,4,26.187486639845666,-26.187486639845666,26.187486639845666,0.015095126310578114,0.03536587983049823,0.05046100614107634,22.115652127308106,11.446028194165448,0.0,0.1389257337648928,1.1612586975097656,42.79219408957666,6.104825973510742,worst_uncertainty_stratified_mhz
1813,180.0,4,26.182945866430657,-26.182945866430657,26.182945866430657,0.024835952810378828,0.03520072037437139,0.06003667318475022,22.224462195414358,11.089209331790858,0.0,0.19089514368327798,1.274940013885498,42.79219408957666,6.341765761375427,worst_uncertainty_stratified_mhz
2351,200.0,4,28.321995406460495,-28.321995406460495,28.321995406460495,0.010425741157606238,0.016903526382251847,0.027329267539858086,22.820631278375615,15.585334220428042,0.0,0.11352199468222945,1.2186305522918701,44.1955880150949,4.394463449716568,worst_uncertainty_stratified_mhz
2175,200.0,4,25.42648228365874,-25.42648228365874,25.42648228365874,0.03600245526402205,0.03609316656422486,0.07209562182824691,21.1329840723059,12.030533534721956,0.0,0.06558372116304767,0.8408846855163574,41.293916016769344,5.974634110927582,worst_uncertainty_stratified_mhz
2514,200.0,4,24.861065382990205,-24.861065382990205,24.861065382990205,0.01657505277489742,0.035146536098502115,0.05172158887339953,20.31038015155469,12.77929200218618,0.0,0.2915781461250866,1.7631020545959473,38.27450195626326,5.150229513645172,worst_uncertainty_stratified_mhz
2382,200.0,4,24.34313365399238,-24.34313365399238,24.34313365399238,0.03069809368585505,0.03286934734335438,0.06356744102920943,20.10736540356573,11.864008363820096,0.0,0.20312328697584903,1.533982276916504,38.27450195626326,5.691164433956146,worst_uncertainty_stratified_mhz
2087,200.0,4,20.64849786922856,-20.64849786922856,20.64849786922856,0.16884382917989071,0.07904375446707246,0.24788758364696317,16.873404799625362,9.977506896170848,0.0,0.6564628607399037,2.73355770111084,29.70032617666008,5.7744333148002625,worst_uncertainty_stratified_mhz
2926,200.0,4,20.105830059780992,-20.105830059780992,20.105830059780992,0.063523481624449,0.04714113229357788,0.11066461391802687,16.63457612026394,9.544240734641184,0.0,0.22849229801357396,1.3121676445007324,31.5,5.943882763385773,worst_uncertainty_stratified_mhz
2755,200.0,4,19.97558102897377,-19.97558102897377,19.97558102897377,0.15283303427028164,0.027154234254382095,0.17998726852466373,15.955016226695346,10.913227912435124,0.0,0.14079989487571254,1.1286888122558594,30.499743851383407,4.478200078010559,worst_uncertainty_stratified_mhz
2138,200.0,4,19.880424802762853,-19.880424802762853,19.880424802762853,0.014610334736166247,0.01751880038164996,0.032129135117816204,15.892810087135029,11.245017353761316,0.0,0.10304119641646992,1.079793930053711,30.499743851383407,4.06751561164856,worst_uncertainty_stratified_mhz
3114,230.0,4,28.780455973048202,-28.780455973048202,28.780455973048202,0.008300204543123265,0.014168438461727387,0.02246864300485065,21.963074320540155,19.368078400494188,0.0,0.01437894168665732,0.38661623001098633,43.51077452769601,1.8636614978313446,worst_uncertainty_stratified_mhz
2882,230.0,4,28.26149849047158,-28.26149849047158,28.26149849047158,0.028206452591989378,0.006966268930106978,0.035172721522096356,21.685988196895398,18.638695967168708,0.0,0.022236494743174795,0.5353093147277832,42.79219408957666,2.219828635454178,worst_uncertainty_stratified_mhz
2693,230.0,4,27.974523565085942,-27.974523565085942,27.974523565085942,0.03729031962537025,0.010371098487791323,0.047661418113161574,21.809721112492202,17.426254414561505,0.0,0.05170549909272548,0.72383713722229,42.79219408957666,3.1666188538074493,worst_uncertainty_stratified_mhz
2475,230.0,4,27.949146199695974,-27.949146199695974,27.949146199695974,0.05842824501329819,0.06038577555577449,0.11881402056907268,22.085333723076353,16.29444338247591,0.0,0.48839605179647716,1.8999593257904053,41.293916016769344,4.165467709302902,worst_uncertainty_stratified_mhz
2994,230.0,4,27.394766974089997,-27.394766974089997,27.394766974089997,0.10343434162777214,0.08163140897716167,0.1850657506049338,21.708161290504474,15.614512138695135,0.0,0.4275984515695903,2.0009851455688477,40.56014053230092,4.483666002750397,worst_uncertainty_stratified_mhz
2236,230.0,4,27.35542557292618,-27.35542557292618,27.35542557292618,0.02612734669316413,0.06384352561527827,0.0899708723084424,22.14469010827446,14.529083455237021,0.0,0.5934528022527843,2.5423340797424316,40.56014053230092,5.41204571723938,worst_uncertainty_stratified_mhz
2917,230.0,4,27.158419112090943,-27.158419112090943,27.158419112090943,0.03843191813416207,0.04834884268298542,0.0867807608171475,21.940581884618446,14.618901415059938,0.0,0.09173320332498847,0.9055032730102539,42.79219408957666,5.243326246738434,worst_uncertainty_stratified_mhz
2127,230.0,4,26.72932548030748,-26.72932548030748,26.72932548030748,0.14548703947364003,0.017757780912346786,0.1632448203859868,20.312155609101197,17.776604484733063,0.0,0.07093227037301642,0.7442408800125122,39.73820579744385,2.0733592212200165,worst_uncertainty_stratified_mhz
2107,250.0,4,29.380138329302795,-29.380138329302795,29.380138329302795,0.03587586943770668,0.032287187882422456,0.06816305732012914,22.647149535692776,18.974740151573695,0.0,0.06788232067157196,0.9629464149475098,44.1955880150949,2.7522060871124268,worst_uncertainty_stratified_mhz
2450,250.0,4,28.676938194264036,-28.676938194264036,28.676938194264036,0.03388873311485402,0.016853095733483134,0.05074182884833715,22.416176979480436,17.648456040042465,0.0,0.22472997913332815,1.5906999111175537,42.79219408957666,3.5848473012447357,worst_uncertainty_stratified_mhz
2080,250.0,4,28.549225389304485,-28.549225389304485,28.549225389304485,0.034766289992962676,0.04642552030516296,0.08119181029812564,22.767593718160622,16.192447164154864,0.0,0.4136972387104265,1.9155988693237305,42.79219408957666,4.860397577285767,worst_uncertainty_stratified_mhz
2214,250.0,4,28.098174835357888,-28.098174835357888,28.098174835357888,0.010574344424376209,0.003394114701887959,0.013968459126264168,21.603816359009354,18.47880128647003,0.0,0.015406954411147922,0.384624719619751,42.79219408957666,2.422500967979431,worst_uncertainty_stratified_mhz
2491,250.0,4,27.606104533112788,-27.606104533112788,27.606104533112788,0.6421080372982875,0.38014158632938355,1.022249623627671,23.508310423442257,8.702126782981754,0.0,1.6373644158337441,4.087328910827637,39.65456310438939,10.734820485115051,worst_uncertainty_stratified_mhz
2159,250.0,4,27.579024756284348,-27.579024756284348,27.579024756284348,0.20273845048895825,0.13776853815089835,0.3405069886398566,22.114380304655302,14.551567280747697,0.0,0.5322138800441074,2.5320258140563965,40.632307035165994,5.866479337215424,worst_uncertainty_stratified_mhz
1699,250.0,4,27.157233838252406,-27.157233838252406,27.157233838252406,0.14749259487293173,0.05929897595779106,0.2067915708307228,23.249765610162136,10.505433338859627,0.0,0.7633250804682206,2.831192970275879,42.14168808911195,9.187015652656555,worst_uncertainty_stratified_mhz
1900,250.0,4,26.716329074282708,-26.716329074282708,26.716329074282708,0.02112591006935759,0.019655596986223454,0.04078150705558105,21.35367847577627,15.143617614752342,0.0,0.17704720377545513,1.3212628364562988,41.03199970754533,4.869360864162445,worst_uncertainty_stratified_mhz
2487,250.0,4,25.884966665762107,-25.884966665762107,25.884966665762107,0.014242301163232612,0.022855746196949682,0.037098047360182296,20.55672954317459,15.025784876464865,0.0,0.3362335260567555,2.166490077972412,38.27450195626326,4.513995587825775,worst_uncertainty_stratified_mhz
2430,250.0,4,25.278175841448135,-25.278175841448135,25.278175841448135,0.016966475891267114,0.0119739470138213,0.028940422905088414,19.62077858349159,16.043796967555416,0.0,0.025819988547667094,0.5345892906188965,38.65532789926895,3.060010313987732,worst_uncertainty_stratified_mhz
2480,250.0,4,25.15889792901784,-25.15889792901784,25.15889792901784,0.3591391941787592,0.3452199466721986,0.7043591408509577,22.27353274114161,6.1778301472570565,0.0,0.8330124052172323,2.9445676803588867,39.93647299148987,12.159219741821289,worst_uncertainty_stratified_mhz
1963,250.0,4,24.55621753642568,-24.55621753642568,24.55621753642568,0.09574888688811208,0.2399222010347611,0.3356710879228732,21.129208126032182,8.692881315990114,0.0,3.74491485444943,5.730895519256592,29.03769102390891,9.907760202884674,worst_uncertainty_stratified_mhz
2166,265.0,4,28.974746571129863,-28.974746571129863,28.974746571129863,0.3298278277968521,0.4740727713875174,0.8039005991843695,26.376485586009267,5.039473850530163,0.0,2.9878176852950986,5.007879257202148,41.76945654422619,14.147623419761658,worst_uncertainty_stratified_mhz
1782,265.0,4,27.268676528811607,-27.268676528811607,27.268676528811607,0.48976480771611614,0.3325018240211137,0.8222666317372298,25.300500520359773,3.2035962523710357,0.0,2.256925893166681,4.810074806213379,41.277074448172804,15.235952377319336,worst_uncertainty_stratified_mhz
2322,265.0,4,26.267299112211866,-26.267299112211866,26.267299112211866,0.36938895488836915,0.24279055634744684,0.6121795112358159,24.497717040359653,3.2417943523829442,0.0,1.898162703487273,3.871908187866211,41.32720048587855,15.123669028282166,worst_uncertainty_stratified_mhz
2186,265.0,4,25.569071606611217,-25.569071606611217,25.569071606611217,0.1973429760077903,0.4493287155640292,0.6466716915718195,23.86437882759485,2.953075065838307,0.0,2.2303314808359573,3.755636215209961,39.51245847830783,15.273478984832764,worst_uncertainty_stratified_mhz
2554,265.0,4,25.53831049968108,-25.53831049968108,25.53831049968108,0.40309303278846814,0.25519307902661664,0.6582861118150848,23.775562264117763,3.092175908727203,0.0,1.8142635413926058,4.123885154724121,39.79871229072619,15.167931199073792,worst_uncertainty_stratified_mhz
2939,265.0,4,25.473278813672746,-25.473278813672746,25.473278813672746,0.17650325712823114,0.4061568255324063,0.5826600826606374,23.749883515725156,3.207660853390123,0.0,1.1853306994423605,3.287327766418457,41.84177786614713,15.076076865196228,worst_uncertainty_stratified_mhz
2655,265.0,4,25.324662766467185,-25.324662766467185,25.324662766467185,0.04413336550251049,0.12132324426423188,0.16545660976674237,23.42798943489569,4.875046981540931,0.0,1.891166084327537,4.799144744873047,38.27450195626326,13.779372811317444,worst_uncertainty_stratified_mhz
2123,265.0,4,23.988743636446433,-23.988743636446433,23.988743636446433,0.3564221067906117,0.26548166936791384,0.6219037761585255,22.319933688163385,2.935453798232852,0.0,1.394842426034515,3.250473976135254,38.599708548122486,15.143531203269958,worst_uncertainty_stratified_mhz
2354,265.0,4,23.712690779849737,-23.712690779849737,23.712690779849737,0.8459977262554599,0.26418399490750605,1.1101817211629659,21.717349262197956,2.4807928317425567,0.0,1.0924429600603958,3.533146858215332,37.71666574605979,15.47774338722229,worst_uncertainty_stratified_mhz
1738,265.0,4,23.711744820775138,-23.711744820775138,23.711744820775138,0.2696281917953455,0.1841585348697091,0.4537867266650546,21.3784435604157,5.345008615868539,0.0,0.211230060707976,1.3024272918701172,41.03199970754533,13.114100456237793,worst_uncertainty_stratified_mhz
2573,265.0,4,23.185856349612433,-23.185856349612433,23.185856349612433,0.2806555608693967,0.20054763958570543,0.4812032004551021,20.638980530161202,5.867542173344348,0.0,0.3644247691621416,2.2746095657348633,38.27450195626326,12.542241215705872,worst_uncertainty_stratified_mhz
2041,270.0,4,30.245519246274824,-30.245519246274824,30.245519246274824,0.24381136186384014,0.141606408280982,0.38541777014482215,24.54177476676436,15.057520712736371,0.0,1.8153133365254348,4.141037464141846,41.311885396336,6.98905873298645,worst_uncertainty_stratified_mhz
2193,270.0,4,28.674695512047656,-28.674695512047656,28.674695512047656,0.1175101310996472,0.0431470309929336,0.1606571620925808,23.11590103633669,15.333230463555974,0.0,0.5759446166404949,2.339599609375,42.74031323001739,6.021824896335602,worst_uncertainty_stratified_mhz
2217,270.0,4,28.663863765455222,-28.663863765455222,28.663863765455222,0.08503693370698413,0.04723177033613538,0.13226870404311952,23.229419315967874,15.050245328944486,0.0,0.7545882613533443,3.160384178161621,41.78927793106744,6.278356492519379,worst_uncertainty_stratified_mhz
2644,270.0,4,28.65518396774897,-28.65518396774897,28.65518396774897,0.11152615083671565,0.07157567925906104,0.18310183009577669,23.657924592337224,13.668820052307508,0.0,0.8186096442854272,3.4295544624328613,42.24907543367073,7.522070467472076,worst_uncertainty_stratified_mhz
2766,270.0,4,28.528646088196947,-28.528646088196947,28.528646088196947,0.054789385696930724,0.09733858209607472,0.15212796779300544,24.08780036665632,12.155998018926846,0.0,1.4378211023376224,3.518533229827881,41.781425298809516,8.786242365837097,worst_uncertainty_stratified_mhz
3115,270.0,4,28.382088638754677,-28.382088638754677,28.382088638754677,0.037637471272739566,0.06563976129524551,0.10327723256798507,22.53172224302916,16.303196878078722,0.0,0.657064208238463,2.8036584854125977,40.9456575841688,4.946240603923798,worst_uncertainty_stratified_mhz
2713,270.0,4,27.893239889730943,-27.893239889730943,27.893239889730943,0.14825562547865462,0.04407178799836004,0.19232741347701465,22.720748232822007,14.160903088756877,0.0,0.41264833200744633,2.166229248046875,42.44997055358225,6.73403137922287,worst_uncertainty_stratified_mhz
2311,280.0,4,29.497880111947346,-29.497880111947346,29.497880111947346,0.1569243476127368,0.12568482040047427,0.28260916801321107,24.344804433370907,13.812035548849465,0.0,1.3132959389946421,4.016168117523193,42.04684887122934,7.9025009870529175,worst_uncertainty_stratified_mhz
2967,280.0,4,28.270134886626153,-28.270134886626153,28.270134886626153,0.15055396934107157,0.07768139318957556,0.22823536253064713,22.37828795453152,16.070680327491104,0.0,0.657468216249466,2.3662514686584473,41.07538800790566,5.2146390080451965,worst_uncertainty_stratified_mhz
2282,280.0,4,28.049925940655232,-28.049925940655232,28.049925940655232,0.02950585889784872,0.030961621547392418,0.06046748044524114,21.762781883072574,17.65598838230269,0.0,0.4248228567519554,2.476804256439209,40.19911379620203,3.4609996676445007,worst_uncertainty_stratified_mhz
2733,280.0,4,27.739936809211848,-27.739936809211848,27.739936809211848,0.017809952125160584,0.012190191641276552,0.030000143766437136,21.254663449586957,18.326241465271337,0.0,0.17238969791032743,1.2335842847824097,40.93096321857085,2.526231989264488,worst_uncertainty_stratified_mhz
2724,280.0,4,27.619147616734534,-27.619147616734534,27.619147616734534,0.01683282183307676,0.06545941783740274,0.0822922396704795,22.49667992733101,14.30638214724976,0.0,0.7556601154678901,2.3769912719726562,41.10504835175358,6.597163915634155,worst_uncertainty_stratified_mhz
2216,280.0,4,27.537246610284786,-27.537246610284786,27.537246610284786,0.17837357419968483,0.09717663991112689,0.2755502141108117,21.773428067784643,15.591782455862297,0.0,0.4323151187040821,1.980567455291748,40.70165844286937,5.277877330780029,worst_uncertainty_stratified_mhz
2465,300.0,4,30.099779511254198,-30.099779511254198,30.099779511254198,0.0807398026075176,0.03298635019998231,0.11372615280749993,23.88831101171648,17.32027260474282,0.0,0.551986845172447,2.477060317993164,44.1955880150949,5.210533320903778,worst_uncertainty_stratified_mhz
2632,300.0,4,28.809516309800408,-28.809516309800408,28.809516309800408,0.013689578008485805,0.030576987119164966,0.04426656512765077,22.779630495555395,17.000311552994333,0.0,0.4607902765834808,2.073941469192505,42.56373896875132,4.779015898704529,worst_uncertainty_stratified_mhz
2557,300.0,4,28.449932369086447,-28.449932369086447,28.449932369086447,0.01110241419041584,0.017021782172652995,0.028124196363068836,22.157915190978112,17.824600618742384,0.0,0.13869031400768606,1.1906085014343262,42.84784125250653,3.6824639439582825,worst_uncertainty_stratified_mhz
3168,300.0,4,28.143656106130468,-28.143656106130468,28.143656106130468,0.024891680331518007,0.02559398819851152,0.05048566853002953,22.369339983561744,16.28630725222965,0.0,0.23362092781934507,1.4235968589782715,42.84784125250653,5.11519718170166,worst_uncertainty_stratified_mhz
3028,300.0,4,28.052519659781403,-28.052519659781403,28.052519659781403,0.011373443031631956,0.01074725837440734,0.022120701406039295,21.780311796432912,17.794034973788378,0.0,0.09328899787579914,0.8382151126861572,42.53583048442807,3.4434449076652527,worst_uncertainty_stratified_mhz
2958,300.0,4,27.55873766697178,-27.55873766697178,27.55873766697178,0.03493737946179243,0.023844597596357656,0.05878197705815008,22.02055964321576,15.611634240297874,0.0,0.11245917664398064,1.0240068435668945,42.79219408957666,5.470960021018982,worst_uncertainty_stratified_mhz
4291,120.0,5,87.83890020895406,-87.83890020895406,87.83890020895406,0.370812021423429,4.740288943978367,5.111100965401796,82.56653782404888,0.0,0.0,57.255097414223705,21.44910192489624,29.173778894754104,11.730502307415009,worst_uncertainty_stratified_mhz
3950,120.0,5,84.48696637261331,-84.48696637261331,84.48696637261331,2.3217984889082794,4.228610456608436,6.550408945516716,77.80288149376486,0.0,0.0,55.296350524130865,24.692198276519775,20.320863662748195,13.90705007314682,worst_uncertainty_stratified_mhz
4376,120.0,5,83.56224871001716,-83.56224871001716,83.56224871001716,20.867251580577275,5.104939353139594,25.972190933716867,57.49228306787876,0.0,0.0,46.57987499452792,21.494097232818604,0.33071891388307384,17.450691401958466,worst_uncertainty_stratified_mhz
4144,150.0,5,24.12236270441305,-24.12236270441305,24.12236270441305,0.23983199039542624,0.29346667447523156,0.5332986648706578,18.87604925708667,13.231534342784794,0.0,1.2369959419351408,3.2683424949645996,32.00976413533846,3.391783207654953,worst_uncertainty_stratified_mhz
4416,150.0,5,21.519051323521428,-21.519051323521428,21.519051323521428,0.10243515622021915,0.24932132449709007,0.35175648071730925,16.742378992134498,12.372660878325842,0.0,1.2506745068810892,3.703608751296997,27.279800219209818,2.9590437710285187,worst_uncertainty_stratified_mhz
4070,150.0,5,20.57712779576788,-20.57712779576788,20.57712779576788,0.017836352138940154,0.008555591395456471,0.026391943534396625,16.30371628524857,12.062196315884895,0.0,0.07840178730087555,0.9506289958953857,31.5,2.7722148001194,worst_uncertainty_stratified_mhz
4371,150.0,5,20.25352700810895,-20.25352700810895,20.25352700810895,0.016232866726275785,0.057380312981766705,0.07361317970804249,15.792586622260773,12.370221026482417,0.0,0.29642020237657696,1.7596991062164307,29.23263373355196,2.356910392642021,worst_uncertainty_stratified_mhz
4269,155.0,5,25.144106016186544,-25.144106016186544,25.144106016186544,0.04159075071743195,0.0309399488429771,0.07253069956040906,21.84989478790459,9.149953124282375,0.0,0.23942149161291582,1.8325424194335938,41.38840417314975,6.372204065322876,worst_uncertainty_stratified_mhz
4503,155.0,5,24.59952137586455,-24.59952137586455,24.59952137586455,0.029174021375348715,0.029393511816297003,0.05856753319164572,20.996540663038026,10.031263637813602,0.0,0.5887380033878422,2.5411033630371094,38.27450195626326,5.731041729450226,worst_uncertainty_stratified_mhz
3435,155.0,5,22.987529102909782,-22.987529102909782,22.987529102909782,0.01800172413980789,0.020193255881982293,0.038194980021790184,20.026836383560557,8.303366387237817,0.0,0.17512670143417708,1.428917407989502,38.27450195626326,6.410755932331085,worst_uncertainty_stratified_mhz
4752,155.0,5,22.47295136948472,-22.47295136948472,22.47295136948472,0.004951956357789449,0.009056075919465842,0.014008032277255292,19.61138343205822,8.090418416603836,0.0,0.1674177561082466,1.3021960258483887,37.585735326051555,6.428004443645477,worst_uncertainty_stratified_mhz
4208,155.0,5,22.438077354105708,-22.438077354105708,22.438077354105708,0.008369773063270773,0.009891418860636773,0.018261191923907544,19.61790802081368,7.978855013588919,0.0,0.05841750067460438,0.8444790840148926,38.27450195626326,6.491032063961029,worst_uncertainty_stratified_mhz
3316,155.0,5,22.34699977164327,-22.34699977164327,22.34699977164327,0.026062856163159412,0.026271514241740217,0.05233437040489963,19.306449592052203,8.503838149855094,0.0,0.08479684334832527,0.8575701713562012,37.585735326051555,6.131817996501923,worst_uncertainty_stratified_mhz
4115,155.0,5,22.04835689437912,-22.04835689437912,22.04835689437912,0.007551756154499382,0.00719026393288213,0.014742020087381512,19.16374697844623,8.173494713021007,0.0,0.05267250246071953,0.8709859848022461,37.351162967168776,6.274228394031525,worst_uncertainty_stratified_mhz
3615,155.0,5,22.025097823167474,-22.025097823167474,22.025097823167474,0.03907641234396249,0.022565438084607512,0.06164185042857,19.48013080754799,6.9525498238839765,0.0,1.9835564492238404,4.493404865264893,30.499743851383407,7.051426887512207,worst_uncertainty_stratified_mhz
3804,170.0,5,23.770056012347915,-23.770056012347915,23.770056012347915,0.01582940368003051,0.024883611187913886,0.040713014867944396,19.280870842170827,12.626505031070694,0.0,0.23596653734664752,1.5515153408050537,36.538293268843304,4.159593313932419,worst_uncertainty_stratified_mhz
3407,170.0,5,19.418161287261714,-19.418161287261714,19.418161287261714,0.08110704543808349,0.04946256187854797,0.13056960731663148,16.078022942382283,9.115559174987343,0.0,0.16103818938955428,1.3342256546020508,30.499743851383407,5.246236026287079,worst_uncertainty_stratified_mhz
3939,170.0,5,18.558896256003717,-18.558896256003717,18.558896256003717,0.006914114016920783,0.006950455372989933,0.013864569389910715,14.996149186290738,10.101385364754963,0.0,0.04417066981077866,0.671323299407959,29.23263373355196,3.921744167804718,worst_uncertainty_stratified_mhz
4022,180.0,5,28.392781094057412,-28.392781094057412,28.392781094057412,0.024301639143920358,0.01909948239206985,0.04340112153599021,22.610157617815453,16.343619440345922,0.0,0.07127552986181396,0.8821761608123779,44.1955880150949,3.5210632979869843,worst_uncertainty_stratified_mhz
3530,180.0,5,28.045038399585444,-28.045038399585444,28.045038399585444,0.005966732564118574,0.0043355267202486855,0.01030225928436726,22.273102053680564,16.408059411575103,0.0,0.06293443707221424,0.9320106506347656,43.48832458258193,3.3336451947689056,worst_uncertainty_stratified_mhz
4020,180.0,5,27.49226644231555,-27.49226644231555,27.49226644231555,0.02000048031064167,0.014052264252509383,0.03405274456315105,22.14913806700623,15.102326078338818,0.0,0.14097749511066127,1.2241270542144775,42.79219408957666,4.035312056541443,worst_uncertainty_stratified_mhz
4620,180.0,5,25.978730308230613,-25.978730308230613,25.978730308230613,0.061136377678503995,0.04801239143687276,0.10914876911537676,21.694986399440072,11.847763393191075,0.0,0.4137864760648391,1.9300928115844727,40.632307035165994,5.768558323383331,worst_uncertainty_stratified_mhz
4594,200.0,5,29.60439313685466,-29.60439313685466,29.60439313685466,0.21668817327253634,0.07330528319747952,0.28999345647001584,25.111959696029377,11.89781541266764,0.0,1.260251480941772,3.5943541526794434,44.10906227749577,7.346036374568939,worst_uncertainty_stratified_mhz
3814,200.0,5,28.5169672807751,-28.5169672807751,28.5169672807751,0.028227739752253084,0.04856428541467473,0.07679202516692782,23.41966417823827,14.244103294803772,0.0,0.5839318566555072,2.879270553588867,42.79219408957666,5.446585834026337,worst_uncertainty_stratified_mhz
3402,200.0,5,28.28691080857723,-28.28691080857723,28.28691080857723,0.08489914246945605,0.07527278403684501,0.16017192650630108,23.165690003526215,14.078687076211125,0.0,0.5400366366401066,2.4591126441955566,42.79219408957666,5.482743203639984,worst_uncertainty_stratified_mhz
4383,200.0,5,27.00583023165237,-27.00583023165237,27.00583023165237,0.06208161392981256,0.05494480633868833,0.1170264202685009,22.197257326929144,13.352844060137292,0.0,0.16051620865448513,1.2812881469726562,42.79219408957666,5.548769235610962,worst_uncertainty_stratified_mhz
4729,200.0,5,26.922199477422332,-26.922199477422332,26.922199477422332,0.043418072836497394,0.04648064137932792,0.08989871421582532,22.085317107359778,13.516922325180543,0.0,0.12009488709537308,1.1382503509521484,42.79219408957666,5.39428585767746,worst_uncertainty_stratified_mhz
4467,200.0,5,26.81937078229533,-26.81937078229533,26.81937078229533,0.052188396065312524,0.01802057964651194,0.07020897571182447,22.102191909206518,13.231490940339057,0.0,0.1262861524125718,1.1596174240112305,42.79219408957666,5.570700228214264,worst_uncertainty_stratified_mhz
3633,200.0,5,24.944680056970764,-24.944680056970764,24.944680056970764,0.0312587346609687,0.042245066709587845,0.07350380137055654,20.77478793903718,11.622522837997643,0.0,0.48650475150918737,2.3020644187927246,38.27450195626326,6.117269039154053,worst_uncertainty_stratified_mhz
4699,200.0,5,24.778046343482526,-24.778046343482526,24.778046343482526,0.02994267422319381,0.02160091862166565,0.05154359284485946,20.24696053105775,12.728403382219245,0.0,0.25752907196908836,1.7043609619140625,38.27450195626326,5.157031059265137,worst_uncertainty_stratified_mhz
4684,230.0,5,34.34779962827193,-34.34779962827193,34.34779962827193,0.2768112068823533,0.18072777243620217,0.45753897931855547,27.097765471770405,19.168301735870692,0.0,2.545487322602707,5.438923358917236,43.66563293941816,4.771702826023102,worst_uncertainty_stratified_mhz
3666,230.0,5,28.870519570685325,-28.870519570685325,28.870519570685325,0.06648146588322708,0.10416815570107463,0.1706496215843017,23.256793789534616,15.448218743266294,0.0,0.5931304214659496,2.535132646560669,42.79219408957666,5.318771630525589,worst_uncertainty_stratified_mhz
4079,230.0,5,28.46934317247046,-28.46934317247046,28.46934317247046,0.021311403939563062,0.05305484996985403,0.07436625390941709,22.68705808453564,16.21329493870638,0.0,0.3577996618405086,1.8663227558135986,42.79219408957666,4.495360642671585,worst_uncertainty_stratified_mhz
4389,230.0,5,28.288956140294403,-28.288956140294403,28.288956140294403,0.024494325584477034,0.010136741973789488,0.03463106755826652,21.745145753349146,18.53617977212746,0.0,0.04027650225435764,0.617544412612915,42.79219408957666,2.3318268060684204,worst_uncertainty_stratified_mhz
3867,230.0,5,27.197518660158906,-27.197518660158906,27.197518660158906,0.05698679555488087,0.10819631631181166,0.16518311186669254,22.171396437076968,13.793506560356013,0.0,0.6288401599419693,2.452805519104004,40.632307035165994,5.969219267368317,worst_uncertainty_stratified_mhz
3629,230.0,5,27.164156794248548,-27.164156794248548,27.164156794248548,0.03286586858136582,0.041850559006000765,0.07471642758736659,21.76884716427331,15.138382250661406,0.0,0.1802836164326571,1.2433996200561523,41.933727475625155,4.7902684807777405,worst_uncertainty_stratified_mhz
3784,230.0,5,26.992312014261167,-26.992312014261167,26.992312014261167,0.1211198230831985,0.13740097920876262,0.2585208022919611,21.457288554645853,14.91990914125166,0.0,1.1421633172755037,3.5654845237731934,37.064765950967505,4.899289608001709,worst_uncertainty_stratified_mhz
3511,230.0,5,26.379614070423855,-26.379614070423855,26.379614070423855,0.022185718950536466,0.10164484679572935,0.12383056574626582,20.988843309760433,14.9886637802533,0.0,0.14334618713593272,1.0586872100830078,40.632307035165994,4.527132987976074,worst_uncertainty_stratified_mhz
3903,250.0,5,31.454457396997746,-31.454457396997746,31.454457396997746,0.14039674316683812,0.25147646109770216,0.3918732042645403,27.05732509411894,11.322022299552135,0.0,2.770100836268,5.844372749328613,42.73007576637327,9.778562784194946,worst_uncertainty_stratified_mhz
4251,250.0,5,29.50959921864863,-29.50959921864863,29.50959921864863,0.21439449022136617,0.22634469431519985,0.440739184536566,24.21929276942726,13.7524119382022,0.0,1.1395091648188007,3.548865795135498,42.61070141408142,7.367386758327484,worst_uncertainty_stratified_mhz
3508,250.0,5,28.899127986113182,-28.899127986113182,28.899127986113182,0.004599335500829762,0.005249438820542909,0.009848774321372671,22.553426081223478,18.048206178584916,0.0,0.06423090199176329,0.7828023433685303,44.1955880150949,3.3380563259124756,worst_uncertainty_stratified_mhz
3542,250.0,5,28.567197191524674,-28.567197191524674,28.567197191524674,0.0012760446178869216,0.003745147084012228,0.005021191701899149,21.781423707432157,19.292335269945877,0.0,0.047813037022031324,0.6750272512435913,42.79219408957666,1.9224751591682434,worst_uncertainty_stratified_mhz
3269,250.0,5,28.530407701186626,-28.530407701186626,28.530407701186626,0.023662750066736887,0.010483179804029645,0.034145929870766534,21.84403820785167,18.924267647304532,0.0,0.06766722488432375,0.7605478763580322,42.79219408957666,2.26357701420784,worst_uncertainty_stratified_mhz
4688,250.0,5,27.849036629567717,-27.849036629567717,27.849036629567717,0.0763449042001884,0.0756579506778618,0.1520028548780502,22.2106844703441,15.57194363252953,0.0,0.5374526578730743,2.4267632961273193,40.91970032881473,5.067260354757309,worst_uncertainty_stratified_mhz
4018,250.0,5,26.160041863361297,-26.160041863361297,26.160041863361297,0.07610829907820821,0.04298503949037168,0.1190933385685799,19.887538545010536,17.460494271566976,0.0,0.13150120372051766,1.2998793125152588,38.21219537006478,2.1464064568281174,worst_uncertainty_stratified_mhz
4441,250.0,5,25.9070335912568,-25.9070335912568,25.9070335912568,0.02167871984714584,0.03784579812164191,0.05952451796878775,19.643385058006164,17.630146925834165,0.0,0.05677467128250768,0.7994422912597656,38.37377848218755,1.7743220925331116,worst_uncertainty_stratified_mhz
3831,250.0,5,25.71312017526053,-25.71312017526053,25.71312017526053,0.02114542538635364,0.013387531383006303,0.03453295676935994,20.095190290375207,15.85674571956433,0.0,0.22689251639854646,1.4620935916900635,38.27450195626326,3.550911009311676,worst_uncertainty_stratified_mhz
3340,250.0,5,25.70044914808203,-25.70044914808203,25.70044914808203,0.42069396447824686,0.2719934171859022,0.692687381664149,21.37853062525346,10.319728851228318,0.0,0.3768768842562622,2.274932861328125,39.72837462066627,8.858095645904541,worst_uncertainty_stratified_mhz
4668,250.0,5,25.580137171293913,-25.580137171293913,25.580137171293913,0.1484891184494999,0.08678396561297053,0.23527308406247044,20.483752239626718,13.813497003080203,0.0,0.3438281123862019,2.0053462982177734,38.27450195626326,5.5552796721458435,worst_uncertainty_stratified_mhz
4119,250.0,5,25.352341072180675,-25.352341072180675,25.352341072180675,0.013424155097653592,0.0220428837130134,0.03546703881066699,20.050223275715087,14.963081428222974,0.0,0.253728475485679,1.3184876441955566,38.27450195626326,4.258338004350662,worst_uncertainty_stratified_mhz
3219,265.0,5,26.790279415540425,-26.790279415540425,26.790279415540425,0.0682784131919615,0.15402128315819386,0.22229969635015534,24.14169149205524,6.873299338139839,0.0,1.0590958052991368,3.372997283935547,42.79219408957666,12.469114065170288,worst_uncertainty_stratified_mhz
3473,265.0,5,23.548191557010334,-23.548191557010334,23.548191557010334,0.5262986397597318,0.225784600929481,0.7520832406892128,21.95121519055235,2.389937679130959,0.0,0.2734706066520971,1.5577993392944336,41.79768982850607,15.53618597984314,worst_uncertainty_stratified_mhz
4262,265.0,5,23.399625191404848,-23.399625191404848,23.399625191404848,0.3029876535772112,0.3224550309897127,0.6254426845669239,21.976658949552167,2.222429436737666,0.0,1.5181574863459986,4.046664237976074,36.87033868843626,15.657492518424988,worst_uncertainty_stratified_mhz
3999,265.0,5,23.295776330555157,-23.295776330555157,23.295776330555157,0.2421220337578428,0.11695953529240039,0.3590815690502432,20.14921845875716,7.913132043710135,0.0,0.5823021638902759,1.945124626159668,37.1887079635741,10.669512391090393,worst_uncertainty_stratified_mhz
4797,265.0,5,21.680644735400364,-21.680644735400364,21.680644735400364,0.6985997411457018,0.23211905679508626,0.930718797940788,20.126492431280244,1.7516334962185531,0.0,0.43536839455077825,2.090325355529785,37.29192271792915,15.91966724395752,worst_uncertainty_stratified_mhz
4683,265.0,5,21.665408016619487,-21.665408016619487,21.665408016619487,0.18175412715726516,0.22224178000710015,0.4039959071643653,20.686974992571237,1.6265997254797324,0.0,0.10800733777305993,0.8879480361938477,40.269987273402506,16.024529337882996,worst_uncertainty_stratified_mhz
4628,265.0,5,21.367762058447283,-21.367762058447283,21.367762058447283,0.29765103570584805,0.28908937262975754,0.5867404083356056,20.402832120949792,1.0639888142380038,0.0,0.1459105402877725,1.1978158950805664,39.31602726624347,16.483389258384705,worst_uncertainty_stratified_mhz
4516,265.0,5,20.21470935891994,-20.21470935891994,20.21470935891994,0.1364033844135038,0.38229560927022505,0.5186989936837288,19.20231320964551,1.3929468741891609,0.0,0.15839903932725008,1.1133861541748047,36.974442186461715,16.137282252311707,worst_uncertainty_stratified_mhz
4113,265.0,5,19.927808809771335,-19.927808809771335,19.927808809771335,0.20103313081385313,0.22862631594772684,0.42965944676157997,17.038196917900244,6.957491047793848,0.0,1.078775688636469,2.686208724975586,29.23263373355196,10.457280278205872,worst_uncertainty_stratified_mhz
3345,265.0,5,19.819718789358582,-19.819718789358582,19.819718789358582,0.22578806809493965,0.28780659761714206,0.5135946657120817,18.276126017028563,2.8751635622579688,0.0,1.9430903279628495,4.050079345703125,28.615992032428302,14.709763169288635,worst_uncertainty_stratified_mhz
3963,265.0,5,19.609599037997004,-19.609599037997004,19.609599037997004,0.3766709644146406,0.32971314239122623,0.7063841068058668,18.152198948641804,2.097946716360244,0.0,1.0672763723968615,3.2902908325195312,30.879554319970357,15.433424234390259,worst_uncertainty_stratified_mhz
4332,270.0,5,31.02340089326503,-31.02340089326503,31.02340089326503,0.13817857947793558,0.6204624159435805,0.7586409954215161,25.400342073862312,13.695527410281757,0.0,5.702577120708153,7.648482799530029,31.747047106778293,8.410461604595184,worst_uncertainty_stratified_mhz
3311,270.0,5,30.408815784753628,-30.408815784753628,30.408815784753628,0.08681219255588053,0.13751402974687546,0.224326222302756,24.908195462700835,14.944434396522835,0.0,1.713174334835113,4.608242988586426,41.78179926714502,7.153606712818146,worst_uncertainty_stratified_mhz
4623,270.0,5,28.218751081033183,-28.218751081033183,28.218751081033183,0.006678013798522661,0.018780493249796915,0.025458507048319576,21.74201601376526,18.355695429302216,0.0,0.0884990417329874,1.0808942317962646,42.22613971226828,2.7768183946609497,worst_uncertainty_stratified_mhz
4756,270.0,5,27.92724961951417,-27.92724961951417,27.92724961951417,0.3581536919719186,0.14888132662870102,0.5070350186006196,22.769240466378402,13.159958958932124,0.0,1.9043340396997017,4.166740894317627,37.563071959039775,7.668493807315826,worst_uncertainty_stratified_mhz
3747,270.0,5,26.417596617766826,-26.417596617766826,26.417596617766826,0.40839095255006597,0.2552774909546711,0.6636684435047371,21.954496313972136,10.753002081826331,0.0,1.760986950104492,4.401778697967529,35.98524002976776,9.245958626270294,worst_uncertainty_stratified_mhz
4335,270.0,5,26.391824913148437,-26.391824913148437,26.391824913148437,0.12559985063539356,0.16662226549478043,0.292222116130174,22.179078702878055,11.097158078124933,0.0,1.6987611457002707,3.9963364601135254,36.96429865424204,8.922572076320648,worst_uncertainty_stratified_mhz
3489,270.0,5,26.216927255323668,-26.216927255323668,26.216927255323668,0.07297468473231927,0.04838151778723991,0.12135620251955918,21.94661566181459,11.802846069214599,0.0,0.3465276956457295,2.159989833831787,41.040186098505934,8.194460809230804,worst_uncertainty_stratified_mhz
4494,280.0,5,29.174503059901827,-29.174503059901827,29.174503059901827,0.07588644305674976,0.1739577854622173,0.24984422851896704,23.30856205960268,15.890465180175743,0.0,1.6357595271448098,3.8742942810058594,39.47131078390988,5.8739442229270935,worst_uncertainty_stratified_mhz
3731,280.0,5,28.96223831390294,-28.96223831390294,28.96223831390294,0.02781605453980324,0.08823097737359524,0.11604703191339848,23.184539487740313,16.078406122833076,0.0,0.5841236678280346,2.5980148315429688,42.60281680828159,5.58526474237442,worst_uncertainty_stratified_mhz
3904,280.0,5,28.40325400230779,-28.40325400230779,28.40325400230779,0.04165539813812124,0.11284390784118399,0.15449930597930522,23.170389944209592,14.398276958610088,0.0,1.154128457762397,3.012139320373535,41.020383652520856,6.892249822616577,worst_uncertainty_stratified_mhz
4257,280.0,5,28.348128616811678,-28.348128616811678,28.348128616811678,0.19140226898124255,0.11701374817060624,0.3084160171518488,24.155532577441075,11.017319329395953,0.0,1.2352119531642387,3.575296401977539,42.265344846576134,9.88148820400238,worst_uncertainty_stratified_mhz
4234,280.0,5,28.100295814376636,-28.100295814376636,28.100295814376636,0.007495183207377784,0.035598988411934325,0.04309417161931211,21.970385212142276,17.260871951200482,0.0,0.505804254735124,2.497506618499756,40.431655296314545,3.906721979379654,worst_uncertainty_stratified_mhz
3698,280.0,5,27.449642253724583,-27.449642253724583,27.449642253724583,0.07870247147830071,0.08697911718764062,0.16568158866594135,21.96465693320879,15.07733379357501,0.0,0.9428889555400097,2.6173787117004395,39.42615724363712,5.747489750385284,worst_uncertainty_stratified_mhz
4763,300.0,5,28.412377051234902,-28.412377051234902,28.412377051234902,0.003364781530717779,0.0037565776819330804,0.0071213592126508594,21.568482579373097,19.49665514471008,0.0,0.008750280678515798,0.3272705078125,42.79219408957666,1.8067114800214767,worst_uncertainty_stratified_mhz
4521,300.0,5,28.34754482457685,-28.34754482457685,28.34754482457685,0.011756560925574403,0.01779552512133313,0.02955208604690753,21.965365254851704,18.061392017035487,0.0,0.17476329515023892,1.480506181716919,42.10069773768601,3.3561598658561707,worst_uncertainty_stratified_mhz
4051,300.0,5,27.732792465281708,-27.732792465281708,27.732792465281708,0.07231326835831693,0.026545867938980745,0.09885913629729767,21.607989490581787,17.10726382058214,0.0,0.3731575147306918,1.9766089916229248,40.49305496007926,3.9768380224704742,worst_uncertainty_stratified_mhz
4033,300.0,5,27.605408296096904,-27.605408296096904,27.605408296096904,0.02692745752416496,0.029136583485019938,0.0560640410091849,21.222793636245736,17.96806982626994,0.0,0.19535312702276642,1.4947404861450195,40.56014053230092,2.928919017314911,worst_uncertainty_stratified_mhz
3455,300.0,5,27.567389376319355,-27.567389376319355,27.567389376319355,0.04264618013620203,0.03587431013030106,0.0785204902665031,21.6913226276961,16.483548075490457,0.0,0.26489665185516387,1.6492795944213867,41.203572357260484,4.545941054821014,worst_uncertainty_stratified_mhz
4745,300.0,5,27.559518818269407,-27.559518818269407,27.559518818269407,0.01323535563254599,0.009657365235885302,0.02289272086843129,21.177625983450653,18.094076530932448,0.0,0.08235396817446983,0.9613826274871826,41.229161403065184,2.7516031861305237,worst_uncertainty_stratified_mhz
5671,120.0,6,124.68243563708221,-124.68243563708221,124.68243563708221,7.380359125763842,7.355320725627664,14.735679851391506,109.8808122071618,0.0,0.0,93.59178554573555,29.985998153686523,2.592055169165965,36.676371574401855,worst_uncertainty_stratified_mhz
6006,120.0,6,119.99983403943787,-119.99983403943787,119.99983403943787,7.227820364127072,7.018293830217281,14.246114194344353,105.69190136837626,0.0,0.0,91.16153269464843,26.24615478515625,2.8145825622994254,38.61246418952942,worst_uncertainty_stratified_mhz
5968,120.0,6,74.96220860845844,-74.96220860845844,74.96220860845844,7.797782987877059,4.309069013868225,12.106852001745285,62.7522408101873,0.0,0.0,39.02903760435151,20.236860752105713,27.209545659565872,15.146375834941864,worst_uncertainty_stratified_mhz
5077,150.0,6,150.49249933617892,-150.49249933617892,150.49249933617892,12.373398122571919,9.771149578439413,22.144547701011334,128.19627932649325,0.0,0.0,105.513981086982,24.98422908782959,20.380367391192927,16.931238055229187,worst_uncertainty_stratified_mhz
4905,150.0,6,148.97316255302883,-148.97316255302883,148.97316255302883,0.8684843028005319,9.515510228788207,10.383994531588739,138.38278957695042,0.0,0.0,123.54101119040556,29.25054407119751,0.4330127018922193,13.464221566915512,worst_uncertainty_stratified_mhz
5825,150.0,6,124.6433503655078,-124.6433503655078,124.6433503655078,18.055799951702195,6.8083738806035345,24.86417383230573,99.71115792511362,0.0,0.0,84.60506574439637,27.10222053527832,3.109963826156182,33.807297229766846,worst_uncertainty_stratified_mhz
6352,150.0,6,107.86720914860021,-107.86720914860021,107.86720914860021,3.157624985020042,6.24907146812944,9.406696453149483,98.3673458658233,0.0,0.0,84.73725662296258,26.92945957183838,0.33071891388307384,24.701077103614807,worst_uncertainty_stratified_mhz
5949,155.0,6,177.99996359349922,-177.99996359349922,177.99996359349922,1.1106417395774597,10.129196590702342,11.239838330279802,166.5943616609699,0.0,0.0,135.09002186060215,35.865540504455566,27.143139096279928,17.529215037822723,worst_uncertainty_stratified_mhz
4875,155.0,6,103.38427182915808,-103.38427182915808,103.38427182915808,14.817674679282655,4.215971963890895,19.03364664317355,84.28009692934091,0.0,0.0,69.13894555243587,27.913890838623047,2.368411915187052,29.473942756652832,worst_uncertainty_stratified_mhz
4956,155.0,6,92.85836469139785,-92.85836469139785,92.85836469139785,3.9027970796902363,5.774807158126733,9.677604237816968,83.07343737752792,0.0,0.0,62.24911421991292,21.499204635620117,20.149441679609886,18.378644824028015,worst_uncertainty_stratified_mhz
6078,155.0,6,72.39279700919329,-72.39279700919329,72.39279700919329,1.2800850798648677,4.331742979085422,5.611828058950289,66.65415943644607,0.0,0.0,56.151418814879285,20.505481243133545,0.5,14.772994577884674,worst_uncertainty_stratified_mhz
5829,155.0,6,63.868960350312264,-63.868960350312264,63.868960350312264,0.17594548213404618,3.4603194115171103,3.6362648936511563,60.11782822051852,0.0,0.0,37.745466206106755,17.954450607299805,26.790273421523715,13.371380090713501,worst_uncertainty_stratified_mhz
5602,155.0,6,61.20920331434303,-61.20920331434303,61.20920331434303,0.43292822188641544,3.3091911599743002,3.7421193818607157,57.33410444912793,0.0,0.0,34.907808991349405,17.568495273590088,27.284095641966953,11.107508718967438,worst_uncertainty_stratified_mhz
5733,155.0,6,53.870575767041856,-53.870575767041856,53.870575767041856,12.854354844903334,1.6752255289606053,14.52958037386394,39.2471304538209,0.0,0.0,19.671338310508872,14.870997905731201,24.280586380892863,11.812819242477417,worst_uncertainty_stratified_mhz
5982,155.0,6,52.649459926935805,-52.649459926935805,52.649459926935805,4.81266150693312,2.5819719038889137,7.394633410822033,45.16937637716212,0.0,0.0,23.358482127024388,13.894118309020996,29.72767019125448,14.140004396438599,worst_uncertainty_stratified_mhz
5491,170.0,6,27.6889139343761,-27.6889139343761,27.6889139343761,0.016824897549668677,0.002515254883752732,0.01934015243342141,21.577814423368952,17.370099648558856,0.0,0.013185245478203989,0.337064266204834,42.79219408957666,2.348300486803055,worst_uncertainty_stratified_mhz
5981,170.0,6,27.147497846417775,-27.147497846417775,27.147497846417775,0.0014525392047641111,0.003552372806700397,0.005004912011464508,21.52946786162048,16.017705314430863,0.0,0.007028162603936572,0.2526853084564209,42.79219408957666,3.069402664899826,worst_uncertainty_stratified_mhz
5661,170.0,6,26.13917050777224,-26.13917050777224,26.13917050777224,0.044485280548038214,0.0169660370054541,0.06145131755349231,20.859390384025716,14.851597417009474,0.0,0.07965053602889949,0.9271726608276367,40.632307035165994,3.480862110853195,worst_uncertainty_stratified_mhz
6315,180.0,6,26.599796687334596,-26.599796687334596,26.599796687334596,0.005739201569147183,0.006038294476860942,0.011777496046008125,21.162086381057534,15.441045458720062,0.0,0.08727705335981195,0.8557026386260986,41.293916016769344,3.4245406687259674,worst_uncertainty_stratified_mhz
6311,180.0,6,23.985753050243403,-23.985753050243403,23.985753050243403,0.018275658068725137,0.0086179498115576,0.026893607880282736,19.592299557883816,12.434282551029641,0.0,0.07257511097166969,0.7649469375610352,38.27450195626326,4.625331997871399,worst_uncertainty_stratified_mhz
5615,180.0,6,23.738176798559167,-23.738176798559167,23.738176798559167,0.003876279683866358,0.0048803341489558226,0.008756613832822181,18.550538539681675,14.769755934766547,0.0,0.009550285438834294,0.3304884433746338,36.75148806511105,2.5806713104248047,worst_uncertainty_stratified_mhz
4819,180.0,6,20.98149143381308,-20.98149143381308,20.98149143381308,0.019400232656298432,0.01851495548487411,0.03791518814117254,16.84123196048625,11.650206495504722,0.0,0.1509008304742281,1.3075037002563477,32.0731585597677,3.9203473329544067,worst_uncertainty_stratified_mhz
4873,200.0,6,29.23455552867851,-29.23455552867851,29.23455552867851,0.08484483137467529,0.09651442592400825,0.18135925729868352,24.51616267684076,12.848143209627745,0.0,1.1365432168912974,3.9670448303222656,42.79219408957666,6.632626414299011,worst_uncertainty_stratified_mhz
6250,200.0,6,28.73722209488324,-28.73722209488324,28.73722209488324,0.011312139203881744,0.03496370801257537,0.04627584721645711,22.87528275377564,16.52309592099749,0.0,0.2538744528258894,1.7320420742034912,43.51077452769601,3.866334944963455,worst_uncertainty_stratified_mhz
5841,200.0,6,28.624242832751797,-28.624242832751797,28.624242832751797,0.005648169702951668,0.012922955540085594,0.01857112524303726,22.61637256029432,17.0547820707328,0.0,0.07541503860960219,0.8863270282745361,44.1955880150949,3.4113319516181946,worst_uncertainty_stratified_mhz
5672,200.0,6,26.527670780934486,-26.527670780934486,26.527670780934486,0.02668023910544026,0.03952474011504776,0.06620497922048801,21.35015630244962,14.548609763202695,0.0,0.11711404742950915,1.172168493270874,41.293916016769344,4.4337925016880035,worst_uncertainty_stratified_mhz
5642,200.0,6,26.150398240218816,-26.150398240218816,26.150398240218816,0.01618511403482915,0.02637071924261269,0.04255583327744184,21.04382395106494,14.416121244319728,0.0,0.10334640087351143,0.8489553928375244,41.03199970754533,4.373571425676346,worst_uncertainty_stratified_mhz
5083,200.0,6,25.21288127654028,-25.21288127654028,25.21288127654028,0.009755344163366764,0.03207236094407965,0.04182770510744641,20.230129715430742,14.02232749748053,0.0,0.3197905205174969,1.5461764335632324,38.27450195626326,4.269958913326263,worst_uncertainty_stratified_mhz
6244,200.0,6,24.68110492395003,-24.68110492395003,24.68110492395003,0.007030338152657942,0.020487309092628685,0.027517647245286627,19.50876626058435,14.654328691993994,0.0,0.04776717072786596,0.647496223449707,38.27450195626326,3.456873655319214,worst_uncertainty_stratified_mhz
5087,200.0,6,24.603427534040602,-24.603427534040602,24.603427534040602,0.02007905288636593,0.0164083913997479,0.03648744428611383,19.633160025666452,14.049644170255446,0.0,0.0672198061255207,0.8573784828186035,38.27450195626326,3.951144129037857,worst_uncertainty_stratified_mhz
4830,230.0,6,28.12939681053828,-28.12939681053828,28.12939681053828,0.024258230864680434,0.01807448144430021,0.04233271230898064,21.886104285119895,17.65000714799842,0.0,0.08196171001234998,0.8160910606384277,42.79219408957666,3.0511761605739594,worst_uncertainty_stratified_mhz
6189,230.0,6,28.092047091577918,-28.092047091577918,28.092047091577918,0.06332111655133364,0.04565185468656084,0.10897297123789448,22.734731143140184,14.903410094705686,0.0,0.4869178995683363,2.1541943550109863,42.34143213213271,5.426182687282562,worst_uncertainty_stratified_mhz
5816,230.0,6,27.85465944893172,-27.85465944893172,27.85465944893172,0.029687430525715392,0.028067595437790922,0.05775502596350632,22.00953148329818,16.48344080205228,0.0,0.08237624625673501,1.0621163845062256,42.79219408957666,3.9492819011211395,worst_uncertainty_stratified_mhz
4837,230.0,6,27.434307770193236,-27.434307770193236,27.434307770193236,0.07465577842829872,0.06828630687603636,0.14294208530433508,22.499043314014653,13.633846235924324,0.0,0.2581112262728311,1.6896700859069824,42.79219408957666,6.2028937339782715,worst_uncertainty_stratified_mhz
4854,230.0,6,27.040622966716363,-27.040622966716363,27.040622966716363,0.13829226202741848,0.20035996964978678,0.33865223167720526,22.859329469702843,10.895374355743302,0.0,0.9360493269796706,3.285649299621582,40.56091098582476,8.266306042671204,worst_uncertainty_stratified_mhz
5752,230.0,6,27.00325200806042,-27.00325200806042,27.00325200806042,0.010033044831217494,0.019329779352738684,0.02936282418395618,20.993026402557444,16.999851102677045,0.0,0.1374123751536267,1.1510875225067139,40.56014053230092,2.9976791739463806,worst_uncertainty_stratified_mhz
5000,230.0,6,26.98476059135707,-26.98476059135707,26.98476059135707,0.08207825828936739,0.120662263557965,0.20274052184733238,22.310023457377184,12.692349240398611,0.0,0.6521121791196265,2.82681941986084,40.489003136654276,6.803298711776733,worst_uncertainty_stratified_mhz
4874,230.0,6,26.70430411402927,-26.70430411402927,26.70430411402927,0.09728304897160743,0.06125899133438634,0.15854204030599378,21.112429614062776,15.42943745177049,0.0,0.3217432797574338,1.6224093437194824,39.9589633248912,4.293334275484085,worst_uncertainty_stratified_mhz
6193,250.0,6,30.34128438429424,-30.34128438429424,30.34128438429424,0.10771588253984805,0.17906715009846694,0.286783032638315,24.92947236658585,14.485258996951925,0.0,2.4538025364164717,4.802398204803467,40.14894145553529,7.095982134342194,worst_uncertainty_stratified_mhz
4869,250.0,6,28.655592086839075,-28.655592086839075,28.655592086839075,0.5087548499884224,0.22932305120492952,0.7380779011933518,24.551872355841017,9.531405680215007,0.0,1.5116993069602245,4.007863998413086,42.0724820993485,10.366934061050415,worst_uncertainty_stratified_mhz
6155,250.0,6,28.55344897027235,-28.55344897027235,28.55344897027235,0.03961330569779092,0.06497019481993647,0.10458350051772738,22.683170771027108,16.35019548881638,0.0,0.6627501986200164,2.6524369716644287,41.38840417314975,4.719249814748764,worst_uncertainty_stratified_mhz
5397,250.0,6,28.54349015557493,-28.54349015557493,28.54349015557493,0.2197912748947065,0.1795402373068362,0.3993315122015427,22.455252588855828,16.080373464382724,0.0,1.4532694319499306,3.9324874877929688,38.071478826018826,4.958903610706329,worst_uncertainty_stratified_mhz
5989,250.0,6,28.351446362744525,-28.351446362744525,28.351446362744525,0.003729744756183408,0.003785504929795592,0.007515249685979,21.75882658735175,18.76191623818149,0.0,0.02893549178254684,0.5283324718475342,42.93144971929087,2.306957393884659,worst_uncertainty_stratified_mhz
5060,250.0,6,28.28579911720658,-28.28579911720658,28.28579911720658,0.02826262452128339,0.030362224319702542,0.058624848840985934,21.639089427087487,18.61352293238446,0.0,0.5005302553717499,1.960015892982483,40.31710245044899,2.41126149892807,worst_uncertainty_stratified_mhz
5084,250.0,6,28.285611466627138,-28.285611466627138,28.285611466627138,0.30912896025241593,0.1384408698217452,0.4475698300741611,24.055671387455742,10.74007870322845,0.0,0.7613878586309966,2.480921745300293,44.1076453123492,9.345269680023193,worst_uncertainty_stratified_mhz
5698,250.0,6,28.1570262275574,-28.1570262275574,28.1570262275574,0.1553997696081386,0.02075793607177144,0.17615770567991001,21.859204972247873,17.442007680836205,0.0,0.05560551466352237,0.815004825592041,42.79219408957666,3.475770056247711,worst_uncertainty_stratified_mhz
6388,250.0,6,27.873406636086404,-27.873406636086404,27.873406636086404,0.1429703029851632,0.049807024560965155,0.19277732754612836,21.19911873171306,18.385018352295933,0.0,0.1961319220788651,1.4458330869674683,40.56014053230092,2.368066817522049,worst_uncertainty_stratified_mhz
5624,250.0,6,27.812106489692738,-27.812106489692738,27.812106489692738,0.11132827088035563,0.04252709126852066,0.1538553621488763,21.3377090830197,17.961660074494223,0.0,0.13981889944470183,1.0073761940002441,41.38840417314975,2.752594530582428,worst_uncertainty_stratified_mhz
5950,250.0,6,27.2483461978968,-27.2483461978968,27.2483461978968,0.028431842658617496,0.04131400426165983,0.06974584692027733,21.6992542997117,15.59248078124421,0.0,0.1728448065127708,1.119091510772705,41.933727475625155,4.729164242744446,worst_uncertainty_stratified_mhz
6036,250.0,6,26.333390708500374,-26.333390708500374,26.333390708500374,0.11979611736680347,0.05359260260526441,0.1733887199720679,20.1932159390844,16.83998537895512,0.0,0.7266970663503823,2.8482850790023804,36.084752666465654,2.9277772456407547,worst_uncertainty_stratified_mhz
5116,265.0,6,26.477938176277583,-26.477938176277583,26.477938176277583,0.14942226223649943,0.1164551744719097,0.26587743670840913,23.209914798767823,8.52437119265192,0.0,0.6786968852966311,2.2702417373657227,42.79219408957666,11.063461303710938,worst_uncertainty_stratified_mhz
5961,265.0,6,26.217796292492782,-26.217796292492782,26.217796292492782,0.6424252002824236,0.34461065437079,0.9870358546532136,23.26671753732982,5.570689798567721,0.0,0.5856492553588737,2.5699424743652344,42.79219408957666,13.377596616744995,worst_uncertainty_stratified_mhz
5620,265.0,6,25.716637586102404,-25.716637586102404,25.716637586102404,0.43078131864134356,0.6790658059585502,1.1098471245998938,23.80094231950557,2.243339404477246,0.0,1.7082865918413859,4.320304870605469,39.8650065847229,15.800960302352905,worst_uncertainty_stratified_mhz
4985,265.0,6,25.423501157733668,-25.423501157733668,25.423501157733668,0.06690835690476722,0.03774801178528411,0.10465636869005132,22.313227615138583,8.555136280666844,0.0,0.23649273389395375,1.3612756729125977,42.79219408957666,10.740453004837036,worst_uncertainty_stratified_mhz
6217,265.0,6,25.141462735683955,-25.141462735683955,25.141462735683955,0.33913291620890235,0.42559994688372355,0.7647328630926259,22.988164428983577,3.8962693970289237,0.0,2.0860910432395485,4.141997337341309,37.66214943414675,14.5181303024292,worst_uncertainty_stratified_mhz
6327,265.0,6,24.66815069245966,-24.66815069245966,24.66815069245966,0.9327686388659638,0.44579398678997784,1.3785626256559418,21.778219041552756,4.228805057026192,0.0,3.1567050452808303,5.146493911743164,32.09653408080069,14.196769952774048,worst_uncertainty_stratified_mhz
5911,265.0,6,24.61200951390475,-24.61200951390475,24.61200951390475,1.2271053877456122,0.5607082887777569,1.7878136765233692,22.170339208746086,1.788137548800075,0.0,3.2409453246673223,5.630112648010254,32.22867512014727,16.068902611732483,worst_uncertainty_stratified_mhz
5123,265.0,6,24.476658013860245,-24.476658013860245,24.476658013860245,0.09521010829261765,0.2214869543973211,0.31669706268993875,23.229556942438414,2.6207871328959373,0.0,0.6567250823429589,2.427290916442871,42.71837280374804,15.431789755821228,worst_uncertainty_stratified_mhz
4907,265.0,6,23.568027988690066,-23.568027988690066,23.568027988690066,0.363328165642379,0.19247571825435905,0.5558038838967381,21.401482506155265,4.5536359496898395,0.0,0.8729663005633341,2.8325719833374023,38.22446042784646,13.765185952186584,worst_uncertainty_stratified_mhz
5956,265.0,6,22.84613973122907,-22.84613973122907,22.84613973122907,0.30941836216345014,0.5354772370597037,0.8448955992231539,21.117230810311128,2.4773467533830797,0.0,1.0900334953118431,3.384413719177246,36.66998091082132,15.406228303909302,worst_uncertainty_stratified_mhz
6329,265.0,6,22.80596920837597,-22.80596920837597,22.80596920837597,0.4480277614435953,0.11920103343500665,0.5672287948786019,21.696730459223883,1.5164616893378193,0.0,0.5300570906571096,2.4650087356567383,39.86833800147681,16.18124783039093,worst_uncertainty_stratified_mhz
5114,270.0,6,30.59369478316252,-30.59369478316252,30.59369478316252,0.1933808894267561,0.24755469592018398,0.4409355853469401,24.866483242793503,14.932247019118446,0.0,3.0181575947271995,5.446855545043945,38.24979575108866,7.239952802658081,worst_uncertainty_stratified_mhz
4821,270.0,6,29.396595612846063,-29.396595612846063,29.396595612846063,0.009717651964616894,0.008829837263354694,0.018547489227971586,22.375008308287768,19.94340590097431,0.0,0.03148819218929333,0.4914522171020508,44.1955880150949,1.941647708415985,worst_uncertainty_stratified_mhz
5963,270.0,6,29.38812292546705,-29.38812292546705,29.38812292546705,0.0064333637040899895,0.0597223323374015,0.06615569604149149,23.16227038731467,17.440947592444232,0.0,0.9566651745503805,3.4333200454711914,40.97789038005739,4.416550874710083,worst_uncertainty_stratified_mhz
5645,270.0,6,28.242893088654174,-28.242893088654174,28.242893088654174,0.009630650641054023,0.0074610105892131545,0.017091661230267178,21.881184835969773,18.057981362816808,0.0,0.09111980507456874,0.7879359722137451,42.79219408957666,3.1026102006435394,worst_uncertainty_stratified_mhz
5457,270.0,6,26.637693496422862,-26.637693496422862,26.637693496422862,0.00575837163162942,0.008217098915954082,0.013975470547583503,20.429264242369403,17.619284187999032,0.0,0.07381760223054812,0.9726874828338623,39.73820579744385,2.4517292976379395,worst_uncertainty_stratified_mhz
5247,270.0,6,26.30796996808913,-26.30796996808913,26.30796996808913,0.0442041672146156,0.12106715460653442,0.16527132182115,20.854586193525186,15.011613621903901,0.0,0.4732150282898715,2.47456693649292,38.28817539397771,5.051050186157227,worst_uncertainty_stratified_mhz
5405,270.0,6,25.581303095264886,-25.581303095264886,25.581303095264886,0.02976836739213295,0.007989449660944673,0.037757817053077625,19.787217930227392,16.36396337085689,0.0,0.1282608478171987,1.043412208557129,38.27450195626326,3.0937556624412537,worst_uncertainty_stratified_mhz
5882,280.0,6,30.31571998223411,-30.31571998223411,30.31571998223411,0.10293026138621852,0.08751513418547585,0.19044539557169438,23.97746115000725,17.4005261703746,0.0,1.3605684446415118,3.4740560054779053,41.75972940525357,5.06007593870163,worst_uncertainty_stratified_mhz
5590,280.0,6,29.157447986245263,-29.157447986245263,29.157447986245263,0.019095964442456523,0.0038403868492233855,0.02293635129167991,22.31525453061846,19.444257961132813,0.0,0.016554246368129633,0.4018125534057617,44.1955880150949,2.336475044488907,worst_uncertainty_stratified_mhz
5381,280.0,6,28.849796581757243,-28.849796581757243,28.849796581757243,0.07260791303348176,0.08143621771412525,0.154044130747607,22.748469972501564,16.86347353665761,0.0,0.736896525280847,2.6929218769073486,41.33022501753408,4.761975020170212,worst_uncertainty_stratified_mhz
5127,280.0,6,28.472903320693725,-28.472903320693725,28.472903320693725,0.003276553375943987,0.005870082593631107,0.009146635969575094,21.77266513036252,19.04055282702319,0.0,0.06016416015533621,0.6328078508377075,42.79219408957666,2.279753550887108,worst_uncertainty_stratified_mhz
5118,280.0,6,28.382608604857772,-28.382608604857772,28.382608604857772,0.03782382534419149,0.10292585260125235,0.14074967794544385,22.96022514424902,14.929909655202506,0.0,2.055178488810892,5.140112400054932,36.66998091082132,6.381105124950409,worst_uncertainty_stratified_mhz
5598,280.0,6,28.07745241105068,-28.07745241105068,28.07745241105068,0.06903891803089984,0.1196996193931279,0.18873853742402774,22.627397498599727,14.90520594222513,0.0,1.2374659639543637,3.6984176635742188,39.08144540571651,6.250320792198181,worst_uncertainty_stratified_mhz
5056,300.0,6,27.802565937003045,-27.802565937003045,27.802565937003045,0.014420501253498618,0.016278160644370668,0.030698661897869288,21.325845874215798,18.318258558132783,0.0,0.13766568556093262,1.1642565727233887,41.21210380458634,2.678483724594116,worst_uncertainty_stratified_mhz
5927,300.0,6,26.339049601060537,-26.339049601060537,26.339049601060537,0.012979156105399828,0.02088230338120245,0.033861459486602276,20.362448298495504,16.895993956506818,0.0,0.141050873745022,1.061842918395996,39.38095193110497,3.221878558397293,worst_uncertainty_stratified_mhz
5542,300.0,6,26.268215741522003,-26.268215741522003,26.268215741522003,0.02286898046807223,0.029697579946200342,0.05256656041427257,20.505188288710492,16.204171684174774,0.0,0.3848179179214526,1.7512941360473633,38.489446605530716,3.976436972618103,worst_uncertainty_stratified_mhz
6186,300.0,6,25.580656002885597,-25.580656002885597,25.580656002885597,0.015594587949324494,0.014387928985208104,0.029982516934532598,19.689030201158932,16.668795520762863,0.0,0.10267603246275225,0.9482479095458984,38.22446042784646,2.906155675649643,worst_uncertainty_stratified_mhz
5027,300.0,6,25.4804253209687,-25.4804253209687,25.4804253209687,0.07879497861503916,0.019855346872082784,0.09865032548712194,19.60203052675717,16.39521222231659,0.0,0.2742746705474701,1.9040236473083496,36.75148806511105,3.160972833633423,worst_uncertainty_stratified_mhz
5978,300.0,6,24.858983562722923,-24.858983562722923,24.858983562722923,0.019857198875119397,0.015061458153792487,0.034918657028911886,19.504596544700373,15.126880367200263,0.0,0.17972559372067565,1.2849857807159424,37.36475612124345,4.2292160987854,worst_uncertainty_stratified_mhz
6754,120.0,7,113.58619831791633,-113.58619831791633,113.58619831791633,2.354609538821451,7.461834758716776,9.816444297538228,103.72240101668416,0.0,0.0,85.57664240523968,30.465927124023438,5.825590098865522,48.839375019073486,worst_uncertainty_stratified_mhz
7469,120.0,7,105.99161917794477,-105.99161917794477,105.99161917794477,5.113157593698338,5.754000207914563,10.867157801612901,95.06526343689205,0.0,0.0,82.23877398834469,25.652978897094727,0.0,38.29761528968811,worst_uncertainty_stratified_mhz
6684,120.0,7,56.6667480786925,-56.6667480786925,56.6667480786925,1.1472206466752601,3.4837037194127842,4.630924366088045,51.97815465272554,0.0,0.0,40.66673968757317,22.155122756958008,0.46770717334674267,27.64501404762268,worst_uncertainty_stratified_mhz
6517,150.0,7,1747.3503740209587,-1747.3503740209587,1747.3503740209587,54.582369864230834,130.66006978247214,185.24243964670296,1561.9494472741862,0.0,0.0,1510.8168667219688,98.6878890991211,3.5772720053135463,61.312920331954956,worst_uncertainty_stratified_mhz
7643,150.0,7,1070.9860807755065,-1070.9860807755065,1070.9860807755065,137.96815361303464,68.30634810165697,206.2745017146916,864.6407377181582,0.0,0.0,819.124129501926,89.34687423706055,1.6863421954040052,101.0015606880188,worst_uncertainty_stratified_mhz
6800,150.0,7,1044.4724303405185,-1044.4724303405185,1044.4724303405185,57.1239008044222,77.87930357827307,135.00320438269526,909.3441308309085,0.0,0.0,857.5381933345807,101.01680755615234,2.595067436503337,58.522969245910645,worst_uncertainty_stratified_mhz
6473,150.0,7,472.76265666557345,-472.76265666557345,472.76265666557345,24.213301076613536,27.879990418506335,52.09329149511987,420.57826992422923,0.0,0.0,386.892534260969,64.37668418884277,2.9947871376777346,53.9808189868927,worst_uncertainty_stratified_mhz
7728,155.0,7,1588.0984057527153,-1588.0984057527153,1588.0984057527153,223.24625997150056,90.07617255230038,313.32243252380096,1274.6816860604097,0.0,0.0,1216.1077192367075,114.28109741210938,2.8668362352949286,92.46416187286377,worst_uncertainty_stratified_mhz
7822,155.0,7,1017.9616016859434,-1017.9616016859434,1017.9616016859434,157.4304392381747,62.42587969142628,219.85631892960097,798.0282230470353,0.0,0.0,758.0734647782156,77.2198371887207,2.6896793489187516,89.32402610778809,worst_uncertainty_stratified_mhz
7268,155.0,7,400.542489984551,-400.542489984551,400.542489984551,56.96541770531474,23.78247385682678,80.74789156214152,319.7027205367629,0.0,0.0,290.61028800786437,54.74339008331299,3.441474974484051,46.38574206829071,worst_uncertainty_stratified_mhz
7459,155.0,7,345.0278829274684,-345.0278829274684,345.0278829274684,8.173506187819369,23.765880291201913,31.93938647902128,312.9541889773436,0.0,0.0,286.56688613861195,49.070722579956055,3.7038830975072634,31.510321855545044,worst_uncertainty_stratified_mhz
7580,155.0,7,293.610429009145,-293.610429009145,293.610429009145,4.0124845322532625,14.700817423594334,18.713301955847598,274.81283715668314,0.0,0.0,246.74610751123774,54.121774673461914,2.011684617428885,46.58967089653015,worst_uncertainty_stratified_mhz
7790,155.0,7,278.4289903517591,-278.4289903517591,278.4289903517591,29.3687685897272,18.907120686029018,48.275889275756214,230.0499517848298,0.0,0.0,209.0956696810233,39.38368797302246,2.5248762345905194,35.04663133621216,worst_uncertainty_stratified_mhz
7626,155.0,7,238.24581241856944,-238.24581241856944,238.24581241856944,10.834158775308259,12.711448281031196,23.545607056339456,214.65149522666215,0.0,0.0,191.04658141526215,45.198143005371094,2.011684617428885,70.93985652923584,worst_uncertainty_stratified_mhz
7138,155.0,7,219.41891929544235,-219.41891929544235,219.41891929544235,4.894809543333567,15.839562845680318,20.734372389013885,198.57107928794272,0.0,0.0,161.9953843533178,45.94442844390869,27.206961425341124,28.04267179965973,worst_uncertainty_stratified_mhz
7140,170.0,7,38.87270883631318,-38.87270883631318,38.87270883631318,7.8738562386708715,0.9443046061931515,8.818160844864023,25.132492618116416,13.788481026486577,0.0,7.493942968413048,7.810358047485352,27.466741251921388,7.122467935085297,worst_uncertainty_stratified_mhz
7233,170.0,7,38.12519172493229,-38.12519172493229,38.12519172493229,0.1317814932898252,0.6983933169184618,0.8301748102082871,30.500156920437398,18.992440262307287,0.0,7.847685055078449,8.695732116699219,36.609211614018676,4.747898131608963,worst_uncertainty_stratified_mhz
7339,170.0,7,37.18299096631924,-37.18299096631924,37.18299096631924,0.5374741143055358,0.9360740492425466,1.4735481635480823,30.241847068297645,15.220196397248701,0.0,12.346688074763458,10.921914339065552,24.868403648002822,6.251086175441742,worst_uncertainty_stratified_mhz
7721,180.0,7,28.741843898914407,-28.741843898914407,28.741843898914407,0.015794296617788604,0.0034923208992792953,0.0192866175170679,22.464847442745523,17.81816799246004,0.0,0.050340936533216585,0.6334249973297119,44.1955880150949,2.6271301805973053,worst_uncertainty_stratified_mhz
7638,180.0,7,27.911858157946554,-27.911858157946554,27.911858157946554,0.02043629499413344,0.016075838274378678,0.03651213326851212,22.272522693397,15.945641015353715,0.0,0.09936110990025426,0.8355486392974854,43.51077452769601,3.6067591309547424,worst_uncertainty_stratified_mhz
7995,180.0,7,23.47176916592913,-23.47176916592913,23.47176916592913,0.045852071537928786,0.012994286600382618,0.058846358138311405,18.637243158284225,13.596634171643508,0.0,0.05408006249019692,0.628032922744751,36.538293268843304,3.448740780353546,worst_uncertainty_stratified_mhz
6765,180.0,7,22.03183332636572,-22.03183332636572,22.03183332636572,0.02060401591624277,0.006158834915643179,0.026762850831885947,16.877964395286217,14.600719776191294,0.0,0.013603228991680316,0.3717515468597412,33.35697078572933,1.730031207203865,worst_uncertainty_stratified_mhz
7708,200.0,7,27.950355323883162,-27.950355323883162,27.950355323883162,0.022901055996533096,0.0803567191267214,0.1032577751232545,23.115050528317653,13.441482334445555,0.0,0.4107537308011011,1.9202690124511719,43.48832458258193,5.820400893688202,worst_uncertainty_stratified_mhz
7702,200.0,7,27.822630922260085,-27.822630922260085,27.822630922260085,0.00943614452148862,0.013960751148630842,0.02339689567011946,22.11005406046848,16.191587480445587,0.0,0.10807532470114722,1.2117633819580078,42.79219408957666,3.7147774696350098,worst_uncertainty_stratified_mhz
7590,200.0,7,27.591692663986898,-27.591692663986898,27.591692663986898,0.039169556598741384,0.021966613943890254,0.06113617054263164,22.0885909878973,15.487459638221573,0.0,0.12627354039138083,1.1324408054351807,42.79219408957666,4.16010308265686,worst_uncertainty_stratified_mhz
6577,200.0,7,27.489864320527065,-27.489864320527065,27.489864320527065,0.004854933128702735,0.004645064264339977,0.009499997393042713,21.723423173997066,16.41044083767907,0.0,0.03238541914098558,0.589881420135498,42.79219408957666,3.3860435783863068,worst_uncertainty_stratified_mhz
7426,200.0,7,22.80707594085561,-22.80707594085561,22.80707594085561,0.012959285886713716,0.02124190470678872,0.034201190593502434,17.766640300435533,14.206457613489157,0.0,0.14556663920310964,1.1155447959899902,34.126602526474855,2.8075054585933685,worst_uncertainty_stratified_mhz
6918,200.0,7,22.10043372888261,-22.10043372888261,22.10043372888261,0.04475266845077127,0.016389049248076812,0.06114171769884808,17.42502898739125,13.143758540017286,0.0,0.036731491167373065,0.6499924659729004,34.126602526474855,3.435277581214905,worst_uncertainty_stratified_mhz
7158,200.0,7,21.961278061825183,-21.961278061825183,21.961278061825183,0.009540765675974281,0.04239201575591079,0.051932781431885074,17.234718771955087,13.217799487947698,0.0,0.402599783917978,2.1642379760742188,31.5,3.277639150619507,worst_uncertainty_stratified_mhz
6956,200.0,7,21.486321845191153,-21.486321845191153,21.486321845191153,0.04523076910517537,0.1017294020585677,0.14696017116374308,18.20350740141719,8.844634561532215,0.0,1.3288546649659878,3.733684539794922,30.01562093310748,7.163169503211975,worst_uncertainty_stratified_mhz
6809,230.0,7,30.330213307376845,-30.330213307376845,30.330213307376845,0.28900618270503553,0.28626509191260885,0.5752712746176444,25.297751464519784,12.586709040553117,0.0,2.759366385557936,4.990145206451416,40.08662495147228,8.010498821735382,worst_uncertainty_stratified_mhz
6931,230.0,7,30.28508200758122,-30.28508200758122,30.28508200758122,0.03738281116779941,0.21913642586697843,0.25651923703477786,24.303708867323653,16.171715035698476,0.0,1.916488493356379,4.142133712768555,40.632307035165994,5.344768822193146,worst_uncertainty_stratified_mhz
6685,230.0,7,29.149896031055974,-29.149896031055974,29.149896031055974,0.019899351217856975,0.021257376854697363,0.04115672807255434,22.729608766907432,18.154934913809527,0.0,0.09969274340691836,1.064244031906128,44.1955880150949,3.1696740090847015,worst_uncertainty_stratified_mhz
7032,230.0,7,28.645515049389303,-28.645515049389303,28.645515049389303,0.07885674408969638,0.03107479375090151,0.10993153784059789,22.649412736554137,16.72001842246765,0.0,0.321425680932065,1.8637800216674805,42.79219408957666,4.148655980825424,worst_uncertainty_stratified_mhz
7345,230.0,7,28.41265935493698,-28.41265935493698,28.41265935493698,0.3058951076517463,0.11446626752484573,0.42036137517659206,23.240863601769345,13.490214323762444,0.0,0.6411301491288413,2.4072728157043457,42.79219408957666,6.703977465629578,worst_uncertainty_stratified_mhz
7597,230.0,7,27.008934085891926,-27.008934085891926,27.008934085891926,0.11067669763720063,0.06405684369052918,0.1747335413277298,21.627950488519375,14.78022017886933,0.0,0.44563757796559766,2.242351770401001,40.12227405070655,5.030906528234482,worst_uncertainty_stratified_mhz
7414,230.0,7,26.46732350566779,-26.46732350566779,26.46732350566779,0.07382522723705834,0.2750364930665713,0.3488617203036296,22.530690686692882,10.074710302301376,0.0,4.632828225732421,7.0079779624938965,28.787746959427025,8.732203423976898,worst_uncertainty_stratified_mhz
7609,230.0,7,26.385273544618947,-26.385273544618947,26.385273544618947,0.15463071069682305,0.04811448046992003,0.20274519116674308,20.53034931954199,15.974917128188352,0.0,0.7741096595678476,2.545644521713257,36.96683479823503,3.6083633601665497,worst_uncertainty_stratified_mhz
7729,250.0,7,35.103638135379605,-35.103638135379605,35.103638135379605,0.15434619350555712,0.3401706311701255,0.49451682467568264,28.757337352465807,16.49094860271981,0.0,5.417986794789087,6.870763778686523,39.80793733666692,7.278299689292908,worst_uncertainty_stratified_mhz
6635,250.0,7,29.764592284331798,-29.764592284331798,29.764592284331798,0.07048503093432118,0.05844390934525349,0.12892894027957466,22.847686154179325,19.212858044751577,0.0,0.4917021094603342,2.02799129486084,42.68397679457714,2.7616937160491943,worst_uncertainty_stratified_mhz
6917,250.0,7,29.56709588208726,-29.56709588208726,29.56709588208726,0.08765713841001065,0.12384634077514053,0.21150347918515117,23.156918277454118,17.545870689823445,0.0,0.925099949545583,2.938230276107788,41.52540637970928,4.173166632652283,worst_uncertainty_stratified_mhz
7064,250.0,7,29.21235502491681,-29.21235502491681,29.21235502491681,0.057267201283631684,0.1938867297088675,0.25115393099249916,22.54282950610125,18.059905697017065,0.0,1.8691528836214804,4.620319604873657,36.72703364008588,3.5089968740940094,worst_uncertainty_stratified_mhz
6666,250.0,7,29.126644980638588,-29.126644980638588,29.126644980638588,0.22600539201585268,0.3392933868704834,0.5652987788863361,24.32888132780745,11.975514488527512,0.0,2.011582302489032,5.085775375366211,39.54882267527063,8.640851855278015,worst_uncertainty_stratified_mhz
7649,250.0,7,28.900789214358653,-28.900789214358653,28.900789214358653,0.28448489274758065,0.23370981190044054,0.5181947046480212,25.010310633740552,9.553803284691057,0.0,1.4038156243018278,3.6320667266845703,43.58092329219288,10.410489678382874,worst_uncertainty_stratified_mhz
7494,250.0,7,28.81246329923662,-28.81246329923662,28.81246329923662,0.04134075213998683,0.029934100734080076,0.0712748528740669,22.562882878223867,17.573324689775657,0.0,0.17036976465204745,1.2742516994476318,43.51077452769601,3.7330856919288635,worst_uncertainty_stratified_mhz
7535,250.0,7,28.383449561726536,-28.383449561726536,28.383449561726536,0.025637512767912263,0.014569102179629452,0.04020661494754171,22.315590845324483,17.139142615824603,0.0,0.20357251776790175,1.431842565536499,42.79219408957666,3.8959935009479523,worst_uncertainty_stratified_mhz
6624,250.0,7,28.32789923287964,-28.32789923287964,28.32789923287964,0.09929769568306686,0.07370146957943212,0.17299916526249898,22.07831800748305,17.16580768397922,0.0,1.1081330644269904,3.2228431701660156,38.7175267159461,3.8391271233558655,worst_uncertainty_stratified_mhz
6973,250.0,7,28.263387853721074,-28.263387853721074,28.263387853721074,0.05014797810965536,0.0473471402828134,0.09749511839246876,22.23707150855194,16.811383349379994,0.0,0.5503616466236103,2.2805371284484863,41.09288259540817,4.136442720890045,worst_uncertainty_stratified_mhz
6959,250.0,7,28.122735043039174,-28.122735043039174,28.122735043039174,0.01619344251066744,0.02314207950692461,0.03933552201759205,21.767804576794397,17.993505235190398,0.0,0.04351672847823451,0.6563816070556641,42.79219408957666,2.9187000393867493,worst_uncertainty_stratified_mhz
7586,250.0,7,28.056571100900072,-28.056571100900072,28.056571100900072,0.01943461439555978,0.02297390152866154,0.04240851592422132,22.328425346561495,16.174811806357635,0.0,0.20569618354806707,1.4532642364501953,42.79219408957666,4.6179229617118835,worst_uncertainty_stratified_mhz
7813,265.0,7,35.03154851308035,-35.03154851308035,35.03154851308035,0.8347063462151495,0.5659446669794137,1.400651013194563,30.03724955919088,10.092844080104783,0.0,8.331024939663038,7.555964469909668,35.856484769146014,11.79980742931366,worst_uncertainty_stratified_mhz
6697,265.0,7,29.71087703882923,-29.71087703882923,29.71087703882923,0.7051705762315087,0.665414701409454,1.3705852776409628,25.971819793719348,6.674617308360203,0.0,2.887610211264345,4.780014991760254,41.38840417314975,13.129726529121399,worst_uncertainty_stratified_mhz
7681,265.0,7,28.96990194387066,-28.96990194387066,28.96990194387066,1.6281986009144394,0.6064196173161728,2.234618218230612,25.267454310557305,4.060651235336369,0.0,7.615111811263432,7.5527143478393555,27.75197065074839,14.803977489471436,worst_uncertainty_stratified_mhz
6908,265.0,7,28.584705149903378,-28.584705149903378,28.584705149903378,1.153219001438643,0.49165354069437556,1.6448725421330186,23.461685807974078,9.780936454745895,0.0,5.4164770439965615,6.857783794403076,29.23263373355196,10.613705456256866,worst_uncertainty_stratified_mhz
7941,265.0,7,28.10554067833338,-28.10554067833338,28.10554067833338,0.2010185643275251,0.759790083788469,0.9608086481159941,25.75620142913889,3.8783660360207004,0.0,3.411237754234193,5.136363983154297,39.5535633666551,14.845706343650818,worst_uncertainty_stratified_mhz
7047,265.0,7,27.178707514991487,-27.178707514991487,27.178707514991487,1.253622132099796,1.0003234261073846,2.253945558207181,22.780521933286337,6.033373022562678,0.0,2.948346444656508,4.969700813293457,34.6946501639662,13.18414580821991,worst_uncertainty_stratified_mhz
6787,265.0,7,26.714910821446487,-26.714910821446487,26.714910821446487,0.8358039783139679,1.0547080661864052,1.8905120445003731,22.57720420702327,6.266742536574257,0.0,7.747619617315365,6.9328765869140625,22.726292592501753,12.925935983657837,worst_uncertainty_stratified_mhz
7905,265.0,7,26.072486490007986,-26.072486490007986,26.072486490007986,0.5828615808531619,0.28664960231890135,0.8695111831720632,22.772389728910266,6.9104060610582865,0.0,0.3447713637789178,2.063042640686035,42.79219408957666,12.290670275688171,worst_uncertainty_stratified_mhz
7415,265.0,7,25.561717374350707,-25.561717374350707,25.561717374350707,0.08811144031609207,0.10416288088445674,0.19227432120054883,23.24640765611704,6.025025947379776,0.0,0.5428927417608378,2.614835739135742,42.79219408957666,12.902708649635315,worst_uncertainty_stratified_mhz
7306,265.0,7,25.522012715643452,-25.522012715643452,25.522012715643452,0.5418271848623067,0.3952482821242801,0.9370754669865868,23.62541820879155,2.695045092569807,0.0,1.010155488750442,3.0080862045288086,42.22243923555341,15.45943820476532,worst_uncertainty_stratified_mhz
6657,265.0,7,25.412398789860397,-25.412398789860397,25.412398789860397,0.10069481182237351,0.06354735572219272,0.16424216754456622,23.000875409475764,6.379271109816781,0.0,0.5354500565819649,2.1386566162109375,42.79219408957666,12.584758520126343,worst_uncertainty_stratified_mhz
7326,270.0,7,28.29709140902419,-28.29709140902419,28.29709140902419,0.09088397589491194,0.15985042458568977,0.2507344004806017,22.798821095067137,14.897199741156513,0.0,0.7001522147714354,2.523942470550537,41.673395290040865,6.24142861366272,worst_uncertainty_stratified_mhz
7220,270.0,7,27.882665658696958,-27.882665658696958,27.882665658696958,0.06416485580765231,0.05071543082189326,0.11488028662954558,22.95055173114586,13.689652954174598,0.0,0.5492226120933736,2.2367167472839355,42.56594149082104,7.165852665901184,worst_uncertainty_stratified_mhz
6686,270.0,7,27.007877073587498,-27.007877073587498,27.007877073587498,0.09398642980630757,0.04021086912746168,0.13419729893376925,21.409774520280106,15.536028823535496,0.0,0.2681828547469962,1.5040526390075684,40.77913069205865,4.923564076423645,worst_uncertainty_stratified_mhz
6815,270.0,7,26.903327158458804,-26.903327158458804,26.903327158458804,0.2347169827569694,0.14960538384900338,0.38432236660597274,22.202997798417986,12.225368715734069,0.0,1.4433806992762328,4.305325508117676,37.21390869016583,8.089646935462952,worst_uncertainty_stratified_mhz
6571,270.0,7,26.840295564127974,-26.840295564127974,26.840295564127974,0.13552145329227103,0.12280358794966896,0.25832504124194,22.73536492275646,10.930224735921243,0.0,0.6041476767610412,2.588101863861084,41.674332628129754,9.24135035276413,worst_uncertainty_stratified_mhz
7842,270.0,7,26.640109904420264,-26.640109904420264,26.640109904420264,0.2754903652904898,0.4619876721753634,0.7374780374658532,21.39381734724841,12.675910767605908,0.0,4.763160894034684,6.890163898468018,26.37114900795944,7.552232027053833,worst_uncertainty_stratified_mhz
7354,270.0,7,24.48140918740588,-24.48140918740588,24.48140918740588,0.002425260798513625,0.005168402622265475,0.0075936634207790996,18.702423312633144,16.436116242725898,0.0,0.026114186521379423,0.5465385913848877,36.80607966083864,2.1544758677482605,worst_uncertainty_stratified_mhz
7812,280.0,7,30.02621636541108,-30.02621636541108,30.02621636541108,0.15152168330056448,0.11811459639234935,0.2696362796929138,24.30854548968895,15.43282878136412,0.0,1.5580413419829569,3.6390700340270996,41.861938261384886,6.704415440559387,worst_uncertainty_stratified_mhz
6942,280.0,7,28.341189319817992,-28.341189319817992,28.341189319817992,0.044245715099628546,0.02090638660942315,0.0651521017090517,21.545686670932778,19.202072981901846,0.0,0.005982724975625464,0.2872138023376465,42.79219408957666,2.0090402215719223,worst_uncertainty_stratified_mhz
6906,280.0,7,26.179571918309865,-26.179571918309865,26.179571918309865,0.1441385848254059,0.14203827125177845,0.28617685607718435,20.863946520748406,14.257291635609398,0.0,0.857417542130861,3.142719268798828,36.87033868843626,5.875960826873779,worst_uncertainty_stratified_mhz
7243,280.0,7,25.575093296530426,-25.575093296530426,25.575093296530426,0.10695991475723847,0.09628483845457617,0.20324475321181462,20.785567198642116,12.984386640013932,0.0,1.3166835938169434,3.4952521324157715,35.442515077234575,6.871722877025604,worst_uncertainty_stratified_mhz
7652,280.0,7,25.48850829999896,-25.48850829999896,25.48850829999896,0.027652612157819872,0.006123909444930261,0.03377652160275013,19.407270076565304,17.222175238758634,0.0,0.026506110343158973,0.4870259761810303,38.27450195626326,2.0660397112369537,worst_uncertainty_stratified_mhz
6963,280.0,7,24.646625690940372,-24.646625690940372,24.646625690940372,0.07497730037078786,0.09188296757763763,0.16686026794842548,19.326322834748265,14.633788064109988,0.0,0.3237676250989088,1.5755980014801025,36.42951241781861,4.499241203069687,worst_uncertainty_stratified_mhz
7129,300.0,7,29.40453427879928,-29.40453427879928,29.40453427879928,0.04999897732001426,0.0555814054993696,0.10558038281938387,22.754587733542355,18.539309827468333,0.0,0.62735575918932,2.5953187942504883,41.65914515445558,3.560916930437088,worst_uncertainty_stratified_mhz
6461,300.0,7,29.285337565635174,-29.285337565635174,29.285337565635174,0.08269532926165332,0.03655770279254229,0.11925303205419562,23.070449219772744,17.304276773463062,0.0,0.554281620068366,2.347809314727783,42.68452588468097,4.755560398101807,worst_uncertainty_stratified_mhz
6780,300.0,7,28.773195896807923,-28.773195896807923,28.773195896807923,0.011333173556086595,0.017081759967388397,0.028414933523474992,22.307975892588427,18.2973938140633,0.0,0.19727685423930552,1.429203987121582,42.79219408957666,3.393918991088867,worst_uncertainty_stratified_mhz
7364,300.0,7,28.690714893790094,-28.690714893790094,28.690714893790094,0.03877343363515539,0.025964027265314195,0.06473746090046958,22.359888007008514,17.79164749742433,0.0,0.3662045357685235,1.9615192413330078,42.02584770114697,3.8778832256793976,worst_uncertainty_stratified_mhz
6692,300.0,7,28.681434711881096,-28.681434711881096,28.681434711881096,0.12332860025519622,0.050320455539609746,0.17364905579480597,23.202584848672913,15.075980736023674,0.0,0.5764833861553846,2.6701130867004395,42.58208983833462,6.6351805329322815,worst_uncertainty_stratified_mhz
7575,300.0,7,28.579652178732456,-28.579652178732456,28.579652178732456,0.02149301247862905,0.011052826711218544,0.03254583918984759,21.80818066450828,19.18781037882546,0.0,0.04482238877436351,0.7345224618911743,42.79219408957666,2.2821727246046066,worst_uncertainty_stratified_mhz
8726,120.0,8,161.14825757757816,-161.14825757757816,161.14825757757816,11.868402098906998,8.556413526828472,20.42481562573547,140.6710200373485,0.0,0.0,120.98647157515279,33.30691909790039,6.06217782649107,52.45604419708252,worst_uncertainty_stratified_mhz
8192,120.0,8,71.78920453649296,-71.78920453649296,71.78920453649296,0.9922415206998836,3.700953007898899,4.693194528598783,67.0240021798468,0.0,0.0,56.167940259632815,20.785099029541016,0.9270248108869579,26.019835472106934,worst_uncertainty_stratified_mhz
8137,120.0,8,61.089580718846925,-61.089580718846925,61.089580718846925,4.33125392696874,4.347330322406451,8.678584249375191,52.354488732281474,0.0,0.0,41.986918964732865,20.25101661682129,0.4841229182759271,28.667452096939087,worst_uncertainty_stratified_mhz
8498,150.0,8,1461.6905715626579,-1461.6905715626579,1461.6905715626579,56.89644241453627,90.03614142759429,146.93258384213055,1314.6750612252179,0.0,0.0,1253.4489428091251,117.31201553344727,5.140221298738022,106.73332071304321,worst_uncertainty_stratified_mhz
9121,150.0,8,223.07939916260162,-223.07939916260162,223.07939916260162,10.012039024908255,15.432149055871502,25.444188080779757,197.59701172462744,0.0,0.0,173.56737142283237,44.597434997558594,3.461845606031557,86.22198104858398,worst_uncertainty_stratified_mhz
9552,150.0,8,212.3532933128937,-212.3532933128937,212.3532933128937,41.55885574653052,10.18887626701906,51.74773201354958,160.54479480578993,0.0,0.0,143.69044126921085,30.13799285888672,3.570714214271425,49.316218852996826,worst_uncertainty_stratified_mhz
9556,150.0,8,172.99536358253278,-172.99536358253278,172.99536358253278,5.327456648140051,12.389583061578557,17.71703970971861,155.2045025426342,0.0,0.0,134.65858676516905,39.73398399353027,1.357847561400027,39.29842710494995,worst_uncertainty_stratified_mhz
8177,155.0,8,841.7482587779147,-841.7482587779147,841.7482587779147,14.44115432638474,54.46408053560686,68.9052348619916,772.783246112487,0.0,0.0,731.21021021259,80.52703094482422,2.6190408549696205,113.08921241760254,worst_uncertainty_stratified_mhz
9215,155.0,8,778.9080095067857,-778.9080095067857,778.9080095067857,20.90474858735952,64.60997031421635,85.51471890157588,693.2605921302714,0.0,0.0,647.937257095763,89.2830810546875,1.3635890143294642,47.955735206604004,worst_uncertainty_stratified_mhz
9584,155.0,8,741.244290708059,-741.244290708059,741.244290708059,52.56120429416084,53.067008169096546,105.62821246325738,635.5585072159829,0.0,0.0,600.2109813409179,67.6357421875,3.059309562630104,106.38685894012451,worst_uncertainty_stratified_mhz
8406,155.0,8,455.3276204934697,-455.3276204934697,455.3276204934697,19.985726662897964,30.431828557570135,50.4175552204681,404.84120317595523,0.0,0.0,374.1628936922607,60.70709991455078,0.649519052838329,70.2247371673584,worst_uncertainty_stratified_mhz
8963,155.0,8,432.65380946807545,-432.65380946807545,432.65380946807545,46.528155713957595,24.097532823630225,70.62568853758782,361.93046219065826,0.0,0.0,333.3829143706198,53.80211067199707,3.292984968079873,46.741275787353516,worst_uncertainty_stratified_mhz
8384,155.0,8,424.18129827558363,-424.18129827558363,424.18129827558363,52.952844122138934,39.58449380719542,92.53733792933436,331.6138608339279,0.0,0.0,297.9719363038894,64.64105224609375,2.6427968139832467,143.37328338623047,worst_uncertainty_stratified_mhz
8189,155.0,8,418.2743496941967,-418.2743496941967,418.2743496941967,58.95095784539586,20.452345751369847,79.40330359676571,338.8011611094937,0.0,0.0,306.22881243512165,59.836978912353516,5.3077184363905365,62.60069274902344,worst_uncertainty_stratified_mhz
9249,155.0,8,401.2331631302456,-401.2331631302456,401.2331631302456,67.49185778164895,20.748849460116546,88.24070724176549,312.9195703223345,0.0,0.0,287.51108130914054,49.413856506347656,1.403121520040228,58.160183906555176,worst_uncertainty_stratified_mhz
8587,170.0,8,163.99815938805384,-163.99815938805384,163.99815938805384,4.585017366460072,9.135985598018319,13.72100296447839,150.1712317552496,0.0,0.0,130.31078590812143,36.67181396484375,3.049077729412617,26.942201375961304,worst_uncertainty_stratified_mhz
9513,170.0,8,92.50432738684333,-92.50432738684333,92.50432738684333,2.6412366842706323,4.098218007393996,6.739454691664628,85.71480143523979,0.0,0.0,69.17471285697115,30.662792205810547,2.4173849507267144,41.526484966278076,worst_uncertainty_stratified_mhz
8025,170.0,8,81.01232932266686,-81.01232932266686,81.01232932266686,7.571800941534685,3.41661816690221,10.988419108436895,69.94211291093212,0.0,0.0,44.92438748028176,22.28263568878174,27.752815172518986,20.485289454460144,worst_uncertainty_stratified_mhz
8253,180.0,8,93.14303680932369,-93.14303680932369,93.14303680932369,1.8758615267288625,4.626528694794529,6.502390221523392,86.51203518804013,0.0,0.0,71.4671523849475,28.985795497894287,1.103970108290981,16.432883739471436,worst_uncertainty_stratified_mhz
9187,180.0,8,58.161807385942716,-58.161807385942716,58.161807385942716,3.02490584757175,2.4039076242188107,5.42881347179056,50.34491003240698,6.42176609579723,0.0,39.353693620713806,18.86995792388916,3.112474899497183,11.165092408657074,worst_uncertainty_stratified_mhz
8367,180.0,8,37.976667621576354,-37.976667621576354,37.976667621576354,0.47120078931702575,0.9946251372227611,1.4658259265397868,30.222329037652496,17.522160431672987,0.0,12.492319242197246,11.624974489212036,23.835045101698466,5.673033505678177,worst_uncertainty_stratified_mhz
9474,180.0,8,37.85108033988227,-37.85108033988227,37.85108033988227,0.5579148622778433,0.5227660575325586,1.0806809198104017,30.936670349541536,16.375291031966263,0.0,6.411038645164567,7.929872989654541,41.1213904190994,6.183023810386658,worst_uncertainty_stratified_mhz
9376,200.0,8,28.52870231677425,-28.52870231677425,28.52870231677425,0.012035942803892433,0.0076827097846025524,0.019718652588494985,22.41133212318441,17.382068446351145,0.0,0.030074041502131443,0.5669281482696533,44.1955880150949,3.1128636300563812,worst_uncertainty_stratified_mhz
9564,200.0,8,27.668166584052223,-27.668166584052223,27.668166584052223,0.13616125031124748,0.04701801918939496,0.18317926950064245,23.359280071758487,11.706829150863639,0.0,0.6189912373430815,2.6883835792541504,42.79219408957666,6.945994019508362,worst_uncertainty_stratified_mhz
9106,200.0,8,27.63010566769112,-27.63010566769112,27.63010566769112,0.03175934050455678,0.021845631414030335,0.05360497191858712,22.186611295114897,15.335927301551276,0.0,0.1468782620910929,1.2872719764709473,42.79219408957666,4.293632745742798,worst_uncertainty_stratified_mhz
8010,200.0,8,27.146527918065853,-27.146527918065853,27.146527918065853,0.004074069020470978,0.009110970575766084,0.013185039596237062,21.05932743169778,17.288497798774053,0.0,0.05268483678814473,0.7193691730499268,41.293916016769344,2.490447610616684,worst_uncertainty_stratified_mhz
8051,200.0,8,25.32911493033273,-25.32911493033273,25.32911493033273,0.04083310641149329,0.013891036557753261,0.054724142969246554,19.931306743334236,15.184519251605558,0.0,0.14415973954495254,1.2997920513153076,38.27450195626326,3.3302896320819855,worst_uncertainty_stratified_mhz
9252,200.0,8,25.14701504751069,-25.14701504751069,25.14701504751069,0.02906853020836468,0.003992969831631322,0.033061500039996,19.40492772456198,16.263167939841647,0.0,0.02347055632109729,0.48841238021850586,38.27450195626326,2.264004170894623,worst_uncertainty_stratified_mhz
9270,200.0,8,24.27342910416001,-24.27342910416001,24.27342910416001,0.014636152244208896,0.005316523078533853,0.01995267532274275,18.85627912762573,15.389407666047225,0.0,0.012426221655172043,0.33654284477233887,37.351162967168776,2.5556365847587585,worst_uncertainty_stratified_mhz
8446,200.0,8,22.60232315935296,-22.60232315935296,22.60232315935296,0.002045249995845277,0.002782324477628539,0.004827574473473816,17.3579894267973,14.90975819168355,0.0,0.02745497063918645,0.5344663858413696,34.126602526474855,1.9640730321407318,worst_uncertainty_stratified_mhz
9362,230.0,8,32.54189557989701,-32.54189557989701,32.54189557989701,0.26985494250808323,0.4806659420943925,0.7505208846024758,27.094318899977893,13.163478767171974,0.0,8.75280070834151,8.149339199066162,28.533697184206606,8.232890844345093,worst_uncertainty_stratified_mhz
8847,230.0,8,31.377238128049168,-31.377238128049168,31.377238128049168,0.07014032230446922,0.1803298736088719,0.25047019591334113,25.819769032273435,14.965503084472342,0.0,3.381497571630112,6.801780939102173,38.07476198218447,6.655602246522903,worst_uncertainty_stratified_mhz
8759,230.0,8,28.05147722629462,-28.05147722629462,28.05147722629462,0.0430406157639746,0.01153854748330565,0.05457916324728025,22.420522137077892,15.899996062059127,0.0,0.043074818754686106,0.5593066215515137,44.1955880150949,4.560499012470245,worst_uncertainty_stratified_mhz
8814,230.0,8,26.8869934569166,-26.8869934569166,26.8869934569166,0.022861402098756294,0.026865076139693505,0.0497264782384498,20.99259939249293,16.614242804357524,0.0,0.15293509119385007,1.1191880702972412,40.56014053230092,3.293757140636444,worst_uncertainty_stratified_mhz
9574,230.0,8,26.653424347444275,-26.653424347444275,26.653424347444275,0.010814296506549541,0.012793821246192534,0.023608117752742075,20.817257929342052,16.550717146246736,0.0,0.06495612589327138,0.8722965717315674,40.632307035165994,3.2168055176734924,worst_uncertainty_stratified_mhz
8695,230.0,8,26.456805402140034,-26.456805402140034,26.456805402140034,0.09085947916161292,0.11069920761510578,0.2015586867767187,20.75502890118538,15.534306130481504,0.0,1.0554444887703047,3.057044506072998,36.34212431875715,4.063191801309586,worst_uncertainty_stratified_mhz
8512,230.0,8,26.437113175962963,-26.437113175962963,26.437113175962963,0.11889879703398402,0.14293602610459266,0.2618348231385767,22.561243735314257,10.218585579469387,0.0,1.6706576319899362,4.251392364501953,37.52977984214669,8.610117018222809,worst_uncertainty_stratified_mhz
8841,230.0,8,25.866823080825206,-25.866823080825206,25.866823080825206,0.037552911954142364,0.033598136596588994,0.07115104855073136,20.31812298389975,15.565681498017774,0.0,0.19146564498528562,1.2631316184997559,38.990183059329176,3.7006099224090576,worst_uncertainty_stratified_mhz
9196,250.0,8,29.80893834867168,-29.80893834867168,29.80893834867168,0.05181770243442821,0.09970147528265914,0.15151917771708734,24.326278793580904,15.110895647414688,0.0,1.1667158303660834,3.650526523590088,42.668599402839554,6.379785597324371,worst_uncertainty_stratified_mhz
8429,250.0,8,29.16266266549308,-29.16266266549308,29.16266266549308,0.4751736103712803,0.7713601219252276,1.246533732296508,26.05509668109557,5.137375030265512,0.0,11.562898220612794,10.3917236328125,18.59267328815305,13.504259824752808,worst_uncertainty_stratified_mhz
9285,250.0,8,28.879530120233884,-28.879530120233884,28.879530120233884,0.21812758645167954,0.1089154709883132,0.32704305743999273,23.79355042482129,13.490049097061094,0.0,1.207549524390842,3.8291139602661133,41.342887840594784,7.341673016548157,worst_uncertainty_stratified_mhz
8997,250.0,8,28.31219551038106,-28.31219551038106,28.31219551038106,0.23316355290953408,0.17178057244767964,0.4049441253572137,23.171191218287642,13.450840395468216,0.0,0.6538073044502397,2.2425737380981445,42.79219408957666,7.151548743247986,worst_uncertainty_stratified_mhz
8608,250.0,8,28.124282571494604,-28.124282571494604,28.124282571494604,0.0839354538272327,0.034189760242964044,0.11812521407019674,21.647078433144735,18.016390363149863,0.0,0.3821386770414952,1.7394471168518066,40.79043239535467,2.897202104330063,worst_uncertainty_stratified_mhz
8674,250.0,8,28.001296504672514,-28.001296504672514,28.001296504672514,0.16115292071620732,0.12439431446031377,0.2855472351765211,21.47080396960132,17.621717555955023,0.0,0.9845597207846737,3.108628749847412,37.86385974778588,3.2072553634643555,worst_uncertainty_stratified_mhz
8279,250.0,8,27.75593763929367,-27.75593763929367,27.75593763929367,0.08468394231265863,0.029869301115256104,0.11455324342791473,20.986938791993328,18.802805680756457,0.0,0.29953892798902526,1.4578938484191895,39.916905879589414,1.8624916970729828,worst_uncertainty_stratified_mhz
8840,250.0,8,27.58352905564348,-27.58352905564348,27.58352905564348,0.17709378379874274,0.12587360510743414,0.3029673889061769,21.324055814949535,16.799955014881153,0.0,1.321917562207659,3.640876293182373,36.36340021230138,3.756281852722168,worst_uncertainty_stratified_mhz
8330,250.0,8,27.361887488498223,-27.361887488498223,27.361887488498223,0.0821466975899941,0.06662418720096216,0.14877088479095626,21.409009420474888,16.49066296118883,0.0,0.2586040222461383,1.668503761291504,40.632307035165994,3.926864355802536,worst_uncertainty_stratified_mhz
8278,250.0,8,27.191028131466783,-27.191028131466783,27.191028131466783,0.1236656550064869,0.08734615670052222,0.2110118117070091,21.004421193208504,16.915818044645103,0.0,0.5619261606045347,2.447744131088257,38.43724593411968,3.4037120044231415,worst_uncertainty_stratified_mhz
8636,250.0,8,27.03800985511328,-27.03800985511328,27.03800985511328,0.2528690491680466,0.1760711018460434,0.42894015101409,21.22431594240437,15.207602399063235,0.0,1.5313739165773512,3.845414161682129,35.54046988997191,4.982399344444275,worst_uncertainty_stratified_mhz
8412,250.0,8,26.707550267081327,-26.707550267081327,26.707550267081327,0.06666163463135809,0.025876730977997735,0.09253836560935583,21.095471506982467,15.689241098105477,0.0,0.24047916767031197,1.8046278953552246,39.905356783269085,4.331118643283844,worst_uncertainty_stratified_mhz
8767,265.0,8,38.53460289539923,-38.53460289539923,38.53460289539923,1.9748367243563585,0.730780990870207,2.7056177152265652,32.83055808704095,8.396372411504705,0.0,10.03712235486374,8.511357307434082,37.075514156920335,13.267647862434387,worst_uncertainty_stratified_mhz
8182,265.0,8,34.54425375551875,-34.54425375551875,34.54425375551875,0.621866364788494,0.5977258378990189,1.219592202687513,30.1933926939328,8.78744665076942,0.0,7.764028676305088,7.623202323913574,37.23552571134185,12.514705181121826,worst_uncertainty_stratified_mhz
9156,265.0,8,32.94920348345937,-32.94920348345937,32.94920348345937,0.9813153766500292,0.7468667723990688,1.728182149049098,28.52810708422854,7.592742871225738,0.0,3.404761671228698,7.122053146362305,43.12463767963738,13.011133193969727,worst_uncertainty_stratified_mhz
8464,265.0,8,32.35518944864335,-32.35518944864335,32.35518944864335,1.7039498954401069,1.373265979100222,3.077215874540329,27.632699193769827,4.5958493946843735,0.0,4.706875571719593,5.336989402770996,40.51465784132947,14.767936706542969,worst_uncertainty_stratified_mhz
8717,265.0,8,31.512830250971398,-31.512830250971398,31.512830250971398,0.878531580655112,0.7599220521302785,1.6384536327853905,27.846430423330393,5.668769975236665,0.0,6.063220738421251,6.627280235290527,36.93913913452776,14.030001163482666,worst_uncertainty_stratified_mhz
9105,265.0,8,29.37103926279679,-29.37103926279679,29.37103926279679,0.3243625470183407,0.6403298301955842,0.9646923772139249,25.96335704713814,6.866413530296378,0.0,4.233635608732584,7.172392845153809,36.2870500316573,12.942349433898926,worst_uncertainty_stratified_mhz
9500,265.0,8,29.200792265671048,-29.200792265671048,29.200792265671048,0.4329380588407145,0.7025966221271004,1.1355346809678148,25.733292298398155,6.5092621313266905,0.0,8.00401854577052,8.106959342956543,27.35158816229873,13.165259599685669,worst_uncertainty_stratified_mhz
8989,265.0,8,29.01342083747738,-29.01342083747738,29.01342083747738,0.8928120973195085,0.46855653834595956,1.361368635665468,25.2862223002592,6.618562441727053,0.0,6.6404156661907905,8.426084518432617,28.865528749704204,13.058692693710327,worst_uncertainty_stratified_mhz
9367,265.0,8,28.8093803258335,-28.8093803258335,28.8093803258335,0.6244896927492012,0.6570238481419611,1.2815135408911624,25.778838720351523,4.88992032065973,0.0,4.5697216180328155,5.666746139526367,36.75148806511105,14.230039358139038,worst_uncertainty_stratified_mhz
8462,265.0,8,28.35462438927265,-28.35462438927265,28.35462438927265,0.6017133282171319,0.4670076279295952,1.068720956146727,25.42068499059989,5.2485973242942405,0.0,2.469438946030948,4.9339447021484375,40.96854738698945,13.926616907119751,worst_uncertainty_stratified_mhz
8329,265.0,8,27.675929943305743,-27.675929943305743,27.675929943305743,0.7666245186569914,0.6465816817492372,1.4132062004062287,23.87762400858865,6.697324769918687,0.0,4.395616149823127,6.688105583190918,32.27591013434013,12.772743225097656,worst_uncertainty_stratified_mhz
9379,270.0,8,28.928100594931724,-28.928100594931724,28.928100594931724,0.15674637198893696,0.0562108695498956,0.21295724153883255,23.085489367227193,16.01019896525909,0.0,0.33161090181078734,1.576169490814209,43.9315874400186,5.519178211688995,worst_uncertainty_stratified_mhz
8463,270.0,8,28.606692518859504,-28.606692518859504,28.606692518859504,0.059378106536992596,0.17328479055813056,0.23266289709512317,22.612032129570643,16.20323568140734,0.0,3.5257375406805798,5.459824085235596,32.71276509254453,5.166165918111801,worst_uncertainty_stratified_mhz
9241,270.0,8,27.210082439640317,-27.210082439640317,27.210082439640317,0.6862425992416287,0.35864298526048916,1.0448855845021179,21.407177752685563,13.404603800437762,0.0,3.5802284785699747,6.84661865234375,28.80727989588743,7.123221814632416,worst_uncertainty_stratified_mhz
8827,270.0,8,26.53880793203148,-26.53880793203148,26.53880793203148,0.010566548700752252,0.009746829512740607,0.02031337821349286,20.257667282534218,17.792838323497193,0.0,0.08466737981325756,0.9245985746383667,39.42140123080355,2.1822901219129562,worst_uncertainty_stratified_mhz
9261,270.0,8,26.360337389800165,-26.360337389800165,26.360337389800165,0.025097753509467316,0.02404254622554012,0.049140299735007435,20.707853850770245,15.959714245271494,0.0,0.08099988441343609,0.9641311168670654,40.28957681584655,4.079009503126144,worst_uncertainty_stratified_mhz
9393,270.0,8,23.782714950525836,-23.782714950525836,23.782714950525836,0.0385511676987572,0.0960020226749846,0.1345531903737418,18.690579157178995,13.96764014845796,0.0,1.5999312716834702,4.024414300918579,30.156881470072467,4.588994681835175,worst_uncertainty_stratified_mhz
8806,270.0,8,22.463552026785187,-22.463552026785187,22.463552026785187,0.47740478619727983,0.2967271669450236,0.7741319531423034,17.431730671673414,11.919699841524947,0.0,4.426937454401218,6.097671031951904,19.911915402592488,6.131016284227371,worst_uncertainty_stratified_mhz
8832,280.0,8,29.6180195130114,-29.6180195130114,29.6180195130114,0.08999882052222881,0.11429163292103085,0.20429045344325966,23.189977863214217,17.614492933678598,0.0,1.1013762362023263,3.246049165725708,40.93115408829807,4.471236079931259,worst_uncertainty_stratified_mhz
8782,280.0,8,28.761361783461812,-28.761361783461812,28.761361783461812,0.06951613551219091,0.10010121024561475,0.16961734575780565,22.91481021364229,16.08835670006938,0.0,1.0127477888732663,2.9270224571228027,40.877102392415246,5.468198716640472,worst_uncertainty_stratified_mhz
8610,280.0,8,28.621980682449,-28.621980682449,28.621980682449,0.054965099770206284,0.08860951110007233,0.14357461087027862,22.741136801441517,16.279065116869436,0.0,0.6800121572739748,2.632227897644043,41.49002139069104,5.206450879573822,worst_uncertainty_stratified_mhz
9489,280.0,8,26.068178926177453,-26.068178926177453,26.068178926177453,0.44877536791898337,0.08671863308098644,0.5354940009999698,19.92580448017467,15.86114774908543,0.0,0.818023710496874,3.0801093578338623,35.13545218152173,4.075645685195923,worst_uncertainty_stratified_mhz
9264,280.0,8,25.14242587841455,-25.14242587841455,25.14242587841455,0.011899857251066175,0.011846561774076598,0.023746419025142775,19.102512522432,17.11513440602929,0.0,0.03907591856718162,0.513710618019104,37.613162589710534,1.9102928191423416,worst_uncertainty_stratified_mhz
8119,280.0,8,24.765295662816357,-24.765295662816357,24.765295662816357,0.2319940062040198,0.12901534593309658,0.3610093521371164,19.19922056714545,14.734904194110028,0.0,0.7299261792973359,2.818396806716919,34.120191968979306,4.4637936651706696,worst_uncertainty_stratified_mhz
8905,300.0,8,30.155525412816747,-30.155525412816747,30.155525412816747,0.01833159660749467,0.01940848700612667,0.03774008361362134,23.287298990591747,19.401158130731755,0.0,0.2571967860228135,1.8646163940429688,44.1955880150949,3.163255751132965,worst_uncertainty_stratified_mhz
8495,300.0,8,28.186380853353782,-28.186380853353782,28.186380853353782,0.22577613839717522,0.09232833883465183,0.31810447723182705,22.55417889616068,15.07407064495532,0.0,0.9482804169787755,3.0484585762023926,40.16333838216141,6.377565145492554,worst_uncertainty_stratified_mhz
9142,300.0,8,27.953041836686385,-27.953041836686385,27.953041836686385,0.007037830589463393,0.009702091435239882,0.016739922024703275,21.240410268720122,19.022196262393958,0.0,0.09210868694146668,1.0053359270095825,41.29126723654773,1.9902322441339493,worst_uncertainty_stratified_mhz
9536,300.0,8,27.68118656968732,-27.68118656968732,27.68118656968732,0.03345321911085553,0.03755578974270033,0.07100900885355586,21.106913713582284,18.519201654397516,0.0,0.041266179970903316,0.6380727291107178,41.49322233811204,2.357358068227768,worst_uncertainty_stratified_mhz
9133,300.0,8,27.327266529042344,-27.327266529042344,27.327266529042344,0.009845157747450473,0.012659491806679956,0.02250464955413043,21.033842574809352,17.821721011944383,0.0,0.14825379734008148,1.0987052917480469,40.67247226319049,2.8892004787921906,worst_uncertainty_stratified_mhz
9385,300.0,8,27.22270984454633,-27.22270984454633,27.22270984454633,0.029889765225298803,0.017359251284669898,0.0472490165099687,21.41797228975538,16.39478363179848,0.0,0.11645642127139322,1.217836618423462,41.38519511854451,4.417163699865341,worst_uncertainty_stratified_mhz
9987,120.0,9,152.71286129997335,-152.71286129997335,152.71286129997335,17.324380373915442,10.03744502676768,27.361825400683124,125.29545836504289,0.0,0.0,109.17928236687999,31.799339294433594,0.4330127018922193,47.00140619277954,worst_uncertainty_stratified_mhz
10980,120.0,9,118.63356405885224,-118.63356405885224,118.63356405885224,12.89482941723521,6.356909477988799,19.25173889522401,99.32247934410623,0.0,0.0,83.96114362984048,30.391952514648438,0.33071891388307384,38.60015511512756,worst_uncertainty_stratified_mhz
10112,120.0,9,25.462493970436928,-25.462493970436928,25.462493970436928,1.4506027269257373,1.2950583118333934,2.7456610387591307,22.65064710079696,0.0,0.0,16.527090010037682,12.247114181518555,0.0,15.355825901031494,worst_uncertainty_stratified_mhz
11091,150.0,9,949.0179379054911,-949.0179379054911,949.0179379054911,73.32898325906423,61.15050176085352,134.47948501991775,814.4661782943961,0.0,0.0,764.7628668149297,96.58095932006836,2.8256636388643286,95.65722131729126,worst_uncertainty_stratified_mhz
10121,150.0,9,688.8032055237692,-688.8032055237692,688.8032055237692,67.45436322931569,47.01660223218913,114.47096546150482,574.2578813995393,0.0,0.0,535.8263978006426,73.73297119140625,3.1299960063872287,77.82524394989014,worst_uncertainty_stratified_mhz
10255,150.0,9,429.18552078939405,-429.18552078939405,429.18552078939405,1.687280059706682,30.427349755156,32.11462981486268,396.9814669423557,0.0,0.0,367.30106360409695,56.03712272644043,3.3236839500770827,53.57927751541138,worst_uncertainty_stratified_mhz
9967,150.0,9,307.2152391807518,-307.2152391807518,307.2152391807518,3.6833103292354967,20.478801512944553,24.16211184218005,282.9655684871078,0.0,0.0,255.32510202139656,53.13398742675781,2.1469455046647083,45.62330150604248,worst_uncertainty_stratified_mhz
10103,155.0,9,566.3710441198782,-566.3710441198782,566.3710441198782,51.314413363487155,35.72200203413959,87.03641539762674,479.22505155082615,0.0,0.0,446.9337030972241,62.58660697937012,1.996089927833914,48.23268914222717,worst_uncertainty_stratified_mhz
9829,155.0,9,558.9199715713033,-558.9199715713033,558.9199715713033,34.174433436192004,35.067046908542224,69.24148034473423,489.5997441030465,0.0,0.0,451.58122297542684,73.51836204528809,2.5186802099512358,67.46418023109436,worst_uncertainty_stratified_mhz
9771,155.0,9,487.79082229333767,-487.79082229333767,487.79082229333767,40.25514179262855,33.453653759317895,73.70879555194645,413.9703405557157,0.0,0.0,379.24629840021487,67.11623954772949,2.331844763272204,43.5914409160614,worst_uncertainty_stratified_mhz
10430,155.0,9,371.57922186539713,-371.57922186539713,371.57922186539713,7.9199833496382395,23.030262891958564,30.950246241596805,340.5362399174197,0.0,0.0,312.53736458483297,52.956369400024414,3.0413812651491097,47.65889811515808,worst_uncertainty_stratified_mhz
10446,155.0,9,361.35955926515305,-361.35955926515305,361.35955926515305,43.848937178692374,21.023794620362654,64.87273179905503,296.44363326523876,0.0,0.0,267.91700792151005,52.79957580566406,4.253674881793389,94.7359266281128,worst_uncertainty_stratified_mhz
10426,155.0,9,251.00496878956932,-251.00496878956932,251.00496878956932,18.419384140499023,13.715932076174424,32.135316216673445,218.81438018698256,0.0,0.0,195.46126376958978,45.319915771484375,1.3863170633011772,63.23567342758179,worst_uncertainty_stratified_mhz
10642,155.0,9,238.53710792176116,-238.53710792176116,238.53710792176116,39.843130493909065,14.129587834777121,53.972718328686184,184.49171792275416,0.0,0.0,160.5301023352612,43.911529541015625,4.011701633970303,43.58661150932312,worst_uncertainty_stratified_mhz
9642,155.0,9,236.43133787432294,-236.43133787432294,236.43133787432294,13.788006910140282,16.679808281970097,30.46781519211038,205.89509270947678,0.0,0.0,183.0941718333322,44.519309997558594,1.0825317547305484,49.43458604812622,worst_uncertainty_stratified_mhz
10768,170.0,9,311.5366337657208,-311.5366337657208,311.5366337657208,3.2095093044305387,22.384494667957746,25.594003972388286,285.8644729986759,0.0,0.0,259.6217282857169,51.38151931762695,1.103970108290981,51.53992557525635,worst_uncertainty_stratified_mhz
10188,170.0,9,181.57701971383094,-181.57701971383094,181.57701971383094,10.785987748693083,9.656929392192373,20.442917140885456,161.05974745629337,0.0,0.0,141.96166118709968,36.33371448516846,1.8624580532189174,40.06034505367279,worst_uncertainty_stratified_mhz
10778,170.0,9,101.45745799194592,-101.45745799194592,101.45745799194592,3.716516216655354,6.444241355841271,10.160757572496625,91.18028265878164,0.0,0.0,76.55706489823541,26.096534729003906,3.149900792088538,18.789421319961548,worst_uncertainty_stratified_mhz
10331,180.0,9,153.4781577047948,-153.4781577047948,153.4781577047948,1.3452027181362574,9.065433179399978,10.410635897536235,142.944728346118,0.0,0.0,124.41170476993122,35.86708927154541,1.1989578808281798,22.708862900733948,worst_uncertainty_stratified_mhz
10018,180.0,9,77.26642271274717,-77.26642271274717,77.26642271274717,2.224346340621849,3.646872502217345,5.871218842839195,71.31300328119067,0.0,0.0,58.85556723568965,22.516956329345703,2.3979157616563596,23.332370042800903,worst_uncertainty_stratified_mhz
9986,180.0,9,76.09892176430901,-76.09892176430901,76.09892176430901,1.4582152631717102,3.349554284931869,4.807769548103579,71.21126756221496,0.0,0.0,57.99925832405273,24.89308738708496,1.5309310892394863,23.833502531051636,worst_uncertainty_stratified_mhz
10243,180.0,9,60.17463422797147,-60.17463422797147,60.17463422797147,0.2266556989868553,2.256154836835801,2.482810535822656,52.839140154916194,13.45310726823891,0.0,30.326813190557708,17.922128677368164,27.102525251348812,9.554357588291168,worst_uncertainty_stratified_mhz
10240,200.0,9,27.992958518253058,-27.992958518253058,27.992958518253058,0.009081278155475268,0.019968629245428034,0.029049907400903303,21.651566864426066,17.997301179744582,0.0,0.01561774882932454,0.4797041416168213,42.79219408957666,2.351495087146759,worst_uncertainty_stratified_mhz
9799,200.0,9,27.939831381894784,-27.939831381894784,27.939831381894784,0.05963085471058036,0.06417968091273378,0.12381053562331415,21.960393690382872,16.557453171821727,0.0,0.7104178781653507,2.407090663909912,40.09286096052513,3.4818372428417206,worst_uncertainty_stratified_mhz
10465,200.0,9,27.326458898229014,-27.326458898229014,27.326458898229014,0.035251421519805974,0.023978757964485405,0.05923017948429138,21.309635170376396,16.90424495658676,0.0,0.2280471492381002,1.5308690071105957,40.632307035165994,2.9042095839977264,worst_uncertainty_stratified_mhz
9639,200.0,9,26.60773594642242,-26.60773594642242,26.60773594642242,0.10814570762138938,0.07195181869129241,0.18009752631268178,20.802538018342222,15.909561395649781,0.0,0.5834573731192227,2.1636593341827393,38.27450195626326,3.3647187054157257,worst_uncertainty_stratified_mhz
10007,200.0,9,25.22440888235079,-25.22440888235079,25.22440888235079,0.022651582871315357,0.006041846882315933,0.02869342975363129,19.46843804673497,16.305123455512287,0.0,0.03463750996381432,0.5930991172790527,38.27450195626326,2.27140411734581,worst_uncertainty_stratified_mhz
10902,200.0,9,25.158897036899113,-25.158897036899113,25.158897036899113,0.13721845119475973,0.0809836889202833,0.21820214011504302,20.532551219642706,12.493022542891994,0.0,0.6142310704969098,1.960608959197998,37.87603133909359,5.505912721157074,worst_uncertainty_stratified_mhz
10804,200.0,9,23.48849639600129,-23.48849639600129,23.48849639600129,0.05452832757025,0.03774954816631946,0.09227787573656945,18.183146782920748,14.743028676854236,0.0,0.32767845215554914,1.584334135055542,34.126602526474855,2.699555218219757,worst_uncertainty_stratified_mhz
10105,200.0,9,23.26909569759117,-23.26909569759117,23.26909569759117,0.048943101713060454,0.023118750900380347,0.07206185261344081,17.747658438085914,15.411177572852507,0.0,0.17810305856045527,1.1558887958526611,33.983221963198254,1.9022620022296906,worst_uncertainty_stratified_mhz
10987,230.0,9,29.589201753267343,-29.589201753267343,29.589201753267343,0.13617328426660916,0.06175024303254407,0.19792352729915322,24.21304894623523,14.695607204092902,0.0,0.7458020365968849,2.8268485069274902,44.1076453123492,6.209942698478699,worst_uncertainty_stratified_mhz
10729,230.0,9,29.214926379592427,-29.214926379592427,29.214926379592427,0.0082653081621801,0.015770610827859348,0.02403591899003945,22.716322794439968,18.390466049249582,0.0,0.20678311340904187,1.5083048343658447,43.51077452769601,2.9992054104804993,worst_uncertainty_stratified_mhz
10926,230.0,9,29.08490458148102,-29.08490458148102,29.08490458148102,0.013075065446136078,0.023904319489665697,0.03697938493580177,22.79899166949775,17.777939865136798,0.0,0.13630131681174973,1.1297926902770996,44.1955880150949,3.4627272486686707,worst_uncertainty_stratified_mhz
10212,230.0,9,28.978589512946336,-28.978589512946336,28.978589512946336,0.05827761755880791,0.09090507273865918,0.14918269029746709,22.82088380499751,17.00619851258239,0.0,0.8419668671003171,2.947355031967163,41.01047884382722,4.07067397236824,worst_uncertainty_stratified_mhz
10677,230.0,9,28.905294635898606,-28.905294635898606,28.905294635898606,0.05910253709087415,0.08242663503051037,0.14152917212138452,23.65017453759868,14.495809002152075,0.0,0.9551226789941971,3.2447080612182617,42.145395655990704,6.0993388295173645,worst_uncertainty_stratified_mhz
11026,230.0,9,28.414962040595242,-28.414962040595242,28.414962040595242,0.01964343312424788,0.02008211627763231,0.039725549401880195,22.801114172919398,15.872494686366416,0.0,0.12738003323083547,1.1518802642822266,44.1955880150949,4.7589205503463745,worst_uncertainty_stratified_mhz
10834,230.0,9,28.325642980393503,-28.325642980393503,28.325642980393503,0.16377244489092765,0.09856967274321533,0.262342117634143,23.254495636191617,13.583446544029249,0.0,2.0760269586133653,5.054122447967529,37.302814907188974,6.597392499446869,worst_uncertainty_stratified_mhz
9885,230.0,9,28.302571468662535,-28.302571468662535,28.302571468662535,0.15103651611405577,0.06232384462306383,0.21336036073711961,23.44107672823612,13.214148014545255,0.0,0.40707963833767735,2.2166829109191895,43.851311268877694,6.880468845367432,worst_uncertainty_stratified_mhz
9912,250.0,9,30.548548742874083,-30.548548742874083,30.548548742874083,0.08746803279786475,0.24655551719991642,0.33402354999778117,25.81293578025885,12.462805855538914,0.0,1.9055064673001283,4.569916725158691,43.244941900758754,8.713031649589539,worst_uncertainty_stratified_mhz
10068,250.0,9,30.254804666607633,-30.254804666607633,30.254804666607633,0.18754646896001193,0.2523346488519467,0.4398811178119586,25.115362330648427,13.317739534580346,0.0,1.496563151737064,3.565882682800293,43.67171567502243,7.974348306655884,worst_uncertainty_stratified_mhz
10493,250.0,9,29.3624445855667,-29.3624445855667,29.3624445855667,0.009339776122489273,0.014462162449092864,0.023801938571582137,22.904191444488173,18.294166853937217,0.0,0.181105016553456,1.2505848407745361,44.1955880150949,3.3782666325569153,worst_uncertainty_stratified_mhz
11168,250.0,9,28.609391578397403,-28.609391578397403,28.609391578397403,0.14639862175551527,0.17379745454778198,0.3201960763032973,23.412928644106707,13.84479786276812,0.0,0.7208752261036544,2.5919127464294434,42.79219408957666,6.939442336559296,worst_uncertainty_stratified_mhz
10090,250.0,9,28.109108085251975,-28.109108085251975,28.109108085251975,0.06254253095244773,0.029003088647899907,0.09154561960034764,21.876635033335468,17.487065691079273,0.0,0.0775489586627991,0.8059780597686768,42.79219408957666,3.4036146998405457,worst_uncertainty_stratified_mhz
10158,250.0,9,27.879185407042687,-27.879185407042687,27.879185407042687,0.5783837729835687,0.17260499415658728,0.7509887671401559,23.353653448642056,10.731601652412277,0.0,0.4655742692128655,2.0120534896850586,43.76410486917332,9.229350209236145,worst_uncertainty_stratified_mhz
10654,250.0,9,27.823804846054784,-27.823804846054784,27.823804846054784,0.07802449535580099,0.07341832661677138,0.15144282197257236,22.31355617658489,15.246095245800985,0.0,0.23574685542174834,1.499471664428711,42.65614697789757,5.353814661502838,worst_uncertainty_stratified_mhz
11084,250.0,9,27.655521162119744,-27.655521162119744,27.655521162119744,0.25886415073570296,0.5047136302130398,0.7635777809487427,23.373469730341675,9.910379230144631,0.0,3.827591396132501,5.9511942863464355,33.14056238207191,9.813337624073029,worst_uncertainty_stratified_mhz
10022,250.0,9,27.605015090347422,-27.605015090347422,27.605015090347422,0.18752629107032862,0.027197982656436474,0.21472427372676509,21.21638984255881,17.51287917654054,0.0,0.2967449349334961,1.916317105293274,39.92297270995736,3.0677121430635452,worst_uncertainty_stratified_mhz
10665,250.0,9,27.406854821299987,-27.406854821299987,27.406854821299987,0.06549814291308413,0.07939278061564589,0.14489092352873,21.573836439710096,16.08443513690366,0.0,1.0369321571135224,2.877154588699341,38.196653976493806,4.346119821071625,worst_uncertainty_stratified_mhz
11029,250.0,9,27.270042186127874,-27.270042186127874,27.270042186127874,0.009809373023859556,0.03077547721180064,0.04058485023566019,21.22106770463654,17.06038207344896,0.0,0.24309428220556129,1.3958063125610352,40.56014053230092,3.308508515357971,worst_uncertainty_stratified_mhz
9685,250.0,9,27.179194842304014,-27.179194842304014,27.179194842304014,0.11048857443916747,0.08773246024613389,0.19822103468530136,22.51931261946856,12.702986347731638,0.0,0.20994422197608387,1.286445140838623,43.33229165414633,7.335388243198395,worst_uncertainty_stratified_mhz
10278,265.0,9,37.387217066072196,-37.387217066072196,37.387217066072196,3.2794582463730055,1.5440242469844456,4.823482493357451,30.402735036557303,6.041231486306808,0.0,7.184464250741584,6.202266693115234,40.2342748785162,14.389470219612122,worst_uncertainty_stratified_mhz
10420,265.0,9,35.98335538478844,-35.98335538478844,35.98335538478844,1.3909093749707209,1.0261750036569164,2.4170843786276373,30.633784586382646,8.181516383197094,0.0,13.004192177013223,8.399596214294434,26.85958860444441,13.074094414710999,worst_uncertainty_stratified_mhz
10589,265.0,9,33.61680069853397,-33.61680069853397,33.61680069853397,1.8740642010606212,1.2806831544225972,3.1547473554832184,26.98057913509289,9.771575516140043,0.0,8.326362774145764,8.075798988342285,29.23263373355196,11.74459981918335,worst_uncertainty_stratified_mhz
10162,265.0,9,30.18396454466822,-30.18396454466822,30.18396454466822,0.5278889433214123,0.4764542470531224,1.0043431903745348,27.527981979706556,4.615887980016664,0.0,4.413819058839849,5.932738304138184,40.29558753759523,14.5578693151474,worst_uncertainty_stratified_mhz
10355,265.0,9,30.13670557729178,-30.13670557729178,30.13670557729178,2.0948837486562657,0.6194283967106498,2.7143121453669155,25.134516680618336,6.435749913617145,0.0,3.5693600732056296,5.424627304077148,37.705685910748265,13.35581362247467,worst_uncertainty_stratified_mhz
10040,265.0,9,29.447864122826765,-29.447864122826765,29.447864122826765,0.8851423064107061,0.6571934267707883,1.5423357331814944,25.906081874910612,5.614795245198516,0.0,3.5864335210962963,5.314129829406738,39.32516687822189,13.815937995910645,worst_uncertainty_stratified_mhz
10096,265.0,9,29.066160064767956,-29.066160064767956,29.066160064767956,0.8928967561375676,0.8327123632205147,1.7256091193580823,25.72660590354881,4.51722004270767,0.0,3.650062238066184,5.066644668579102,39.08644266238615,14.50963032245636,worst_uncertainty_stratified_mhz
10139,265.0,9,28.534777915054907,-28.534777915054907,28.534777915054907,1.4234170854999044,0.7706384380945182,2.1940555235944226,24.030334989789313,6.485420624916693,0.0,4.48500337161704,6.207584381103516,32.88307885524103,13.075901985168457,worst_uncertainty_stratified_mhz
10676,265.0,9,28.495921563068265,-28.495921563068265,28.495921563068265,1.5452857944374678,0.8287958373984543,2.374081631835922,22.96829121694006,8.874311388532254,0.0,4.6128045141197696,7.478339672088623,29.23263373355196,11.2944695353508,worst_uncertainty_stratified_mhz
9883,265.0,9,27.737062795107377,-27.737062795107377,27.737062795107377,1.0060486050144146,0.8404380153251856,1.8464866203396002,22.832595363006234,8.589865286186,0.0,5.455677621870564,7.474035263061523,27.279800219209818,11.33238697052002,worst_uncertainty_stratified_mhz
9669,265.0,9,27.5861674222417,-27.5861674222417,27.5861674222417,0.20427081787677895,0.5345236586713537,0.7387944765481326,25.52304501048545,3.6877778873585823,0.0,4.026808561398184,6.468935966491699,36.523536931682834,14.928215026855469,worst_uncertainty_stratified_mhz
10217,270.0,9,30.700530236447186,-30.700530236447186,30.700530236447186,0.1714821763263068,0.570609769652631,0.7420919459789378,24.56685130677223,15.148793936688863,0.0,6.466719640730913,8.857816934585571,27.34244639749706,7.10255828499794,worst_uncertainty_stratified_mhz
9932,270.0,9,29.332666267323447,-29.332666267323447,29.332666267323447,0.06335558008130242,0.013220372118313617,0.07657595219961603,22.91484234054813,18.040439116592186,0.0,0.17016441970983376,1.3817105293273926,44.1076453123492,3.8062447607517242,worst_uncertainty_stratified_mhz
10795,270.0,9,28.910848247470327,-28.910848247470327,28.910848247470327,0.16687785044431558,0.06589203047691337,0.23276988092122897,22.475056231354518,17.58440176742532,0.0,0.601721241027632,2.3864006996154785,41.36026928103829,4.000013738870621,worst_uncertainty_stratified_mhz
11106,270.0,9,28.7977192060411,-28.7977192060411,28.7977192060411,0.11201990720675659,0.07327726647705929,0.18529717368381587,21.93974448181366,18.891318461455853,0.0,0.4028722735335464,2.0417447090148926,41.03199970754533,2.6134843826293945,worst_uncertainty_stratified_mhz
10812,270.0,9,28.676268040892886,-28.676268040892886,28.676268040892886,0.008798976029485277,0.01914800232373466,0.027946978353219937,21.882927739596788,19.234850343049686,0.0,0.08324597610423345,0.8071694374084473,42.79219408957666,2.1729001253843307,worst_uncertainty_stratified_mhz
9764,270.0,9,27.752341060564618,-27.752341060564618,27.752341060564618,0.15524212719771158,0.0954821593428251,0.2507242865405367,22.350791859183417,14.646095274173362,0.0,0.37586957339720684,2.0161170959472656,41.933727475625155,6.207402527332306,worst_uncertainty_stratified_mhz
9634,270.0,9,27.65397728359563,-27.65397728359563,27.65397728359563,0.03675209206265411,0.062239510094192346,0.09899160215684646,21.269165341161795,17.75720046642433,0.0,0.732684248347673,2.5131466388702393,38.559815546758,3.0224845707416534,worst_uncertainty_stratified_mhz
11006,280.0,9,27.913587014439045,-27.913587014439045,27.913587014439045,0.040991485849713655,0.06456337478056816,0.10555486063028181,21.380052578624916,18.180056125048125,0.0,0.532769745502133,1.9359188079833984,39.75864685826217,2.8090807795524597,worst_uncertainty_stratified_mhz
10912,280.0,9,27.628378838897643,-27.628378838897643,27.628378838897643,0.10467276565583676,0.06817231543642821,0.17284508109226498,21.6214425916884,16.542796600440827,0.0,0.5905872637386684,2.600099563598633,39.46161109230083,4.355337291955948,worst_uncertainty_stratified_mhz
10151,280.0,9,27.318048817633937,-27.318048817633937,27.318048817633937,0.043508832574199845,0.02451311422082791,0.06802194679502775,20.8145836620305,18.30145162724585,0.0,0.07210521087485144,0.924816370010376,40.56014053230092,2.242549568414688,worst_uncertainty_stratified_mhz
10588,280.0,9,25.472607365863183,-25.472607365863183,25.472607365863183,0.0035750413073962254,0.0065038057156658865,0.010078847023062111,19.309799602747546,17.53813763121779,0.0,0.009211989979993396,0.3266732692718506,38.27450195626326,1.6685350984334946,worst_uncertainty_stratified_mhz
9789,280.0,9,25.434486035239768,-25.434486035239768,25.434486035239768,0.026079648264622293,0.021702199444316395,0.04778184770893869,19.516044391585208,16.707687504995434,0.0,0.05883746843862525,0.6399118900299072,38.27450195626326,2.640108108520508,worst_uncertainty_stratified_mhz
10411,280.0,9,25.133410022187515,-25.133410022187515,25.133410022187515,0.035903735169941366,0.0263868555199826,0.062290590689923965,19.153897555218467,16.795006147183077,0.0,0.12795539106272869,1.2458046674728394,36.80607966083864,2.294784799218178,worst_uncertainty_stratified_mhz
10181,300.0,9,29.635716359736982,-29.635716359736982,29.635716359736982,0.07809606869481611,0.12870717876955567,0.2068032474643718,23.86881353203118,15.758166600011396,0.0,1.338304721657991,3.882291316986084,41.17872630376029,6.464116930961609,worst_uncertainty_stratified_mhz
9825,300.0,9,28.49760581837893,-28.49760581837893,28.49760581837893,0.030542325300224493,0.08275968924599054,0.11330201454621504,23.810501185764338,12.97755544252093,0.0,1.1707614380957487,2.890838623046875,42.3886408722903,8.544522821903229,worst_uncertainty_stratified_mhz
10169,300.0,9,27.452799876725646,-27.452799876725646,27.452799876725646,0.03659058388710503,0.01702168100160922,0.05361226488871425,21.069682955698767,17.98902318196806,0.0,0.13865629726009754,1.301912784576416,40.56014053230092,2.7916373312473297,worst_uncertainty_stratified_mhz
10150,300.0,9,27.087548122816113,-27.087548122816113,27.087548122816113,0.024019860684373256,0.019709301812414603,0.04372916249678786,20.86251794867946,17.561167486796013,0.0,0.17642199755419252,1.1633620262145996,40.208829876035935,3.0094396770000458,worst_uncertainty_stratified_mhz
10572,300.0,9,27.072785882334966,-27.072785882334966,27.072785882334966,0.006304842156403055,0.007374891290270217,0.013679733446673272,20.916201695969807,17.477165953262435,0.0,0.10278927679074101,0.9945178031921387,40.632307035165994,3.0951024889945984,worst_uncertainty_stratified_mhz
9744,300.0,9,26.779674116325843,-26.779674116325843,26.779674116325843,0.03376348885125916,0.011269992976138761,0.04503348182739792,20.508080239565537,17.761265880214832,0.0,0.010571603231013249,0.36271023750305176,40.632307035165994,2.540646404027939,worst_uncertainty_stratified_mhz
12732,120.0,10,211.33936286152442,-211.33936286152442,211.33936286152442,9.584950140208205,10.98346865156381,20.568418791772014,190.6978964788135,0.0,0.0,172.28837636971133,36.48832130432129,0.33071891388307384,44.92231202125549,worst_uncertainty_stratified_mhz
12190,120.0,10,199.45831906675562,-199.45831906675562,199.45831906675562,20.754882147711292,12.780134385284128,33.53501653299542,165.84545437165434,0.0,0.0,142.03361046778122,44.4713077545166,3.152380053229623,38.27253317832947,worst_uncertainty_stratified_mhz
12027,120.0,10,87.1053763163453,-87.1053763163453,87.1053763163453,2.284577488010297,4.48271965522538,6.767297143235677,80.24503180733866,0.0,0.0,66.54732335647097,26.911293983459473,0.4841229182759271,21.918015122413635,worst_uncertainty_stratified_mhz
12618,150.0,10,449.5027486269271,-449.5027486269271,449.5027486269271,25.99570525145651,29.635805330950173,55.63151058240668,393.80791949653707,0.0,0.0,366.92306079070386,52.67999267578125,1.0897247358851685,75.6304292678833,worst_uncertainty_stratified_mhz
12319,150.0,10,156.83915380467556,-156.83915380467556,156.83915380467556,6.651225024781251,9.318921438135764,15.970146462917015,140.7683513381815,0.0,0.0,122.06676612198711,33.75668239593506,3.6464880364537056,27.440943837165833,worst_uncertainty_stratified_mhz
12385,150.0,10,137.1829909733279,-137.1829909733279,137.1829909733279,1.409908270664408,6.3615869941020495,7.7714952647664575,129.3194722829603,0.0,0.0,110.90839192254771,36.322160720825195,0.5,28.610392570495605,worst_uncertainty_stratified_mhz
11246,150.0,10,111.70675212780256,-111.70675212780256,111.70675212780256,1.5768673855294602,6.408747087277021,7.985614472806481,103.647072258634,0.0,0.0,87.6837936440395,31.442434310913086,0.4841229182759271,31.607076168060303,worst_uncertainty_stratified_mhz
12717,155.0,10,2264.98574859639,-2264.98574859639,2264.98574859639,25.12525190018748,133.58146623051152,158.70671813069902,2106.2027130967126,0.0,0.0,2027.6593579055948,155.43784713745117,1.648863244784115,147.50750494003296,worst_uncertainty_stratified_mhz
11772,155.0,10,1720.9050513245763,-1720.9050513245763,1720.9050513245763,21.288459163916045,118.7624478296131,140.05090699352914,1580.7931389581047,0.0,0.0,1506.9096734222976,142.5005874633789,5.266343608235224,159.07998180389404,worst_uncertainty_stratified_mhz
12149,155.0,10,754.5250800835576,-754.5250800835576,754.5250800835576,90.28804030946371,40.462697231031164,130.75073754049487,623.6989814178867,0.0,0.0,590.0706683533115,67.25662612915039,0.0,80.5832257270813,worst_uncertainty_stratified_mhz
11638,155.0,10,649.0873731085296,-649.0873731085296,649.0873731085296,131.060139884656,33.16001229417712,164.22015217883313,484.7949118236587,0.0,0.0,451.15147244755644,66.70057678222656,0.5863019699779287,73.43586349487305,worst_uncertainty_stratified_mhz
12141,155.0,10,515.0546254908099,-515.0546254908099,515.0546254908099,8.304555629683676,31.144364730348748,39.448920360032425,475.507438105174,0.0,0.0,435.8840897114087,77.14387130737305,2.1028254801575903,53.11506366729736,worst_uncertainty_stratified_mhz
11961,155.0,10,208.01778022948346,-208.01778022948346,208.01778022948346,19.629275124609425,10.895150451573667,30.52442557618309,177.41588628452118,0.0,0.0,160.08207990000574,34.23460006713867,0.4330127018922193,40.83071231842041,worst_uncertainty_stratified_mhz
12456,155.0,10,166.72349013853287,-166.72349013853287,166.72349013853287,28.19597452250532,8.20632149663428,36.4022960191396,130.25334136214272,0.0,0.0,113.08047991628695,33.912710189819336,0.4330127018922193,39.180171251297,worst_uncertainty_stratified_mhz
11888,155.0,10,132.35683546928965,-132.35683546928965,132.35683546928965,8.469316104302619,7.490429886858443,15.959745991161062,116.3505625534221,0.0,0.0,98.76169574517189,34.088008880615234,1.0897247358851685,53.39860725402832,worst_uncertainty_stratified_mhz
11976,170.0,10,918.6749196854024,-918.6749196854024,918.6749196854024,214.6314657990475,43.016590756720944,257.64805655576845,660.9483967409295,0.0,0.0,623.245023542705,73.23447799682617,2.172268399622846,79.54003047943115,worst_uncertainty_stratified_mhz
12563,170.0,10,365.467087175688,-365.467087175688,365.467087175688,46.883859083907105,21.15574334327311,68.03960242718021,297.3673083947832,0.0,0.0,271.7558251903881,49.31902313232422,1.9039432764659772,68.4862790107727,worst_uncertainty_stratified_mhz
12446,170.0,10,63.5129695660352,-63.5129695660352,63.5129695660352,17.36208451411061,2.072008077810667,19.434092591921278,44.042472669566955,0.0,0.0,32.26608773648127,20.87181854248047,2.680951323690902,39.00860548019409,worst_uncertainty_stratified_mhz
11454,180.0,10,185.17587813803777,-185.17587813803777,185.17587813803777,9.128025770348202,9.98433982927628,19.112365599624482,165.99240264693674,0.0,0.0,150.2165057011323,30.890356063842773,0.6614378277661477,43.08923864364624,worst_uncertainty_stratified_mhz
12444,180.0,10,97.41937783350521,-97.41937783350521,97.41937783350521,1.0954919788973858,4.299397033659376,5.394889012556762,91.94276994071097,0.0,0.0,78.1067170263454,24.8271541595459,2.8449516691852605,27.03720498085022,worst_uncertainty_stratified_mhz
11815,180.0,10,68.31779680339478,-68.31779680339478,68.31779680339478,1.0959978848960825,2.941537483157193,4.037535368053276,64.22261269701713,0.0,0.0,51.05250197472918,23.495269775390625,2.8449516691852605,30.985514879226685,worst_uncertainty_stratified_mhz
12080,180.0,10,65.00041130700032,-65.00041130700032,65.00041130700032,9.977448238804058,2.618496926019613,12.595945164823672,52.357797536294974,0.0,0.0,39.195533151380914,23.753658294677734,2.5708704751503917,33.53771495819092,worst_uncertainty_stratified_mhz
11357,200.0,10,45.24592983636258,-45.24592983636258,45.24592983636258,0.06980474573612717,0.5937750721386882,0.6635798178748153,36.26917422860666,23.308740015247217,0.0,10.119885193341345,9.358394384384155,42.940183686146476,5.127067178487778,worst_uncertainty_stratified_mhz
12643,200.0,10,39.77966103534978,-39.77966103534978,39.77966103534978,0.31220779784211034,0.5040072446204394,0.8162150424625498,32.220990452793416,18.968714249995255,0.0,5.958004320648071,9.104347467422485,43.42162479686821,5.901284545660019,worst_uncertainty_stratified_mhz
12593,200.0,10,38.77709466451952,-38.77709466451952,38.77709466451952,0.16546330414130425,0.4315963227016063,0.5970596268429106,30.69789728258305,20.981058720901398,0.0,6.4880508556724745,8.347297430038452,40.072395423782694,4.588918000459671,worst_uncertainty_stratified_mhz
11344,200.0,10,37.012168595338736,-37.012168595338736,37.012168595338736,0.1743345882722828,0.584628380829894,0.7589629691021768,30.154048285597085,17.073922613770996,0.0,9.372885325289287,8.58363962173462,32.97868629888098,6.2082392275333405,worst_uncertainty_stratified_mhz
11536,200.0,10,30.12784787159137,-30.12784787159137,30.12784787159137,0.18889276151874687,0.08172909709834777,0.27062185861709465,23.313163130256594,18.463661021805745,0.0,0.984644979184381,2.510343074798584,42.14669322734584,3.033364772796631,worst_uncertainty_stratified_mhz
11263,200.0,10,29.955753647946906,-29.955753647946906,29.955753647946906,0.12506066350118858,0.3501999650909768,0.47526062859216534,23.49093518486228,16.713201414424052,0.0,5.612077644511194,7.904584646224976,27.853130434477197,4.232219964265823,worst_uncertainty_stratified_mhz
12304,200.0,10,29.853903835637293,-29.853903835637293,29.853903835637293,0.11398492693332339,0.16083314878448857,0.27481807571781197,24.143286181507783,15.348218564135049,0.0,1.733016214568706,4.188232898712158,40.632307035165994,5.148534446954727,worst_uncertainty_stratified_mhz
11597,200.0,10,29.118386127255953,-29.118386127255953,29.118386127255953,0.11209378176315919,0.06490152658189129,0.17699530834505048,23.736617950350343,14.744688082288759,0.0,0.8776104918199472,2.925820827484131,42.79219408957666,5.3068512082099915,worst_uncertainty_stratified_mhz
11483,230.0,10,33.44088740280267,-33.44088740280267,33.44088740280267,0.1783023824872759,0.11520248959987031,0.2935048720871462,27.061852741344975,17.19650800308579,0.0,2.4031725164081537,5.472463369369507,43.84489708050413,5.805882960557938,worst_uncertainty_stratified_mhz
12343,230.0,10,28.493992694109604,-28.493992694109604,28.493992694109604,0.13859732508092923,0.2520020993706243,0.3905994244515535,23.61563488589914,12.687754506324973,0.0,1.9165715559406067,5.172848701477051,38.22527795844002,7.356910228729248,worst_uncertainty_stratified_mhz
12750,230.0,10,28.289807277082943,-28.289807277082943,28.289807277082943,0.006588976587408441,0.00854658333433216,0.0151355599217406,21.890063718667744,18.16963834785298,0.0,0.07263359930971092,0.8426661491394043,42.79219408957666,2.6700092554092407,worst_uncertainty_stratified_mhz
12776,230.0,10,28.23925686585907,-28.23925686585907,28.23925686585907,0.025722665552678936,0.006552187798780993,0.03227485335145993,21.928654360207325,17.8761099164631,0.0,0.06367272813109182,0.9377691745758057,42.79219408957666,2.9085301756858826,worst_uncertainty_stratified_mhz
12734,230.0,10,27.69729455940692,-27.69729455940692,27.69729455940692,0.10782144507668205,0.036304885280508015,0.14412633035719008,22.489302679942305,14.421824456055674,0.0,0.13477334150934084,1.1982841491699219,43.51077452769601,5.65593034029007,worst_uncertainty_stratified_mhz
12417,230.0,10,27.06134852186664,-27.06134852186664,27.06134852186664,0.11214309346920465,0.025098743458680867,0.13724183692788552,21.061073069276745,16.669672495343864,0.0,0.14672840961153266,1.1963822841644287,40.632307035165994,3.342713326215744,worst_uncertainty_stratified_mhz
12448,230.0,10,26.67512317052009,-26.67512317052009,26.67512317052009,0.004980319554613291,0.003527733582670807,0.008508053137284097,20.457235723206214,17.70969239589708,0.0,0.008549728244371835,0.26506495475769043,40.632307035165994,2.1039472222328186,worst_uncertainty_stratified_mhz
12705,230.0,10,25.46459168357516,-25.46459168357516,25.46459168357516,0.006828356323205817,0.005905276008909139,0.012733632332114955,19.696725123784567,16.364332738630118,0.0,0.08638087439744524,0.9461865425109863,38.27450195626326,2.660606563091278,worst_uncertainty_stratified_mhz
11253,250.0,10,31.66951383905917,-31.66951383905917,31.66951383905917,0.09854755577531991,0.20708580204119437,0.3056333578165143,25.98525546974827,15.21070380728938,0.0,2.3792517977152414,5.201777935028076,42.01022940903798,7.026783347129822,worst_uncertainty_stratified_mhz
11251,250.0,10,30.349766325439465,-30.349766325439465,30.349766325439465,0.08744674565311399,0.22271818279934075,0.31016492845245475,24.40191290952094,15.97110962178736,0.0,1.2731700487021804,3.6460509300231934,42.61143479161433,5.9013888239860535,worst_uncertainty_stratified_mhz
11675,250.0,10,29.219621765300218,-29.219621765300218,29.219621765300218,0.03765195632680838,0.05304673591157976,0.09069869223838814,22.999913398954618,17.385303780996,0.0,0.5325015863758429,2.551527976989746,42.3832956481678,4.1317762434482574,worst_uncertainty_stratified_mhz
12786,250.0,10,29.13171192628104,-29.13171192628104,29.13171192628104,0.052165957742610986,0.060437392976979205,0.11260335071959018,22.479621595281955,18.469825762327787,0.0,0.8541205216141909,2.6142730712890625,40.636729076046464,3.0786525309085846,worst_uncertainty_stratified_mhz
12015,250.0,10,29.06717353786038,-29.06717353786038,29.06717353786038,0.009232014572136809,0.019451286796965152,0.02868330136910196,22.667502501350437,18.11107411590807,0.0,0.1882029984277258,1.447824478149414,43.51077452769601,3.377448230981827,worst_uncertainty_stratified_mhz
12339,250.0,10,28.70818789905605,-28.70818789905605,28.70818789905605,0.3160451933526232,0.16604432447563122,0.48208951782825443,23.33316273335903,13.858758819656678,0.0,1.3945514662242395,3.6683926582336426,40.208829876035935,6.967840373516083,worst_uncertainty_stratified_mhz
11218,250.0,10,28.524861357046014,-28.524861357046014,28.524861357046014,0.05550361310834398,0.07833517020639154,0.13383878331473553,22.839526719261887,15.774708643349257,0.0,0.40224049643751414,2.285327911376953,42.58924453427179,5.224626779556274,worst_uncertainty_stratified_mhz
12013,250.0,10,27.725239730316247,-27.725239730316247,27.725239730316247,0.0565744179257458,0.021696098630965326,0.07827051655671113,21.314169577435408,17.969477077360878,0.0,0.2186684016950613,1.5586953163146973,40.632307035165994,2.6885426342487335,worst_uncertainty_stratified_mhz
12066,250.0,10,26.765170599830327,-26.765170599830327,26.765170599830327,0.01819662932849253,0.009981099491369211,0.02817772881986174,20.775154787353337,16.972157909300872,0.0,0.0705119041926423,0.7769787311553955,40.632307035165994,3.075835704803467,worst_uncertainty_stratified_mhz
11280,250.0,10,26.02189224909023,-26.02189224909023,26.02189224909023,0.06109182955212697,0.025036756298183048,0.08612858585031002,19.831596963801335,17.30916901911963,0.0,0.16514739872894046,1.0583971738815308,38.27450195626326,2.2106453627347946,worst_uncertainty_stratified_mhz
12441,250.0,10,25.57143434607352,-25.57143434607352,25.57143434607352,0.2238762931384548,0.1453051411091794,0.36918143424763417,22.370763373223397,8.004866688496742,0.0,1.6498431644863416,4.065377235412598,37.376463182061514,10.780682921409607,worst_uncertainty_stratified_mhz
11741,250.0,10,25.441415593233643,-25.441415593233643,25.441415593233643,0.01283133975837089,0.025683813793039828,0.03851515355141072,19.72603358571289,16.14177570316818,0.0,0.11165398266518523,0.9542572498321533,38.27450195626326,3.0660879015922546,worst_uncertainty_stratified_mhz
12309,265.0,10,34.13851313049893,-34.13851313049893,34.13851313049893,0.8084031055727946,1.084730381793381,1.8931334873661756,30.24528226027673,5.571665183090156,0.0,8.250671591116316,7.591462135314941,36.39775920300589,14.357807636260986,worst_uncertainty_stratified_mhz
12130,265.0,10,33.081177546197985,-33.081177546197985,33.081177546197985,2.227019350849094,1.0543360656853344,3.2813554165344287,25.272406336407233,12.698522160077632,0.0,10.277126651234582,9.485986709594727,20.504572660750576,9.663807988166809,worst_uncertainty_stratified_mhz
12107,265.0,10,33.05613898393198,-33.05613898393198,33.05613898393198,1.8170773248384882,1.081673189220369,2.8987505140588574,27.746352865155966,6.7737408864749025,0.0,4.7398067185015265,6.129080772399902,39.88401152090898,13.530389428138733,worst_uncertainty_stratified_mhz
12342,265.0,10,31.107017327225652,-31.107017327225652,31.107017327225652,0.6853027192072768,0.6708801935210588,1.3561829127283356,27.87909230253637,5.223555276310612,0.0,6.1607278618848795,7.472336769104004,35.96439211219898,14.265568256378174,worst_uncertainty_stratified_mhz
12427,265.0,10,30.85364853068566,-30.85364853068566,30.85364853068566,1.3591575496039854,0.9464235885799284,2.3055811381839137,26.272822345343545,6.383061975581829,0.0,4.93656489438591,6.132511138916016,36.540003762999255,13.490752339363098,worst_uncertainty_stratified_mhz
12647,265.0,10,30.571523717737037,-30.571523717737037,30.571523717737037,0.8790797549023847,1.6379989851092196,2.517078740011604,24.358589413865907,10.348590597059653,0.0,9.98241230251801,9.214730262756348,19.53762395993945,10.695817768573761,worst_uncertainty_stratified_mhz
12400,265.0,10,29.592831179875155,-29.592831179875155,29.592831179875155,2.7051923804071976,0.5066640036519436,3.211856384059141,23.79162997579114,7.2850919702029415,0.0,4.030216509109323,6.602468490600586,32.920358442763046,12.685834407806396,worst_uncertainty_stratified_mhz
12523,265.0,10,29.48130511494785,-29.48130511494785,29.48130511494785,1.3987787915818901,0.7869537596806634,2.1857325512625536,24.668213227674705,7.344385710895365,0.0,8.234229437192525,7.2957658767700195,25.57220170419434,12.624585032463074,worst_uncertainty_stratified_mhz
11564,265.0,10,29.343780268242767,-29.343780268242767,29.343780268242767,0.5005226186393371,0.5066407912777758,1.007163409917113,27.021719285487684,3.6777218391612854,0.0,2.7934638821054136,5.169676780700684,43.28683402606386,15.087291479110718,worst_uncertainty_stratified_mhz
11896,265.0,10,28.14092835922471,-28.14092835922471,28.14092835922471,0.5066482228867814,0.3146353059908583,0.8212835288776397,25.41276439835191,5.376266343494512,0.0,1.9353780812689365,4.276470184326172,42.67830244983978,13.808382987976074,worst_uncertainty_stratified_mhz
11309,265.0,10,27.96763530124159,-27.96763530124159,27.96763530124159,0.7919506918635827,0.4800529738645858,1.2720036657281684,25.50285574769542,3.340801886627188,0.0,2.0402986780724035,4.652376174926758,42.272737964319276,15.198727488517761,worst_uncertainty_stratified_mhz
11493,270.0,10,28.28647317786441,-28.28647317786441,28.28647317786441,0.012470949920170985,0.0099028828728354,0.022373832793006386,21.59373056134617,19.02074431373983,0.0,0.012385856874612244,0.3704953193664551,42.79219408957666,2.1225480437278748,worst_uncertainty_stratified_mhz
12794,270.0,10,28.241966409158188,-28.241966409158188,28.241966409158188,0.03620861141418199,0.01213109819307227,0.048339709607254255,21.790933918346177,18.236920708749384,0.0,0.05319199040202349,0.6832897663116455,42.79219408957666,2.916384279727936,worst_uncertainty_stratified_mhz
12488,270.0,10,27.910131832550874,-27.910131832550874,27.910131832550874,0.08419802503563863,0.03643748533446685,0.12063551037010548,21.479032700504426,17.86157473867898,0.0,0.5286670536146933,2.2054072618484497,39.695324031931015,3.0854886323213577,worst_uncertainty_stratified_mhz
11740,270.0,10,27.8106136327901,-27.8106136327901,27.8106136327901,0.14885263034571525,0.47069552421441635,0.6195481545601316,24.905007594177402,6.4308942157312305,0.0,3.4482874026555095,5.894230842590332,37.01920954045345,13.171806693077087,worst_uncertainty_stratified_mhz
12729,270.0,10,27.072607386144618,-27.072607386144618,27.072607386144618,0.33813339887634597,0.43310207318901517,0.7712354720653611,22.003298498468958,12.105834774527915,0.0,4.0757155108350815,5.3761773109436035,30.47898866432415,8.269699215888977,worst_uncertainty_stratified_mhz
12676,270.0,10,26.10984374803087,-26.10984374803087,26.10984374803087,0.044778192949658534,0.030069679246737306,0.07484787219639584,20.61871328972101,15.411862327361673,0.0,0.15911776374811293,1.1919963359832764,39.72719471596252,4.506120353937149,worst_uncertainty_stratified_mhz
12637,270.0,10,25.219829555675158,-25.219829555675158,25.219829555675158,0.17555865097437406,0.0541574156745938,0.22971606664896788,20.13017163510968,13.799198557027399,0.0,0.4729920683053557,2.253598213195801,37.06076092041285,5.689034640789032,worst_uncertainty_stratified_mhz
12421,280.0,10,29.828688171048682,-29.828688171048682,29.828688171048682,0.17802404560851426,0.2052688169375801,0.38329286254609435,24.226633746405792,14.736046259780302,0.0,3.129416853854991,5.881987571716309,36.31244621338529,7.23282790184021,worst_uncertainty_stratified_mhz
12519,280.0,10,29.46951117580702,-29.46951117580702,29.46951117580702,0.05801999252517085,0.07686208382863916,0.13488207635381,22.95878191671737,18.099520061050832,0.0,0.41130366286092723,2.370548963546753,42.724407544166134,3.909100830554962,worst_uncertainty_stratified_mhz
12457,280.0,10,28.538634069379807,-28.538634069379807,28.538634069379807,0.17730312047769417,0.17439736114419097,0.35170048162188516,23.466225218747383,13.381194102076208,0.0,1.3836600723195964,3.8030967712402344,40.36203352161534,7.8860092759132385,worst_uncertainty_stratified_mhz
12619,280.0,10,28.48139973706993,-28.48139973706993,28.48139973706993,0.12354384045945917,0.05445758362565962,0.1780014240851188,22.63602308984149,16.091506470413186,0.0,0.5641226868175409,2.415513038635254,41.728287767412645,5.312053680419922,worst_uncertainty_stratified_mhz
12548,280.0,10,28.363600079118356,-28.363600079118356,28.363600079118356,0.042757861680415066,0.030158517939929602,0.07291637962034467,21.974990035868505,17.975461354440355,0.0,0.10484151555527088,0.9481029510498047,42.79219408957666,3.333640843629837,worst_uncertainty_stratified_mhz
11924,280.0,10,28.335067716815036,-28.335067716815036,28.335067716815036,0.007385718784701057,0.009685897610910784,0.01707161639561184,21.633768248463564,19.048168741375605,0.0,0.022765822472535113,0.4298107624053955,42.79219408957666,2.1717611253261566,worst_uncertainty_stratified_mhz
12762,300.0,10,28.92152794342962,-28.92152794342962,28.92152794342962,0.07546920376399138,0.06938788152315525,0.14485708528714664,22.396033772075107,18.077638634729013,0.0,0.6353706405945871,2.492563486099243,41.0287627768618,3.727311372756958,worst_uncertainty_stratified_mhz
12084,300.0,10,28.58240141965951,-28.58240141965951,28.58240141965951,0.037245121881241156,0.017026323899111365,0.05427144578035252,22.18296702865766,18.047313227213966,0.0,0.16335866947723954,1.2470226287841797,42.79219408957666,3.5326021015644073,worst_uncertainty_stratified_mhz
12110,300.0,10,28.36665483110905,-28.36665483110905,28.36665483110905,0.02934894605531575,0.013069329014055688,0.04241827506937144,22.01621143325729,17.959771647649877,0.0,0.09467143059084648,1.0508859157562256,42.79219408957666,3.4798302054405212,worst_uncertainty_stratified_mhz
11244,300.0,10,26.66545294105483,-26.66545294105483,26.66545294105483,0.013465643597371985,0.011896634998679276,0.02536227859605126,20.87374409253089,16.422597166996688,0.0,0.08731731385314756,0.9657421112060547,40.60711144614943,4.006698936223984,worst_uncertainty_stratified_mhz
12597,300.0,10,26.0432396416976,-26.0432396416976,26.0432396416976,0.02711887366570495,0.02199659650067429,0.04911547016637924,20.289915884091357,16.19750895025258,0.0,0.2876587737684764,1.8799240589141846,38.124590161731575,3.82223442196846,worst_uncertainty_stratified_mhz
12476,300.0,10,25.906174064901283,-25.906174064901283,25.906174064901283,0.015038855692412293,0.03459914724443578,0.04963800293684807,20.47259430699087,15.274213476827976,0.0,0.5300007299857405,2.242541790008545,37.642645364001716,4.793707430362701,worst_uncertainty_stratified_mhz
