candidate_id,mhz,k,badness,quality_score,uncertainty,heatmap_mc_mse,decoder_mc_rce,epistemic_score,disagreement_score,prior_tension_score,peak_bias_score,p99_var,p99_mc_range,peak_loc_spread_px,pred_p99_mean,selected_reason
991,120.0,3,28.476958302998405,-28.476958302998405,28.476958302998405,0.04323041294953487,0.16733101061303915,0.210561423562574,22.58265745424272,16.023464754376725,0.0,0.5991867610359662,2.673025369644165,41.293916016769344,2.56224262714386,worst_uncertainty_stratified_mhz
663,120.0,3,27.662936668848584,-27.662936668848584,27.662936668848584,0.0253795492591261,0.058120833275444816,0.08350038253457091,21.8727419262996,16.137935211149824,0.0,0.28509416912001817,1.7868913412094116,41.38840417314975,2.285044476389885,worst_uncertainty_stratified_mhz
837,120.0,3,26.73738145947632,-26.73738145947632,26.73738145947632,0.011165958617238061,0.8426689523985347,0.8538349110157727,20.34883344818906,15.367921862684558,0.0,2.24278432776288,4.712098240852356,31.5,2.400905057787895,worst_uncertainty_stratified_mhz
944,150.0,3,26.45854046181699,-26.45854046181699,26.45854046181699,0.0028856481712936353,0.009904595933705162,0.012790244104998797,22.698565652682063,10.66651582185557,0.0,0.09714196068637193,1.0072593688964844,44.1955880150949,5.604060649871826,worst_uncertainty_stratified_mhz
561,150.0,3,25.289744326815345,-25.289744326815345,25.289744326815345,0.003527916740297335,0.011558663703068241,0.015086580443365576,21.97704743013933,9.385516585837967,0.0,0.09435809256535421,0.9731845855712891,42.79219408957666,6.056574642658234,worst_uncertainty_stratified_mhz
604,150.0,3,23.683822056694666,-23.683822056694666,23.683822056694666,0.0008723920106816491,0.005399256241154385,0.006271648251836034,19.49169155968966,11.927140676341216,0.0,0.03478325581340069,0.6393146514892578,38.27450195626326,4.1045129001140594,worst_uncertainty_stratified_mhz
1231,150.0,3,23.07899190419934,-23.07899190419934,23.07899190419934,0.004184187049242138,0.007417074522192132,0.01160126157143427,19.188452070443184,11.042358911574645,0.0,0.06429365967373712,0.8971538543701172,37.351162967168776,4.491652846336365,worst_uncertainty_stratified_mhz
899,155.0,3,26.10406948170601,-26.10406948170601,26.10406948170601,0.002912149720679415,0.022420235968160455,0.02533238568883987,22.56709967134716,9.964568882279647,0.0,0.3456625939813165,1.6506800651550293,42.79219408957666,6.114517092704773,worst_uncertainty_stratified_mhz
495,155.0,3,25.87657247714187,-25.87657247714187,25.87657247714187,0.00256615455385423,0.00917125657799433,0.01173741113184856,22.242845332575296,10.296357584842788,0.0,0.18437808286142854,1.3247404098510742,42.79219408957666,5.877396583557129,worst_uncertainty_stratified_mhz
197,155.0,3,25.456970743528483,-25.456970743528483,25.456970743528483,0.007148507682131833,0.014322306846522576,0.02147081452865441,22.014920495492596,9.738009628241468,0.0,0.08980457176749823,1.0580377578735352,42.79219408957666,6.102813541889191,worst_uncertainty_stratified_mhz
699,155.0,3,25.327554790763635,-25.327554790763635,25.327554790763635,0.0020884572535261577,0.009179756396553036,0.011268213650079194,21.963664518046432,9.564143040351524,0.0,0.016315476343478963,0.4063735008239746,43.48832458258193,6.17421567440033,worst_uncertainty_stratified_mhz
1120,155.0,3,25.047647144062502,-25.047647144062502,25.047647144062502,0.006184847358356463,0.026953292850669188,0.033138140209025654,22.15534828238129,8.129505649996561,0.0,0.14696943827655318,1.2245635986328125,42.79219408957666,6.928094327449799,worst_uncertainty_stratified_mhz
999,155.0,3,24.558680734832286,-24.558680734832286,24.558680734832286,0.002229223530833375,0.01971927606003912,0.021948499590872497,21.335014411788844,9.086797815305264,0.0,0.28772484059993175,1.5344386100769043,40.56014053230092,6.284388244152069,worst_uncertainty_stratified_mhz
1001,155.0,3,24.04220225632759,-24.04220225632759,24.04220225632759,0.004601895897086651,0.017361263402546068,0.021963159299632717,20.96495023045018,8.672526242712504,0.0,0.26109630357915137,1.3719816207885742,40.035726232953486,6.417784571647644,worst_uncertainty_stratified_mhz
1337,155.0,3,23.910082660121677,-23.910082660121677,23.910082660121677,0.007838968395162306,0.016388087249477566,0.024227055644639874,20.65323495566223,9.18554101107426,0.0,0.18483927533588584,1.399625301361084,39.53716605929161,6.078872978687286,worst_uncertainty_stratified_mhz
1521,170.0,3,27.21175785371754,-27.21175785371754,27.21175785371754,0.013754128504925675,0.11189907629780096,0.12565320480272663,23.566156889670165,9.966179466748352,0.0,0.7789031714504375,2.782313346862793,42.79219408957666,6.941610932350159,worst_uncertainty_stratified_mhz
468,170.0,3,26.471919197708658,-26.471919197708658,26.471919197708658,0.008628075954881742,0.029185960527139693,0.03781403648202143,22.424754071870932,11.394869629427406,0.0,0.24937350352303156,1.5585670471191406,42.79219408957666,5.9036712646484375,worst_uncertainty_stratified_mhz
1015,170.0,3,23.722749560419267,-23.722749560419267,23.722749560419267,0.004576878211364791,0.015202080325852426,0.019778958537217218,19.618720853015635,11.611737888344368,0.0,0.15583373952665625,1.1155986785888672,37.81017554838909,4.8998095989227295,worst_uncertainty_stratified_mhz
254,180.0,3,27.73777805853752,-27.73777805853752,27.73777805853752,0.030649638833723142,0.06249077627213139,0.09314041510585454,23.85850773949224,10.742873145014215,0.0,0.5293273088338282,2.462772846221924,44.1955880150949,6.962375521659851,worst_uncertainty_stratified_mhz
1519,180.0,3,26.865415431937144,-26.865415431937144,26.865415431937144,0.04987796563480099,0.11943512642340214,0.16931309205820314,23.166871035606416,10.000026117671645,0.0,0.7112985689125679,2.118950843811035,42.79219408957666,7.215287089347839,worst_uncertainty_stratified_mhz
1186,180.0,3,26.14742389899956,-26.14742389899956,26.14742389899956,0.0051867353927426705,0.024929257802959667,0.030115993195702337,22.258059270068436,10.982109378250527,0.0,0.15780296548396322,1.4083185195922852,42.79219408957666,6.4028878808021545,worst_uncertainty_stratified_mhz
239,180.0,3,26.135427982262346,-26.135427982262346,26.135427982262346,0.031340143809753834,0.06856660966198719,0.09990675347174102,21.917039235060823,11.686837671004215,0.0,0.44342958788314135,2.3870787620544434,40.56014053230092,5.92678290605545,worst_uncertainty_stratified_mhz
1035,200.0,3,28.45177484288709,-28.45177484288709,28.45177484288709,0.3687114000022131,0.19926290145110143,0.5679743014533145,24.386095466783335,9.885342041494297,0.0,1.593699769437066,3.651063919067383,41.933727475625155,8.34152376651764,worst_uncertainty_stratified_mhz
1373,200.0,3,28.285503903089918,-28.285503903089918,28.285503903089918,0.09863228706767924,0.1415363705645801,0.24016865763225934,24.626944996760475,9.680827887899355,0.0,1.0312091670793642,3.082409381866455,44.10906227749577,8.434121549129486,worst_uncertainty_stratified_mhz
1165,200.0,3,28.079383381285716,-28.079383381285716,28.079383381285716,0.08519813906020214,0.08249541520572393,0.16769355426592608,24.218569046270233,10.476081277504692,0.0,0.6969526357686817,2.847644805908203,44.1955880150949,7.878098845481873,worst_uncertainty_stratified_mhz
1503,200.0,3,27.85533566442793,-27.85533566442793,27.85533566442793,0.027267743754593583,0.10703272770265225,0.13430047145724583,23.785516891099448,11.17876634312144,0.0,0.45611210855810214,2.463221549987793,44.1955880150949,7.356844425201416,worst_uncertainty_stratified_mhz
345,200.0,3,27.831534083790167,-27.831534083790167,27.831534083790167,0.06853312754952882,0.11712769781985549,0.18566082536938433,24.452827529903256,9.032560105907093,0.0,1.2263457538222013,3.660769462585449,42.79219408957666,8.747359871864319,worst_uncertainty_stratified_mhz
1196,200.0,3,27.056584125178528,-27.056584125178528,27.056584125178528,0.0653918565921966,0.2786627456130806,0.34405460220527717,23.278272894214,9.687715847048183,0.0,2.0166513542266067,4.713067531585693,37.81017554838909,8.150919616222382,worst_uncertainty_stratified_mhz
852,200.0,3,26.819504783334285,-26.819504783334285,26.819504783334285,0.037781720902457024,0.140101052606769,0.17788277350922602,23.453013378962307,9.02663916225806,0.0,0.9996066663040573,3.518409252166748,41.38840417314975,8.535136640071869,worst_uncertainty_stratified_mhz
715,200.0,3,26.693629944167498,-26.693629944167498,26.693629944167498,0.2103655707977803,0.07104805165352897,0.28141362245130924,22.661326021773572,10.601191640879502,0.0,1.448689796712003,4.246417045593262,38.17885540452988,7.434639096260071,worst_uncertainty_stratified_mhz
513,230.0,3,28.976308264270784,-28.976308264270784,28.976308264270784,0.006750033645333139,0.019805629167932295,0.026555662813265435,22.29614003499584,18.976067358066878,0.0,0.012606867864345617,0.3714783191680908,44.1955880150949,2.341321051120758,worst_uncertainty_stratified_mhz
1058,230.0,3,28.91636199650298,-28.91636199650298,28.91636199650298,0.0066162456055652566,0.02621155913915925,0.032827804744724506,23.070231894758535,16.53481379158443,0.0,0.2150641966059217,1.5147473812103271,44.1955880150949,4.439079910516739,worst_uncertainty_stratified_mhz
122,230.0,3,28.177005109164547,-28.177005109164547,28.177005109164547,0.03498240279927537,0.03647755199109791,0.07145995479037329,22.583363063931863,15.719308853121767,0.0,0.15225415472863446,1.3514432907104492,43.51077452769601,4.776215970516205,worst_uncertainty_stratified_mhz
617,230.0,3,27.78547541500305,-27.78547541500305,27.78547541500305,0.0072389190745105044,0.048351593898714636,0.05559051297322514,22.480507148192057,14.928825628085697,0.0,0.26183381899515723,1.6451525688171387,42.79219408957666,5.2668033838272095,worst_uncertainty_stratified_mhz
793,230.0,3,27.24716566238046,-27.24716566238046,27.24716566238046,0.013490184234725778,0.021379835647502534,0.03487001988222831,22.136652861280847,14.452072345545556,0.0,0.1430564459175656,1.1949987411499023,42.79219408957666,5.428863167762756,worst_uncertainty_stratified_mhz
771,230.0,3,26.874249678976337,-26.874249678976337,26.874249678976337,0.019012803601589117,0.031379895468275076,0.0503926990698642,21.634317932726233,14.773251276380142,0.0,0.1412870406015223,1.0523343086242676,41.933727475625155,4.971690475940704,worst_uncertainty_stratified_mhz
336,230.0,3,26.56487473141034,-26.56487473141034,26.56487473141034,0.01334259729425087,0.0473240447082687,0.060666642002519575,21.44117122025799,14.394042750632542,0.0,0.26875382671368797,1.7125277519226074,40.632307035165994,5.158990681171417,worst_uncertainty_stratified_mhz
913,230.0,3,26.03564587488625,-26.03564587488625,26.03564587488625,0.004683084043332517,0.032657963460862006,0.03734104750419452,21.22373053369016,13.57528683485791,0.0,0.27442861432619736,1.338463306427002,40.56014053230092,5.639226317405701,worst_uncertainty_stratified_mhz
217,250.0,3,28.65121535890625,-28.65121535890625,28.65121535890625,0.0750692023576962,0.12458379096596563,0.19965299332366182,23.392500231214193,14.350574193896742,0.0,0.9015199184866525,2.917278289794922,42.06468233566016,6.5281460881233215,worst_uncertainty_stratified_mhz
1124,250.0,3,28.54702099543378,-28.54702099543378,28.54702099543378,0.07171931913169287,0.07988753368495603,0.1516068528166489,24.173520567098976,11.99066257596106,0.0,0.7213581112940801,2.7087368965148926,44.1955880150949,8.43870759010315,worst_uncertainty_stratified_mhz
1387,250.0,3,27.982244575688664,-27.982244575688664,27.982244575688664,0.650463292356885,0.11134422663965214,0.7618075189965372,23.396648955215753,10.830667370623509,0.0,1.473916686959594,3.794325351715088,40.05113918479723,9.182175695896149,worst_uncertainty_stratified_mhz
383,250.0,3,27.728529318076635,-27.728529318076635,27.728529318076635,0.9139737734104126,0.10510957853332598,1.0190833519437386,22.779492005827176,11.177213969106015,0.0,0.400381807962674,1.9660263061523438,42.79219408957666,8.823063135147095,worst_uncertainty_stratified_mhz
1400,250.0,3,27.646048515578073,-27.646048515578073,27.646048515578073,0.04447534572054895,0.1307919567252436,0.17526730244579256,23.45572908151861,11.418260336847409,0.0,0.41194790064002973,1.979917049407959,44.1076453123492,8.59856390953064,worst_uncertainty_stratified_mhz
81,250.0,3,27.580692684707817,-27.580692684707817,27.580692684707817,0.006081040590928872,0.008604750130647366,0.014685790721576237,21.769330694594313,16.519475443174542,0.0,0.057279083804089304,0.6319091320037842,42.79219408957666,4.026477187871933,worst_uncertainty_stratified_mhz
1451,250.0,3,27.43685802918275,-27.43685802918275,27.43685802918275,0.014610797481685143,0.1440437380088891,0.15865453549057423,23.5783373414852,10.513319090741659,0.0,0.561053495301266,2.7219324111938477,43.31263528117402,9.268184542655945,worst_uncertainty_stratified_mhz
329,250.0,3,27.252401775264875,-27.252401775264875,27.252401775264875,0.07700248420755301,0.08808421321891988,0.1650866974264729,22.888263532963812,11.937420774362531,0.0,0.4523605990458428,2.0796117782592773,42.79219408957666,8.024348437786102,worst_uncertainty_stratified_mhz
1095,250.0,3,27.07682206205843,-27.07682206205843,27.07682206205843,0.09284742460975863,0.10844560946191797,0.2012930340716766,22.873909125777256,11.356931873997086,0.0,0.814510340567633,2.8248815536499023,41.293916016769344,8.45237547159195,worst_uncertainty_stratified_mhz
224,250.0,3,26.90170096429307,-26.90170096429307,26.90170096429307,0.004402833642616218,0.019671381676576463,0.024074215319192682,22.219205456446232,13.248425809946976,0.0,0.33438623073912765,2.1703596115112305,41.59927883990298,6.7326565980911255,worst_uncertainty_stratified_mhz
658,250.0,3,26.381645471495535,-26.381645471495535,26.381645471495535,0.027045077778192247,0.1373440873285244,0.16438916510671664,22.614320350609933,10.244080867122047,0.0,0.41099350136636303,1.884049415588379,42.52260428289876,9.154393434524536,worst_uncertainty_stratified_mhz
928,250.0,3,26.26848074000342,-26.26848074000342,26.26848074000342,0.027724213491280885,0.3799246432181008,0.4076488567093817,22.420330399030824,9.724840395664199,0.0,1.978751602776228,4.917244911193848,35.965912681315345,9.554350018501282,worst_uncertainty_stratified_mhz
1096,265.0,3,29.555533892870194,-29.555533892870194,29.555533892870194,0.05460521407701119,0.7144106087682176,0.7690158228452288,25.671846103496726,8.73293796438055,0.0,7.330165502189857,8.14939022064209,28.533970981971645,11.641109943389893,worst_uncertainty_stratified_mhz
863,265.0,3,28.817584354125,-28.817584354125,28.817584354125,0.3141850260544775,0.31274938966910204,0.6269344157235796,26.334497331330287,5.213976429058848,0.0,3.0687335766320842,5.192230224609375,41.33929728478703,14.009373784065247,worst_uncertainty_stratified_mhz
851,265.0,3,28.07772532237282,-28.07772532237282,28.07772532237282,0.9235889608893556,0.40437657068354904,1.3279655315729046,25.25794844947624,4.163853007265669,0.0,4.077019556121158,5.707432746887207,36.654425039822954,14.647415041923523,worst_uncertainty_stratified_mhz
17,265.0,3,27.20158907566244,-27.20158907566244,27.20158907566244,0.12316316245150895,0.36943108259214674,0.4925942450436557,25.418893226704686,3.6054638198493945,0.0,2.8416137543629247,5.158465385437012,39.99609355924651,14.949915885925293,worst_uncertainty_stratified_mhz
1286,265.0,3,26.680133574326593,-26.680133574326593,26.680133574326593,0.17028052778778305,0.39538825018924306,0.5656687779770261,24.647742496504605,4.130091187253097,0.0,1.5150278661367196,4.008957862854004,42.25647139788177,14.52150022983551,worst_uncertainty_stratified_mhz
788,265.0,3,26.450250565698436,-26.450250565698436,26.450250565698436,0.037828901050337434,0.20643979296587375,0.24426869401621118,25.212540433899107,2.7748923212045633,0.0,1.892667495129885,4.26290225982666,42.376843617711785,15.472297072410583,worst_uncertainty_stratified_mhz
765,265.0,3,26.203264541634102,-26.203264541634102,26.203264541634102,0.054974232284326775,0.29431376121042263,0.3492879934947494,24.30136766221197,4.360065077915095,0.0,2.311151045279402,4.493093490600586,39.48733974326455,14.295501589775085,worst_uncertainty_stratified_mhz
326,265.0,3,25.91570173027574,-25.91570173027574,25.91570173027574,0.10947453161586768,0.1702930086019037,0.2797675402177714,22.614728395617856,8.59411606438392,0.0,0.3313952325128753,1.7744722366333008,42.79219408957666,10.849263429641724,worst_uncertainty_stratified_mhz
568,265.0,3,25.826218647857715,-25.826218647857715,25.826218647857715,0.7965575885177151,0.2668104220036403,1.0633680105213554,23.11716277077502,4.633172120510411,0.0,1.8283605460003258,4.303102493286133,38.27450195626326,14.039682745933533,worst_uncertainty_stratified_mhz
1406,265.0,3,25.516839711517342,-25.516839711517342,25.516839711517342,0.12017168283042616,0.47605780489486504,0.5962294877252912,23.912680848686836,2.797722042753426,0.0,3.124681640652611,4.818558692932129,36.75743972313632,15.383592247962952,worst_uncertainty_stratified_mhz
1375,265.0,3,25.474077385040808,-25.474077385040808,25.474077385040808,0.03820845511536023,0.21009597961746837,0.2483044347328286,23.54537435238042,4.734873353400861,0.0,1.6656148652277238,3.7579565048217773,40.001562469483616,13.911430597305298,worst_uncertainty_stratified_mhz
612,270.0,3,30.285022411153278,-30.285022411153278,30.285022411153278,0.007546670204829263,0.04615244840104779,0.053699118605877054,23.771481048900732,18.290665888607442,0.0,0.9176514004400325,2.568350076675415,43.139309220245984,4.121298849582672,worst_uncertainty_stratified_mhz
939,270.0,3,28.513266616546797,-28.513266616546797,28.513266616546797,0.02997333220792441,0.049053525909687895,0.0790268581176123,23.36534222434868,14.421408870865825,0.0,0.3373175992780375,1.8604612350463867,44.1955880150949,6.783531665802002,worst_uncertainty_stratified_mhz
1398,270.0,3,28.104364925136448,-28.104364925136448,28.104364925136448,0.003917851829281428,0.013663108794576325,0.017580960623857753,21.6865497314479,18.241488398065677,0.0,0.03138443600344143,0.5181365013122559,42.79219408957666,2.8185772597789764,worst_uncertainty_stratified_mhz
634,270.0,3,28.098147305446936,-28.098147305446936,28.098147305446936,0.007495203327825659,0.011228561110976218,0.018723764438801877,21.738674254428304,18.021431709685157,0.0,0.16392408682871462,1.4416248798370361,41.70787545536214,3.044341802597046,worst_uncertainty_stratified_mhz
1022,270.0,3,27.72419807922742,-27.72419807922742,27.72419807922742,0.15132605862716111,0.037311668782426866,0.18863772740958798,21.499544296911118,17.140932081705536,0.0,0.2970297764060632,1.7727220058441162,40.632307035165994,3.713593363761902,worst_uncertainty_stratified_mhz
548,270.0,3,27.6245668244316,-27.6245668244316,27.6245668244316,0.01275555899676833,0.040672715411555704,0.05342827440832403,21.641275277744086,16.801978356009855,0.0,0.6189763538116146,2.859938859939575,39.18465898792537,4.0000861287117,worst_uncertainty_stratified_mhz
1056,270.0,3,27.22838329865288,-27.22838329865288,27.22838329865288,0.005909804989893096,0.017107710647600523,0.02301751563749362,21.829292315641325,15.306516346735517,0.0,0.15768818953489472,1.4752984046936035,41.86790984751926,5.2826197147369385,worst_uncertainty_stratified_mhz
895,280.0,3,28.54536646423765,-28.54536646423765,28.54536646423765,0.01195151545153231,0.05192165736082185,0.06387317281235416,22.337739143025924,17.394199180306227,0.0,0.8164532130107744,3.0271451473236084,40.01542671270669,4.049418091773987,worst_uncertainty_stratified_mhz
431,280.0,3,28.27762907867238,-28.27762907867238,28.27762907867238,0.021430086554870127,0.051376447629898674,0.0728065341847688,22.149442493033817,17.141990035427366,0.0,0.8505865194694735,2.895106554031372,39.702605393097315,4.1406872272491455,worst_uncertainty_stratified_mhz
470,280.0,3,28.270297843426256,-28.270297843426256,28.270297843426256,0.03885017076089276,0.07297597135960211,0.11182614212049488,23.277503235506053,13.84788480546427,0.0,1.0094420796225414,3.365934371948242,41.17018793981878,7.342485129833221,worst_uncertainty_stratified_mhz
1515,280.0,3,27.92466229255303,-27.92466229255303,27.92466229255303,0.01857177616411595,0.03279379786561336,0.05136557402972931,22.804008644024833,14.425097164314055,0.0,0.29613686312040954,1.605095386505127,43.41064817530372,6.635081052780151,worst_uncertainty_stratified_mhz
231,280.0,3,27.918976561679486,-27.918976561679486,27.918976561679486,0.013050473514696492,0.03471438838848038,0.04776486190317687,22.857153507499405,14.245822748171605,0.0,0.5814997196559801,2.2994585037231445,42.251849071963704,6.803667187690735,worst_uncertainty_stratified_mhz
220,280.0,3,27.89922627259996,-27.89922627259996,27.89922627259996,0.044493136959840494,0.07506895216137888,0.11956208912121938,22.437992583240163,15.138272819986625,0.0,1.0538951839591526,3.008368968963623,39.7598258295984,5.9304885268211365,worst_uncertainty_stratified_mhz
1382,300.0,3,28.80837256193647,-28.80837256193647,28.80837256193647,0.0015347526885253811,0.008633396555372732,0.010168149243898113,21.738304822601794,20.067191145275753,0.0,0.04577439222304491,0.7441180944442749,42.64094276631322,1.47013258934021,worst_uncertainty_stratified_mhz
1021,300.0,3,28.156393516015324,-28.156393516015324,28.156393516015324,0.003748226315784133,0.004425516064972977,0.00817374238075711,21.240937676225123,19.631043871080447,0.0,0.04456811883008793,0.687111496925354,41.705627617864714,1.4492758810520172,worst_uncertainty_stratified_mhz
1528,300.0,3,26.98432945522454,-26.98432945522454,26.98432945522454,0.0006926586850441152,0.004064582253950172,0.004757240938994287,20.394303315299492,18.760330989314348,0.0,0.013452833222995286,0.2873649597167969,40.474336004436196,1.513940766453743,worst_uncertainty_stratified_mhz
478,300.0,3,26.925727359747704,-26.925727359747704,26.925727359747704,0.003047059726509207,0.005971112163708648,0.009018171890217854,20.331477521034508,18.72974099693138,0.0,0.032088254663072746,0.6144065856933594,39.98437194704951,1.501660168170929,worst_uncertainty_stratified_mhz
1421,300.0,3,26.649930002044126,-26.649930002044126,26.649930002044126,0.003367588085100995,0.008380706774033532,0.011748294859134527,20.07534161857414,18.618234057379407,0.0,0.06800713848514639,0.7885615825653076,39.22610737761268,1.4033150225877762,worst_uncertainty_stratified_mhz
325,300.0,3,26.509863022315333,-26.509863022315333,26.509863022315333,0.009243037846657726,0.00331244845891194,0.012555486305569666,19.91618871976848,18.715755387983574,0.0,0.02022545332032144,0.35784387588500977,39.43408265701131,1.161729022860527,worst_uncertainty_stratified_mhz
2792,120.0,4,137.19191325771868,-137.19191325771868,137.19191325771868,12.337048107343984,11.98269326852841,24.319741375872393,112.75404662543845,0.0,0.0,97.37650262834023,26.490407466888428,4.264680527307995,20.884511947631836,worst_uncertainty_stratified_mhz
1998,120.0,4,126.99807352845767,-126.99807352845767,126.99807352845767,23.049568733671823,9.401465649027806,32.45103438269963,94.43293730789689,0.0,0.0,62.58241070344703,24.67622137069702,39.02483183820271,17.332991063594818,worst_uncertainty_stratified_mhz
1929,120.0,4,125.85241203029793,-125.85241203029793,125.85241203029793,5.794067289895055,8.251541753279446,14.045609043174501,111.72549625078369,0.0,0.0,94.7742665433685,28.891533851623535,5.010925563206861,29.933582425117493,worst_uncertainty_stratified_mhz
2087,150.0,4,26.256198945762335,-26.256198945762335,26.256198945762335,0.017395908926449703,0.012561321520065748,0.02995723044651545,21.863668384845433,12.422884597603947,0.0,0.07095345065280512,0.7932357788085938,42.79219408957666,4.572507321834564,worst_uncertainty_stratified_mhz
1648,150.0,4,24.23988988454957,-24.23988988454957,24.23988988454957,0.011451952696227473,0.02528944795236671,0.036741400648594186,19.55362390321299,13.241941448412922,0.0,0.04143062237750339,0.7498846054077148,38.27450195626326,3.427822917699814,worst_uncertainty_stratified_mhz
1780,150.0,4,23.821414072691326,-23.821414072691326,23.821414072691326,0.0020058415384867257,0.004042792036307285,0.0060486335747940104,19.434985549488207,12.4826033465041,0.0,0.030134988684458186,0.5351991653442383,38.27450195626326,3.7840828597545624,worst_uncertainty_stratified_mhz
2437,150.0,4,23.548124151262588,-23.548124151262588,23.548124151262588,0.0014331582630438995,0.0062002325118148925,0.007633390774858792,19.664279930723218,11.030322639153972,0.0,0.08395448779361558,0.8861489295959473,38.27450195626326,4.644036948680878,worst_uncertainty_stratified_mhz
2814,155.0,4,25.256529670327872,-25.256529670327872,25.256529670327872,0.001099601114079415,0.026219461315298946,0.02731906242937836,21.86603903052956,9.579972032861862,0.0,0.06272472156581443,0.8144345283508301,42.79219408957666,6.149691581726074,worst_uncertainty_stratified_mhz
2975,155.0,4,24.96357567251265,-24.96357567251265,24.96357567251265,0.002005891250984841,0.0071759771324371715,0.009181868383422012,21.731960842806,9.18597993585635,0.0,0.034361093397308196,0.6030054092407227,42.79219408957666,6.313619375228882,worst_uncertainty_stratified_mhz
2277,155.0,4,23.928475122390534,-23.928475122390534,23.928475122390534,0.004246698363996822,0.012858514993099002,0.017105213357095826,20.78449690416218,8.90171628765205,0.0,0.07955209386804185,0.8497490882873535,40.56014053230092,6.255371630191803,worst_uncertainty_stratified_mhz
3008,155.0,4,22.186885285370312,-22.186885285370312,22.186885285370312,0.0034758049761924835,0.01276971985843726,0.016245524834629745,19.279654180867233,8.204535751467624,0.0,0.23800393201992165,1.5450072288513184,36.538293268843304,6.2874367237091064,worst_uncertainty_stratified_mhz
2742,155.0,4,20.436705052119734,-20.436705052119734,20.436705052119734,0.006369097525352488,0.014386680946700902,0.020755778472053392,17.588752041730423,8.043362022167466,0.0,0.0816031222429956,0.8876953125,34.126602526474855,5.941142797470093,worst_uncertainty_stratified_mhz
2232,155.0,4,20.18497980633811,-20.18497980633811,20.18497980633811,0.0050018328600694075,0.014024981227601218,0.019026814087670624,16.994506445485936,8.9816208593012,0.0,0.3323386579340557,1.8243355751037598,31.5,5.1695104241371155,worst_uncertainty_stratified_mhz
2102,155.0,4,19.893524714755966,-19.893524714755966,19.893524714755966,0.004827581212482638,0.020569376474983064,0.0253969576874657,16.685374191118708,9.023233715991841,0.0,0.24609391958855653,1.3785605430603027,31.5,5.036992013454437,worst_uncertainty_stratified_mhz
2275,155.0,4,19.617275355610616,-19.617275355610616,19.617275355610616,0.0021100295533437747,0.022572968194293847,0.024682997747637624,16.849136568161654,7.775442132588103,0.0,0.27083823785464745,1.6565966606140137,31.5,5.900188088417053,worst_uncertainty_stratified_mhz
2819,170.0,4,26.395824026472052,-26.395824026472052,26.395824026472052,0.019458156012734356,0.022441812873920157,0.04189996888665451,22.085483178238544,12.14942649447974,0.0,0.12167883326405615,1.1354146003723145,42.79219408957666,5.40257465839386,worst_uncertainty_stratified_mhz
2027,170.0,4,23.99729946584218,-23.99729946584218,23.99729946584218,0.004024235771295789,0.011257505401264118,0.015281741172559907,19.763438393994967,12.002750790016977,0.0,0.11027440621978357,1.0318260192871094,38.27450195626326,4.712554752826691,worst_uncertainty_stratified_mhz
2489,170.0,4,23.608857245817195,-23.608857245817195,23.608857245817195,0.006291002685654679,0.008775115364350342,0.01506611805000502,19.357537072763236,12.058275937324339,0.0,0.08240226839529541,0.9645342826843262,37.585735326051555,4.525593101978302,worst_uncertainty_stratified_mhz
2457,180.0,4,26.470939441534473,-26.470939441534473,26.470939441534473,0.012432340558355834,0.012781500750494135,0.025213841308849967,21.79218821296079,13.266319904155882,0.0,0.041754191167456156,0.7086739540100098,42.79219408957666,4.947459936141968,worst_uncertainty_stratified_mhz
2604,180.0,4,24.851684136412686,-24.851684136412686,24.851684136412686,0.030599656182908472,0.04252679151924732,0.07312644770215579,21.101740306698016,10.413583296287598,0.0,0.6779261705311086,2.5731263160705566,38.27450195626326,6.419836401939392,worst_uncertainty_stratified_mhz
2046,180.0,4,24.02916982565566,-24.02916982565566,24.02916982565566,0.03884124884467981,0.03717623920937383,0.07601748805405364,20.748061885239345,9.088277677401074,0.0,0.4741047932924083,2.2734122276306152,38.27450195626326,7.115127623081207,worst_uncertainty_stratified_mhz
2032,180.0,4,23.77982016923128,-23.77982016923128,23.77982016923128,0.00296429954058728,0.0351337554766878,0.03809805501727508,20.296858447919085,9.78640651013414,0.0,0.26420813774094754,1.7907986640930176,38.27450195626326,6.54912656545639,worst_uncertainty_stratified_mhz
1809,200.0,4,27.71047901010764,-27.71047901010764,27.71047901010764,0.0068872316395875615,0.07182364986310309,0.07871088150269065,23.256023110442328,12.438078889018842,0.0,0.33464216212949793,1.6471738815307617,44.1955880150949,6.451266169548035,worst_uncertainty_stratified_mhz
3038,200.0,4,27.70239534020871,-27.70239534020871,27.70239534020871,0.023993233489329118,0.05081403518404498,0.0748072686733741,24.11904559717331,9.954488723500598,0.0,0.6329669063983232,2.776569366455078,44.1955880150949,8.127768397331238,worst_uncertainty_stratified_mhz
2544,200.0,4,27.513497635420528,-27.513497635420528,27.513497635420528,0.07013609029820117,0.1026051151590712,0.17274120545727237,23.00693397564439,12.298720907987008,0.0,0.5768783072844279,2.179978370666504,42.68013296605342,6.487201154232025,worst_uncertainty_stratified_mhz
2085,200.0,4,27.20337090682018,-27.20337090682018,27.20337090682018,0.008797068949397713,0.02699452180243303,0.03579159075183074,22.684033430330043,12.745797109413715,0.0,0.29848651804763904,1.928722858428955,42.84237096613585,6.065880060195923,worst_uncertainty_stratified_mhz
2387,200.0,4,26.96317430425278,-26.96317430425278,26.96317430425278,0.048340422905810754,0.15336876222319562,0.20170918512900637,22.50770869946846,12.015244313069447,0.0,1.5918435484175824,4.174144744873047,37.65758555722871,6.514142453670502,worst_uncertainty_stratified_mhz
2923,200.0,4,26.688956857364364,-26.688956857364364,26.688956857364364,0.08248038043883682,0.06014875362226305,0.14262913406109987,22.495727560479175,11.51172280250979,0.0,0.340824763890307,1.5176115036010742,42.79219408957666,6.789285123348236,worst_uncertainty_stratified_mhz
2132,200.0,4,25.987261695958765,-25.987261695958765,25.987261695958765,0.06401022695402303,0.04201006559633907,0.1060202925503621,21.531767648652906,12.36206922856203,0.0,0.2906077414519892,1.8500127792358398,40.632307035165994,5.924084842205048,worst_uncertainty_stratified_mhz
2933,200.0,4,25.911133496271688,-25.911133496271688,25.911133496271688,0.023022064592513835,0.04196104577086916,0.064983110363383,21.533960761796006,12.275303378327987,0.0,0.14261726630084226,1.3942828178405762,41.38840417314975,5.962806761264801,worst_uncertainty_stratified_mhz
2305,230.0,4,29.047519344145073,-29.047519344145073,29.047519344145073,0.011006668535200484,0.06017576831144246,0.07118243684664294,23.343057344845448,16.01474336042945,0.0,0.30788493077334067,1.8747568130493164,44.1955880150949,4.933196187019348,worst_uncertainty_stratified_mhz
2927,230.0,4,28.379487157840224,-28.379487157840224,28.379487157840224,0.012017567821803967,0.02496276045077291,0.03698032827257688,22.75598862257843,15.904720607879776,0.0,0.14036591210434324,1.0356574058532715,44.1955880150949,4.714770197868347,worst_uncertainty_stratified_mhz
2990,230.0,4,28.195720754570488,-28.195720754570488,28.195720754570488,0.03226183816456247,0.01860580895454109,0.05086764711910356,22.003442500827102,17.479682437414805,0.0,0.09308361426478395,1.0285236835479736,42.79219408957666,3.2427012026309967,worst_uncertainty_stratified_mhz
1756,230.0,4,28.079612459195648,-28.079612459195648,28.079612459195648,0.06399938406319237,0.04125157276933208,0.10525095683252444,22.35887009364226,15.973752943608115,0.0,0.1982433438063218,1.5290594100952148,42.79219408957666,4.510570704936981,worst_uncertainty_stratified_mhz
2995,230.0,4,28.020229594856282,-28.020229594856282,28.020229594856282,0.003549112247073558,0.009099952124570454,0.012649064371644012,21.83138357556111,17.595812085601768,0.0,0.0460729687610586,0.7784271240234375,42.79219408957666,3.0381233394145966,worst_uncertainty_stratified_mhz
2702,230.0,4,27.686836292281463,-27.686836292281463,27.686836292281463,0.013674024588418376,0.027284204538823433,0.04095822912724181,21.804157182985797,16.646547324630667,0.0,0.05252832648329431,0.7110636234283447,42.79219408957666,3.7135570645332336,worst_uncertainty_stratified_mhz
2630,230.0,4,26.818654104303075,-26.818654104303075,26.818654104303075,0.022797825626804144,0.03440559854598078,0.05720342417278492,21.87035254193073,13.913432892010253,0.0,0.23799698473643716,1.3309836387634277,41.933727475625155,5.700073301792145,worst_uncertainty_stratified_mhz
2309,230.0,4,26.38637022999052,-26.38637022999052,26.38637022999052,0.024107101649833155,0.07204398131308071,0.09615108296291386,21.177887787864627,14.558035829818824,0.0,0.11234789121476396,1.0990800857543945,41.03199970754533,4.923716723918915,worst_uncertainty_stratified_mhz
2746,250.0,4,29.168506289115797,-29.168506289115797,29.168506289115797,0.0043661277356461465,0.0638421059313719,0.06820823366701806,23.756538370201042,15.169955080741325,0.0,0.6890895403662078,3.1588869094848633,42.976010750184805,6.054736077785492,worst_uncertainty_stratified_mhz
1699,250.0,4,28.432298984191547,-28.432298984191547,28.432298984191547,0.003501803797769604,0.013338023693410668,0.01683982749118027,22.579240356457053,16.586158015943283,0.0,0.3041768609774982,1.7579329013824463,42.79219408957666,4.4386692345142365,worst_uncertainty_stratified_mhz
2156,250.0,4,28.33168859714914,-28.33168859714914,28.33168859714914,0.02283061397183629,0.3001591620231519,0.3229897759949882,23.84365364781109,11.782013819630988,0.0,1.9914104447242238,4.471408843994141,39.233077562179595,8.53387725353241,worst_uncertainty_stratified_mhz
2994,250.0,4,28.196430684532984,-28.196430684532984,28.196430684532984,0.04710042120235828,0.09545392368848477,0.14255434489084304,23.679990606856588,12.425393676351216,0.0,0.6339958906160064,2.5812149047851562,43.51077452769601,7.963040113449097,worst_uncertainty_stratified_mhz
2704,250.0,4,27.10557959363713,-27.10557959363713,27.10557959363713,0.024898426835627235,0.03328358217102401,0.05818200900665125,22.056754508223417,14.217023512802395,0.0,0.12192660367861663,1.0774617195129395,42.79219408957666,5.94456148147583,worst_uncertainty_stratified_mhz
2431,250.0,4,27.008335747633282,-27.008335747633282,27.008335747633282,0.021290054953914807,0.08396936602155307,0.10525942097546788,22.707779490660396,11.931191409757506,0.0,0.37863159406387226,1.9799933433532715,42.67830244983978,7.937764108181,worst_uncertainty_stratified_mhz
1800,250.0,4,26.878410893858817,-26.878410893858817,26.878410893858817,0.003888973101540096,0.0037062194968408724,0.007595192598380969,20.6876901697596,17.63471148838259,0.0,0.011724920059503319,0.3199307918548584,41.03199970754533,2.4662134051322937,worst_uncertainty_stratified_mhz
3135,250.0,4,26.821462814216083,-26.821462814216083,26.821462814216083,0.026725161088356958,0.018589130415879333,0.04531429150423629,22.13931943034758,13.203164183002377,0.0,0.17953887573258953,1.1273670196533203,42.79219408957666,6.737856149673462,worst_uncertainty_stratified_mhz
2020,250.0,4,26.781970470775505,-26.781970470775505,26.781970470775505,0.011350563032098684,0.056565442155302126,0.0679160051874008,22.082475594126674,13.154366812749718,0.0,0.5557030352758829,2.02154541015625,41.03199970754533,6.76444411277771,worst_uncertainty_stratified_mhz
2700,250.0,4,26.427361704348403,-26.427361704348403,26.427361704348403,0.039759222335201766,0.03974505036483748,0.07950427270003924,22.16546907431066,11.91529881367244,0.0,0.13826875231590918,1.2622065544128418,42.79219408957666,7.725031018257141,worst_uncertainty_stratified_mhz
2266,250.0,4,25.9636947029911,-25.9636947029911,25.9636947029911,0.002469577738823489,0.04286104158271271,0.045330619321536196,21.660379401668305,12.11790723410394,0.0,0.24161757150010033,1.6362266540527344,41.201297006283674,7.35092556476593,worst_uncertainty_stratified_mhz
1921,250.0,4,25.76758021145075,-25.76758021145075,25.76758021145075,0.053577594283851775,0.15024324062163738,0.20382083490548916,21.463801057867187,11.624490481693476,0.0,0.9391351964755472,2.8240537643432617,38.22527795844002,7.718965530395508,worst_uncertainty_stratified_mhz
1925,265.0,4,29.444437410272084,-29.444437410272084,29.444437410272084,0.0878388188251051,0.31348328692260713,0.4013221057477122,27.30311940435543,4.875275253251327,0.0,3.710653577722141,5.860755920410156,41.324175732856425,14.311521410942078,worst_uncertainty_stratified_mhz
1609,265.0,4,27.833352087069006,-27.833352087069006,27.833352087069006,0.24426163771868056,0.35981931867376044,0.604080956392441,25.895345152253952,3.7351463192825447,0.0,2.5242644167374095,5.188920021057129,41.55324144997596,14.918378472328186,worst_uncertainty_stratified_mhz
1770,265.0,4,26.58805957493098,-26.58805957493098,26.58805957493098,0.013546854795367753,0.26325180075748306,0.2767986555528508,24.602254420059957,4.8315325389991175,0.0,1.0117926477671517,3.0718612670898438,44.10906227749577,13.993779182434082,worst_uncertainty_stratified_mhz
2215,265.0,4,26.19647587131262,-26.19647587131262,26.19647587131262,0.04294422435839481,0.0534056196727798,0.09634984403117461,22.882386696658543,9.162894369681245,0.0,0.200750411584238,1.167684555053711,44.1955880150949,10.442830801010132,worst_uncertainty_stratified_mhz
2025,265.0,4,26.111393706932922,-26.111393706932922,26.111393706932922,0.01976780408666579,0.2025999091591288,0.22236771324579457,22.769777045448095,8.888708577312595,0.0,0.12212351412745193,1.0997190475463867,44.1955880150949,10.653092384338379,worst_uncertainty_stratified_mhz
2224,265.0,4,25.33192918367211,-25.33192918367211,25.33192918367211,0.04684903361783094,0.15373929362890001,0.20058832724673095,24.166489768003288,2.7156506756732153,0.0,0.7869221932561317,2.563547134399414,44.1955880150949,15.429357647895813,worst_uncertainty_stratified_mhz
2788,265.0,4,25.318942979452068,-25.318942979452068,25.318942979452068,0.11162676968057367,0.09445693815291839,0.20608370783349206,23.107223697395437,5.688778885656632,0.0,0.5849073799935809,2.252438545227051,42.79219408957666,13.129064321517944,worst_uncertainty_stratified_mhz
3130,265.0,4,24.950483857074385,-24.950483857074385,24.950483857074385,0.16911623638762072,0.16938766368369948,0.3385039000713202,22.759232077206697,5.243091952424738,0.0,0.8999228894576845,3.0863113403320312,40.632307035165994,13.424925804138184,worst_uncertainty_stratified_mhz
2106,265.0,4,24.820469181891223,-24.820469181891223,24.820469181891223,0.13006315329559734,0.2954219985623327,0.42548515185793,23.596835054284693,2.228796252448446,0.0,1.2966035304170305,3.290090560913086,41.31037248682224,15.753554105758667,worst_uncertainty_stratified_mhz
2462,265.0,4,24.688366483640785,-24.688366483640785,24.688366483640785,0.09501650155398368,0.2716437351239504,0.36666023667793407,23.45327357080428,2.426140851126312,0.0,1.4471904462420184,3.2238407135009766,40.78832553562355,15.596233606338501,worst_uncertainty_stratified_mhz
2672,265.0,4,24.395480026537992,-24.395480026537992,24.395480026537992,0.2756599453737217,0.21307242018833533,0.488732365562057,23.108424451045938,2.237299234810383,0.0,0.921537372191878,2.924445152282715,41.449329005425405,15.718125224113464,worst_uncertainty_stratified_mhz
1878,270.0,4,29.67598920053907,-29.67598920053907,29.67598920053907,0.015113589854530278,0.040846529778525445,0.05596011963305572,23.46698134179683,17.464975389477658,0.0,0.5393065108794621,2.4187939167022705,43.436555745132466,4.5549575984478,worst_uncertainty_stratified_mhz
2859,270.0,4,28.055120384216647,-28.055120384216647,28.055120384216647,0.011249070184170519,0.020908549799468358,0.03215761998363888,22.24411332279071,16.447117068932727,0.0,0.17061188742004774,1.3290743827819824,42.81792848795934,4.618517816066742,worst_uncertainty_stratified_mhz
2790,270.0,4,27.79913449762244,-27.79913449762244,27.79913449762244,0.013810628597725956,0.02820912310038222,0.042019751698108176,21.65886276122377,17.32373052596561,0.0,0.24939381706272457,1.4904141426086426,41.32852374571345,3.5725773572921753,worst_uncertainty_stratified_mhz
2884,270.0,4,27.74283664474408,-27.74283664474408,27.74283664474408,0.010675714751489982,0.007095850978302785,0.017771565729792767,21.374472844419547,18.08686569711308,0.0,0.048728705949314666,0.7177608013153076,41.933727475625155,2.7334583699703217,worst_uncertainty_stratified_mhz
2987,270.0,4,27.721326913496533,-27.721326913496533,27.721326913496533,0.014157104237902535,0.042840889560870545,0.05699799379877308,22.647068285264623,14.269021694108535,0.0,0.366389873130597,1.8358521461486816,42.72550467811937,6.550019323825836,worst_uncertainty_stratified_mhz
1889,270.0,4,27.408449567398257,-27.408449567398257,27.408449567398257,0.0020799752650770453,0.02335512289813803,0.025435098163215077,21.35960794085729,17.113751528205547,0.0,0.22594104110356739,1.4698154926300049,40.79751830687744,3.537385582923889,worst_uncertainty_stratified_mhz
2634,270.0,4,26.991954918306313,-26.991954918306313,26.991954918306313,0.021034770876026242,0.09405845470721873,0.11509322558324497,21.919340904079895,14.073588118796012,0.0,0.6560906889341673,2.036146640777588,40.49035378951387,6.374906361103058,worst_uncertainty_stratified_mhz
2986,280.0,4,28.34529546634469,-28.34529546634469,28.34529546634469,0.009275763888751775,0.05943135636130145,0.06870712025005322,22.416536262632796,16.622924364890658,0.0,0.6263107344130958,2.4769232273101807,41.10352782912922,4.707501530647278,worst_uncertainty_stratified_mhz
3171,280.0,4,28.223583219700558,-28.223583219700558,28.223583219700558,0.06526513206190175,0.04160834438700737,0.10687347644890913,22.641953981292417,15.538147381502192,0.0,0.6919846945202401,2.560641288757324,41.33929728478703,5.712642133235931,worst_uncertainty_stratified_mhz
1970,280.0,4,27.798613755665077,-27.798613755665077,27.798613755665077,0.014140692361682647,0.06326811791914645,0.0774088102808291,22.384637397467213,15.160140604336414,0.0,0.5108732810201353,2.3236522674560547,41.4238759654381,5.855119287967682,worst_uncertainty_stratified_mhz
1900,280.0,4,27.685605841623204,-27.685605841623204,27.685605841623204,0.007603571704379305,0.025618466637431603,0.03322203834181091,21.437381610023824,17.61051020387822,0.0,0.44907080608670125,1.911245346069336,40.06537626180491,3.264225274324417,worst_uncertainty_stratified_mhz
2045,280.0,4,26.987596904526896,-26.987596904526896,26.987596904526896,0.02296150140722726,0.06215023092610849,0.08511173233333574,21.702838771898072,14.776468227769437,0.0,0.41779352016694915,2.1848363876342773,40.38525411582797,5.795472204685211,worst_uncertainty_stratified_mhz
2890,280.0,4,26.621481463100725,-26.621481463100725,26.621481463100725,0.011006764411993601,0.08619977448151184,0.09720653889350545,21.492662845978668,14.292854663272566,0.0,0.5023715991199502,2.1271400451660156,39.85344244855142,6.0864827036857605,worst_uncertainty_stratified_mhz
2476,300.0,4,28.89447996139094,-28.89447996139094,28.89447996139094,0.017818907676240035,0.0394240267898046,0.05724293446604463,23.261588819796856,15.862702270919801,0.0,0.32087689309047107,1.685835838317871,44.1955880150949,5.9747079610824585,worst_uncertainty_stratified_mhz
1959,300.0,4,28.438104213076482,-28.438104213076482,28.438104213076482,0.014627207671082885,0.017667306588000573,0.03229451425908346,22.243550858250135,17.557467961701597,0.0,0.07378065983181781,0.828765869140625,43.51077452769601,3.9607042968273163,worst_uncertainty_stratified_mhz
1612,300.0,4,28.38170494098712,-28.38170494098712,28.38170494098712,0.013820279042029529,0.0285864721782688,0.04240675122029833,22.28106322969792,17.23236607781041,0.0,0.21116577259497316,1.5435802936553955,42.5962146205505,4.269619673490524,worst_uncertainty_stratified_mhz
2469,300.0,4,27.62815721849919,-27.62815721849919,27.62815721849919,0.015492680836261298,0.026627375698783855,0.04212005653504515,21.434187446280102,17.44592199662745,0.0,0.4181142526662418,1.8989696502685547,40.133176736959165,3.531343847513199,worst_uncertainty_stratified_mhz
2528,300.0,4,25.073798681250665,-25.073798681250665,25.073798681250665,0.005640153178791087,0.009752149490152953,0.015392302668944039,19.376581764907964,16.19777658096021,0.0,0.024128812861234472,0.4304039478302002,38.27450195626326,3.0813468396663666,worst_uncertainty_stratified_mhz
3111,300.0,4,24.395449069078825,-24.395449069078825,24.395449069078825,0.008626823453910156,0.02744474937590799,0.03607157282981815,19.139382695899496,14.849481203240986,0.0,0.14675875331281585,1.1791682243347168,36.80607966083864,4.223459213972092,worst_uncertainty_stratified_mhz
3708,120.0,5,137.48475286790193,-137.48475286790193,137.48475286790193,12.605310121153162,9.209322370128184,21.814632491281344,115.57020460512175,0.0,0.0,99.12879209869581,29.143256187438965,3.739568825412898,24.91184365749359,worst_uncertainty_stratified_mhz
3568,120.0,5,124.24563880971114,-124.24563880971114,124.24563880971114,4.05007981411297,12.204012274994549,16.25409208910752,107.8106540348837,0.0,0.0,81.04897661912688,28.23409080505371,25.289264026459925,12.442073702812195,worst_uncertainty_stratified_mhz
4263,120.0,5,90.28725169981541,-90.28725169981541,90.28725169981541,0.3292704552696255,6.608538037993698,6.937808493263324,83.27425173101392,0.0,0.0,66.99895896624614,24.412135124206543,8.138450405329014,27.21481764316559,worst_uncertainty_stratified_mhz
3434,150.0,5,21.51702565196611,-21.51702565196611,21.51702565196611,0.044820812174630076,0.10879770926569375,0.15361852144032384,17.596975130627794,10.623588389275966,0.0,0.6731124349338238,2.3477253913879395,31.5,4.257478892803192,worst_uncertainty_stratified_mhz
3206,150.0,5,20.381377540205147,-20.381377540205147,20.381377540205147,0.03415421790377183,0.016413468287626926,0.05056768619139876,16.020319089167337,12.213509189386809,0.0,0.13334777821409816,1.2741987705230713,30.499743851383407,2.5527274012565613,worst_uncertainty_stratified_mhz
4462,150.0,5,20.347867417477737,-20.347867417477737,20.347867417477737,0.04932549296161929,0.04669484898895936,0.09602034195057865,16.08687439623993,11.799530004749483,0.0,0.16354103332288528,1.3469228744506836,30.499743851383407,2.8773089945316315,worst_uncertainty_stratified_mhz
3442,150.0,5,19.717993837395625,-19.717993837395625,19.717993837395625,0.03328321337878399,0.015902221459241944,0.04918543483802593,15.834988159728248,10.88652307640873,0.0,0.09850200674162224,0.9732284545898438,30.499743851383407,3.3335607647895813,worst_uncertainty_stratified_mhz
4334,155.0,5,26.432192474397837,-26.432192474397837,26.432192474397837,0.0796570771097942,0.05162081366560978,0.13127789077540397,22.553582729371083,10.631761104881345,0.0,0.3716265766115612,1.5717182159423828,42.79219408957666,5.813474655151367,worst_uncertainty_stratified_mhz
4257,155.0,5,24.614618010658987,-24.614618010658987,24.614618010658987,0.0036578491039931855,0.007573472985468161,0.011231322089461346,21.430285220886773,9.024307772989138,0.0,0.13667283882544723,1.1988205909729004,41.38840417314975,6.333070158958435,worst_uncertainty_stratified_mhz
4308,155.0,5,24.12906428529135,-24.12906428529135,24.12906428529135,0.019549859239517072,0.03726012313245743,0.0568099823719745,21.03384835199098,8.645815010783025,0.0,0.10193491637016905,0.8318271636962891,41.03199970754533,6.452192544937134,worst_uncertainty_stratified_mhz
4781,155.0,5,24.103377461993016,-24.103377461993016,24.103377461993016,0.09534620108141578,0.1459428223128054,0.24128902339422117,20.444191764934356,9.691012428545248,0.0,0.36704658743138907,1.8797883987426758,38.27450195626326,5.815952777862549,worst_uncertainty_stratified_mhz
4270,155.0,5,23.42239025783716,-23.42239025783716,23.42239025783716,0.006854252019407324,0.01459387047079286,0.021448122490200183,20.202071272034722,9.076193542124175,0.0,0.2868228001591966,1.555994987487793,38.27450195626326,6.030214607715607,worst_uncertainty_stratified_mhz
3961,155.0,5,23.18078561183363,-23.18078561183363,23.18078561183363,0.14557889065912064,0.14316319967674315,0.2887420903358638,19.42239230057861,9.865877071011715,0.0,0.13154070505771642,0.9959678649902344,37.585735326051555,5.464023590087891,worst_uncertainty_stratified_mhz
3370,155.0,5,22.658445126820034,-22.658445126820034,22.658445126820034,0.0548565160415579,0.11628150663160301,0.17113802267316092,19.23891709246989,9.248438288038697,0.0,0.06859848645094857,0.7549018859863281,37.585735326051555,5.725322186946869,worst_uncertainty_stratified_mhz
3768,155.0,5,22.59903788991072,-22.59903788991072,22.59903788991072,0.18291977142245475,0.10571898862857486,0.2886387600510296,18.832889694637505,9.834675720852646,0.0,0.5663868990361856,2.406403064727783,34.126602526474855,5.318945467472076,worst_uncertainty_stratified_mhz
3934,170.0,5,26.87913989705261,-26.87913989705261,26.87913989705261,0.004920579605356928,0.007378271481578672,0.0122988510869356,21.91559341826795,14.103595313540307,0.0,0.06574373657013322,0.9075052738189697,42.79219408957666,4.2764832675457,worst_uncertainty_stratified_mhz
4588,170.0,5,25.788069440846147,-25.788069440846147,25.788069440846147,0.000743830645800546,0.002472329000430211,0.003216159646230757,20.63034945023011,14.710499555135726,0.0,0.006427876906356822,0.21584343910217285,41.03199970754533,3.4385925829410553,worst_uncertainty_stratified_mhz
4023,170.0,5,24.187325258963806,-24.187325258963806,24.187325258963806,0.002213796125899909,0.005788930672764289,0.008002726798664199,19.47516830213271,13.40444563711682,0.0,0.035521503383406206,0.6047916412353516,38.27450195626326,3.7400310933589935,worst_uncertainty_stratified_mhz
4051,180.0,5,27.14937267366557,-27.14937267366557,27.14937267366557,0.003774418593242245,0.01302395364266877,0.016798372235911015,21.972257505622895,14.696539955492469,0.0,0.07671800268179307,0.998884916305542,42.79219408957666,4.189607173204422,worst_uncertainty_stratified_mhz
4597,180.0,5,26.774479260134502,-26.774479260134502,26.774479260134502,0.008475686351557578,0.03383888875040527,0.04231457510196285,22.19509191586,12.911985231199413,0.0,0.1434102973259428,1.311169147491455,42.79219408957666,5.295570373535156,worst_uncertainty_stratified_mhz
3406,180.0,5,26.530138326565908,-26.530138326565908,26.530138326565908,0.05822937323390137,0.02355243271320369,0.08178180594710506,22.099153471676267,12.380431123301932,0.0,0.12829455936474332,1.1495237350463867,42.79219408957666,5.578414261341095,worst_uncertainty_stratified_mhz
4048,180.0,5,24.30533082216105,-24.30533082216105,24.30533082216105,0.0013663665733606794,0.015701250609043857,0.017067617182404536,19.810814066126905,12.739858864409925,0.0,0.11169597011350074,1.1237342357635498,38.27450195626326,4.516701549291611,worst_uncertainty_stratified_mhz
3764,200.0,5,29.253018404981074,-29.253018404981074,29.253018404981074,0.09191159550695631,0.11022500627964896,0.20213660178660525,24.234129937869607,13.640540344093544,0.0,1.082125357528298,3.511815071105957,42.79219408957666,6.110111951828003,worst_uncertainty_stratified_mhz
3413,200.0,5,27.689312942858706,-27.689312942858706,27.689312942858706,0.0074704075003117635,0.035247865849605466,0.04271827334991723,22.566232795249586,14.433297648924816,0.0,0.3298385283238048,1.6805944442749023,42.79219408957666,5.001408696174622,worst_uncertainty_stratified_mhz
4701,200.0,5,27.38267215703452,-27.38267215703452,27.38267215703452,0.0028043635401547567,0.009797502965626457,0.012601866505781214,21.79809856124655,15.8778537336893,0.0,0.04904784404916196,0.7059073448181152,42.79219408957666,3.7605896294116974,worst_uncertainty_stratified_mhz
4225,200.0,5,27.208444732451934,-27.208444732451934,27.208444732451934,0.001992818395286153,0.009654244632346883,0.011647063027633036,21.67597282151166,15.741054293260046,0.0,0.030147693112795082,0.49945616722106934,42.79219408957666,3.7891335487365723,worst_uncertainty_stratified_mhz
4201,200.0,5,26.954424828280352,-26.954424828280352,26.954424828280352,0.0071697276254900156,0.029248870339359467,0.03641859796484948,21.61588845593443,15.069783201459138,0.0,0.21724590107911634,1.5033690929412842,41.293916016769344,4.207610636949539,worst_uncertainty_stratified_mhz
3247,200.0,5,26.024679622664827,-26.024679622664827,26.024679622664827,0.010729747943608108,0.02114600185864767,0.03187574980225578,21.367497337872766,13.182298266130818,0.0,0.059541013542855126,0.682185173034668,41.933727475625155,5.303583383560181,worst_uncertainty_stratified_mhz
3680,200.0,5,24.82648312081817,-24.82648312081817,24.82648312081817,0.0016318492503785448,0.01457435684590336,0.016206206096281903,19.774517165465642,14.327566786699212,0.0,0.10406365838046039,1.0664050579071045,38.27450195626326,3.820085257291794,worst_uncertainty_stratified_mhz
3663,200.0,5,23.902810314662247,-23.902810314662247,23.902810314662247,0.006586812488992638,0.012281844049616446,0.018868656538609085,19.121713567592156,13.573125679583015,0.0,0.034997151590913766,0.5876975059509277,37.585735326051555,4.019976049661636,worst_uncertainty_stratified_mhz
3531,230.0,5,30.001175177751826,-30.001175177751826,30.001175177751826,0.025965643988721476,0.060829361466085724,0.0867950054548072,23.71335872345419,17.586471185479045,0.0,0.5595382571665048,2.1120529174804688,44.1955880150949,4.086973130702972,worst_uncertainty_stratified_mhz
4561,230.0,5,28.787675672666598,-28.787675672666598,28.787675672666598,0.07017243792852919,0.09358154896818593,0.1637539868967151,22.876287472115784,16.261344195912894,0.0,1.0714471629006965,2.5769193172454834,41.03276130118469,4.607542276382446,worst_uncertainty_stratified_mhz
3250,230.0,5,28.657805575031574,-28.657805575031574,28.657805575031574,0.02380741129716532,0.02518243856447061,0.04898984986163593,21.993757730664324,18.804810708685313,0.0,0.09486403594313142,1.0055932998657227,42.79219408957666,2.307168632745743,worst_uncertainty_stratified_mhz
4145,230.0,5,28.361130660493597,-28.361130660493597,28.361130660493597,0.015155695019794456,0.06700663717013626,0.08216233218993071,23.01875658138768,14.950294632343265,0.0,0.36965201600308717,1.8098845481872559,43.48832458258193,5.505436539649963,worst_uncertainty_stratified_mhz
4646,230.0,5,28.249028872921343,-28.249028872921343,28.249028872921343,0.005605746641426775,0.037499670886375014,0.04310541752780179,22.55006848591648,16.075513971412953,0.0,0.2812721804164786,1.7453985214233398,42.79219408957666,4.50594362616539,worst_uncertainty_stratified_mhz
3671,230.0,5,28.226514207211107,-28.226514207211107,28.226514207211107,0.017372229511615225,0.05600380542181973,0.07337603493343495,22.49208183360152,16.10785166241462,0.0,0.17345534038336918,1.1489284038543701,43.48832458258193,4.467083305120468,worst_uncertainty_stratified_mhz
4500,230.0,5,27.731900375758386,-27.731900375758386,27.731900375758386,0.010247966652616848,0.04694656393108082,0.05719453058369767,22.10727213261382,15.845322148009382,0.0,0.1474132574955922,1.12752366065979,42.79219408957666,4.449782580137253,worst_uncertainty_stratified_mhz
3672,230.0,5,27.449371260064243,-27.449371260064243,27.449371260064243,0.01822660791910026,0.01911682532494356,0.03734343324404382,21.673194400509527,16.367904286943283,0.0,0.02387131392737185,0.5064520835876465,42.79219408957666,3.836907237768173,worst_uncertainty_stratified_mhz
4730,250.0,5,29.666309949989994,-29.666309949989994,29.666309949989994,0.00963242432775899,0.019309129299076213,0.028941553626835204,23.39363578012793,17.740804506516053,0.0,0.31170697929892466,1.9682695865631104,44.1955880150949,4.051454335451126,worst_uncertainty_stratified_mhz
3578,250.0,5,28.518236324045226,-28.518236324045226,28.518236324045226,0.00985178705804928,0.01723481437377302,0.027086601431822302,23.142904041266874,15.222879411956937,0.0,0.21380476829278905,1.6626105308532715,44.1955880150949,5.7119386196136475,worst_uncertainty_stratified_mhz
4247,250.0,5,28.32247497474092,-28.32247497474092,28.32247497474092,0.005662885971507755,0.015521713737616098,0.021184599709123852,21.63558088147819,18.99752851821007,0.0,0.01851868967142778,0.44193029403686523,42.79219408957666,2.0526002645492554,worst_uncertainty_stratified_mhz
3701,250.0,5,28.10564759647436,-28.10564759647436,28.10564759647436,0.044110763769689615,0.10990679694472838,0.154017560714418,23.28430551109046,13.254065645197446,0.0,0.675656817093877,2.559685230255127,42.657612157738036,7.235375344753265,worst_uncertainty_stratified_mhz
3253,250.0,5,27.97254688105269,-27.97254688105269,27.97254688105269,0.010354501992323661,0.008342404685595788,0.01869690667791945,21.572671741162875,18.202961763158928,0.0,0.01125906832278556,0.3306312561035156,42.79219408957666,2.6156767308712006,worst_uncertainty_stratified_mhz
4404,250.0,5,27.129275713895133,-27.129275713895133,27.129275713895133,0.041019075145678374,0.027828705906845583,0.06884778105252395,22.01885885522601,14.363764497301782,0.0,0.11010536016607375,1.025312900543213,42.79219408957666,5.820811748504639,worst_uncertainty_stratified_mhz
4796,250.0,5,26.822246605845926,-26.822246605845926,26.822246605845926,0.029553057297211263,0.08722417729148381,0.11677723458869507,21.86172338786044,13.764259869283329,0.0,0.4275313827826288,2.200714111328125,40.6676698988275,6.226034224033356,worst_uncertainty_stratified_mhz
3517,250.0,5,26.122451581615433,-26.122451581615433,26.122451581615433,0.005963949859950662,0.012052636941619186,0.018016586801569846,20.70028560766516,15.405342231991504,0.0,0.04400414513587236,0.6802558898925781,40.632307035165994,4.270732522010803,worst_uncertainty_stratified_mhz
3298,250.0,5,25.315308281144166,-25.315308281144166,25.315308281144166,0.0007673210104877739,0.009096540110362478,0.009863861120850251,19.349917784446404,16.96723381909279,0.0,0.019751843546220504,0.3858299255371094,38.27450195626326,2.06741563975811,worst_uncertainty_stratified_mhz
4287,250.0,5,25.253072837164574,-25.253072837164574,25.253072837164574,0.003000494827796361,0.004505336447169707,0.007505831274966068,19.370050843131548,16.74233442720434,0.0,0.02036628841605559,0.4248671531677246,38.27450195626326,2.2725886404514313,worst_uncertainty_stratified_mhz
4589,250.0,5,25.140400145486907,-25.140400145486907,25.140400145486907,0.021578141778692075,0.022739510740328192,0.04431765251902027,19.251080768915813,16.619335688171645,0.0,0.06904824087309946,0.7783297300338745,37.585735326051555,2.3266996294260025,worst_uncertainty_stratified_mhz
4429,250.0,5,24.99642398171867,-24.99642398171867,24.99642398171867,0.008667842240938804,0.007220318044378185,0.01588816028531699,19.567289025227193,15.420772082844204,0.0,0.05130715396049368,0.7574617862701416,38.27450195626326,3.5444226264953613,worst_uncertainty_stratified_mhz
4207,265.0,5,29.56619847686006,-29.56619847686006,29.56619847686006,0.7658014299178415,0.6184696529385485,1.38427108285639,25.7696622677938,6.813779945030691,0.0,2.0396614334852075,4.667807579040527,42.79219408957666,13.010709762573242,worst_uncertainty_stratified_mhz
3410,265.0,5,28.115058426147844,-28.115058426147844,28.115058426147844,0.07179647188014023,0.15255880191473176,0.22435527379487197,25.653306001601546,6.304264447099849,0.0,2.637833523850759,4.745543479919434,41.28540147558214,13.138344764709473,worst_uncertainty_stratified_mhz
3239,265.0,5,26.063328663371543,-26.063328663371543,26.063328663371543,0.08035071067502987,0.45206752993182914,0.532418240606859,24.403959903658414,3.170228752364465,0.0,1.1091550080154633,3.5157270431518555,43.07388274813405,15.15740716457367,worst_uncertainty_stratified_mhz
3714,265.0,5,25.620785588557972,-25.620785588557972,25.620785588557972,0.1466818112248461,0.18044485902738047,0.3271266702522266,24.03129764220876,3.5588889985006857,0.0,0.9870348546932632,3.363020896911621,42.72550467811937,14.828190565109253,worst_uncertainty_stratified_mhz
3323,265.0,5,25.413751753544727,-25.413751753544727,25.413751753544727,0.06481487899381079,0.21241684370356306,0.27723172269737384,23.21782936491591,5.407875655317408,0.0,1.9240027070052292,4.3131513595581055,38.27450195626326,13.371194839477539,worst_uncertainty_stratified_mhz
3489,265.0,5,24.923309279362044,-24.923309279362044,24.923309279362044,0.053845638073626606,0.2891553613561896,0.3430009994298162,23.13249097200143,4.098064742401587,0.0,0.5986552225317041,2.275477409362793,42.79219408957666,14.333981275558472,worst_uncertainty_stratified_mhz
4286,265.0,5,24.66496722759408,-24.66496722759408,24.66496722759408,0.06401234789373085,0.20131075999775386,0.2653231078914847,23.60985083170825,2.208021739271841,0.0,1.1463695419015352,3.685675621032715,41.241286958580716,15.75866448879242,worst_uncertainty_stratified_mhz
3498,265.0,5,24.165766191653194,-24.165766191653194,24.165766191653194,0.04514603714483378,0.14039472063526123,0.18554075778009502,22.51972006500815,4.122603300019419,0.0,1.0005455790844593,3.1864748001098633,39.85187417173752,14.21309244632721,worst_uncertainty_stratified_mhz
4652,265.0,5,24.032504440153733,-24.032504440153733,24.032504440153733,0.03143193628764481,0.1872839660094531,0.21871590229709792,21.690361067093445,6.016567044512515,0.0,0.789299931185937,3.527620315551758,38.27450195626326,12.598917603492737,worst_uncertainty_stratified_mhz
4736,265.0,5,23.790707657828577,-23.790707657828577,23.790707657828577,0.3056908226755168,0.24482680353891634,0.5505176262144331,20.020762660776054,9.166792469976755,0.0,0.18118157018714953,1.4046602249145508,38.27450195626326,9.630181908607483,worst_uncertainty_stratified_mhz
3267,265.0,5,23.445745753565863,-23.445745753565863,23.445745753565863,0.043033281947891876,0.16802604335587504,0.21105932530376692,22.066433641304048,3.3188969306263307,0.0,0.15399176367913014,1.3022794723510742,42.52260428289876,14.777302503585815,worst_uncertainty_stratified_mhz
4751,270.0,5,28.890837304862828,-28.890837304862828,28.890837304862828,0.004662314340183928,0.007245843018128187,0.011908157358312115,22.41970716906161,18.41429015858025,0.0,0.032332697151061573,0.5791609287261963,44.1955880150949,3.1611744463443756,worst_uncertainty_stratified_mhz
3705,270.0,5,28.748499486241915,-28.748499486241915,28.748499486241915,0.006527724837511506,0.042031296183443694,0.0485590210209552,22.77633269584888,16.80114834686977,0.0,0.6511949609447631,2.587942361831665,41.662333107976565,4.669313043355942,worst_uncertainty_stratified_mhz
3553,270.0,5,27.627494082749422,-27.627494082749422,27.627494082749422,0.010048990379169337,0.014197336565802014,0.02424632694497135,22.144633620017974,15.552785709861269,0.0,0.10149759229896915,1.0957207679748535,42.990551287463155,5.260981202125549,worst_uncertainty_stratified_mhz
3920,270.0,5,26.84437856840198,-26.84437856840198,26.84437856840198,0.008367657962718426,0.04162781459885646,0.04999547256157488,21.025029287555565,16.410621488693,0.0,0.1609223868516798,1.3481831550598145,40.380030646347954,3.9119483530521393,worst_uncertainty_stratified_mhz
4339,270.0,5,25.84615692066775,-25.84615692066775,25.84615692066775,0.046197150065147484,0.04733013470765196,0.09352728477279945,20.297121535285235,15.479522689878056,0.0,0.4128478881559081,1.986483097076416,37.78206419718224,4.263634294271469,worst_uncertainty_stratified_mhz
3618,270.0,5,25.55326424672153,-25.55326424672153,25.55326424672153,0.02106585585163885,0.06007900543276801,0.08114486128440686,20.66019554510452,13.643691399975813,0.0,0.7840741054177691,2.8403968811035156,36.91184599826999,6.043098986148834,worst_uncertainty_stratified_mhz
3997,270.0,5,25.407779198666027,-25.407779198666027,25.407779198666027,0.01972717853732865,0.01697951782070821,0.03670669635803686,19.62015703505125,16.332217542149685,0.0,0.17306941381730834,1.3229928016662598,37.57118244080162,3.0024841129779816,worst_uncertainty_stratified_mhz
4766,280.0,5,28.928620703159563,-28.928620703159563,28.928620703159563,0.004374261495701547,0.03884338935729311,0.04321765085299466,22.414905659829667,18.302927086602264,0.0,0.7530932692577386,2.5408542156219482,40.78277056552191,3.3650157749652863,worst_uncertainty_stratified_mhz
4318,280.0,5,28.01983562208639,-28.01983562208639,28.01983562208639,0.002778506166966607,0.024957239104411565,0.027735745271378173,21.957687760304683,17.126418223454554,0.0,0.4119798093405045,2.227311849594116,40.86410405233424,3.995050013065338,worst_uncertainty_stratified_mhz
3989,280.0,5,27.447539599210184,-27.447539599210184,27.447539599210184,0.031383984233539976,0.031169034585100692,0.06255301881864067,21.3312761451661,17.179298453382636,0.0,0.34124717873474353,1.6040904521942139,40.3759674806685,3.565802276134491,worst_uncertainty_stratified_mhz
4322,280.0,5,26.688475437251338,-26.688475437251338,26.688475437251338,0.01176198362186479,0.008336368444635981,0.02009835206650077,20.664853837028573,17.10363585811449,0.0,0.04641022804098327,0.7471122741699219,40.48977494380526,3.1220524311065674,worst_uncertainty_stratified_mhz
3747,280.0,5,26.609282993535615,-26.609282993535615,26.609282993535615,0.052752480794068725,0.07573199697377178,0.1284844777678405,21.979281085072024,12.804596567555922,0.0,0.36316517772572965,1.8634634017944336,41.368768412898156,7.567469656467438,worst_uncertainty_stratified_mhz
4420,280.0,5,25.267377815999456,-25.267377815999456,25.267377815999456,0.009374530402180595,0.01211487066727297,0.021489401069453566,19.736190870982437,15.688038851096968,0.0,0.07866680344193266,1.040546178817749,38.27450195626326,3.7131544053554535,worst_uncertainty_stratified_mhz
4031,300.0,5,26.381825742223008,-26.381825742223008,26.381825742223008,0.02456362087203556,0.03774890131244993,0.06231252218448549,21.67663607332242,13.225857052564256,0.0,0.16341340744318344,1.2296900749206543,41.79675525683782,7.308870851993561,worst_uncertainty_stratified_mhz
4298,300.0,5,25.266786668241977,-25.266786668241977,25.266786668241977,0.015778260475109784,0.04137625056806009,0.057154511043169876,20.109139515640745,14.505364096019942,0.0,0.24590758941451085,1.5011858940124512,38.22527795844002,5.2496965527534485,worst_uncertainty_stratified_mhz
4310,300.0,5,24.905870294626908,-24.905870294626908,24.905870294626908,0.005531395736067011,0.02282748042265876,0.02835887615872577,19.98687388913965,13.916302807362968,0.0,0.2061119221485761,1.5198116302490234,38.04171230373312,5.6944339871406555,worst_uncertainty_stratified_mhz
3459,300.0,5,23.918964250974703,-23.918964250974703,23.918964250974703,0.008374219842318443,0.02193263468860112,0.030306854530919563,18.72441856385759,14.711667617136543,0.0,0.05972191937267368,0.6604776382446289,36.668915650725204,4.03130978345871,worst_uncertainty_stratified_mhz
3791,300.0,5,23.23043215244182,-23.23043215244182,23.23043215244182,0.019965311912647464,0.020130631101617263,0.04009594301426472,18.058108154808608,14.588928412379298,0.0,0.1442112929995636,0.9718401432037354,34.85595358041435,3.6370342075824738,worst_uncertainty_stratified_mhz
3507,300.0,5,22.58860932763633,-22.58860932763633,22.58860932763633,0.009345610576428305,0.057664650809252885,0.0670102613856812,18.184950795682134,12.28397259010406,0.0,0.8324782997282192,2.743298053741455,31.961646938166375,6.122214138507843,worst_uncertainty_stratified_mhz
6095,120.0,6,85.70766080754767,-85.70766080754767,85.70766080754767,0.1862632250059102,8.319990309888933,8.506253534894842,77.1240840882617,0.0,0.0,63.9476777047473,25.85281276702881,0.5,25.854888319969177,worst_uncertainty_stratified_mhz
6340,120.0,6,34.86694450949644,-34.86694450949644,34.86694450949644,1.3283080493365043,1.6472751621935628,2.975583211530067,31.8518811123677,0.0,0.0,14.924273181295575,10.72109603881836,23.134119823325893,24.462870597839355,worst_uncertainty_stratified_mhz
6314,120.0,6,31.38293634198827,-31.38293634198827,31.38293634198827,0.47603922297072354,0.7458922750329334,1.221931498003657,30.11477782661431,0.0,0.0,6.707207386660173,8.54063892364502,38.27450195626326,14.006028413772583,worst_uncertainty_stratified_mhz
6349,150.0,6,37.37409489360044,-37.37409489360044,37.37409489360044,0.31281470507068543,0.8287724540464476,1.1415871591171332,36.177560687767865,0.0,0.0,9.434946880640368,9.808145523071289,43.6770820911837,13.975436568260193,worst_uncertainty_stratified_mhz
5915,150.0,6,33.23814493084828,-33.23814493084828,33.23814493084828,0.5617104200796376,0.5699023095649585,1.131612729644596,29.005028277196473,8.648072769253835,0.0,5.0701260769016585,7.2838616371154785,40.58594276347415,7.537964105606079,worst_uncertainty_stratified_mhz
5151,150.0,6,31.823878892328104,-31.823878892328104,31.823878892328104,1.6739242505941017,0.2959503335655216,1.9698745841596232,25.476571313709183,12.27593066764586,0.0,3.581523213575906,5.515594244003296,38.27450195626326,5.851333737373352,worst_uncertainty_stratified_mhz
4935,150.0,6,30.033018303992137,-30.033018303992137,30.033018303992137,0.15017014430369047,0.25643821893233765,0.4066083632360281,24.35295598759901,14.786365876862131,0.0,2.8264932348887015,5.039769887924194,38.01315561749642,4.2789576053619385,worst_uncertainty_stratified_mhz
5692,155.0,6,41.94443803597077,-41.94443803597077,41.94443803597077,0.9930472737993981,1.6375479458777222,2.6305952196771205,36.296537500964654,8.298752530138586,0.0,15.065234409685601,13.194449424743652,29.268156757814456,8.606815457344055,worst_uncertainty_stratified_mhz
5583,155.0,6,36.9340157652846,-36.9340157652846,36.9340157652846,2.2034635468490644,1.2059951865937433,3.4094587334428077,30.837355447311776,7.426136667987104,0.0,9.103193240060133,9.863311767578125,33.60501264692516,8.566216170787811,worst_uncertainty_stratified_mhz
5311,155.0,6,33.98775115409336,-33.98775115409336,33.98775115409336,0.6427642941051376,0.6378794336535782,1.280643727758716,31.782436433767753,2.470109145610928,0.0,5.919555437493923,7.8769450187683105,43.84881697377935,10.115170061588287,worst_uncertainty_stratified_mhz
5686,155.0,6,31.305368762519105,-31.305368762519105,31.305368762519105,0.10395951985977726,0.49771147369057117,0.6016709935503485,27.77557914248514,8.166814459478923,0.0,4.724292825379621,6.253835201263428,39.84873743294761,7.792315721511841,worst_uncertainty_stratified_mhz
5278,155.0,6,30.28174804786326,-30.28174804786326,30.28174804786326,1.383539934272111,0.37857585394773985,1.7621157882198508,27.834063005285604,1.8290594339157737,0.0,3.4685060391531657,5.102174282073975,43.6289396501909,10.255815207958221,worst_uncertainty_stratified_mhz
5050,155.0,6,29.49572630356661,-29.49572630356661,29.49572630356661,1.6665516971316017,0.7761210589532527,2.4426727560848542,25.353230250259173,4.666044028745641,0.0,5.89577008523537,7.414920330047607,31.5,9.099826097488403,worst_uncertainty_stratified_mhz
6287,155.0,6,29.192217347917808,-29.192217347917808,29.192217347917808,0.03617041332215593,0.4249337714238121,0.46110418474596804,26.19565863827936,7.113130572287439,0.0,2.1635488345400944,4.389641761779785,43.67457784569875,8.018634915351868,worst_uncertainty_stratified_mhz
5051,155.0,6,28.647896857472404,-28.647896857472404,28.647896857472404,0.8380291313213203,0.17717538595797194,1.0152045172792923,24.96706634146781,7.502358787684698,0.0,1.533707333788854,4.07452392578125,42.79219408957666,7.7789963483810425,worst_uncertainty_stratified_mhz
5443,170.0,6,20.635314066793093,-20.635314066793093,20.635314066793093,0.023285157132856255,0.10500879139386905,0.12829394852672532,16.067336813194036,12.569005184594612,0.0,0.1921344393516966,1.2506608963012695,30.499743851383407,2.703647345304489,worst_uncertainty_stratified_mhz
5838,170.0,6,20.50643416215026,-20.50643416215026,20.50643416215026,0.029681877408389762,0.020494006603507624,0.05017588401189739,16.197507869180647,12.111279946984805,0.0,0.0586837639178901,0.7776482105255127,31.5,3.058303326368332,worst_uncertainty_stratified_mhz
5307,170.0,6,20.465955407692846,-20.465955407692846,20.465955407692846,0.0033603742580110454,0.0068516175172831486,0.010211991775294194,16.300515506468855,11.811412760062915,0.0,0.07919070502384784,0.9426496028900146,31.5,3.3132688999176025,worst_uncertainty_stratified_mhz
5771,180.0,6,27.787417448755072,-27.787417448755072,27.787417448755072,0.008382316994929325,0.010492816983328893,0.01887513397825822,21.913695204484835,16.66728383810092,0.0,0.06695879259292781,0.9012787342071533,42.79219408957666,3.0374542474746704,worst_uncertainty_stratified_mhz
5365,180.0,6,26.869441080717543,-26.869441080717543,26.869441080717543,0.0019492129795663441,0.009505161784957963,0.011454374764524307,21.89752029151439,14.129264448319537,0.0,0.07458270297911085,0.8536810874938965,42.79219408957666,4.484709918498993,worst_uncertainty_stratified_mhz
5194,180.0,6,26.641301155099875,-26.641301155099875,26.641301155099875,0.0027358747092484,0.009522083187288281,0.012257957896536682,22.12217828844698,12.830399499059395,0.0,0.11865007033406627,1.21486234664917,42.79219408957666,5.3074639439582825,worst_uncertainty_stratified_mhz
6057,180.0,6,26.500410085024452,-26.500410085024452,26.500410085024452,0.0028574607974975394,0.0033700114918766536,0.0062274722893741925,20.997825271981057,15.665278050646359,0.0,0.030132637272330065,0.5469810962677002,41.38840417314975,3.2121993601322174,worst_uncertainty_stratified_mhz
5115,200.0,6,27.9372600424629,-27.9372600424629,27.9372600424629,0.006899908373142266,0.060141246972824906,0.06704115534596718,23.17458569260153,13.348708185716522,0.0,0.30793935708690867,1.7084417343139648,44.024850936715275,5.882076382637024,worst_uncertainty_stratified_mhz
5672,200.0,6,27.202520654244374,-27.202520654244374,27.202520654244374,0.0028840855727401125,0.008187171528175571,0.011071257100915683,21.837886873721256,15.255708034578145,0.0,0.055051528609439515,0.7734766006469727,42.79219408957666,4.170555233955383,worst_uncertainty_stratified_mhz
5997,200.0,6,26.026764466142055,-26.026764466142055,26.026764466142055,0.011199624677391615,0.015180208937014864,0.02637983361440648,20.721298272711927,15.039742809375767,0.0,0.053321782831261544,0.7036459445953369,40.632307035165994,3.8038575649261475,worst_uncertainty_stratified_mhz
5110,200.0,6,24.634177594935622,-24.634177594935622,24.634177594935622,0.0028715739323599034,0.0042237348411173015,0.007095308773477205,19.498826952246734,14.613824781075477,0.0,0.034642232545585294,0.6538674831390381,38.27450195626326,3.468155115842819,worst_uncertainty_stratified_mhz
5758,200.0,6,24.48697629162124,-24.48697629162124,24.48697629162124,0.00691306438495937,0.016542627640515804,0.023455692025475174,19.610722864074223,13.821447133327336,0.0,0.06267643573202175,0.8215909004211426,38.27450195626326,4.093072921037674,worst_uncertainty_stratified_mhz
6044,200.0,6,23.515561073085607,-23.515561073085607,23.515561073085607,0.002909568872673714,0.011840657741004838,0.014750226613678552,18.641107736173602,13.852496409246301,0.0,0.026017676243809795,0.47869205474853516,36.75148806511105,3.559332937002182,worst_uncertainty_stratified_mhz
5383,200.0,6,22.288818920467033,-22.288818920467033,22.288818920467033,0.005690964152098243,0.01124297471740904,0.01693393886950728,17.7079315534646,12.972347674128933,0.0,0.12322598453942302,1.1861891746520996,33.983221963198254,3.713602513074875,worst_uncertainty_stratified_mhz
6309,200.0,6,21.75875485899882,-21.75875485899882,21.75875485899882,0.010412336098423533,0.015796670819656813,0.026209006918080348,17.769867591615977,11.259903568245546,0.0,0.19458003340247032,1.1673531532287598,33.983221963198254,5.079127132892609,worst_uncertainty_stratified_mhz
6024,230.0,6,29.37808438355041,-29.37808438355041,29.37808438355041,0.06071415877720862,0.06921575594254019,0.1299299147197488,23.635730370522733,15.911067861894464,0.0,0.8095128045784712,2.7209854125976562,42.93144971929087,5.164880216121674,worst_uncertainty_stratified_mhz
4914,230.0,6,29.117817233589342,-29.117817233589342,29.117817233589342,0.06002490781520917,0.04503766050597337,0.10506256832118255,23.496552179804297,15.661260824154908,0.0,0.5335585877778577,2.4376626014709473,43.48832458258193,5.253350079059601,worst_uncertainty_stratified_mhz
5263,230.0,6,28.641553456233357,-28.641553456233357,28.641553456233357,0.1005993221731093,0.011137408424249406,0.1117367305973587,22.17772186967189,18.052877155759884,0.0,0.16011360395155005,1.2430224418640137,42.79219408957666,2.9783237278461456,worst_uncertainty_stratified_mhz
4996,230.0,6,28.60940655466869,-28.60940655466869,28.60940655466869,0.013151339646488147,0.0822297699326053,0.09538110957909346,23.201192437713196,15.079662278699695,0.0,0.5926832740131225,2.4248242378234863,42.79219408957666,5.5066710114479065,worst_uncertainty_stratified_mhz
4986,230.0,6,28.335890637958723,-28.335890637958723,28.335890637958723,0.03595535529100819,0.07063795961939046,0.10659331491039864,22.674329967856448,15.738923991042062,0.0,0.803245697501918,2.795747756958008,40.94642078375105,4.834717333316803,worst_uncertainty_stratified_mhz
6094,230.0,6,27.74895923839048,-27.74895923839048,27.74895923839048,0.016399618394192527,0.03417182391593423,0.05057144231012675,22.39782741369884,15.076269729254626,0.0,0.23929769014870317,1.7166266441345215,42.60043280296575,5.124246835708618,worst_uncertainty_stratified_mhz
5418,230.0,6,27.306618300365,-27.306618300365,27.306618300365,0.008643040142514805,0.04094280131398371,0.04958584145649851,21.68689357704585,15.810982982162422,0.0,0.3830859695351796,1.9753081798553467,40.632307035165994,4.263274222612381,worst_uncertainty_stratified_mhz
6165,230.0,6,27.28750210982413,-27.28750210982413,27.28750210982413,0.01233137211954804,0.0870643024122433,0.09939567453179135,21.1352945824439,17.1067040474532,0.0,0.6442914680818035,2.7075042724609375,38.27450195626326,3.065272808074951,worst_uncertainty_stratified_mhz
4937,250.0,6,29.05627787774691,-29.05627787774691,29.05627787774691,0.0279600846198643,0.06721544595756895,0.09517553057743325,24.23863230617574,13.413207282832659,0.0,0.6926807497238734,2.896315097808838,44.1955880150949,7.47171813249588,worst_uncertainty_stratified_mhz
5896,250.0,6,28.287475185434335,-28.287475185434335,28.287475185434335,0.02528091278156902,0.07961236053522693,0.10489327331679595,23.266853836619024,13.984686784396642,0.0,0.31810496830265933,1.788435459136963,44.10906227749577,6.686456143856049,worst_uncertainty_stratified_mhz
5887,250.0,6,28.21442545714818,-28.21442545714818,28.21442545714818,0.0052134510575353385,0.01069832819182312,0.01591177924935846,21.585050880642182,18.85432390146245,0.0,0.015066225418364887,0.3477752208709717,42.79219408957666,2.1236917078495026,worst_uncertainty_stratified_mhz
5169,250.0,6,28.200780184102786,-28.200780184102786,28.200780184102786,0.0053530657436416254,0.005289165489146483,0.010642231232788108,21.564777267811902,18.893341276971103,0.0,0.011099191701092082,0.3151620626449585,42.79219408957666,2.075303852558136,worst_uncertainty_stratified_mhz
5977,250.0,6,28.194159317860077,-28.194159317860077,28.194159317860077,0.037658474625431516,0.030512576502700145,0.06817105112813165,22.52253288575907,15.935051666008137,0.0,0.26471408689664244,1.7234435081481934,42.79219408957666,4.911768019199371,worst_uncertainty_stratified_mhz
5688,250.0,6,28.186433818198623,-28.186433818198623,28.186433818198623,0.0009346639606396234,0.0030089737855274645,0.003943637746167088,21.700947043231157,18.471751904924734,0.0,0.026719109503921423,0.5562617778778076,42.79219408957666,2.4872200787067413,worst_uncertainty_stratified_mhz
5047,250.0,6,28.164487539050917,-28.164487539050917,28.164487539050917,0.011807488323339131,0.09010410886287029,0.10191159718620943,22.29040014480514,16.3768268220682,0.0,0.5230778280632284,2.2407286167144775,41.293916016769344,4.48812147974968,worst_uncertainty_stratified_mhz
6038,250.0,6,28.058666749620997,-28.058666749620997,28.058666749620997,0.005149801082951203,0.0056760221926673675,0.010825823275618571,21.57822859828701,18.45374016272846,0.0,0.010950351563862704,0.3423624038696289,42.79219408957666,2.4215796887874603,worst_uncertainty_stratified_mhz
4977,250.0,6,27.87822931868026,-27.87822931868026,27.87822931868026,0.0016843434793378457,0.010104054514255091,0.011788397993592936,21.676929061499376,17.64671170587431,0.0,0.02675386691551207,0.5081562995910645,42.79219408957666,3.10660657286644,worst_uncertainty_stratified_mhz
6331,250.0,6,27.82092313252174,-27.82092313252174,27.82092313252174,0.003245054591207269,0.009158444944230282,0.012403499535437552,21.85817348436394,16.94567521524534,0.0,0.08456410379832757,0.7550246715545654,42.79219408957666,3.7551876604557037,worst_uncertainty_stratified_mhz
6357,250.0,6,27.547042471822863,-27.547042471822863,27.547042471822863,0.009487922848692825,0.032365954266781065,0.04185387711547389,21.514385657618835,17.01882353977755,0.0,0.2321205307519909,1.5325305461883545,41.03199970754533,3.5203356444835663,worst_uncertainty_stratified_mhz
4984,250.0,6,27.15015594774674,-27.15015594774674,27.15015594774674,0.03338242014101514,0.022260326645280912,0.05564274678629605,21.046179365030554,17.19907825938771,0.0,0.12571581174198965,1.2086200714111328,40.632307035165994,3.0932330787181854,worst_uncertainty_stratified_mhz
5205,265.0,6,27.388727303554354,-27.388727303554354,27.388727303554354,0.03754804695599124,0.1373395607645584,0.17488760772054962,24.348611021506798,8.135408161624946,0.0,0.6857668888372785,3.1301002502441406,44.1955880150949,11.607407689094543,worst_uncertainty_stratified_mhz
4967,265.0,6,27.38582611784139,-27.38582611784139,27.38582611784139,0.19263336506435,0.2657296483732431,0.4583630134375931,25.804972250146157,3.1352202905868993,0.0,2.3693516812273714,4.952607154846191,41.91863398299138,15.29253089427948,worst_uncertainty_stratified_mhz
6329,265.0,6,26.69655763774023,-26.69655763774023,26.69655763774023,0.1629573485563682,0.21330573325640997,0.3762630818127782,24.409854583182106,5.3903947313857055,0.0,1.6742950599148116,4.439119338989258,41.03199970754533,13.590827465057373,worst_uncertainty_stratified_mhz
5509,265.0,6,26.611010562007927,-26.611010562007927,26.611010562007927,0.012171089410711973,0.08741547828717887,0.09958656769789084,23.535822871300837,8.460718072177507,0.0,0.40971713432223567,2.0566234588623047,44.1955880150949,11.151577115058899,worst_uncertainty_stratified_mhz
5993,265.0,6,26.151502782383478,-26.151502782383478,26.151502782383478,0.04258062426238148,0.11906597466857045,0.16164659893095193,24.057337049876732,5.471030445394201,0.0,0.9017213817363512,3.5190372467041016,42.79219408957666,13.443827509880066,worst_uncertainty_stratified_mhz
5056,265.0,6,25.899812294269175,-25.899812294269175,25.899812294269175,0.09503913919243177,0.27593979255120354,0.37097893174363533,24.046233906562623,4.180706985234392,0.0,1.2412477593759377,3.0873680114746094,42.52260428289876,14.392728805541992,worst_uncertainty_stratified_mhz
5449,265.0,6,25.86044459668519,-25.86044459668519,25.86044459668519,0.058551249608380894,0.1052108036935695,0.1637620533019504,22.561636674935325,8.922472177699788,0.0,0.26420629808522733,1.8026666641235352,42.79219408957666,10.549762606620789,worst_uncertainty_stratified_mhz
5549,265.0,6,24.80291787742758,-24.80291787742758,24.80291787742758,0.0464948127179064,0.17603675147913744,0.22253156419704384,22.116791530701573,7.025252270292319,0.0,0.05129608203911573,0.6202163696289062,43.51077452769601,11.90407645702362,worst_uncertainty_stratified_mhz
5715,265.0,6,24.714994405507937,-24.714994405507937,24.714994405507937,0.08877689042562219,0.09811458050084992,0.18689147092647213,22.450897135882318,5.899877093000597,0.0,0.39579801980436,2.1764707565307617,41.933727475625155,12.840522646903992,worst_uncertainty_stratified_mhz
5729,265.0,6,24.573723544817884,-24.573723544817884,24.573723544817884,0.01687592084010274,0.3126395269850391,0.32951544782514186,23.264115680489578,2.743491831967228,0.0,1.487707607288712,4.226655960083008,39.326160186318724,15.345990180969238,worst_uncertainty_stratified_mhz
4856,265.0,6,24.305415948228454,-24.305415948228454,24.305415948228454,0.053523285466679116,0.07252885886292373,0.12605214432960285,21.152658274251486,8.619110732336383,0.0,0.17142277882425105,1.3301639556884766,40.632307035165994,10.333475828170776,worst_uncertainty_stratified_mhz
6397,270.0,6,28.607669386863694,-28.607669386863694,28.607669386863694,0.09781807829560486,0.03649401824249126,0.13431209653809612,22.269270530503846,17.611387961675423,0.0,0.36946547513298,1.8658826351165771,41.933727475625155,3.7894137501716614,worst_uncertainty_stratified_mhz
5863,270.0,6,27.933948501961044,-27.933948501961044,27.933948501961044,0.003750762089345889,0.029943711450295115,0.033694473539641,22.267372945076133,16.008198086564608,0.0,0.35788100828593983,1.8362865447998047,41.98269732878058,4.983310759067535,worst_uncertainty_stratified_mhz
5526,270.0,6,27.848044017055464,-27.848044017055464,27.848044017055464,0.003111760177154213,0.04663159011638258,0.04974335029353679,22.166076721561886,15.976428620596117,0.0,0.6463845931135523,2.773083209991455,40.26630104690521,4.966039299964905,worst_uncertainty_stratified_mhz
5183,270.0,6,27.771967386019092,-27.771967386019092,27.771967386019092,0.011680358088733432,0.008094185244017869,0.0197745433327513,21.770912479391132,17.05208540842015,0.0,0.04008898177534714,0.6694529056549072,42.79219408957666,3.8355385959148407,worst_uncertainty_stratified_mhz
4969,270.0,6,27.545339124122446,-27.545339124122446,27.545339124122446,0.006413173071513087,0.01668750220126049,0.02310067527277358,21.568555587749753,16.9456667898407,0.0,0.11914686092653426,1.2014329433441162,41.69738451030232,3.801590323448181,worst_uncertainty_stratified_mhz
6026,270.0,6,27.136172891891235,-27.136172891891235,27.136172891891235,0.005881420097746909,0.02066378469594958,0.02654520479369649,21.454617301563122,16.082959908833857,0.0,0.21268627163524823,1.478717565536499,41.00514449431925,4.4387830793857574,worst_uncertainty_stratified_mhz
5991,270.0,6,25.228039696350454,-25.228039696350454,25.228039696350454,0.02526200454896164,0.03676932370094991,0.062031328249911546,19.890106981375936,14.961650779962808,0.0,0.48513924785937945,2.261380434036255,36.54855503299686,4.428124189376831,worst_uncertainty_stratified_mhz
5610,280.0,6,28.74025562659329,-28.74025562659329,28.74025562659329,0.011425704567204426,0.018507916029526884,0.02993362059673131,22.2465856500889,18.37399461152625,0.0,0.1731926820675369,1.3545918464660645,42.79219408957666,3.1682896614074707,worst_uncertainty_stratified_mhz
6372,280.0,6,27.84583726182113,-27.84583726182113,27.84583726182113,0.00937077594467097,0.016142552156491734,0.025513328101162705,21.857273944630933,16.9513315077295,0.0,0.23948521836778625,1.7259776592254639,41.50959979330083,4.06672066450119,worst_uncertainty_stratified_mhz
5599,280.0,6,27.559507211038586,-27.559507211038586,27.559507211038586,0.024749352302261222,0.021700877675425546,0.04645022997768677,21.116873587541164,18.185390296372457,0.0,0.10191390493060393,0.9068191051483154,41.1231002600728,2.5500983893871307,worst_uncertainty_stratified_mhz
6379,280.0,6,27.488915710586063,-27.488915710586063,27.488915710586063,0.00510741181320224,0.020653789665472443,0.025761201478674684,21.551707015931285,16.82874786567957,0.0,0.11513769436648769,0.8798356056213379,41.993303037508255,3.966655522584915,worst_uncertainty_stratified_mhz
5024,280.0,6,26.72032440657661,-26.72032440657661,26.72032440657661,0.020930024126639513,0.027482395448200383,0.048412419574839896,21.190972326627044,15.615523450906032,0.0,0.0873659622506544,0.8188085556030273,41.38840417314975,4.765392601490021,worst_uncertainty_stratified_mhz
5881,280.0,6,24.749473778107983,-24.749473778107983,24.749473778107983,0.00918288343412456,0.014445879290711613,0.023628762724836175,19.379340417964322,15.234409536154574,0.0,0.05009369918955997,0.6453378200531006,38.01315561749642,3.8692378997802734,worst_uncertainty_stratified_mhz
4850,300.0,6,26.241070714580154,-26.241070714580154,26.241070714580154,0.036475346612790116,0.015698416710340238,0.052173763323130354,21.01888323690679,14.722635113740692,0.0,0.14805127922980077,1.1093568801879883,40.632307035165994,5.628178060054779,worst_uncertainty_stratified_mhz
5826,300.0,6,26.078030399213475,-26.078030399213475,26.078030399213475,0.011596171034650478,0.06323986786073113,0.07483603889538161,20.920099797540622,14.420248698065395,0.0,0.7125719961123558,2.7888097763061523,37.62624582655038,5.860857903957367,worst_uncertainty_stratified_mhz
6130,300.0,6,25.203162262461806,-25.203162262461806,25.203162262461806,0.023342018621697217,0.01948850250376434,0.042830521125461554,19.74827104067148,15.412293829843694,0.0,0.0864082318284849,1.0492236614227295,38.27450195626326,4.138347297906876,worst_uncertainty_stratified_mhz
5107,300.0,6,25.052924269775552,-25.052924269775552,25.052924269775552,0.002030887756712485,0.005076815769933226,0.007107703526645711,19.328035138795087,16.316764783137515,0.0,0.006504631343343448,0.2872025966644287,38.35585841823906,2.91633540391922,worst_uncertainty_stratified_mhz
6292,300.0,6,24.779938152384105,-24.779938152384105,24.779938152384105,0.011418076231548419,0.013902653294358079,0.0253207295259065,19.44382478734038,15.131993039293315,0.0,0.059109986137638515,0.7562739849090576,38.01315561749642,4.164512813091278,worst_uncertainty_stratified_mhz
6144,300.0,6,22.42547737607304,-22.42547737607304,22.42547737607304,0.00922100506638803,0.015492301646359105,0.024713306712747136,17.447705355841464,14.10245856345207,0.0,0.0617082019477202,0.7887723445892334,33.983221963198254,3.611004650592804,worst_uncertainty_stratified_mhz
6717,120.0,7,39.50920458552064,-39.50920458552064,39.50920458552064,0.8908431360007727,2.5593014191978343,3.450144555198607,36.010176639549194,0.0,0.0,14.706283462780448,12.987533569335938,29.620252784201554,19.61237335205078,worst_uncertainty_stratified_mhz
7521,120.0,7,25.660964795482666,-25.660964795482666,25.660964795482666,0.25665280712119787,0.7393876180530771,0.9960404251742749,24.623101895260582,0.0,0.0,7.254022647836962,7.961594581604004,26.776563913243237,16.099772214889526,worst_uncertainty_stratified_mhz
7094,120.0,7,24.153639651602067,-24.153639651602067,24.153639651602067,0.027978267704138707,0.03449036620310061,0.062468633907239314,22.994265480179976,3.0906516345189505,0.0,0.20255348290169195,1.38783597946167,44.1955880150949,7.413283586502075,worst_uncertainty_stratified_mhz
6700,150.0,7,40.578941305621086,-40.578941305621086,40.578941305621086,0.626703313299347,1.289074317948152,1.915777631247499,35.87695634617735,7.683759512131741,0.0,10.647619003723403,11.660519123077393,38.79815556183051,8.419389188289642,worst_uncertainty_stratified_mhz
6588,150.0,7,36.84165132316474,-36.84165132316474,36.84165132316474,0.053548623654662265,0.6659138147203317,0.719462438374994,31.35052818867407,13.315142761169337,0.0,7.606135228657536,8.877947092056274,38.61083882797679,6.1914156675338745,worst_uncertainty_stratified_mhz
6726,150.0,7,36.60726484021027,-36.60726484021027,36.60726484021027,0.9963758982616461,0.7586737286500941,1.7550496269117402,32.3887838209425,6.791355301973599,0.0,8.571428890235367,7.353084087371826,40.28162577404244,8.465766310691833,worst_uncertainty_stratified_mhz
7898,150.0,7,31.578315660031166,-31.578315660031166,31.578315660031166,0.3447262573719492,0.7422450147467724,1.0869712721187215,30.450705267394472,0.0,0.0,5.244931289855003,7.888943672180176,42.52260428289876,14.08852767944336,worst_uncertainty_stratified_mhz
6811,155.0,7,41.218767781674146,-41.218767781674146,41.218767781674146,0.14273639761945264,1.2265130408811293,1.369249438500582,37.222640330010094,7.2395973440620285,0.0,10.928330126490348,9.031187057495117,43.55743334954437,8.88475614786148,worst_uncertainty_stratified_mhz
6929,155.0,7,38.88046330713622,-38.88046330713622,38.88046330713622,0.44240055684018476,1.3178487788122077,1.7602493356523925,37.05457529624609,0.0,0.0,16.296273013057757,12.283970832824707,29.23263373355196,15.37532651424408,worst_uncertainty_stratified_mhz
7136,155.0,7,38.2581559823046,-38.2581559823046,38.2581559823046,0.4079761665137782,1.056371833040761,1.4643479995545392,36.733625807021184,0.0,0.0,10.90698101357178,8.22608757019043,43.42720201670838,13.719061493873596,worst_uncertainty_stratified_mhz
7324,155.0,7,37.981851550169026,-37.981851550169026,37.981851550169026,0.11541607028359079,2.1556621696541107,2.2710782399377014,35.64493608910228,0.0,0.0,19.390086848518592,11.621977806091309,20.887720675076064,16.72085165977478,worst_uncertainty_stratified_mhz
7403,155.0,7,37.97938511556981,-37.97938511556981,37.97938511556981,1.756115115521401,1.2176744508170116,2.9737895663384126,34.9401178681121,0.0,0.0,9.005645207250154,9.076751232147217,42.79219408957666,11.457876443862915,worst_uncertainty_stratified_mhz
6969,155.0,7,37.29360730719383,-37.29360730719383,37.29360730719383,0.10488173271209318,1.3836373363787056,1.4885190690907988,35.73128030028886,0.0,0.0,18.559764025758895,13.50774097442627,20.83529157463365,14.592280268669128,worst_uncertainty_stratified_mhz
6432,155.0,7,34.624581571051124,-34.624581571051124,34.624581571051124,0.5567241627429312,1.728060425180666,2.284784587923597,32.25366854271259,0.0,0.0,22.689845326844704,12.795683860778809,6.33196257095697,13.826402425765991,worst_uncertainty_stratified_mhz
6983,155.0,7,34.10398814102935,-34.10398814102935,34.10398814102935,0.07655124231409731,0.7109892677837256,0.7875405100978229,33.26221109693306,0.0,0.0,7.650462147450057,8.831908226013184,42.39158967295282,12.749463677406311,worst_uncertainty_stratified_mhz
7142,170.0,7,56.517902269215156,-56.517902269215156,56.517902269215156,1.134600149108212,1.780833722926921,2.915433872035133,49.345606712914545,11.80525991945553,0.0,21.503120795150934,14.84419870376587,40.84077313176135,9.272755026817322,worst_uncertainty_stratified_mhz
6539,170.0,7,44.1678385795548,-44.1678385795548,44.1678385795548,0.6543072741690397,1.8691474532909065,2.523454727459946,36.973256381157796,12.89922676161734,0.0,25.52759596815586,16.632576942443848,6.258743883560023,8.076319336891174,worst_uncertainty_stratified_mhz
7095,170.0,7,34.74448493136485,-34.74448493136485,34.74448493136485,0.2989019821601642,0.37898133454411714,0.6778833167042814,28.501725513380187,15.64976228350813,0.0,3.796328385395461,5.4720940589904785,43.93870019697897,5.569495886564255,worst_uncertainty_stratified_mhz
7413,180.0,7,29.638819922507103,-29.638819922507103,29.638819922507103,0.043993336178721754,0.15978130160837137,0.20377463778709312,24.178851645302686,14.80311893070435,0.0,2.2374410406809195,4.85158371925354,39.03123748998999,4.979253381490707,worst_uncertainty_stratified_mhz
7344,180.0,7,28.969176799216175,-28.969176799216175,28.969176799216175,0.18320615609696136,0.36127620069964395,0.5444823567966053,23.139973947972372,14.755622018236776,0.0,5.319677956042069,7.459259510040283,28.181332473820326,4.794988006353378,worst_uncertainty_stratified_mhz
6747,180.0,7,27.15247935490876,-27.15247935490876,27.15247935490876,0.0015486790372434339,0.010295983879138965,0.0118446629163824,21.73339868944881,15.40437634384541,0.0,0.053571976976215296,0.7157793045043945,42.64387412044079,3.684603452682495,worst_uncertainty_stratified_mhz
7514,180.0,7,20.343519979033225,-20.343519979033225,20.343519979033225,0.0005840240203175138,0.005366573345513361,0.005950597365830875,15.85464775851538,12.712873371552735,0.0,0.11387209766284823,0.9818074703216553,30.499743851383407,2.52461376786232,worst_uncertainty_stratified_mhz
7811,200.0,7,28.548280680052876,-28.548280680052876,28.548280680052876,0.0026579591119632877,0.005581533101688657,0.008239492213651944,22.343269775957488,17.666841023119982,0.0,0.02406024869568224,0.44283103942871094,44.1955880150949,2.8988756835460663,worst_uncertainty_stratified_mhz
6718,200.0,7,28.122301195118418,-28.122301195118418,28.122301195118418,0.0071835312791945,0.01368335555999713,0.02086688683919163,22.658036659960473,15.503566391211496,0.0,0.08999824475921514,0.9404888153076172,44.1955880150949,4.373285293579102,worst_uncertainty_stratified_mhz
6570,200.0,7,27.40260050133793,-27.40260050133793,27.40260050133793,0.002853262047642169,0.0015552944950166425,0.004408556542658811,21.520131718808553,16.776508146863172,0.0,0.005863816590717441,0.2363417148590088,42.79219408957666,3.0472379624843597,worst_uncertainty_stratified_mhz
7085,200.0,7,27.12504756505166,-27.12504756505166,27.12504756505166,0.0088884538999596,0.02065262356902567,0.029541077468985266,22.118409028456288,14.186817726103529,0.0,0.05409850756632295,0.640296459197998,43.48832458258193,4.965113878250122,worst_uncertainty_stratified_mhz
7198,200.0,7,24.666570054885483,-24.666570054885483,24.666570054885483,0.001620033120004069,0.009718262206528702,0.011338295326532771,19.50465528523811,14.674814074251568,0.0,0.03900786755417229,0.6567928791046143,38.27450195626326,3.4309042096138,worst_uncertainty_stratified_mhz
6450,200.0,7,24.59109198472799,-24.59109198472799,24.59109198472799,0.0012137047624337502,0.002870250026127695,0.004083954788561445,19.36974571882209,14.878208443802436,0.0,0.016100077833406168,0.43278932571411133,38.27450195626326,3.207642763853073,worst_uncertainty_stratified_mhz
7622,200.0,7,24.0373469635451,-24.0373469635451,24.0373469635451,0.0012139295474734324,0.0017579883590701918,0.002971917906543624,18.717872177309044,15.169536713393095,0.0,0.005647507083576642,0.23574137687683105,37.1887079635741,2.6221110224723816,worst_uncertainty_stratified_mhz
6593,200.0,7,23.74564033182799,-23.74564033182799,23.74564033182799,0.0049260061254111686,0.005207739619927116,0.010133745745338284,18.53617124065264,14.814976328970799,0.0,0.02464625215841565,0.4847567081451416,36.538293268843304,2.784790813922882,worst_uncertainty_stratified_mhz
6557,230.0,7,29.3621062109468,-29.3621062109468,29.3621062109468,0.10952995194544056,0.08611889580694702,0.19564884775238758,23.860678839583073,15.048265021642813,0.0,0.8268077064777657,2.9691996574401855,43.09854260877043,5.845903038978577,worst_uncertainty_stratified_mhz
7534,230.0,7,28.886406654747518,-28.886406654747518,28.886406654747518,0.027447642875498588,0.07587711290871252,0.1033247557842111,23.7512812635282,14.261110216146058,0.0,1.0296574075074396,3.474881649017334,41.968366063024185,6.277336299419403,worst_uncertainty_stratified_mhz
7586,230.0,7,28.748874033098105,-28.748874033098105,28.748874033098105,0.01439392467479525,0.076552824319955,0.09094674899475025,23.373794485100312,15.00262659459163,0.0,0.5592548565214734,2.11830472946167,43.51077452769601,5.628988564014435,worst_uncertainty_stratified_mhz
6807,230.0,7,27.396838521045336,-27.396838521045336,27.396838521045336,0.04204368856649567,0.06536055865875445,0.10740424722525013,22.472948805516467,13.689310411205122,0.0,0.3840084301694979,1.6420502662658691,42.53583048442807,6.141123116016388,worst_uncertainty_stratified_mhz
7510,230.0,7,27.23330255625807,-27.23330255625807,27.23330255625807,0.0034383838038034658,0.014578273031681507,0.018016656835484972,22.159569012971062,14.400950411499787,0.0,0.11316235248334294,1.1613636016845703,42.93144971929087,5.466569542884827,worst_uncertainty_stratified_mhz
6646,230.0,7,27.09538855551945,-27.09538855551945,27.09538855551945,0.023504122067983257,0.02902943976581364,0.0525335618337969,21.558449782265996,15.60054643762699,0.0,0.17692723111093756,1.4691290855407715,41.293916016769344,4.342817306518555,worst_uncertainty_stratified_mhz
7411,230.0,7,26.44168711311062,-26.44168711311062,26.44168711311062,0.029495555261799606,0.03099086324420956,0.060486418506009165,21.52532230312265,13.820111297406296,0.0,0.17872592180900426,1.304788589477539,41.38840417314975,5.610038638114929,worst_uncertainty_stratified_mhz
7573,230.0,7,26.066699990416428,-26.066699990416428,26.066699990416428,0.011533169616804638,0.08653626445385003,0.09806943407065466,21.617589748149676,12.331855775660719,0.0,0.8854324399094047,3.189812660217285,38.27450195626326,6.74218612909317,worst_uncertainty_stratified_mhz
7508,250.0,7,28.44277541602564,-28.44277541602564,28.44277541602564,0.015425470415937267,0.030889965544296672,0.046315435960233936,22.635731231512267,16.346382588575647,0.0,0.543071020014998,2.4106271266937256,41.77469329630081,4.6647453010082245,worst_uncertainty_stratified_mhz
7195,250.0,7,28.185253199739257,-28.185253199739257,28.185253199739257,0.012190762719618263,0.04333590480205983,0.05552666752167809,22.715441471876478,15.384577688833604,0.0,0.4122253554290154,2.079969882965088,42.52646234992984,5.407561659812927,worst_uncertainty_stratified_mhz
7978,250.0,7,28.18316160302881,-28.18316160302881,28.18316160302881,0.052562800864692664,0.14401125783909918,0.19657405870379185,23.22274942073544,13.491246897778735,0.0,1.402232205679411,3.489952564239502,40.151081865872555,7.065098762512207,worst_uncertainty_stratified_mhz
6810,250.0,7,27.936290975687125,-27.936290975687125,27.936290975687125,0.03523882554710916,0.10738915178345348,0.14262797733056265,23.028982899284948,13.552109850415452,0.0,0.3513249951288202,1.9101276397705078,43.44518816854175,6.910926938056946,worst_uncertainty_stratified_mhz
6992,250.0,7,27.569568086008303,-27.569568086008303,27.569568086008303,0.015177126544652518,0.034361241240191416,0.04953836778484393,22.402866353097384,14.579197133249584,0.0,0.113730688393332,1.0899467468261719,43.48832458258193,5.836873531341553,worst_uncertainty_stratified_mhz
6919,250.0,7,27.523394211428425,-27.523394211428425,27.523394211428425,0.011500051609485744,0.04403318897219604,0.055533240581681784,21.674169144787125,16.48895835087128,0.0,0.13173971121191297,1.1511313915252686,41.933727475625155,4.022800654172897,worst_uncertainty_stratified_mhz
6461,250.0,7,27.409707712682653,-27.409707712682653,27.409707712682653,0.010054529941760452,0.044858970973487136,0.05491350091524759,21.669724096215454,16.138761329678108,0.0,0.3933861237145493,1.9203689098358154,40.632307035165994,4.29549515247345,worst_uncertainty_stratified_mhz
6568,250.0,7,27.094234126699195,-27.094234126699195,27.094234126699195,0.024533808084240206,0.028603081288756133,0.053136889372996335,21.448244221213795,15.88953179769354,0.0,0.30173628149460896,1.7328753471374512,40.56014053230092,4.357229769229889,worst_uncertainty_stratified_mhz
6647,250.0,7,26.58019910378098,-26.58019910378098,26.58019910378098,0.02034420879867081,0.08466243669027447,0.10500664548894528,21.843191277057198,13.109637587242275,0.0,1.3731497643969384,4.334072589874268,36.60601043544625,6.714804947376251,worst_uncertainty_stratified_mhz
7465,250.0,7,25.888321848551236,-25.888321848551236,25.888321848551236,0.01583457555791666,0.028393332859908964,0.044227908417825625,20.96214688017659,13.905486914936356,0.0,0.1144277263918525,1.1352977752685547,40.56014053230092,5.627866268157959,worst_uncertainty_stratified_mhz
7697,250.0,7,24.985710477580277,-24.985710477580277,24.985710477580277,0.01742930733169917,0.02198111184113348,0.03941041917283265,20.18852057502925,13.536397985932945,0.0,0.19514554335611578,1.426124095916748,38.56062596742952,5.510836541652679,worst_uncertainty_stratified_mhz
7882,250.0,7,24.94653934484638,-24.94653934484638,24.94653934484638,0.03322938899356002,0.052758061046863515,0.08598745004042353,19.97533341820672,13.892184931448977,0.0,0.22148223578783188,1.7560467720031738,37.7516555928346,5.125730872154236,worst_uncertainty_stratified_mhz
7365,265.0,7,31.394065756664418,-31.394065756664418,31.394065756664418,0.15915700726427034,0.7228588536595458,0.8820158609238162,28.810552750731276,4.752556905738397,0.0,4.943060273030696,6.383783340454102,41.35120161494706,14.587725758552551,worst_uncertainty_stratified_mhz
7525,265.0,7,27.29284006899676,-27.29284006899676,27.29284006899676,0.12080981500701282,0.3695394949716437,0.4903493099786565,24.82328409861231,5.556002525510974,0.0,3.521896996299901,6.241737365722656,36.36103683890216,13.557503819465637,worst_uncertainty_stratified_mhz
7503,265.0,7,26.548653531433867,-26.548653531433867,26.548653531433867,0.01605958988361111,0.06789309996745417,0.08395268985106528,23.249555389676953,9.137183773557881,0.0,0.5245165228366204,2.657883644104004,42.79219408957666,10.568991661071777,worst_uncertainty_stratified_mhz
7940,265.0,7,26.32814962776566,-26.32814962776566,26.32814962776566,0.008504289315800011,0.0829853103484759,0.0914895996642759,24.698299451781985,4.329164216681837,0.0,1.7622487085304641,3.9920644760131836,41.88003701048986,14.333902716636658,worst_uncertainty_stratified_mhz
6982,265.0,7,26.194602457740213,-26.194602457740213,26.194602457740213,0.0334662535646826,0.08223774805407343,0.11570400161875602,22.874029674007474,9.128376620929497,0.0,0.17325409907721223,1.205963134765625,44.1955880150949,10.47196102142334,worst_uncertainty_stratified_mhz
7436,265.0,7,26.101678590604724,-26.101678590604724,26.101678590604724,0.12686249029923424,0.4541750002569506,0.5810374905561848,22.455332955030016,8.705472013669587,0.0,0.6321602516685374,2.3524293899536133,41.293916016769344,10.80693256855011,worst_uncertainty_stratified_mhz
7480,265.0,7,25.69444457516948,-25.69444457516948,25.69444457516948,0.08546602899795781,0.055878281662927534,0.14134431066088535,22.606157398915084,8.383086669430348,0.0,0.31844400967484887,1.7832326889038086,42.79219408957666,10.968067288398743,worst_uncertainty_stratified_mhz
7810,265.0,7,25.114650744635437,-25.114650744635437,25.114650744635437,0.22151912071055324,0.33545781910404915,0.5569769398146024,23.408898397715646,3.2245496917213403,0.0,1.472168185161408,3.5567455291748047,40.31671489593367,15.02908980846405,worst_uncertainty_stratified_mhz
6550,265.0,7,23.826730402217965,-23.826730402217965,23.826730402217965,0.10002021545019542,0.3348894350650893,0.4349096505152847,20.57760112678611,7.957022081767055,0.0,1.5971896195217,3.9776010513305664,33.983221963198254,10.797315239906311,worst_uncertainty_stratified_mhz
7651,265.0,7,23.805279733125424,-23.805279733125424,23.805279733125424,0.2722850418641225,0.2947804817723577,0.5670655236364802,20.93911527809235,6.5320161365536675,0.0,0.3889537641345555,2.2514572143554688,38.84886581356012,12.092760801315308,worst_uncertainty_stratified_mhz
7903,265.0,7,23.594798189291694,-23.594798189291694,23.594798189291694,0.17544752445746006,0.14483659687894956,0.3202841213364096,21.63542343009018,4.630580652213137,0.0,1.0159646768425858,2.9644155502319336,38.27450195626326,13.704360127449036,worst_uncertainty_stratified_mhz
6970,270.0,7,28.884210963676733,-28.884210963676733,28.884210963676733,0.013638833363277598,0.02962258268455572,0.04326141604783332,22.734794055345834,17.347143693831384,0.0,0.341663652937263,1.9940667152404785,42.79219408957666,4.21668341755867,worst_uncertainty_stratified_mhz
7302,270.0,7,28.683994935737157,-28.683994935737157,28.683994935737157,0.012713810213943466,0.053539207524906166,0.06625301773884963,23.19282676919246,15.424033119733878,0.0,0.3968220393715569,2.081234931945801,43.51077452769601,5.942014932632446,worst_uncertainty_stratified_mhz
7865,270.0,7,28.1702671709184,-28.1702671709184,28.1702671709184,0.00958845374056919,0.010752842297759687,0.020341296038328877,21.69258684584577,18.405964648329096,0.0,0.026950921662908023,0.5390777587890625,42.79219408957666,2.691020756959915,worst_uncertainty_stratified_mhz
7947,270.0,7,26.73794592308466,-26.73794592308466,26.73794592308466,0.021658296751331584,0.05086113871259625,0.07251943546392783,20.96239161697506,16.149551560391895,0.0,0.6979245098530233,2.875290632247925,37.65364358199615,4.120086282491684,worst_uncertainty_stratified_mhz
7724,270.0,7,25.433298798374047,-25.433298798374047,25.433298798374047,0.021149255123759397,0.01502363428049266,0.036172889404252055,19.759097569480755,16.04298986346179,0.0,0.09499052655267715,1.0537121295928955,38.27450195626326,3.3526982367038727,worst_uncertainty_stratified_mhz
7283,270.0,7,25.32574005560461,-25.32574005560461,25.32574005560461,0.014265174999608521,0.06875888862933872,0.08302406362894725,20.646331093433613,13.044916469725479,0.0,0.6436276036801587,2.47396183013916,37.53144514936775,6.540736198425293,worst_uncertainty_stratified_mhz
7574,270.0,7,24.96572070348891,-24.96572070348891,24.96572070348891,0.01989914169335474,0.01510426369813607,0.03500340539149081,19.992805135301786,14.053973017796316,0.0,0.16025667754064088,1.3905949592590332,38.27450195626326,5.261394679546356,worst_uncertainty_stratified_mhz
6421,280.0,7,29.339851260072894,-29.339851260072894,29.339851260072894,0.01804742665228343,0.05696365238623483,0.07501107903851827,22.851098206562277,18.14506802234834,0.0,0.9086220368621971,3.3550636768341064,40.52988866256605,3.784518152475357,worst_uncertainty_stratified_mhz
6862,280.0,7,28.926088453643004,-28.926088453643004,28.926088453643004,0.010487585388888864,0.041052002065790995,0.05153958745467986,23.44228857940577,15.450029119582386,0.0,0.3721318151291939,1.944725513458252,44.1955880150949,6.161855936050415,worst_uncertainty_stratified_mhz
7815,280.0,7,27.901918719078346,-27.901918719078346,27.901918719078346,0.011862277744950965,0.028340345751658665,0.04020262349660963,21.567239821228586,17.833029430142613,0.0,0.4512406257287118,1.8018889427185059,40.43010944828124,3.1736374497413635,worst_uncertainty_stratified_mhz
7874,280.0,7,26.911091683387184,-26.911091683387184,26.911091683387184,0.007992512554617064,0.02368436013402894,0.031676872688646,20.905007970745825,16.960933183405054,0.0,0.27409270128786645,1.7903218269348145,39.4715087119811,3.43707674741745,worst_uncertainty_stratified_mhz
7056,280.0,7,25.55468103475264,-25.55468103475264,25.55468103475264,0.019143193389308075,0.015513845239424218,0.03465703862873229,19.704543833274354,16.54855080297395,0.0,0.0753148058644646,0.9839560985565186,38.27450195626326,2.9210943281650543,worst_uncertainty_stratified_mhz
6864,280.0,7,25.50685045569351,-25.50685045569351,25.50685045569351,0.014645200247732644,0.08022640436054926,0.0948716046082819,20.597797410630665,13.651634606016842,0.0,0.7844797423554724,2.976473331451416,36.65016200509897,6.132131576538086,worst_uncertainty_stratified_mhz
6422,300.0,7,30.20410449998864,-30.20410449998864,30.20410449998864,0.015564479411269186,0.05641607585197508,0.07198055526324426,23.763844129798144,18.07637998429017,0.0,0.5667254190341415,2.1986494064331055,44.1955880150949,4.529899448156357,worst_uncertainty_stratified_mhz
7914,300.0,7,29.579830822202354,-29.579830822202354,29.579830822202354,0.035264630982579016,0.02737984035727859,0.06264447133985761,23.111792051667926,18.21647707501163,0.0,0.22558142005126225,1.5768332481384277,44.1955880150949,4.007737427949905,worst_uncertainty_stratified_mhz
7659,300.0,7,29.49846276749347,-29.49846276749347,29.49846276749347,0.018633930422236326,0.05511495434891307,0.0737488847711494,23.495476993629413,16.80715004862474,0.0,1.0098799275153247,2.5138626098632812,42.457331522364896,5.375742614269257,worst_uncertainty_stratified_mhz
6964,300.0,7,28.387393712655033,-28.387393712655033,28.387393712655033,0.011588759806897777,0.025199700523186028,0.0367884603300838,22.49996706017496,16.642408415239046,0.0,0.2548196765268891,1.8326826095581055,42.657612157738036,4.892341911792755,worst_uncertainty_stratified_mhz
6621,300.0,7,27.89518553148602,-27.89518553148602,27.89518553148602,0.024164047329521904,0.05973203482628965,0.08389608215581155,22.007379865459555,16.415999558375212,0.0,1.2672705202686387,3.4302926063537598,38.04992608402807,4.8265141248703,worst_uncertainty_stratified_mhz
7476,300.0,7,25.688240475528072,-25.688240475528072,25.688240475528072,0.003692176001179648,0.033985820344021096,0.03767799634520074,20.232592453015496,15.359958555880379,0.0,0.5828291810882398,2.7961020469665527,36.50342449688796,4.545915305614471,worst_uncertainty_stratified_mhz
8905,120.0,8,40.03505106801876,-40.03505106801876,40.03505106801876,0.6698685203203584,2.0292664440019355,2.699134964322294,37.25550235427289,0.0,0.0,20.10980011494035,13.57456350326538,20.716840975399702,13.94163066148758,worst_uncertainty_stratified_mhz
8934,120.0,8,25.738166370685565,-25.738166370685565,25.738166370685565,0.006294402207703783,0.04175734319551825,0.04805174540322203,23.52510620378726,6.1186706634706125,0.0,0.3544107088893469,2.1458029747009277,44.1955880150949,6.340333104133606,worst_uncertainty_stratified_mhz
9228,120.0,8,25.18337668856705,-25.18337668856705,25.18337668856705,0.00580598186531835,0.018763963314823127,0.024569945180141477,22.64574325027955,7.144062229309455,0.0,0.08792560114579828,0.9200472831726074,44.1955880150949,5.8639702796936035,worst_uncertainty_stratified_mhz
9166,150.0,8,34.15269068769119,-34.15269068769119,34.15269068769119,0.3168556909125209,1.628000325185077,1.9448560160975978,32.153709048062424,0.0,0.0,12.476118729678078,10.637807846069336,28.71737279069936,16.314615607261658,worst_uncertainty_stratified_mhz
8412,150.0,8,33.13622283492567,-33.13622283492567,33.13622283492567,0.7869685836574914,1.9274206415961959,2.7143892252536874,30.32647223056246,0.0,0.0,21.794036517284198,14.478851318359375,2.5860201081971503,12.238729119300842,worst_uncertainty_stratified_mhz
9167,150.0,8,29.662600242317033,-29.662600242317033,29.662600242317033,0.35933230857964943,1.2334599251039,1.5927922336835494,28.019449834095155,0.0,0.0,16.730662945972597,13.077573776245117,9.5,20.306103944778442,worst_uncertainty_stratified_mhz
9363,150.0,8,28.155693921368407,-28.155693921368407,28.155693921368407,0.0921302911789567,0.42144229613354345,0.5135725873125001,27.400582958256493,0.5781879438437142,0.0,2.6263315456187115,5.352914810180664,44.1955880150949,10.34266448020935,worst_uncertainty_stratified_mhz
9412,155.0,8,58.06312421037469,-58.06312421037469,58.06312421037469,0.10646505458945171,3.068658890845647,3.175123945435099,54.794547579920845,0.0,0.0,40.31143358416684,22.673871517181396,6.29235647432661,16.984874665737152,worst_uncertainty_stratified_mhz
8500,155.0,8,49.062293743076715,-49.062293743076715,49.062293743076715,0.4431612026303386,2.3332838984505897,2.7764451010809283,46.20608668987382,0.0,0.0,31.855814706381352,20.539087295532227,8.161456671452713,17.690438270568848,worst_uncertainty_stratified_mhz
8173,155.0,8,47.97437397628055,-47.97437397628055,47.97437397628055,0.16045137025077597,1.6600206595602973,1.8204720298110733,46.093838059913196,0.0,0.0,21.42064191034791,11.61978530883789,37.72660699029267,19.263838052749634,worst_uncertainty_stratified_mhz
9069,155.0,8,47.29550984385236,-47.29550984385236,47.29550984385236,0.7017444396134599,1.9081089939152236,2.6098534335286834,44.629846085906564,0.0,0.0,17.60425265634693,11.554495811462402,42.496691047656874,18.794650673866272,worst_uncertainty_stratified_mhz
8182,155.0,8,46.880773098588705,-46.880773098588705,46.880773098588705,0.22720955562305914,1.825344082421725,2.052553638044784,44.77401649690343,0.0,0.0,17.634596189214562,12.911016464233398,41.367824151144326,19.368667125701904,worst_uncertainty_stratified_mhz
9025,155.0,8,44.99156495119744,-44.99156495119744,44.99156495119744,2.1929055689477757,1.513137003032596,3.7060425719803716,41.21699776510519,0.0,0.0,17.702066622439816,12.900054931640625,34.12980735369012,15.349894523620605,worst_uncertainty_stratified_mhz
8859,155.0,8,43.810035992839886,-43.810035992839886,43.810035992839886,0.3075250076978498,2.449363186695673,2.756888194393523,40.99125653787718,0.0,0.0,30.964772755586125,19.58526039123535,0.46770717334674267,22.477325201034546,worst_uncertainty_stratified_mhz
9423,155.0,8,41.50218671886615,-41.50218671886615,41.50218671886615,3.125833888788645,1.461125452155988,4.586959340944633,36.82873463465227,0.0,0.0,14.790598390832082,12.57627248764038,31.5,11.11611956357956,worst_uncertainty_stratified_mhz
9323,170.0,8,83.31583484446479,-83.31583484446479,83.31583484446479,1.5223573160200161,4.7655550510855065,6.287912367105522,76.918133710956,0.0,0.0,62.611541340460214,22.53042221069336,6.082762530298219,18.018112778663635,worst_uncertainty_stratified_mhz
8664,170.0,8,62.35097053815461,-62.35097053815461,62.35097053815461,1.6491617624865889,3.539056231516714,5.188217994003303,57.03463718043345,0.0,0.0,44.52194125593754,22.046298027038574,2.979093821953246,13.02044540643692,worst_uncertainty_stratified_mhz
8568,170.0,8,54.40200927543098,-54.40200927543098,54.40200927543098,0.7378052645380317,3.407784381484461,4.145589646022493,50.180219803807375,0.0,0.0,27.456162856239132,15.763311386108398,29.684802509028085,17.191190481185913,worst_uncertainty_stratified_mhz
8193,180.0,8,53.49479759043337,-53.49479759043337,53.49479759043337,0.7443659030054346,2.4978937204588525,3.242259623464287,45.296269939257286,13.810319509336805,0.0,19.645000444660035,13.327218055725098,37.97532093346941,9.033925950527191,worst_uncertainty_stratified_mhz
9486,180.0,8,49.653612375251384,-49.653612375251384,49.653612375251384,0.6207671580224822,2.237540321194247,2.858307479216729,46.71200039043586,0.0,0.0,19.090000361342867,12.563867092132568,42.68013296605342,13.112167418003082,worst_uncertainty_stratified_mhz
8640,180.0,8,45.515495297861534,-45.515495297861534,45.515495297861534,2.521838048741408,2.347257390149294,4.869095438890702,40.55595399077235,0.0,0.0,29.63716411463679,18.131587982177734,3.7059917700933984,15.04768180847168,worst_uncertainty_stratified_mhz
9418,180.0,8,43.81883584111044,-43.81883584111044,43.81883584111044,0.24096614772640235,1.741074301842204,1.9820404495686064,40.95980537741911,2.257531062420188,0.0,17.24178412048652,13.564271450042725,33.87177106382245,11.951999723911285,worst_uncertainty_stratified_mhz
9096,200.0,8,28.316105334574544,-28.316105334574544,28.316105334574544,0.0010746457682246733,0.0020057984230811943,0.0030804441913058677,21.94828213007725,18.15247201356945,0.0,0.011871732783474975,0.38449621200561523,43.48832458258193,2.394132047891617,worst_uncertainty_stratified_mhz
8152,200.0,8,28.02768727936111,-28.02768727936111,28.02768727936111,0.0018662795782388236,0.007180151449444515,0.009046431027683339,22.414119785959542,15.982958612051505,0.0,0.027699584411847944,0.5772523880004883,44.1955880150949,3.9681263864040375,worst_uncertainty_stratified_mhz
9100,200.0,8,27.90602294586928,-27.90602294586928,27.90602294586928,0.011719062814341341,0.006782494749221724,0.018501557563563066,21.70842023301568,17.606562026648103,0.0,0.031150435846978297,0.5623455047607422,42.79219408957666,2.625716745853424,worst_uncertainty_stratified_mhz
8416,200.0,8,27.696454146900447,-27.696454146900447,27.696454146900447,0.036895646667538994,0.011510513419668425,0.04840616008720742,21.719348139445355,16.897123568280204,0.0,0.0331495664892989,0.5802030563354492,42.79219408957666,3.0950430929660797,worst_uncertainty_stratified_mhz
8731,200.0,8,27.126606461187066,-27.126606461187066,27.126606461187066,0.0017973939940901943,0.006654607824461511,0.008452001818551706,21.7119141829693,15.407770123819777,0.0,0.04719307087444857,0.5372481346130371,42.79219408957666,4.016787797212601,worst_uncertainty_stratified_mhz
8589,200.0,8,26.96182821761492,-26.96182821761492,26.96182821761492,0.0021162536967114028,0.012832365758281323,0.014948619454992726,21.877613707941787,14.443620650479986,0.0,0.06929833086280723,0.8244366645812988,42.79219408957666,4.701266288757324,worst_uncertainty_stratified_mhz
8394,200.0,8,26.902688585998764,-26.902688585998764,26.902688585998764,0.010918625426527025,0.009807858923281771,0.020726484349808796,20.86662917931099,17.161317268815356,0.0,0.007661853974212818,0.3295304775238037,41.38840417314975,2.4665582180023193,worst_uncertainty_stratified_mhz
8154,200.0,8,26.392512290008924,-26.392512290008924,26.392512290008924,0.003809786215841547,0.00810615968179112,0.011915945897632667,20.87047291771426,15.69816741119768,0.0,0.04688624303010158,0.7274730205535889,40.91970032881473,3.4337871074676514,worst_uncertainty_stratified_mhz
9215,230.0,8,28.96385511565917,-28.96385511565917,28.96385511565917,0.013917134550040544,0.01792183537557989,0.031838969925620436,22.940461349641904,17.047113649053358,0.0,0.16312897291568262,1.359076738357544,44.1955880150949,4.028445780277252,worst_uncertainty_stratified_mhz
9480,230.0,8,28.60090444964888,-28.60090444964888,28.60090444964888,0.06249062534818964,0.05306425423197798,0.11555487958016761,23.031771669263403,15.48307189000211,0.0,0.5092529344878898,2.2528433799743652,42.79219408957666,5.1707459688186646,worst_uncertainty_stratified_mhz
8560,230.0,8,28.40033484922389,-28.40033484922389,28.40033484922389,0.009773370662075129,0.015682083694326273,0.025455454356401404,22.91577499709311,15.540083731538179,0.0,0.1632876244486141,1.3093867301940918,44.1955880150949,5.032214045524597,worst_uncertainty_stratified_mhz
8097,230.0,8,27.811869918970125,-27.811869918970125,27.811869918970125,0.053203008156580266,0.06454779462913356,0.11775080278571382,22.18982484057157,15.60184280433899,0.0,0.6738455277357893,2.4710476398468018,40.56091098582476,4.701570570468903,worst_uncertainty_stratified_mhz
8987,230.0,8,27.59890375909962,-27.59890375909962,27.59890375909962,0.0019980028394243616,0.005200403704899147,0.007198406544323509,21.555792490315437,17.22352470672361,0.0,0.009289561738043517,0.300811767578125,42.79219408957666,3.137767791748047,worst_uncertainty_stratified_mhz
8194,230.0,8,27.43804176594773,-27.43804176594773,27.43804176594773,0.01767871008692431,0.03645884925855636,0.05413755934548067,22.96841912332137,12.537205699100895,0.0,0.6085197009792154,1.9942941665649414,42.72550467811937,7.10113799571991,worst_uncertainty_stratified_mhz
8176,230.0,8,22.8624482769224,-22.8624482769224,22.8624482769224,0.03806596924072722,0.038549324895901765,0.07661529413662899,18.702307316640834,11.611432301628351,0.0,0.21611618031765545,1.4204835891723633,35.55189868347399,5.952601790428162,worst_uncertainty_stratified_mhz
8782,230.0,8,22.670221953751465,-22.670221953751465,22.670221953751465,0.008612534323567244,0.014152050265604062,0.022764584589171306,17.86874091897992,13.584758758331736,0.0,0.13110456684874805,1.2042937278747559,34.27097897638759,3.7637248039245605,worst_uncertainty_stratified_mhz
9454,250.0,8,31.472307914345308,-31.472307914345308,31.472307914345308,0.03422259115469421,0.08629027780709102,0.12051286896178523,24.391020426306895,19.681255092604918,0.0,0.9202912428637537,2.745870351791382,44.1955880150949,3.315523773431778,worst_uncertainty_stratified_mhz
8335,250.0,8,29.00573366860569,-29.00573366860569,29.00573366860569,0.03514973238301262,0.031988234848529494,0.06713796723154211,22.72951504951268,17.626522718328864,0.0,0.36457895538505536,1.9376780986785889,42.79219408957666,3.792956203222275,worst_uncertainty_stratified_mhz
9185,250.0,8,28.520851250948866,-28.520851250948866,28.520851250948866,0.021352311958869163,0.016091918323390117,0.03744423028225928,21.804813872689515,19.00530733254119,0.0,0.054205328496276906,0.7090229988098145,42.79219408957666,2.177064836025238,worst_uncertainty_stratified_mhz
8442,250.0,8,28.15309194697739,-28.15309194697739,28.15309194697739,0.01146612758252411,0.02676004102010218,0.03822616860262629,22.628247059643872,15.59526527309123,0.0,0.3460224158863525,1.9031744003295898,42.66127488718545,5.200871229171753,worst_uncertainty_stratified_mhz
8932,250.0,8,27.4536053462354,-27.4536053462354,27.4536053462354,0.028969575020213027,0.09560983385317218,0.1245794088733852,22.336597355069387,14.173983616708487,0.0,0.6015426624205134,2.909968852996826,40.56014053230092,6.148792028427124,worst_uncertainty_stratified_mhz
8208,250.0,8,27.109631990679656,-27.109631990679656,27.109631990679656,0.01717679420190137,0.057415704405072154,0.07459249860697352,22.629205642818544,12.54237710227454,0.0,0.22723601393452952,1.2931647300720215,43.51077452769601,7.447457432746887,worst_uncertainty_stratified_mhz
9352,250.0,8,26.946216849169943,-26.946216849169943,26.946216849169943,0.050244179758131134,0.06177807447204691,0.11202225423017804,22.156290561376764,13.295966940054482,0.0,0.42587265549774145,2.2244744300842285,41.23636138167382,6.709571957588196,worst_uncertainty_stratified_mhz
8549,250.0,8,26.818487015717682,-26.818487015717682,26.818487015717682,0.04901789297775119,0.031651146226653076,0.08066903920440427,20.86275776940219,16.643146583468372,0.0,0.47397614399272925,2.503061294555664,38.27450195626326,3.4451279640197754,worst_uncertainty_stratified_mhz
8646,250.0,8,26.47340809421788,-26.47340809421788,26.47340809421788,0.02749004558904618,0.06930969408941275,0.09679973967845892,21.108322801604437,14.989821815777061,0.0,0.18225760379988287,1.2198233604431152,40.632307035165994,4.885092496871948,worst_uncertainty_stratified_mhz
9464,250.0,8,25.95655590795986,-25.95655590795986,25.95655590795986,0.05145785638049171,0.09246390846297066,0.14392176484346236,20.50033953029344,14.987389205684767,0.0,1.5030210351118916,4.215945482254028,33.77869150810907,4.594540387392044,worst_uncertainty_stratified_mhz
9501,250.0,8,25.79543211417318,-25.79543211417318,25.79543211417318,0.04315241876185715,0.08934933131141733,0.13250175007327447,20.77844286439527,13.833628485524216,0.0,0.9318068281175975,3.1866374015808105,36.506634670974535,5.649328410625458,worst_uncertainty_stratified_mhz
9259,250.0,8,25.509581418117527,-25.509581418117527,25.509581418117527,0.094924534557434,0.039797629522781264,0.13472216408021526,20.478590843822076,13.906028039277528,0.0,0.4004429010287822,2.034984588623047,38.12131129696354,5.425549030303955,worst_uncertainty_stratified_mhz
8365,265.0,8,32.29693211854846,-32.29693211854846,32.29693211854846,0.4642541009887482,0.720197813951951,1.1844519149406993,28.830635296277784,6.4115571840947085,0.0,4.265184695465209,6.673569679260254,42.457331522364896,13.658982872962952,worst_uncertainty_stratified_mhz
9396,265.0,8,30.006694096404683,-30.006694096404683,30.006694096404683,0.5778888048165978,0.46502090858890927,1.042909713405507,26.084969126334396,8.095354689432178,0.0,4.909779225514612,5.799901008605957,36.55047879303361,12.190513730049133,worst_uncertainty_stratified_mhz
8296,265.0,8,29.232460327987262,-29.232460327987262,29.232460327987262,0.3899730989501932,0.6807341032417203,1.0707072021919135,25.283266516291654,8.071295279031975,0.0,6.664953609329075,7.219182968139648,30.017442845785514,12.056322813034058,worst_uncertainty_stratified_mhz
9052,265.0,8,27.24366800140993,-27.24366800140993,27.24366800140993,0.13005805011203972,0.15373671252075669,0.2837947626327964,24.367731330679042,7.349351079271547,0.0,0.9387490315002509,2.7489023208618164,44.10906227749577,12.190965056419373,worst_uncertainty_stratified_mhz
8875,265.0,8,27.20062026119318,-27.20062026119318,27.20062026119318,0.012050863717261613,0.08439019809242382,0.09644106180968542,23.9215035198076,9.038242230065851,0.0,0.6989488845135696,2.249521255493164,44.1955880150949,10.834534287452698,worst_uncertainty_stratified_mhz
8812,265.0,8,26.851654060632086,-26.851654060632086,26.851654060632086,0.018913220544346004,0.044722939233924126,0.06363615977827013,23.34357737677344,9.800656021713666,0.0,0.32946256844473965,1.8326416015625,44.1955880150949,10.097665071487427,worst_uncertainty_stratified_mhz
8913,265.0,8,26.67527923505711,-26.67527923505711,26.67527923505711,0.19851882969372273,0.20808346975838216,0.4066022994521049,22.90559172052251,9.579748410578748,0.0,0.17334060161641673,1.2689142227172852,44.1955880150949,10.231269598007202,worst_uncertainty_stratified_mhz
8104,265.0,8,26.033288172396603,-26.033288172396603,26.033288172396603,0.2500727886550541,0.3545251713144315,0.6045979599694856,23.326987185653877,5.941008997743358,0.0,1.3625435407497548,3.368746757507324,40.56014053230092,13.056899309158325,worst_uncertainty_stratified_mhz
9356,265.0,8,25.825136947016635,-25.825136947016635,25.825136947016635,0.3234036326922589,0.21103485189122353,0.5344384845834824,22.396105627731313,8.236339917957613,0.0,0.2794375418358044,1.4411420822143555,42.79219408957666,11.129876255989075,worst_uncertainty_stratified_mhz
8087,265.0,8,25.696927622967944,-25.696927622967944,25.696927622967944,0.06128914615451279,0.2150989524242741,0.2763880985787869,23.282062566717254,6.065449430458929,0.0,0.6450263816090995,2.4818782806396484,42.79219408957666,12.89584195613861,worst_uncertainty_stratified_mhz
8012,265.0,8,24.420487153304396,-24.420487153304396,24.420487153304396,0.1421876964717055,0.2253390681976252,0.3675267646693307,21.72985800541373,6.5776279393948975,0.0,1.0434417784112497,3.098330497741699,38.27450195626326,12.199747800827026,worst_uncertainty_stratified_mhz
8385,270.0,8,29.852126774619688,-29.852126774619688,29.852126774619688,0.023574781216083283,0.11287842614014139,0.13645320735622468,24.381871532501346,15.104847243890637,0.0,1.6310812436259852,3.821249485015869,41.68033109273485,6.778072237968445,worst_uncertainty_stratified_mhz
8482,270.0,8,28.791755332673922,-28.791755332673922,28.791755332673922,0.01235265676138418,0.03756159222309629,0.04991424898448047,22.37786985231769,18.04356674091281,0.0,0.45765392632515667,1.8949687480926514,41.945463103892415,3.471168726682663,worst_uncertainty_stratified_mhz
9598,270.0,8,27.47346272922102,-27.47346272922102,27.47346272922102,0.016599957032143443,0.03641361725833877,0.053013574290482215,21.508510333337927,16.779503291156715,0.0,0.377698634889291,1.8815927505493164,40.380030646347954,3.928215056657791,worst_uncertainty_stratified_mhz
9543,270.0,8,26.99680533225023,-26.99680533225023,26.99680533225023,0.0065293061702991866,0.007308188691897894,0.01383749486219708,20.726202375450363,17.8053923255402,0.0,0.0623110687133126,0.6954755783081055,40.632307035165994,2.5084448754787445,worst_uncertainty_stratified_mhz
9388,270.0,8,25.37782202202007,-25.37782202202007,25.37782202202007,0.0026008095175907246,0.011762640552521493,0.014363450070112218,19.44297071811351,16.863974187890175,0.0,0.02918399054645615,0.5530714988708496,38.27450195626326,2.359980672597885,worst_uncertainty_stratified_mhz
8752,270.0,8,25.144111656604583,-25.144111656604583,25.144111656604583,0.009859132407410471,0.01667627191461736,0.026535404322027834,19.7236669615297,15.352127094963304,0.0,0.10571911580883508,1.010617733001709,38.22527795844002,3.933556616306305,worst_uncertainty_stratified_mhz
8424,270.0,8,23.55778780627646,-23.55778780627646,23.55778780627646,0.017670789992337694,0.01788252275878648,0.03555331275112417,18.113034114173853,15.423634057451052,0.0,0.013435360656014694,0.42232823371887207,35.776869273316805,2.65158611536026,worst_uncertainty_stratified_mhz
9350,280.0,8,28.761819214635707,-28.761819214635707,28.761819214635707,0.0057723636959574505,0.023652913690939747,0.029425277386897198,22.590062791610237,17.505454815684846,0.0,0.06304322005979657,0.8584511280059814,44.1955880150949,4.070236325263977,worst_uncertainty_stratified_mhz
8380,280.0,8,27.27010032994977,-27.27010032994977,27.27010032994977,0.02351830588023564,0.034720805267996556,0.0582391111482322,22.21080073464168,14.21473975951923,0.0,0.45483947067634745,2.4000325202941895,41.111890007636475,6.509430885314941,worst_uncertainty_stratified_mhz
8239,280.0,8,27.24396179871869,-27.24396179871869,27.24396179871869,0.009079550938153855,0.024438958472707047,0.0335185094108609,21.339710291453287,16.71522312842351,0.0,0.10277107852800693,1.0854742527008057,41.38840417314975,3.9277237355709076,worst_uncertainty_stratified_mhz
8861,280.0,8,26.5002300729074,-26.5002300729074,26.5002300729074,0.039755217473611826,0.04658555492712524,0.08634077240073706,20.65523875051072,16.317622263249067,0.0,0.5383580156922525,2.3591740131378174,37.874587456499114,3.863133043050766,worst_uncertainty_stratified_mhz
8521,280.0,8,25.379687357491925,-25.379687357491925,25.379687357491925,0.0021234897746701,0.02022600738195593,0.022349497156626028,19.81618908200653,15.726939177832504,0.0,0.30317962713532776,1.6662812232971191,37.359737686445285,3.74875071644783,worst_uncertainty_stratified_mhz
9037,280.0,8,24.84342115620401,-24.84342115620401,24.84342115620401,0.01909147031800956,0.011747412477115237,0.030838882795124797,19.34501059186469,15.574593956787963,0.0,0.05422293685004931,0.7010064125061035,37.880568897523176,3.5359126925468445,worst_uncertainty_stratified_mhz
9190,300.0,8,29.189592025357648,-29.189592025357648,29.189592025357648,0.0029800995552469733,0.011821697036756122,0.014801796592003095,22.48788787588219,19.05040023619417,0.0,0.04903609092995609,0.6821155548095703,44.1955880150949,2.874024450778961,worst_uncertainty_stratified_mhz
9487,300.0,8,28.845700988496286,-28.845700988496286,28.845700988496286,0.007497388470390587,0.012427673080316034,0.01992506155070662,22.164074665447252,18.931110450806482,0.0,0.1562808312318822,1.3354547023773193,42.68013296605342,2.7596688270568848,worst_uncertainty_stratified_mhz
9263,300.0,8,28.47970338824225,-28.47970338824225,28.47970338824225,0.0034004782665260948,0.033920068812283315,0.03732054707880941,22.738246767498392,16.212200495866902,0.0,0.4147028805164581,1.854893684387207,42.79219408957666,5.39054811000824,worst_uncertainty_stratified_mhz
8355,300.0,8,28.379641653862972,-28.379641653862972,28.379641653862972,0.005997999341812853,0.008094788983481743,0.014092788325294595,21.833544442003653,18.6032278272408,0.0,0.05403920839543641,0.7668163776397705,42.79219408957666,2.784034341573715,worst_uncertainty_stratified_mhz
8094,300.0,8,28.346640839405733,-28.346640839405733,28.346640839405733,0.00913163172410495,0.021518265472509113,0.030649897196614064,22.6231558982182,16.2191547811817,0.0,0.1171940043033004,1.07322359085083,43.93870019697897,5.305604815483093,worst_uncertainty_stratified_mhz
8938,300.0,8,28.19993766850237,-28.19993766850237,28.19993766850237,0.006878877081318034,0.03189699678254259,0.038775873863860624,22.19795752067131,16.93257712017038,0.0,0.4331868514548063,2.052137851715088,41.47740348671792,4.47098171710968,worst_uncertainty_stratified_mhz
9756,120.0,9,25.347340462121903,-25.347340462121903,25.347340462121903,0.0009750728985079021,0.020287969890353006,0.021263042788860907,22.019736287287255,9.397949628531302,0.0,0.1123823092866445,1.0225138664245605,42.79219408957666,4.912940144538879,worst_uncertainty_stratified_mhz
10111,120.0,9,24.189359705590466,-24.189359705590466,24.189359705590466,0.0025009981771502783,0.012052760114345019,0.014553758291495297,21.9279226941355,6.383226352989164,0.0,0.0959335442446303,0.8717842102050781,42.79219408957666,6.071246027946472,worst_uncertainty_stratified_mhz
10740,120.0,9,21.580730609481385,-21.580730609481385,21.580730609481385,0.015800111539947242,0.019541786937488145,0.035341898477435386,19.64979338926154,5.383742841148506,0.0,0.07884208802505199,0.8674006462097168,38.27450195626326,6.220207989215851,worst_uncertainty_stratified_mhz
9932,150.0,9,33.45835212963666,-33.45835212963666,33.45835212963666,0.21743137692603456,1.50654827219073,1.7239796491167645,31.678108628827104,0.0,0.0,19.501160042580167,15.102208137512207,9.251689034981666,19.62188708782196,worst_uncertainty_stratified_mhz
9681,150.0,9,29.461741549310947,-29.461741549310947,29.461741549310947,0.060438391547729925,1.3404188627190383,1.4008572542667683,28.002579402262747,0.0,0.0,17.803500850768387,14.10580062866211,6.29235647432661,18.092047214508057,worst_uncertainty_stratified_mhz
9787,150.0,9,27.002568435609543,-27.002568435609543,27.002568435609543,0.23949952473975056,0.3215774661076216,0.5610769908473722,26.408540245332983,0.0,0.0,2.618654090313555,5.009426116943359,42.570346193095496,12.277440786361694,worst_uncertainty_stratified_mhz
10291,150.0,9,26.277440182020694,-26.277440182020694,26.277440182020694,0.15085508104239337,0.6203676792132456,0.771222760255639,25.45678378017022,0.0,0.0,6.936167714942584,7.8318586349487305,29.20937349550654,13.319171071052551,worst_uncertainty_stratified_mhz
10966,155.0,9,42.078293586408556,-42.078293586408556,42.078293586408556,0.14275408344004972,2.6250646417900216,2.767818725230071,39.239415550295895,0.0,0.0,30.197364390840548,17.599979400634766,0.4841229182759271,19.33319079875946,worst_uncertainty_stratified_mhz
10232,155.0,9,39.67217619495546,-39.67217619495546,39.67217619495546,0.21072837288495383,2.099780000129449,2.310508373014403,33.26882001600536,11.323888859021947,0.0,14.945991686941648,11.742406368255615,24.903250289871803,7.464095652103424,worst_uncertainty_stratified_mhz
10819,155.0,9,37.60600626259977,-37.60600626259977,37.60600626259977,0.1908771290743977,1.4287623829196208,1.6196395119940186,35.94357653801224,0.0,0.0,11.12516498718145,11.81590461730957,37.82091848435201,19.487170934677124,worst_uncertainty_stratified_mhz
10639,155.0,9,37.33083290713011,-37.33083290713011,37.33083290713011,0.1853908454480561,1.4323933168902276,1.6177841623382838,35.65635478654153,0.0,0.0,18.06350607048158,13.739908218383789,21.44578921373611,18.741495966911316,worst_uncertainty_stratified_mhz
10818,155.0,9,36.47307693373693,-36.47307693373693,36.47307693373693,0.04446271502959303,1.1513943267186866,1.1958570417482797,35.21906393890375,0.0,0.0,17.60151805382553,14.394176483154297,20.84091528700215,18.035197138786316,worst_uncertainty_stratified_mhz
9842,155.0,9,34.941466718547574,-34.941466718547574,34.941466718547574,0.4891594599197819,1.4335679791931384,1.9227274391129203,32.96755224209439,0.0,0.0,16.17225807967378,13.11499309539795,20.47559522944327,19.64107918739319,worst_uncertainty_stratified_mhz
10440,155.0,9,32.40882417932982,-32.40882417932982,32.40882417932982,0.18325343894142163,0.9283576659735161,1.1116111049149378,31.248682568405684,0.0,0.0,13.66814657455403,10.398448944091797,24.762623043611516,19.044957280158997,worst_uncertainty_stratified_mhz
10359,155.0,9,29.02713885460316,-29.02713885460316,29.02713885460316,0.14542878763638015,0.7836789967712251,0.9291077844076052,26.01693300138617,5.732251353161022,0.0,6.6404715390275975,8.25317907333374,30.499743851383407,8.611509025096893,worst_uncertainty_stratified_mhz
10570,170.0,9,42.563416017468285,-42.563416017468285,42.563416017468285,0.58531077873913,1.589317454765436,2.174628233504566,40.33380973694163,0.0,0.0,15.990544196745475,11.057170867919922,37.629360212472385,18.18370270729065,worst_uncertainty_stratified_mhz
10734,170.0,9,37.16513138475439,-37.16513138475439,37.16513138475439,0.24850212269770064,1.65725126821022,1.9057533909079207,35.211368823557876,0.0,0.0,27.023449947348524,13.572380065917969,2.8034576865007255,27.0698721408844,worst_uncertainty_stratified_mhz
9773,170.0,9,36.06600459855911,-36.06600459855911,36.06600459855911,0.2765097576995738,1.6186321817796319,1.8951419394792057,34.1160589196049,0.0,0.0,13.000268285300862,10.855087280273438,31.376493988334644,16.44773018360138,worst_uncertainty_stratified_mhz
9637,180.0,9,48.55938609377621,-48.55938609377621,48.55938609377621,0.10914631487699007,1.0880419040979177,1.1971882189749077,41.74861712449354,15.690740338513455,0.0,15.26603700066166,11.936207056045532,41.028953191618236,8.018234461545944,worst_uncertainty_stratified_mhz
10486,180.0,9,45.483847489419404,-45.483847489419404,45.483847489419404,0.4866221075563206,1.7695430891302093,2.25616519668653,43.184699775672954,0.0,0.0,14.861751527569538,14.527202606201172,42.11869389000566,22.422455072402954,worst_uncertainty_stratified_mhz
9903,180.0,9,44.477039891320366,-44.477039891320366,44.477039891320366,1.2626710133308048,1.871174500576725,3.13384551390753,41.266508915497496,0.0,0.0,16.409716480778215,14.273715019226074,35.43986985021249,13.206189036369324,worst_uncertainty_stratified_mhz
10085,180.0,9,43.119132638659835,-43.119132638659835,43.119132638659835,0.04406710250196125,1.8946421511824065,1.9387092536843678,41.121743408851955,0.0,0.0,29.478739506907004,20.166011810302734,3.119995993587171,23.131539344787598,worst_uncertainty_stratified_mhz
10595,200.0,9,30.601202321138114,-30.601202321138114,30.601202321138114,0.19059707878054263,0.3439486790860713,0.534545757866614,25.90660302839964,11.745871402282386,0.0,2.266327450057233,4.488357067108154,42.79219408957666,7.681007027626038,worst_uncertainty_stratified_mhz
9827,200.0,9,29.908592990044014,-29.908592990044014,29.908592990044014,0.019303394529951758,0.07620751114542337,0.09551090567537512,23.97930927824406,16.543916435442792,0.0,0.5661008419856719,2.630828857421875,44.1955880150949,4.333877474069595,worst_uncertainty_stratified_mhz
10496,200.0,9,29.890286627672463,-29.890286627672463,29.890286627672463,0.2215199524498479,0.0732117085091967,0.2947316609590446,23.83063164855553,16.321123971643466,0.0,0.8878566567228283,3.093355894088745,42.79219408957666,4.4844029545784,worst_uncertainty_stratified_mhz
9778,200.0,9,29.54363489536575,-29.54363489536575,29.54363489536575,0.02158688628862736,0.08569338201655495,0.10728026830518231,23.876240516727105,15.738292981829712,0.0,0.9709407532040322,3.0184054374694824,42.79219408957666,4.76374688744545,worst_uncertainty_stratified_mhz
10972,200.0,9,28.244879259726225,-28.244879259726225,28.244879259726225,0.2297428430464096,0.10960081968468038,0.33934366273108996,22.18064146643328,16.150423996287675,0.0,1.2930035297011662,3.174960136413574,38.60031573705065,3.934845358133316,worst_uncertainty_stratified_mhz
10728,200.0,9,26.026118110338214,-26.026118110338214,26.026118110338214,0.024217864619178964,0.01032013453088835,0.03453799915006731,20.521065863220123,15.605398765773316,0.0,0.013179462183757096,0.3834657669067383,40.632307035165994,3.3277130126953125,worst_uncertainty_stratified_mhz
10582,200.0,9,25.937926232734306,-25.937926232734306,25.937926232734306,0.001851272285995912,0.004527707099720814,0.006378979385716726,20.218372306675647,16.279261043107145,0.0,0.027795572931065493,0.5190865993499756,39.86206686813919,2.7006052136421204,worst_uncertainty_stratified_mhz
10255,200.0,9,25.690018138329087,-25.690018138329087,25.690018138329087,0.04380131453287156,0.038588075070275896,0.08238938960314746,19.764002756695024,16.549540352685103,0.0,0.22693033407146856,1.4884095191955566,37.585735326051555,2.3220956325531006,worst_uncertainty_stratified_mhz
11089,230.0,9,30.525334825978174,-30.525334825978174,30.525334825978174,0.042626086885499286,0.07013590758451053,0.11276199447000981,24.8245340863201,15.839480946355291,0.0,1.0157208012000183,3.4220385551452637,44.1955880150949,5.697762966156006,worst_uncertainty_stratified_mhz
10263,230.0,9,27.905887047992103,-27.905887047992103,27.905887047992103,0.07196395680140759,0.059909695481052114,0.1318736522824597,22.73223518838827,14.325533778893746,0.0,0.42101247835924127,2.083676338195801,42.538769081862256,5.826351225376129,worst_uncertainty_stratified_mhz
10273,230.0,9,27.868970742259098,-27.868970742259098,27.868970742259098,0.006617006898497564,0.003277485901664182,0.009894492800161745,21.59076000976024,17.880952397560616,0.0,0.011513388784774037,0.3662991523742676,42.79219408957666,2.6871063113212585,worst_uncertainty_stratified_mhz
11154,230.0,9,27.722424403614202,-27.722424403614202,27.722424403614202,0.0031273282162212154,0.012487723539074003,0.015615051755295218,21.708826348647793,17.09835028869359,0.0,0.03249055626272135,0.5604774951934814,42.79219408957666,3.3231199085712433,worst_uncertainty_stratified_mhz
10618,230.0,9,27.658659869252347,-27.658659869252347,27.658659869252347,0.025729490860410723,0.0414390035134542,0.06716849437386492,22.974095707514454,13.125787103590415,0.0,0.39335399542068217,1.739858627319336,43.42162479686821,6.709184169769287,worst_uncertainty_stratified_mhz
10841,230.0,9,27.561581450330593,-27.561581450330593,27.561581450330593,0.010645738240146778,0.01322454060642162,0.023870278846568397,21.779811094690636,16.4097311350737,0.0,0.05006977900539411,0.6672885417938232,42.79219408957666,3.859528124332428,worst_uncertainty_stratified_mhz
10779,230.0,9,26.822341555048034,-26.822341555048034,26.822341555048034,0.03015666592398086,0.03001242737281634,0.060169093296797205,21.340819691626436,15.431131125780986,0.0,0.12692899878935293,1.039377212524414,41.38840417314975,4.353926777839661,worst_uncertainty_stratified_mhz
9855,230.0,9,26.774889751823846,-26.774889751823846,26.774889751823846,0.009627363589710919,0.018970739376723382,0.0285981029664343,22.317370382851898,12.601378867503715,0.0,0.25130067990621896,1.3399453163146973,42.79219408957666,6.796845972537994,worst_uncertainty_stratified_mhz
9691,250.0,9,29.633797617807726,-29.633797617807726,29.633797617807726,0.007548949158033534,0.02366819719524044,0.031217146353273974,22.626394524452156,19.830335293033517,0.0,0.08904463349711378,0.8791117668151855,44.1955880150949,2.09738028049469,worst_uncertainty_stratified_mhz
10813,250.0,9,28.93021813667976,-28.93021813667976,28.93021813667976,0.018881721672542266,0.03658761984909535,0.05546934152163761,22.993276094261418,16.708147817211593,0.0,0.38122642523149963,1.7357747554779053,43.48832458258193,4.5911484360694885,worst_uncertainty_stratified_mhz
9840,250.0,9,28.528198894465373,-28.528198894465373,28.528198894465373,0.013448144448926455,0.06929246840685338,0.08274061285577984,22.880638388389553,15.7665412183395,0.0,0.9488455760209282,2.9270875453948975,40.93649807934235,5.233598083257675,worst_uncertainty_stratified_mhz
10371,250.0,9,28.40742272369279,-28.40742272369279,28.40742272369279,0.01235864381212825,0.04279846469309743,0.05515710850522568,22.856380314769556,15.609247555551539,0.0,0.4817787797376205,2.2918715476989746,42.457331522364896,5.3149420619010925,worst_uncertainty_stratified_mhz
9862,250.0,9,28.009140892895584,-28.009140892895584,28.009140892895584,0.018119779079526017,0.04693778620695977,0.06505756528648579,22.66000501585399,15.023619906905136,0.0,0.33989507166685584,1.8480257987976074,42.79219408957666,5.646792352199554,worst_uncertainty_stratified_mhz
10380,250.0,9,26.5884399140459,-26.5884399140459,26.5884399140459,0.043868960396516915,0.11213517150361134,0.15600413190012824,21.259148347164075,14.64044903953039,0.0,1.0789264460098025,3.592803478240967,36.76764032406758,5.285508394241333,worst_uncertainty_stratified_mhz
10460,250.0,9,26.41497576698621,-26.41497576698621,26.41497576698621,0.005227886646320185,0.011961576641452032,0.017189463287772218,20.603463670064002,16.5200557927624,0.0,0.02659943623344585,0.5214214324951172,40.632307035165994,3.3140682876110077,worst_uncertainty_stratified_mhz
10575,250.0,9,26.25668433837706,-26.25668433837706,26.25668433837706,0.1240001697142475,0.09590159094076307,0.21990176065501058,21.398115685493615,13.13541272331038,0.0,1.1667441043666678,3.0731139183044434,37.38962924394945,6.542860805988312,worst_uncertainty_stratified_mhz
9605,250.0,9,26.122711783396145,-26.122711783396145,26.122711783396145,0.02298445506047252,0.059529309504745824,0.08251376456521835,20.673730641623212,15.20246208716217,0.0,0.6664749657113873,2.4287760257720947,37.585735326051555,4.475208878517151,worst_uncertainty_stratified_mhz
10373,250.0,9,25.750208349849004,-25.750208349849004,25.750208349849004,0.012690734619595323,0.058713462996074245,0.07140419761566957,21.158002470857824,12.836478148925945,0.0,0.5454454020898538,2.75942325592041,38.46569088161553,6.58605694770813,worst_uncertainty_stratified_mhz
10654,250.0,9,25.226121726900303,-25.226121726900303,25.226121726900303,0.003735633606748256,0.01752539346631483,0.021261027073063085,19.85141547708594,15.227313718609599,0.0,0.13895464292098492,1.1504197120666504,38.27450195626326,3.901608020067215,worst_uncertainty_stratified_mhz
10809,250.0,9,25.121091044333326,-25.121091044333326,25.121091044333326,0.010285418864733746,0.011681804821219102,0.021967223685952848,19.583345648290344,15.710401186645367,0.0,0.051627316337913065,0.7889347076416016,38.27450195626326,3.314559370279312,worst_uncertainty_stratified_mhz
10341,265.0,9,33.81662297397187,-33.81662297397187,33.81662297397187,0.5710012523592493,0.6957289434465609,1.2667301958058101,29.595687494398444,8.296834754968966,0.0,6.535828406144205,6.55904483795166,39.56067333855682,12.703081488609314,worst_uncertainty_stratified_mhz
10891,265.0,9,27.652635223248748,-27.652635223248748,27.652635223248748,0.29413332064434666,0.4874066061717681,0.7815399268161147,25.521673217298666,3.7754409441216734,0.0,2.778596775958704,5.443402290344238,40.042750592335686,14.873717784881592,worst_uncertainty_stratified_mhz
10561,265.0,9,27.190918564566637,-27.190918564566637,27.190918564566637,0.17949488419767223,0.28985832815438417,0.4693532123520564,24.61891936116987,5.94230561268247,0.0,1.4662185985775835,3.51320743560791,42.79219408957666,13.254452109336853,worst_uncertainty_stratified_mhz
10954,265.0,9,26.81585801553688,-26.81585801553688,26.81585801553688,0.2825664819477493,0.24345594267869114,0.5260224246264404,22.90826200190916,9.611778223257652,0.0,0.511629945829327,2.001070022583008,42.79219408957666,10.246898174285889,worst_uncertainty_stratified_mhz
9673,265.0,9,26.47966914591537,-26.47966914591537,26.47966914591537,0.04096913579756196,0.07221519371824411,0.11318432951580606,23.65407453139707,7.710869566841958,0.0,0.4077729287873666,2.2970151901245117,44.1955880150949,11.733315825462341,worst_uncertainty_stratified_mhz
9864,265.0,9,26.224850158791444,-26.224850158791444,26.224850158791444,0.18909014989261316,0.45245107586725153,0.6415412257598647,22.824183829451208,7.837807533614765,0.0,0.5407505471085727,2.340726852416992,42.22613971226828,11.567704319953918,worst_uncertainty_stratified_mhz
10463,265.0,9,26.164300414433832,-26.164300414433832,26.164300414433832,0.06468184996494787,0.15498366831366409,0.21966551827861197,23.259394098320325,7.626435412373037,0.0,0.5624976837199824,2.6015987396240234,42.79219408957666,11.727225542068481,worst_uncertainty_stratified_mhz
10029,265.0,9,25.840179900453915,-25.840179900453915,25.840179900453915,0.05706962509401122,0.18971060386335287,0.2467802289573641,23.098755078403297,7.05119579083612,0.0,1.6801611170258184,4.562685966491699,38.27450195626326,12.124963283538818,worst_uncertainty_stratified_mhz
10172,265.0,9,25.53876456220801,-25.53876456220801,25.53876456220801,0.14471444916523146,0.31565990503921754,0.460374354204449,22.534310329345967,7.195498481594171,0.0,1.500370413073469,3.7933778762817383,38.27450195626326,11.936040759086609,worst_uncertainty_stratified_mhz
10340,265.0,9,25.2502620367902,-25.2502620367902,25.2502620367902,0.5157920045204928,0.46816807952748263,0.9839600840479754,22.126600482370208,6.008972101045619,0.0,3.534767725471042,5.654413223266602,31.529252290531726,12.855814337730408,worst_uncertainty_stratified_mhz
9895,265.0,9,25.038406237659082,-25.038406237659082,25.038406237659082,0.11469200166119935,0.4050715198146194,0.5197635214758187,22.329610998996053,6.208094834342322,0.0,0.6717235489179387,2.6834678649902344,40.632307035165994,12.649105668067932,worst_uncertainty_stratified_mhz
9654,270.0,9,28.848770039821655,-28.848770039821655,28.848770039821655,0.02859730656824772,0.038979879230097686,0.0675771857983454,23.030334572803383,16.325443966804187,0.0,0.5863117646793512,2.616046905517578,42.271998710730486,5.180311441421509,worst_uncertainty_stratified_mhz
9833,270.0,9,28.713743709152197,-28.713743709152197,28.713743709152197,0.04906153794323697,0.039610766430530964,0.08867230437376794,22.2483562814961,18.061651881142065,0.0,0.5635308097101435,2.5292603969573975,40.840390546614515,3.4037369191646576,worst_uncertainty_stratified_mhz
10540,270.0,9,28.410974694134207,-28.410974694134207,28.410974694134207,0.005846775050775723,0.013508319893761006,0.01935509494453673,22.165394784625203,17.71667224200829,0.0,0.13077213463515047,1.2770512104034424,42.79219408957666,3.5607620775699615,worst_uncertainty_stratified_mhz
11184,270.0,9,28.255927244563523,-28.255927244563523,28.255927244563523,0.0077069232784171835,0.013503572156993266,0.02121049543541045,21.678398882410143,18.690884371820733,0.0,0.020222717939500257,0.524158239364624,42.79219408957666,2.450429141521454,worst_uncertainty_stratified_mhz
10778,270.0,9,27.47511076142105,-27.47511076142105,27.47511076142105,0.0310340629552338,0.05352531996334156,0.08455938291857536,21.068935859270578,17.915680750102325,0.0,0.31167471607680053,1.8670523166656494,39.647469969721904,2.7298469841480255,worst_uncertainty_stratified_mhz
10417,270.0,9,26.641256851714495,-26.641256851714495,26.641256851714495,0.0397927256748395,0.10472362708809912,0.14451635276293862,21.58471839324495,13.923613832029611,0.0,0.9667893527492559,3.2605371475219727,37.97532093346941,6.342388212680817,worst_uncertainty_stratified_mhz
9751,270.0,9,26.01717570100299,-26.01717570100299,26.01717570100299,0.015236785967038901,0.041271745409050625,0.05650853137608953,20.11178471627093,16.586995560263308,0.0,0.3007114674898963,1.8119709491729736,37.81017554838909,3.156349629163742,worst_uncertainty_stratified_mhz
10621,280.0,9,31.813669695518815,-31.813669695518815,31.813669695518815,0.01207151129708031,0.10799584526918853,0.12006735656626884,24.576416151812513,20.110197032184445,0.0,1.1310042403947413,3.46937894821167,43.42144487462387,3.38185054063797,worst_uncertainty_stratified_mhz
10081,280.0,9,28.48827716579335,-28.48827716579335,28.48827716579335,0.018316491616868803,0.023208118609878144,0.041524610226746944,21.755660154179292,19.05746369327926,0.0,0.03637408923410046,0.6463780403137207,42.79219408957666,2.2726279199123383,worst_uncertainty_stratified_mhz
10401,280.0,9,27.59558389632688,-27.59558389632688,27.59558389632688,0.025960630165733047,0.04011686062205188,0.06607749078778492,21.470575059954417,17.191953344399792,0.0,0.3717287446210227,1.8842720985412598,40.31342053212553,3.6510752737522125,worst_uncertainty_stratified_mhz
10925,280.0,9,26.914982597615012,-26.914982597615012,26.914982597615012,0.0538173018467614,0.033607627123941324,0.08742492897070273,21.57597282992918,14.935766514610782,0.0,0.2897415083230577,1.5457944869995117,41.026668156212736,5.591539204120636,worst_uncertainty_stratified_mhz
11033,280.0,9,25.970755471912266,-25.970755471912266,25.970755471912266,0.03823741104705513,0.058011414953859544,0.09624882600091467,20.41593544110077,15.508338893837095,0.0,0.2912729861451089,1.3817613124847412,38.86756359742658,4.401725023984909,worst_uncertainty_stratified_mhz
10765,280.0,9,25.43736643818281,-25.43736643818281,25.43736643818281,0.10869937648303823,0.056875428222862824,0.16557480470590105,20.319915451653742,14.04197655947231,0.0,0.7116577500498806,2.8473148345947266,36.369200568612996,5.671722650527954,worst_uncertainty_stratified_mhz
10548,300.0,9,29.075758421777994,-29.075758421777994,29.075758421777994,0.0027854393153187557,0.012010920034802634,0.01479635935012139,22.446371410441596,18.851110042723604,0.0,0.04039587861741367,0.6163630485534668,44.1955880150949,3.008406341075897,worst_uncertainty_stratified_mhz
10145,300.0,9,27.93488348784498,-27.93488348784498,27.93488348784498,0.023996325976420447,0.020769417442673795,0.04476574341909424,21.87928177601976,17.120285844404883,0.0,0.09431406504199824,0.8898024559020996,42.68013296605342,4.097822576761246,worst_uncertainty_stratified_mhz
10656,300.0,9,27.341375018067687,-27.341375018067687,27.341375018067687,0.011679415971976697,0.007991966674457259,0.019671382646433956,21.29096268877878,17.193058743449225,0.0,0.03620680919603103,0.69014573097229,41.81936602819321,3.611907482147217,worst_uncertainty_stratified_mhz
10003,300.0,9,27.236189466823433,-27.236189466823433,27.236189466823433,0.004768262760896223,0.015516874810978378,0.0202851375718746,21.84462912753535,15.315297223428171,0.0,0.05966971130231613,0.7777247428894043,42.79219408957666,5.591749012470245,worst_uncertainty_stratified_mhz
10005,300.0,9,27.066754582022913,-27.066754582022913,27.066754582022913,0.010747462668158111,0.03856480910267027,0.04931227177082838,20.644236335905322,18.031641387191474,0.0,0.36986378707609546,1.8386850357055664,38.71006006195289,2.4470855593681335,worst_uncertainty_stratified_mhz
9738,300.0,9,26.895051532261004,-26.895051532261004,26.895051532261004,0.017513278031492798,0.0306586530089161,0.0481719310404089,21.383835948794747,15.551931455347859,0.0,0.16608240622926118,1.3329296112060547,41.10257747392492,5.128088057041168,worst_uncertainty_stratified_mhz
11414,120.0,10,22.340008002859896,-22.340008002859896,22.340008002859896,0.006445670939217346,0.006733431447052541,0.013179102386269886,19.407413140414487,8.315945074441364,0.0,0.029940185048971557,0.48044395446777344,38.27450195626326,4.896226286888123,worst_uncertainty_stratified_mhz
11878,120.0,10,18.28038873132323,-18.28038873132323,18.28038873132323,0.0012113468266898109,0.0038779158637168793,0.00508926269040669,15.31940485114129,8.411238874658167,0.0,0.034199136174463796,0.5547904968261719,30.01562093310748,3.8652685582637787,worst_uncertainty_stratified_mhz
12201,120.0,10,18.28027387736732,-18.28027387736732,18.28027387736732,0.003040396979339968,0.010700250534204227,0.013740647513544195,15.744895747617914,7.165796453122451,0.0,0.06464848432550241,0.860750675201416,30.499743851383407,4.670913100242615,worst_uncertainty_stratified_mhz
11752,150.0,10,25.892385274768134,-25.892385274768134,25.892385274768134,0.017906353649728722,0.1609273150280901,0.17883366867781883,25.08629700500009,1.7117140990308142,0.0,1.2296314421242727,3.5177431106567383,44.1955880150949,9.846391558647156,worst_uncertainty_stratified_mhz
12131,150.0,10,25.271823755302442,-25.271823755302442,25.271823755302442,0.0405324634502181,0.06604900910468854,0.10658147255490663,23.675548320021534,4.200900472290095,0.0,0.45448856921846925,2.2465314865112305,44.1955880150949,8.697104096412659,worst_uncertainty_stratified_mhz
12200,150.0,10,23.647565005232,-23.647565005232,23.647565005232,0.006016728356738797,0.02009879616114553,0.026115524517884327,19.364899321442433,12.138081774945642,0.0,0.01690002845332028,0.4214966297149658,38.27450195626326,3.9530349671840668,worst_uncertainty_stratified_mhz
12397,150.0,10,22.45425036093667,-22.45425036093667,22.45425036093667,0.009821115108316554,0.06109442844259939,0.07091554355091594,19.718396655822836,7.544105592407985,0.0,0.4108150645209747,1.8636751174926758,36.75148806511105,6.53997004032135,worst_uncertainty_stratified_mhz
12157,155.0,10,29.445540632875428,-29.445540632875428,29.445540632875428,0.08815329558258024,0.42513032272531637,0.5132836183078966,26.612003822000002,6.484323462328707,0.0,2.853011526891237,4.725790500640869,42.79219408957666,8.322263717651367,worst_uncertainty_stratified_mhz
11369,155.0,10,29.034283749130715,-29.034283749130715,29.034283749130715,0.18977249655230222,1.238738573979815,1.4285110705321171,27.556933840152606,0.0,0.0,18.521640482960493,11.722604751586914,6.347981962797311,22.029995441436768,worst_uncertainty_stratified_mhz
12054,155.0,10,28.715953226133283,-28.715953226133283,28.715953226133283,2.1436639065146896,0.8293774382007112,2.973041344715401,25.683282317880305,0.0,0.0,10.551479462891152,9.612485885620117,20.651119824358194,13.61868131160736,worst_uncertainty_stratified_mhz
12559,155.0,10,26.631732804726017,-26.631732804726017,26.631732804726017,0.09303338315734151,0.13078724236856715,0.22382062552590865,26.380275907983577,0.0,0.0,2.035587446767053,4.664525985717773,44.024850936715275,12.906409621238708,worst_uncertainty_stratified_mhz
12000,155.0,10,26.49576512549592,-26.49576512549592,26.49576512549592,0.06315873898991858,0.18470066242122427,0.24785940141114285,24.68150846737973,4.385886795860512,0.0,1.2754168071159846,3.3238587379455566,43.48832458258193,9.009700357913971,worst_uncertainty_stratified_mhz
12579,155.0,10,26.020026913698352,-26.020026913698352,26.020026913698352,0.01144488278634879,0.030773031973882713,0.042217914760231505,22.091254401124736,11.052890119079017,0.0,0.15621907241611765,1.0778765678405762,42.79219408957666,5.476422369480133,worst_uncertainty_stratified_mhz
12254,155.0,10,25.9182409556183,-25.9182409556183,25.9182409556183,0.03948043727441264,0.027286466055113374,0.066766903329526,22.599439199806945,9.229193606363697,0.0,0.3201822791488631,1.766319751739502,42.79219408957666,6.4839823842048645,worst_uncertainty_stratified_mhz
12312,155.0,10,25.611281937585176,-25.611281937585176,25.611281937585176,0.6908822531581577,0.7805909575286796,1.4714732106868373,24.094134657912093,0.0,0.0,9.07010037578003,10.486067771911621,19.562000792352503,16.484521746635437,worst_uncertainty_stratified_mhz
11766,170.0,10,45.559822314471035,-45.559822314471035,45.559822314471035,0.22670712788700964,1.8262260482404429,2.0529331761274525,43.43111803933187,0.0,0.0,30.943009494463695,16.74897575378418,8.227241335952167,18.35344934463501,worst_uncertainty_stratified_mhz
11589,170.0,10,37.857818326678384,-37.857818326678384,37.857818326678384,0.3551328095198583,2.0182610927185247,2.373393902238383,35.39594900158657,0.0,0.0,19.176263971188234,13.604976654052734,18.83439340674395,12.373693704605103,worst_uncertainty_stratified_mhz
11293,170.0,10,35.07903864094062,-35.07903864094062,35.07903864094062,0.11667522877807997,1.0163710138419086,1.1330462426199885,29.590767320070356,12.115215786009909,0.0,11.156961715073072,11.459074258804321,25.408536951190243,7.2676606476306915,worst_uncertainty_stratified_mhz
11816,180.0,10,52.208039956689625,-52.208039956689625,52.208039956689625,0.3280929770783296,3.056712947419248,3.3848059244975777,48.76649524733866,0.0,0.0,26.223964554079302,16.254738807678223,28.830322578840494,22.563639521598816,worst_uncertainty_stratified_mhz
11571,180.0,10,46.647348001700585,-46.647348001700585,46.647348001700585,0.08080085366664387,1.7934184883835294,1.8742193420501732,44.71179020964831,0.0,0.0,22.378969674299576,15.943915843963623,28.721725226733856,19.28089791536331,worst_uncertainty_stratified_mhz
11535,180.0,10,42.774727696244916,-42.774727696244916,42.774727696244916,0.056109897689569053,1.0208826529713309,1.0769925506609,37.36119843590559,12.08959607526764,0.0,13.265928681018963,11.03630018234253,37.15423932743072,8.65732228755951,worst_uncertainty_stratified_mhz
12567,180.0,10,37.717413912557824,-37.717413912557824,37.717413912557824,1.387666249618139,0.8483843316708852,2.236050581289024,31.770863437971926,10.32884906906485,0.0,11.260302604822291,11.284780263900757,29.736341402398512,8.793348520994186,worst_uncertainty_stratified_mhz
11542,200.0,10,31.214006208039535,-31.214006208039535,31.214006208039535,0.10777732806187697,0.5465191725846631,0.6542965006465401,26.369031919027773,11.804875404514789,0.0,3.3720203618302342,4.700107097625732,41.293916016769344,7.784732401371002,worst_uncertainty_stratified_mhz
12769,200.0,10,31.189950663985755,-31.189950663985755,31.189950663985755,0.10221157086454492,0.11836977443211467,0.2205813452966596,24.887172847035725,17.163016325073453,0.0,1.7448318539242171,3.308671236038208,42.976010750184805,4.394821375608444,worst_uncertainty_stratified_mhz
12010,200.0,10,30.919063895180805,-30.919063895180805,30.919063895180805,0.32819962039530903,0.3240020700751436,0.6522016904704526,25.668142496017236,12.917056433649295,0.0,4.803745270453728,7.52810001373291,34.200694437394105,7.047414839267731,worst_uncertainty_stratified_mhz
11902,200.0,10,30.248596801333647,-30.248596801333647,30.248596801333647,0.6795635986201866,0.1329175893838776,0.8124811880040641,24.20920241489267,14.79537213979408,0.0,1.205551768839384,3.2151072025299072,42.79219408957666,5.655828803777695,worst_uncertainty_stratified_mhz
12649,200.0,10,29.205433595558414,-29.205433595558414,29.205433595558414,0.23446677917068434,0.06888250174307099,0.30334928091375535,23.742781624615912,14.606267632932923,0.0,1.0484582004037541,3.1040825843811035,42.28456426404321,5.433898389339447,worst_uncertainty_stratified_mhz
11294,200.0,10,29.18025957766056,-29.18025957766056,29.18025957766056,0.3612391420001017,0.9014253480698652,1.2626644900699668,23.403727654881045,12.594065321230211,0.0,8.26557194269334,9.438395261764526,20.837916162610885,6.784186214208603,worst_uncertainty_stratified_mhz
12023,200.0,10,28.732646743761954,-28.732646743761954,28.732646743761954,0.07238325777081255,0.22455259827151455,0.2969358560423271,24.00165833078835,12.474254869723822,0.0,3.362421249284548,5.6670732498168945,35.61140091319071,6.7352346777915955,worst_uncertainty_stratified_mhz
11316,200.0,10,28.323402471867627,-28.323402471867627,28.323402471867627,0.19067815087385254,0.21905172641805432,0.40972987729190685,24.972995527938224,8.300932492219852,0.0,1.7268367798441169,4.088197708129883,42.40411978805833,9.293251812458038,worst_uncertainty_stratified_mhz
12424,230.0,10,28.161613190178862,-28.161613190178862,28.161613190178862,0.00574063664234837,0.023905043593034775,0.029645680235383144,21.994324903586026,17.46634400589489,0.0,0.09991157080331092,0.9966325759887695,42.79219408957666,3.235661208629608,worst_uncertainty_stratified_mhz
12793,230.0,10,28.022850897512136,-28.022850897512136,28.022850897512136,0.025604512039770877,0.040130635793116314,0.0657351478328872,22.91157043290781,14.337237109501173,0.0,0.41676708968083176,2.058156967163086,42.93144971929087,5.866233825683594,worst_uncertainty_stratified_mhz
11395,230.0,10,28.010905044810237,-28.010905044810237,28.010905044810237,0.015160883643802634,0.017632383535011946,0.03279326717881458,22.210166719903444,16.433592641348117,0.0,0.06961531440047164,0.7703282833099365,43.51077452769601,4.074825793504715,worst_uncertainty_stratified_mhz
11844,230.0,10,27.286637895592836,-27.286637895592836,27.286637895592836,0.00675432094606625,0.01590182399086641,0.02265614493693266,21.87800727615284,15.345179723233358,0.0,0.08014369274451383,0.8035330772399902,42.79219408957666,4.667995929718018,worst_uncertainty_stratified_mhz
11544,230.0,10,25.512571923087748,-25.512571923087748,25.512571923087748,0.016555631116758344,0.05366009695311583,0.07021572806987417,21.062854540928512,12.452670643832759,0.0,0.29125759185020783,1.7329015731811523,39.81029232497546,6.404384672641754,worst_uncertainty_stratified_mhz
11922,230.0,10,25.17861301704816,-25.17861301704816,25.17861301704816,0.006170657564963764,0.014045936743137706,0.02021659430810147,19.70598479788672,15.514160577694534,0.0,0.08991897943831972,0.9576296806335449,38.27450195626326,3.338446795940399,worst_uncertainty_stratified_mhz
11227,230.0,10,24.912621691159394,-24.912621691159394,24.912621691159394,0.0038347210963184043,0.013875563795266119,0.017710284891584525,19.538763105982365,15.252942813607019,0.0,0.05867384049722091,0.6856765747070312,38.27450195626326,3.437145233154297,worst_uncertainty_stratified_mhz
12739,230.0,10,24.645199367325084,-24.645199367325084,24.645199367325084,0.015577883587572278,0.03005260453689244,0.04563048812446472,19.72860822743341,13.864856988896234,0.0,0.11600543884645731,0.9507036209106445,38.27450195626326,4.662959337234497,worst_uncertainty_stratified_mhz
12698,250.0,10,28.262630739045758,-28.262630739045758,28.262630739045758,0.009303298429054354,0.010301674375321873,0.019604972804376227,21.997879357087058,17.809180637879876,0.0,0.02311265562458331,0.4612088203430176,43.48832458258193,3.184993326663971,worst_uncertainty_stratified_mhz
12416,250.0,10,27.87515296354123,-27.87515296354123,27.87515296354123,0.08942514683695045,0.03947668454553312,0.12890183138248357,21.501247767062353,17.693452138239778,0.0,0.4093564538674137,2.1681606769561768,40.0156219494337,3.0586493611335754,worst_uncertainty_stratified_mhz
11585,250.0,10,27.796531213021055,-27.796531213021055,27.796531213021055,0.003153659192236759,0.009132946681340912,0.012286605873577671,21.588656776059974,17.675319637218845,0.0,0.01248050954617863,0.36015844345092773,42.79219408957666,3.0272249281406403,worst_uncertainty_stratified_mhz
12480,250.0,10,27.778498881883017,-27.778498881883017,27.778498881883017,0.017329055857810916,0.025905478601132795,0.04323453445894371,22.35940363519493,15.299270007428444,0.0,0.19906346449107204,1.5284862518310547,42.79219408957666,5.282260596752167,worst_uncertainty_stratified_mhz
12374,250.0,10,27.608247056742105,-27.608247056742105,27.608247056742105,0.027675350578851555,0.026538911617250627,0.05421426219610218,22.329790377858206,14.885877291915545,0.0,0.10010871229752638,1.0587944984436035,43.400568832677756,5.576162815093994,worst_uncertainty_stratified_mhz
11540,250.0,10,27.54130199143559,-27.54130199143559,27.54130199143559,0.02108114794782583,0.05045833937917153,0.07153948732699736,21.89301706951281,15.83084957157261,0.0,0.44944587628804467,1.9529345035552979,40.93420788289423,4.662329405546188,worst_uncertainty_stratified_mhz
11574,250.0,10,27.538406386642627,-27.538406386642627,27.538406386642627,0.026295300716246653,0.04191328800912433,0.06820858872537099,22.606993781950628,13.83316128555081,0.0,0.314610964838689,1.7925715446472168,42.79219408957666,6.492651998996735,worst_uncertainty_stratified_mhz
12724,250.0,10,27.402688544508973,-27.402688544508973,27.402688544508973,0.01991948903413289,0.04861902784241755,0.06853851687655044,21.780810134149228,15.83290950234976,0.0,0.04699555624932472,0.6754350662231445,42.79219408957666,4.584514319896698,worst_uncertainty_stratified_mhz
12611,250.0,10,27.373384358674304,-27.373384358674304,27.373384358674304,0.014034906926579561,0.012912473808155099,0.026947380734734662,21.24459154019251,17.37379067023823,0.0,0.06617964806062204,0.8636014461517334,41.49322233811204,3.0598230957984924,worst_uncertainty_stratified_mhz
12226,250.0,10,27.15338039348417,-27.15338039348417,27.15338039348417,0.027788153727166892,0.017004096418217103,0.044792250145383995,21.571423267104407,15.767618623393165,0.0,0.11129604624434464,0.9865269660949707,41.933727475625155,4.508651793003082,worst_uncertainty_stratified_mhz
11828,250.0,10,26.58878494845426,-26.58878494845426,26.58878494845426,0.017365405671229833,0.027108374380857586,0.04447378005208742,21.043828870661528,15.654088402554263,0.0,0.13720173118953394,1.2531137466430664,40.56014053230092,4.296800464391708,worst_uncertainty_stratified_mhz
11793,250.0,10,26.446820440907246,-26.446820440907246,26.446820440907246,0.007502804137640706,0.016112109597854838,0.023614913735495544,21.05305281582159,15.283433419483254,0.0,0.14743153433783718,1.1789355278015137,40.632307035165994,4.581736862659454,worst_uncertainty_stratified_mhz
12746,265.0,10,31.645115121787505,-31.645115121787505,31.645115121787505,0.5895338854808121,0.7691879502905716,1.3587218357713837,27.288313580484793,8.449713601513361,0.0,3.9727326758393247,5.5991621017456055,41.03199970754533,12.249104022979736,worst_uncertainty_stratified_mhz
12359,265.0,10,30.570215589675314,-30.570215589675314,30.570215589675314,0.08840433669398623,0.3723936302343333,0.46079796692831954,26.77418247201089,9.428048256183134,0.0,2.590364746985742,5.575441360473633,42.79219408957666,11.360389828681946,worst_uncertainty_stratified_mhz
12187,265.0,10,30.469726863044002,-30.469726863044002,30.469726863044002,2.889217810704207,0.6516062532945639,3.5408240639987705,23.420798223647715,9.902373597319068,0.0,3.4573623969642426,5.80026912689209,34.126602526474855,10.996158838272095,worst_uncertainty_stratified_mhz
12371,265.0,10,29.64189184651539,-29.64189184651539,29.64189184651539,0.07883202576272494,0.8071687565399617,0.8860007823026866,25.54239747017143,9.01218762072151,0.0,7.365605383405338,7.179805278778076,29.173778894754104,11.455596327781677,worst_uncertainty_stratified_mhz
11912,265.0,10,29.234558701937125,-29.234558701937125,29.234558701937125,0.22363404604451773,0.23391731706336574,0.45755136310788347,25.73844444763754,8.596528885808727,0.0,1.9327726026206165,4.945673942565918,42.66566974746793,11.67180585861206,worst_uncertainty_stratified_mhz
12775,265.0,10,28.500875162789075,-28.500875162789075,28.500875162789075,0.03612096148406203,0.19120441321519122,0.22732537469925324,25.218804043637046,8.643690261180007,0.0,1.8268211498496925,3.991771697998047,42.79219408957666,11.47206199169159,worst_uncertainty_stratified_mhz
11373,265.0,10,28.484645400984643,-28.484645400984643,28.484645400984643,0.41284573201054736,0.5200678581296329,0.9329135901401802,23.973162791298574,10.15601986207734,0.0,0.972714225971913,3.20870304107666,42.79219408957666,10.289833545684814,worst_uncertainty_stratified_mhz
11935,265.0,10,28.34938387483387,-28.34938387483387,28.34938387483387,0.3246518834717333,0.5399238803644956,0.8645757638362288,26.020853450271037,4.095141952608254,0.0,3.258597210919433,5.212060928344727,40.31245155035848,14.721577525138855,worst_uncertainty_stratified_mhz
12406,265.0,10,27.56698615769527,-27.56698615769527,27.56698615769527,0.05064176815037866,0.16696975654263307,0.21761152469301173,24.851277791416887,7.067385845202203,0.0,1.4956017556922774,3.9191579818725586,42.79219408957666,12.473055720329285,worst_uncertainty_stratified_mhz
11269,265.0,10,26.35959523787773,-26.35959523787773,26.35959523787773,0.1547690823811169,0.20409950850049752,0.3588685908816144,23.290516715048366,7.695087686007894,0.0,0.6296157838464609,2.5296077728271484,42.79219408957666,11.717644095420837,worst_uncertainty_stratified_mhz
11992,265.0,10,26.347935174087283,-26.347935174087283,26.347935174087283,0.12945278020181836,0.44569323873802347,0.5751460189398419,23.759113600655848,5.705888166697098,0.0,0.7806657288976879,2.4461212158203125,43.51077452769601,13.2947496175766,worst_uncertainty_stratified_mhz
11201,270.0,10,29.32205807304588,-29.32205807304588,29.32205807304588,0.00844180684580516,0.013651798858409666,0.022093605704214828,22.72611068635275,18.71449970908436,0.0,0.08896926860327525,1.0786948204040527,44.1955880150949,3.135945975780487,worst_uncertainty_stratified_mhz
12425,270.0,10,29.113883256248258,-29.113883256248258,29.113883256248258,0.061012619037443955,0.06752652604639965,0.12853914508384362,22.845846808549833,17.347813536175558,0.0,1.3898408498843287,3.210193634033203,39.701818283297804,4.34943363070488,worst_uncertainty_stratified_mhz
12423,270.0,10,27.622047945641473,-27.622047945641473,27.622047945641473,0.014337101861129254,0.03299426471501136,0.047331366576140614,22.26638440563457,15.106040109739734,0.0,0.2337405605473144,1.3851547241210938,42.68013296605342,5.6963916420936584,worst_uncertainty_stratified_mhz
12285,270.0,10,27.557008172157904,-27.557008172157904,27.557008172157904,0.002687518388970056,0.003837626430503744,0.0065251448194738,21.1809862693505,18.165260094717205,0.0,0.013790843610677506,0.4006633758544922,41.933727475625155,2.5188142359256744,worst_uncertainty_stratified_mhz
11572,270.0,10,25.258756254092315,-25.258756254092315,25.258756254092315,0.06579880414447377,0.06988684874044816,0.13568565288492193,19.947815969558597,14.708299100955527,0.0,0.2675440764754988,1.5826153755187988,37.7779284106474,4.728040635585785,worst_uncertainty_stratified_mhz
12321,270.0,10,25.25394635503053,-25.25394635503053,25.25394635503053,0.003718983944748668,0.0065399943853867585,0.010258978330135426,19.459845181495712,16.48085202400103,0.0,0.028475441347786123,0.5882375240325928,38.27450195626326,2.714018613100052,worst_uncertainty_stratified_mhz
11436,270.0,10,25.10084958049675,-25.10084958049675,25.10084958049675,0.005504716270387876,0.008447333970540484,0.013952050240928361,19.451775578986933,16.06208116657105,0.0,0.02735883986134624,0.574331521987915,38.27450195626326,3.087403357028961,worst_uncertainty_stratified_mhz
11716,280.0,10,31.15523810300571,-31.15523810300571,31.15523810300571,0.06025376143554157,0.0713003197841253,0.13155408121966686,24.243705013912738,19.167352213790128,0.0,1.2273148287130304,3.240586280822754,42.79219408957666,3.878688633441925,worst_uncertainty_stratified_mhz
11799,280.0,10,29.82289495154847,-29.82289495154847,29.82289495154847,0.07839809455764261,0.07152112918371036,0.14991922374135297,23.543340913476754,17.373727652698186,0.0,0.8854577144168694,3.197628974914551,42.11813742320522,4.817658245563507,worst_uncertainty_stratified_mhz
11487,280.0,10,29.04401247272077,-29.04401247272077,29.04401247272077,0.017079481434627213,0.014198399955803912,0.031277881390431125,22.228347575396395,19.360972040661593,0.0,0.005694711647773687,0.24971771240234375,44.1955880150949,2.344512641429901,worst_uncertainty_stratified_mhz
11538,280.0,10,28.210531150716537,-28.210531150716537,28.210531150716537,0.027371993858216103,0.07146466151588889,0.09883665537410499,22.898400765131633,14.805416497475722,0.0,0.6488201724853297,2.7828574180603027,41.716303767232304,6.413584232330322,worst_uncertainty_stratified_mhz
12297,280.0,10,28.117729592506404,-28.117729592506404,28.117729592506404,0.007538221752737605,0.026590944894208015,0.03412916664694562,22.361163213530933,16.28612058995584,0.0,0.19192895333207716,1.4042892456054688,42.93417927479224,4.912501156330109,worst_uncertainty_stratified_mhz
12681,280.0,10,27.800438315602218,-27.800438315602218,27.800438315602218,0.007149220598136476,0.015760621660157664,0.02290984225829414,22.059458388023,16.25448971158639,0.0,0.30453134222734146,1.8987452983856201,41.611108793205695,4.757487803697586,worst_uncertainty_stratified_mhz
12672,300.0,10,29.053938461888478,-29.053938461888478,29.053938461888478,0.0028326299858447237,0.008299428956952529,0.011132058942797252,22.47580266814643,18.714540233015484,0.0,0.04512303762076897,0.6657712459564209,44.1955880150949,3.1396126747131348,worst_uncertainty_stratified_mhz
12169,300.0,10,28.87734068023385,-28.87734068023385,28.87734068023385,0.007443101894491678,0.009312308003255542,0.01675540989774722,22.132095155024462,19.167020570717096,0.0,0.040930595895971145,0.6940045356750488,43.48832458258193,2.5247587263584137,worst_uncertainty_stratified_mhz
11496,300.0,10,26.669065757093204,-26.669065757093204,26.669065757093204,0.008264642601134619,0.025404753277615585,0.0336693958787502,21.37518102317521,14.957045263722168,0.0,0.32382898450167374,1.9383931159973145,40.164310961349756,5.634367346763611,worst_uncertainty_stratified_mhz
12084,300.0,10,26.491509629852658,-26.491509629852658,26.491509629852658,0.009048599964853988,0.004688383947742991,0.013736983912596978,20.24671678896269,17.76060824894571,0.0,0.018851297172901127,0.40459179878234863,40.05113918479723,2.312543034553528,worst_uncertainty_stratified_mhz
12180,300.0,10,26.307593642120672,-26.307593642120672,26.307593642120672,0.005751704495354402,0.030884699592296262,0.03663640408765066,20.449197120228042,16.53715701373505,0.0,0.2387291554804909,1.4726529121398926,38.94828301735521,3.6186995804309845,worst_uncertainty_stratified_mhz
12223,300.0,10,25.55855706090587,-25.55855706090587,25.55855706090587,0.009420417792016985,0.02063256757022164,0.030052985362238625,19.821723993522067,16.23293430337192,0.0,0.11922595652202972,1.1304941177368164,38.27450195626326,3.4183075428009033,worst_uncertainty_stratified_mhz
