candidate_id,mhz,k,badness,quality_score,uncertainty,heatmap_mc_mse,decoder_mc_rce,epistemic_score,disagreement_score,prior_tension_score,peak_bias_score,p99_var,p99_mc_range,peak_loc_spread_px,pred_p99_mean,selected_reason
1450,120.0,3,164.98780304098045,-164.98780304098045,164.98780304098045,1.2251922659902716,11.411371113249851,12.636563379240123,152.09813678201868,0.0,0.0,133.91715216573908,36.361969232559204,0.0,11.430389374494553,worst_uncertainty_stratified_mhz
1546,120.0,3,66.31356902571109,-66.31356902571109,66.31356902571109,0.30163655978416165,3.991433479044947,4.293070038829109,55.504834760434335,17.934973598087566,0.0,32.77362796442806,18.182613372802734,27.279800219209818,6.0027916431427,worst_uncertainty_stratified_mhz
1253,120.0,3,57.90983883904071,-57.90983883904071,57.90983883904071,0.6843413423709656,2.9099207079713296,3.5942620503422953,54.1897428902204,0.0,0.0,25.171504961032653,15.244281768798828,42.79219408957666,9.967745661735535,worst_uncertainty_stratified_mhz
172,150.0,3,27.576254779727712,-27.576254779727712,27.576254779727712,0.04497636942828829,0.036432547633229805,0.0814089170615181,23.097836767703644,12.461382598932286,0.0,0.48325210256161366,2.4369752407073975,42.79219408957666,4.892046004533768,worst_uncertainty_stratified_mhz
175,150.0,3,24.947907880410984,-24.947907880410984,24.947907880410984,0.021508607303513148,0.009825244014635272,0.03133385131814842,20.73357465535649,11.911457292638124,0.0,0.06360394326792118,0.7798008918762207,40.56014053230092,4.506977438926697,worst_uncertainty_stratified_mhz
451,150.0,3,19.77708401321346,-19.77708401321346,19.77708401321346,0.03104689924453311,0.008333355688860282,0.039380254933393394,16.141216533207277,10.232668949353645,0.0,0.05481769325671504,0.672797679901123,31.5,3.8884332478046417,worst_uncertainty_stratified_mhz
535,150.0,3,19.72724979429158,-19.72724979429158,19.72724979429158,0.036281125688943296,0.03652949032685656,0.07281061601579986,16.550353863867958,8.793553015375457,0.0,0.27569177036772086,2.0495803356170654,30.499743851383407,4.983186453580856,worst_uncertainty_stratified_mhz
1394,155.0,3,26.531130242467547,-26.531130242467547,26.531130242467547,0.015354138214564668,0.020637151517584756,0.03599128973214942,22.92369553472214,10.155340366717537,0.0,0.17352511382935276,1.3047528266906738,44.1955880150949,6.099279463291168,worst_uncertainty_stratified_mhz
554,155.0,3,25.680288415435967,-25.680288415435967,25.680288415435967,0.054890817781553615,0.015597365759446404,0.07048818354100002,22.324850816628878,9.331759354792782,0.0,0.2309836531271685,1.3955402374267578,42.79219408957666,6.379642486572266,worst_uncertainty_stratified_mhz
1510,155.0,3,25.234533145169525,-25.234533145169525,25.234533145169525,0.01227100587375976,0.014418373660485291,0.02668937953424505,21.92692027363936,9.338805028775019,0.0,0.09621548463411145,0.8692154884338379,42.79219408957666,6.283279597759247,worst_uncertainty_stratified_mhz
1411,155.0,3,24.730884715229582,-24.730884715229582,24.730884715229582,0.03216221387176034,0.029719550763027205,0.06188176463478755,21.411751116418348,9.2443347741523,0.0,0.293321464344384,1.6045522689819336,40.632307035165994,6.229583561420441,worst_uncertainty_stratified_mhz
991,155.0,3,23.531223950605753,-23.531223950605753,23.531223950605753,0.030723423126683302,0.015226960016882684,0.04595038314356599,20.314256627437114,8.997776347526054,0.0,0.283281446195744,1.7874484062194824,38.27450195626326,6.105030655860901,worst_uncertainty_stratified_mhz
81,155.0,3,23.194076143103892,-23.194076143103892,23.194076143103892,0.012850549062124681,0.015546346243980607,0.02839689530610529,19.879152244599403,9.342062421823947,0.0,0.15228544462939553,1.1792316436767578,38.27450195626326,5.805326759815216,worst_uncertainty_stratified_mhz
229,155.0,3,23.178378257989834,-23.178378257989834,23.178378257989834,0.03538822694888142,0.014177490405821055,0.04956571735470247,19.776200475511796,9.537426799876988,0.0,0.10856686417093897,1.060765266418457,38.27450195626326,5.67598032951355,worst_uncertainty_stratified_mhz
1511,155.0,3,22.464722975513975,-22.464722975513975,22.464722975513975,0.016822656191884427,0.012280472317330428,0.029103128509214857,19.56934837743453,8.164689971896891,0.0,0.04848524338859406,0.7672243118286133,38.27450195626326,6.378742039203644,worst_uncertainty_stratified_mhz
382,170.0,3,28.510821511827114,-28.510821511827114,28.510821511827114,0.204303378197247,0.030399996605267522,0.23470337480251452,23.25715745017733,14.255723393241707,0.0,0.3087044298353865,1.7013180255889893,44.1955880150949,4.715367704629898,worst_uncertainty_stratified_mhz
1289,170.0,3,27.6721221834264,-27.6721221834264,27.6721221834264,0.10096797644281251,0.03135481003907869,0.1323227864818912,23.159766785976426,12.44878186884705,0.0,0.26249448596376723,1.59895658493042,44.1955880150949,5.578891932964325,worst_uncertainty_stratified_mhz
1405,170.0,3,25.268408082691565,-25.268408082691565,25.268408082691565,0.011786373311172401,0.023301992096738017,0.03508836540791042,20.950350588272865,12.181681542153553,0.0,0.15193925766928018,1.03668212890625,40.56014053230092,5.028147757053375,worst_uncertainty_stratified_mhz
286,180.0,3,26.871566052890923,-26.871566052890923,26.871566052890923,0.08194010681590265,0.05999039659706154,0.1419305034129642,23.007039194111975,10.56075664778188,0.0,0.5229447128002072,2.175994873046875,42.79219408957666,6.865810692310333,worst_uncertainty_stratified_mhz
1144,180.0,3,25.93033168243618,-25.93033168243618,25.93033168243618,0.010916150298796267,0.009525918703850972,0.020442069002647237,20.76644103291798,14.65715302013242,0.0,0.04014022497118841,0.5329012870788574,40.91970032881473,3.7253608405590057,worst_uncertainty_stratified_mhz
774,180.0,3,24.35134861680761,-24.35134861680761,24.35134861680761,0.01420575654841203,0.023257854750722715,0.037463611299134746,19.81283536643577,12.807753455090962,0.0,0.10809333376922936,1.1349821090698242,38.27450195626326,4.482667505741119,worst_uncertainty_stratified_mhz
1385,180.0,3,21.299041509198226,-21.299041509198226,21.299041509198226,0.06342665488939359,0.040358628675655484,0.10378528356504907,17.819126381385633,9.59941221106848,0.0,0.14682038220155036,1.2180094718933105,34.126602526474855,5.864066421985626,worst_uncertainty_stratified_mhz
1430,200.0,3,28.288155936943554,-28.288155936943554,28.288155936943554,0.055874364179347526,0.038134201595565846,0.09400856577491337,23.01341690805369,14.716443501392755,0.0,0.3626579561487091,1.8131933212280273,43.48832458258193,5.02256977558136,worst_uncertainty_stratified_mhz
719,200.0,3,28.242363865735605,-28.242363865735605,28.242363865735605,0.18002240109205972,0.05545445796567653,0.23547685905773624,22.985114518854044,14.259591402314618,0.0,0.43554481209366713,2.306945323944092,42.79219408957666,5.336791038513184,worst_uncertainty_stratified_mhz
1353,200.0,3,27.852846121656903,-27.852846121656903,27.852846121656903,0.07089446949583976,0.032259581756243,0.10315405125208277,22.35849076993542,15.346879915002146,0.0,0.12022696685706702,0.9657530784606934,43.51077452769601,4.379475325345993,worst_uncertainty_stratified_mhz
1247,200.0,3,27.67786991462748,-27.67786991462748,27.67786991462748,0.02254338217694178,0.043406857124120526,0.06595023930106231,22.98116872742267,13.172610663443244,0.0,0.23188879992282807,1.3029718399047852,44.1955880150949,5.919546008110046,worst_uncertainty_stratified_mhz
272,200.0,3,27.565531127724835,-27.565531127724835,27.565531127724835,0.07376440438756017,0.027717051618608664,0.10148145600616884,22.769313278086695,13.343924423801617,0.0,0.3147500372381842,2.1169323921203613,42.79219408957666,5.756982326507568,worst_uncertainty_stratified_mhz
914,200.0,3,27.420975026153663,-27.420975026153663,27.420975026153663,0.05650148246868286,0.0369992148383014,0.09350069730698427,21.43921053526479,16.698996238862993,0.0,0.2961838644283574,1.7259128093719482,40.56014053230092,3.1194909811019897,worst_uncertainty_stratified_mhz
1110,200.0,3,27.331611641897496,-27.331611641897496,27.331611641897496,0.03422427805782774,0.04155377594928984,0.07577805400711758,23.005996298472702,12.09686419705589,0.0,0.17550390162122298,1.5533394813537598,44.1076453123492,6.572585165500641,worst_uncertainty_stratified_mhz
1056,200.0,3,27.267184185470853,-27.267184185470853,27.267184185470853,0.08502530161535647,0.044230496693292494,0.12925579830864897,22.58940782900087,12.928175633318107,0.0,0.31762127768177706,1.7513790130615234,42.79219408957666,5.955206573009491,worst_uncertainty_stratified_mhz
526,230.0,3,29.690354366451867,-29.690354366451867,29.690354366451867,0.10640855352094535,0.21063129045452123,0.3170398439754666,24.75449065860463,13.063933986680274,0.0,1.9270431844401195,4.622895240783691,41.03199970754533,7.471853673458099,worst_uncertainty_stratified_mhz
1317,230.0,3,29.189626281743813,-29.189626281743813,29.189626281743813,0.3390017957815175,0.1847175314340715,0.523719327215589,24.599433013259702,11.518968918673558,0.0,1.3833182214585094,3.1224803924560547,43.30974919114633,8.44087541103363,worst_uncertainty_stratified_mhz
1004,230.0,3,28.477956411767714,-28.477956411767714,28.477956411767714,0.017412563754721083,0.010820958140812924,0.028233521895534006,22.02208082310587,18.320937391724666,0.0,0.026197268883080937,0.5034425258636475,43.48832458258193,2.642286777496338,worst_uncertainty_stratified_mhz
635,230.0,3,28.43195849575084,-28.43195849575084,28.43195849575084,0.17570282675750173,0.08848390600482227,0.264186732762324,23.190750970917804,14.134566291271655,0.0,0.5504951072362267,2.5561041831970215,42.724407544166134,6.198941767215729,worst_uncertainty_stratified_mhz
783,230.0,3,28.207332841977987,-28.207332841977987,28.207332841977987,0.008223358337500744,0.006864229381948224,0.015087587719448969,21.883952546845133,17.95402666585766,0.0,0.07559628097983762,0.8245184421539307,42.79219408957666,2.819008708000183,worst_uncertainty_stratified_mhz
1241,230.0,3,28.183221540469997,-28.183221540469997,28.183221540469997,0.036389398154569964,0.02733830755191368,0.06372770570648364,22.03815915620051,17.297728649077822,0.0,0.13607255986798972,1.011979103088379,42.79219408957666,3.3992340862751007,worst_uncertainty_stratified_mhz
1280,230.0,3,27.98714541460855,-27.98714541460855,27.98714541460855,0.08286483950902922,0.07525130765212894,0.15811614716115815,22.72418637077599,14.500759139139866,0.0,0.45727857884105205,1.741621494293213,42.79219408957666,5.715752422809601,worst_uncertainty_stratified_mhz
998,230.0,3,27.882041188765523,-27.882041188765523,27.882041188765523,0.15792932071042187,0.08667929562136635,0.2446086163317882,22.524897319157283,14.54175069594243,0.0,0.26705634736699935,1.7234878540039062,42.79219408957666,5.636107861995697,worst_uncertainty_stratified_mhz
694,250.0,3,31.641289094495626,-31.641289094495626,31.641289094495626,0.09324307625454033,0.12436612895565102,0.21760920521019134,25.36616626756115,17.152209240105503,0.0,1.4253857583844045,3.86061429977417,44.020946718579324,5.502796232700348,worst_uncertainty_stratified_mhz
1065,250.0,3,29.93957365584548,-29.93957365584548,29.93957365584548,0.13126191118724453,0.2512678264330965,0.38252973762034104,25.202656520762368,12.3389116575123,0.0,1.5205670423447053,3.759599208831787,43.60457974800354,8.618750035762787,worst_uncertainty_stratified_mhz
1129,250.0,3,28.967025868256105,-28.967025868256105,28.967025868256105,0.10576955278800466,0.08574170337825436,0.19151125616625903,23.16777284857552,15.912716048213285,0.0,0.6635775981401428,2.4395124912261963,42.56887800964456,5.31847956776619,worst_uncertainty_stratified_mhz
588,250.0,3,28.439954475576222,-28.439954475576222,28.439954475576222,0.0526124166213243,0.0480244562685565,0.1006368728898808,22.451057968551844,16.738671841878055,0.0,0.2615953260385986,1.586731195449829,42.79219408957666,4.301704704761505,worst_uncertainty_stratified_mhz
11,250.0,3,28.276378268674872,-28.276378268674872,28.276378268674872,0.1911465817253738,0.23221437274620066,0.42336095447157446,23.90117024644229,11.183125974156738,0.0,1.844637967708806,3.769423484802246,40.343641072664724,8.993823885917664,worst_uncertainty_stratified_mhz
688,250.0,3,28.213498232304552,-28.213498232304552,28.213498232304552,0.08691148451270407,0.03775464820650651,0.12466613271921058,22.10186141457506,17.046265950197387,0.0,0.10434837800358476,1.2028319835662842,42.79219408957666,3.886757344007492,worst_uncertainty_stratified_mhz
149,250.0,3,28.193156596552413,-28.193156596552413,28.193156596552413,0.13585891684400223,0.07354964365698986,0.2094085605009921,23.227158658441596,13.507793038904579,0.0,0.6633949318246408,2.8139657974243164,42.31356165580959,7.055088400840759,worst_uncertainty_stratified_mhz
1060,250.0,3,28.014162828382354,-28.014162828382354,28.014162828382354,0.07620798639777235,0.059030734493591364,0.1352387208913637,22.697840920089916,14.73304453295322,0.0,0.33586373882542375,2.045651912689209,42.67830244983978,5.909402847290039,worst_uncertainty_stratified_mhz
349,250.0,3,27.945668094849616,-27.945668094849616,27.945668094849616,0.6167941807853533,0.1310814635232317,0.747875644308585,23.232109510966335,11.262312215995314,0.0,0.7102148160419688,2.6971912384033203,42.34659815144541,8.825021982192993,worst_uncertainty_stratified_mhz
101,250.0,3,27.738190144659782,-27.738190144659782,27.738190144659782,0.13080828736465497,0.172333327666839,0.30314161503149395,23.050418487737073,12.462904459271233,0.0,0.49290944229261413,2.322824001312256,42.79219408957666,7.761687517166138,worst_uncertainty_stratified_mhz
1551,250.0,3,27.70122419485112,-27.70122419485112,27.70122419485112,0.0454848701196689,0.1663793406072742,0.2118642107269431,22.747541358446774,13.480050076064149,0.0,0.42832947205425853,2.0277223587036133,42.61070141408142,6.874355316162109,worst_uncertainty_stratified_mhz
654,250.0,3,27.513978775465986,-27.513978775465986,27.513978775465986,0.2531426239308213,0.2351194641396046,0.4882620880704259,22.957815354110362,11.552465374024711,0.0,0.6866453840683562,1.9549298286437988,42.587410111440214,8.442267179489136,worst_uncertainty_stratified_mhz
426,265.0,3,29.500457681796178,-29.500457681796178,29.500457681796178,1.2241484264492175,0.5056629208980786,1.729811347347296,25.63633489610242,6.022088949406417,0.0,2.0742910120460323,4.675589561462402,42.44849820665037,13.5461186170578,worst_uncertainty_stratified_mhz
757,265.0,3,29.233013518768715,-29.233013518768715,29.233013518768715,0.5440012905456507,0.45892647108971185,1.0029277616353625,26.542465453220156,4.744084810191929,0.0,2.444687271346865,5.403362274169922,42.79219408957666,14.37581741809845,worst_uncertainty_stratified_mhz
1116,265.0,3,28.459813111536988,-28.459813111536988,28.459813111536988,0.8265714654042706,0.4740507990820456,1.3006222644863161,25.051199521748707,5.939680056128587,0.0,2.4530397404328,4.56401252746582,40.632307035165994,13.453955292701721,worst_uncertainty_stratified_mhz
794,265.0,3,27.987759249454566,-27.987759249454566,27.987759249454566,0.1491979550753937,0.2677377922129205,0.4169357472883142,25.9152839117102,4.652194471363545,0.0,2.432997141519408,4.398632049560547,42.56594149082104,14.298858761787415,worst_uncertainty_stratified_mhz
1042,265.0,3,27.96406215979848,-27.96406215979848,27.96406215979848,0.06597845464884806,0.2477419897073027,0.31372044435615076,24.609852653868003,8.622445803854882,0.0,1.0580400534860814,2.9080371856689453,44.1955880150949,11.361831903457642,worst_uncertainty_stratified_mhz
1035,265.0,3,27.9454612889009,-27.9454612889009,27.9454612889009,1.0277149186632772,0.4357828958717468,1.4634978145350241,24.722788012912375,4.959131175839545,0.0,1.748164736727631,3.385507583618164,42.56373896875132,14.078014850616455,worst_uncertainty_stratified_mhz
47,265.0,3,27.65230197914218,-27.65230197914218,27.65230197914218,0.618513557517485,0.5087297555035112,1.1272433130209962,25.079284854786817,4.074679191800085,0.0,1.3268800076779712,4.20931339263916,43.29549630157853,14.665630102157593,worst_uncertainty_stratified_mhz
656,265.0,3,27.645646553583124,-27.645646553583124,27.645646553583124,0.7795054080456015,0.2594951090854172,1.0390005171310186,24.593641086702686,5.646882123295184,0.0,3.9306270138015407,5.7460126876831055,35.580015458119185,13.543622970581055,worst_uncertainty_stratified_mhz
177,265.0,3,27.37582119410141,-27.37582119410141,27.37582119410141,1.0638879656072844,0.2968362441521965,1.360724209759481,24.364599978713745,4.663778496690343,0.0,1.068332162646584,3.1709108352661133,43.42162479686821,14.217719078063965,worst_uncertainty_stratified_mhz
1255,265.0,3,27.278205741250506,-27.278205741250506,27.278205741250506,0.5230174277016332,0.26830230902453384,0.7913197367261671,24.23831316213794,6.365761766021796,0.0,1.1339908671054673,3.4164505004882812,42.79219408957666,12.950944423675537,worst_uncertainty_stratified_mhz
1145,265.0,3,26.876524212571773,-26.876524212571773,26.876524212571773,0.7641085495509925,0.561738775869681,1.3258473254206735,24.27362069309276,3.5921205726441245,0.0,1.3999499039052807,3.2269420623779297,42.52039951599703,14.92877721786499,worst_uncertainty_stratified_mhz
234,270.0,3,35.066918534179734,-35.066918534179734,35.066918534179734,0.13134783451823662,0.22234760356534652,0.35369543808358317,27.8794428654418,19.277458168241907,0.0,3.795453181948622,5.8304221630096436,42.33755720397671,5.619577616453171,worst_uncertainty_stratified_mhz
328,270.0,3,31.246222636243346,-31.246222636243346,31.246222636243346,0.11852593155625814,0.11533680945316836,0.2338627410094265,24.882272452902164,17.365895622935458,0.0,1.2891121428101222,3.736816883087158,43.449503737096926,5.456093847751617,worst_uncertainty_stratified_mhz
1159,270.0,3,30.487579630791654,-30.487579630791654,30.487579630791654,0.1037566184658224,0.042650670694495435,0.14640728916031784,23.92149319826359,18.206800969891695,0.0,0.665584893826292,2.5795178413391113,43.932298767535485,4.312127351760864,worst_uncertainty_stratified_mhz
916,270.0,3,30.24738178797966,-30.24738178797966,30.24738178797966,0.15224146373533595,0.10018242215969758,0.2524238858950335,24.4783872569257,15.627328891423218,0.0,1.4935016431501218,3.631291389465332,42.338479838085824,6.499708473682404,worst_uncertainty_stratified_mhz
447,270.0,3,29.323916196268975,-29.323916196268975,29.323916196268975,0.24060533714112595,0.2882988243305057,0.5289041614716317,23.442670269642832,15.11586050508656,0.0,2.605238515393662,3.849813938140869,37.82504957035747,6.530424654483795,worst_uncertainty_stratified_mhz
1476,270.0,3,29.270496322448174,-29.270496322448174,29.270496322448174,0.035328342278411994,0.050168632089107996,0.08549697436751999,23.160853182967113,17.074009253134733,0.0,0.8225544304828958,3.0910305976867676,41.58556690728167,4.69990074634552,worst_uncertainty_stratified_mhz
858,270.0,3,29.240169341733914,-29.240169341733914,29.240169341733914,0.14191009804639568,0.34361114526826414,0.48552124331465984,23.85766380585873,13.838001000111914,0.0,2.675473514605809,4.690201759338379,37.674178823167466,7.61721009016037,worst_uncertainty_stratified_mhz
1527,280.0,3,29.732868866402296,-29.732868866402296,29.732868866402296,0.012481144975176302,0.04099250980173534,0.05347365477691164,23.097723323562263,18.650419946261536,0.0,0.5804033249912512,2.356337547302246,42.67830244983978,3.525420516729355,worst_uncertainty_stratified_mhz
653,280.0,3,29.2381430332125,-29.2381430332125,29.2381430332125,0.020085570505075485,0.043094807351426304,0.0631803778565018,22.737290622016655,18.22781859699668,0.0,0.7109589824657689,2.726408004760742,41.32625527434103,3.638457775115967,worst_uncertainty_stratified_mhz
303,280.0,3,29.132289511077698,-29.132289511077698,29.132289511077698,0.05888753959928141,0.04082656599693031,0.09971410559621172,23.116613359738846,16.799897263028722,0.0,0.5150444416671283,2.4109437465667725,42.79219408957666,4.98406782746315,worst_uncertainty_stratified_mhz
503,280.0,3,28.632235638298184,-28.632235638298184,28.632235638298184,0.013018914569562676,0.048293503776527635,0.06131241834609031,22.793633730061426,16.3830822689274,0.0,0.7801795177579116,2.8650708198547363,41.16183760475229,5.110295593738556,worst_uncertainty_stratified_mhz
242,280.0,3,28.04323123887444,-28.04323123887444,28.04323123887444,0.06638301094762476,0.06934646261457096,0.13572947356219572,21.775599221626237,17.35818607345008,0.0,0.7264605816652043,2.5777130126953125,39.52056426722675,3.7688605189323425,worst_uncertainty_stratified_mhz
1325,280.0,3,27.80007866345725,-27.80007866345725,27.80007866345725,0.023533109838302157,0.07769093175669468,0.10122404159499684,21.71227427126226,16.9019471810622,0.0,1.3448357268680757,3.755364179611206,36.97951290917716,4.089173287153244,worst_uncertainty_stratified_mhz
636,300.0,3,29.294169793681696,-29.294169793681696,29.294169793681696,0.022750460680259713,0.032401928896674564,0.055152389576934274,22.684365679036894,18.594647979922843,0.0,0.4073957885988442,1.7617456912994385,42.79219408957666,3.4297505021095276,worst_uncertainty_stratified_mhz
392,300.0,3,28.080493486528116,-28.080493486528116,28.080493486528116,0.007310038860615109,0.012904021549521381,0.02021406041013649,21.635610896386485,18.265374684254002,0.0,0.13994979765366278,1.1906418800354004,41.80068031743024,2.942193776369095,worst_uncertainty_stratified_mhz
906,300.0,3,27.64063575370661,-27.64063575370661,27.64063575370661,0.03923755659944433,0.022569360503073,0.06180691710251733,21.120587946261377,18.349356391158327,0.0,0.13155049661417362,1.037569284439087,40.94050561485532,2.521112710237503,worst_uncertainty_stratified_mhz
810,300.0,3,27.140948796401315,-27.140948796401315,27.140948796401315,0.01731360082370151,0.02593029236726207,0.043243893190963584,21.070568361592926,17.138721184804403,0.0,0.16297642816952074,1.3032257556915283,40.51195811115528,3.5308354198932648,worst_uncertainty_stratified_mhz
1177,300.0,3,25.520415652404946,-25.520415652404946,25.520415652404946,0.03699857418357523,0.030391987088254326,0.06739056127182956,19.896592592246687,15.746029097825863,0.0,0.5186958661544798,2.267995834350586,36.48779761783383,3.9726867377758026,worst_uncertainty_stratified_mhz
1228,300.0,3,25.06661416046549,-25.06661416046549,25.06661416046549,0.032328468681242624,0.020791833060206277,0.0531203017414489,19.367930617642244,16.015014470431087,0.0,0.28341514538861645,1.3519153594970703,36.817115585010185,3.3018579483032227,worst_uncertainty_stratified_mhz
3173,120.0,4,51.261163495132955,-51.261163495132955,51.261163495132955,4.163836580395965,2.273567842112964,6.437404422508929,43.70471462525343,2.8260113782362817,0.0,17.631862748197342,9.353509664535522,42.79219408957666,8.07875970005989,worst_uncertainty_stratified_mhz
3041,120.0,4,47.88533151490664,-47.88533151490664,47.88533151490664,2.6196898770623984,2.2850565303356327,4.904746407398031,42.64274540709736,0.5690554228314006,0.0,22.009087638783853,14.635860919952393,26.63145461667462,8.457803010940552,worst_uncertainty_stratified_mhz
2516,120.0,4,47.80804543841262,-47.80804543841262,47.80804543841262,3.772151298408636,1.418643912360023,5.190795210768659,38.368045988813265,11.658329040570306,0.0,17.964635179483544,13.525016784667969,27.281804833991465,6.277762442827225,worst_uncertainty_stratified_mhz
2005,150.0,4,26.84324627744986,-26.84324627744986,26.84324627744986,0.01995219047628511,0.010926404164968791,0.0308785946412539,21.93598441369672,13.879831914308829,0.0,0.08249956392334123,0.9147756099700928,42.79219408957666,3.8936372101306915,worst_uncertainty_stratified_mhz
2670,150.0,4,26.71009034200061,-26.71009034200061,26.71009034200061,0.0055155449843723725,0.011301991222261679,0.01681753620663405,21.636681827914032,14.369419563314723,0.0,0.15119080414411812,1.0372545719146729,41.933727475625155,3.5615039467811584,worst_uncertainty_stratified_mhz
3153,150.0,4,26.320406182421774,-26.320406182421774,26.320406182421774,0.009164854054187195,0.008978660702707536,0.01814351475689473,20.978544051738403,15.127868369014081,0.0,0.11780280279401634,1.0891754627227783,40.632307035165994,2.9624360501766205,worst_uncertainty_stratified_mhz
3145,150.0,4,24.34624904275114,-24.34624904275114,24.34624904275114,0.04822144078624729,0.009089341942790957,0.057310782729038244,19.661119835745122,13.167143098094853,0.0,0.07380646347134245,0.9001247882843018,38.27450195626326,3.5157452821731567,worst_uncertainty_stratified_mhz
1757,155.0,4,26.350199104846457,-26.350199104846457,26.350199104846457,0.43822752915539837,0.04301236361822327,0.4812398927736216,22.651620681999443,9.147230147048093,0.0,0.17475447909504283,1.442957878112793,43.51077452769601,6.611162424087524,worst_uncertainty_stratified_mhz
2268,155.0,4,26.091418552799855,-26.091418552799855,26.091418552799855,0.021630170197822245,0.023035222819053215,0.04466539301687546,22.68572313442088,9.56907522802217,0.0,0.09011637891810764,0.9956254959106445,44.1955880150949,6.3312302231788635,worst_uncertainty_stratified_mhz
1841,155.0,4,25.57756129770594,-25.57756129770594,25.57756129770594,0.010223505750626626,0.021368530540742676,0.0315920362913693,22.035963795472163,9.989392189517815,0.0,0.10787383839135245,1.063985824584961,42.79219408957666,5.9855071902275085,worst_uncertainty_stratified_mhz
3044,155.0,4,25.391527502238187,-25.391527502238187,25.391527502238187,0.030292798776006973,0.026345258586676093,0.05663805736268307,21.836163410522552,9.968229191028213,0.0,0.05501678420651146,0.7700991630554199,42.79219408957666,5.955741345882416,worst_uncertainty_stratified_mhz
2214,155.0,4,24.581780016580282,-24.581780016580282,24.581780016580282,0.05441207780174045,0.03409271345611308,0.08850479125785353,21.219123032462605,9.319979919939525,0.0,0.089531665568515,0.8707785606384277,41.38840417314975,6.152088761329651,worst_uncertainty_stratified_mhz
2387,155.0,4,24.454285843362552,-24.454285843362552,24.454285843362552,0.22162759311576075,0.026121051895431038,0.2477486450111918,21.095569857503822,8.842030241348047,0.0,0.17350150875932613,1.211829662322998,40.632307035165994,6.40556937456131,worst_uncertainty_stratified_mhz
2250,155.0,4,24.438954106106834,-24.438954106106834,24.438954106106834,0.1350910622857125,0.0057823747458453515,0.14087343703155786,20.728832845636394,10.166362603197543,0.0,0.06113065633098458,0.7030973434448242,40.632307035165994,5.608568012714386,worst_uncertainty_stratified_mhz
2641,155.0,4,24.091267092712933,-24.091267092712933,24.091267092712933,0.0951376518127366,0.035835413461058015,0.13097306527379463,21.100277144795367,8.128147362092818,0.0,0.16759705351062948,1.3052196502685547,40.56014053230092,6.7487295269966125,worst_uncertainty_stratified_mhz
2540,170.0,4,27.417322809336735,-27.417322809336735,27.417322809336735,0.006567635973454656,0.010951725855600742,0.017519361829055398,22.5775856286397,13.717290990941063,0.0,0.1590166896665428,1.3488132953643799,43.48832458258193,4.710024267435074,worst_uncertainty_stratified_mhz
2166,170.0,4,27.322664832857935,-27.322664832857935,27.322664832857935,0.018009508781365324,0.01379004613787633,0.031799554919241656,22.074567345113245,14.837344069769337,0.0,0.13431029189443322,1.088320016860962,42.79219408957666,3.9445006251335144,worst_uncertainty_stratified_mhz
1740,170.0,4,24.09238070234347,-24.09238070234347,24.09238070234347,0.019166537887215822,0.024169466681311084,0.043336004568526904,19.994839130530604,11.523732024217521,0.0,0.18130670022001993,1.3525629043579102,38.27450195626326,5.093472599983215,worst_uncertainty_stratified_mhz
1952,180.0,4,28.126644198585915,-28.126644198585915,28.126644198585915,0.07324264074872432,0.016987345100259656,0.09022998584898398,22.902531566882836,14.607739863777574,0.0,0.15227257348791223,1.3049299716949463,44.1955880150949,4.607382088899612,worst_uncertainty_stratified_mhz
2895,180.0,4,26.574448341076064,-26.574448341076064,26.574448341076064,0.06681905781395589,0.021937193522805053,0.08875625133676095,21.404214736375124,14.458185832194438,0.0,0.12205109527296454,1.1759231090545654,41.38840417314975,4.1369002759456635,worst_uncertainty_stratified_mhz
2413,180.0,4,26.127031245526354,-26.127031245526354,26.127031245526354,0.018092628944836552,0.006905497492942137,0.02499812643777869,20.574826583240586,15.759224243467772,0.0,0.018586271758053385,0.48017358779907227,40.632307035165994,2.9693952798843384,worst_uncertainty_stratified_mhz
2225,180.0,4,24.173775524307672,-24.173775524307672,24.173775524307672,0.021122873694293883,0.019851581065219552,0.04097445475951343,19.641667264481537,12.782743826527204,0.0,0.0925651186710752,0.823702335357666,38.27450195626326,4.429000616073608,worst_uncertainty_stratified_mhz
2693,200.0,4,29.774488025481475,-29.774488025481475,29.774488025481475,0.11148033611141124,0.10073995096818955,0.21222028707960078,24.84302767774762,13.352309436853398,0.0,1.4083423475131234,4.077176570892334,42.79219408957666,6.459234654903412,worst_uncertainty_stratified_mhz
2089,200.0,4,29.43059935269472,-29.43059935269472,29.43059935269472,0.1447932314112199,0.05617037985819589,0.2009636112694158,23.85092628798672,15.225451986042067,0.0,1.0249949965629517,2.859668493270874,42.79219408957666,5.082303136587143,worst_uncertainty_stratified_mhz
3158,200.0,4,28.721043716360434,-28.721043716360434,28.721043716360434,0.020712699576519358,0.03899494499653353,0.05970764457305289,23.18340111019149,15.56817397442299,0.0,0.2822598726864589,1.6066944599151611,44.1955880150949,4.568343371152878,worst_uncertainty_stratified_mhz
2474,200.0,4,27.40411390328472,-27.40411390328472,27.40411390328472,0.03590721744625149,0.011538311731041162,0.04744552917729265,21.828222740148426,15.749257931096649,0.0,0.06299937547484191,0.7382526397705078,42.79219408957666,3.8721261620521545,worst_uncertainty_stratified_mhz
2844,200.0,4,26.111034416653673,-26.111034416653673,26.111034416653673,0.10486816619575605,0.012673911914053723,0.11754207810980977,20.567216680674054,15.45257332501981,0.0,0.06261052944938594,0.7196354866027832,40.28957681584655,3.4995950162410736,worst_uncertainty_stratified_mhz
1920,200.0,4,25.222632494531723,-25.222632494531723,25.222632494531723,0.02201751681260128,0.03686508944760501,0.05888260626020629,20.12380122145351,14.30943759441177,0.0,0.26037994188450053,1.4523406028747559,38.27450195626326,4.031175345182419,worst_uncertainty_stratified_mhz
1628,200.0,4,25.087457437248773,-25.087457437248773,25.087457437248773,0.11873924588964081,0.048603654939798596,0.16734290082943942,20.132216761711256,13.601892292897357,0.0,0.2473900236919313,1.4951515197753906,38.27450195626326,4.565582454204559,worst_uncertainty_stratified_mhz
1732,200.0,4,25.032112652811232,-25.032112652811232,25.032112652811232,0.02585739083067024,0.01961532259774683,0.045472713428417064,20.040872303801155,14.040389400032694,0.0,0.27823212043455214,1.7151048183441162,37.81017554838909,4.168943166732788,worst_uncertainty_stratified_mhz
2308,230.0,4,30.973830815863565,-30.973830815863565,30.973830815863565,0.0781298513369507,0.07244435179994746,0.15057420313689818,24.854298398311908,16.89942953320969,0.0,1.2061827438234047,3.1885859966278076,44.1076453123492,5.069731116294861,worst_uncertainty_stratified_mhz
2675,230.0,4,28.845968587198712,-28.845968587198712,28.845968587198712,0.08552958189134131,0.1493618237964662,0.23489140568780753,22.894578371688038,16.176884667006334,0.0,1.055845814278495,3.16512131690979,40.512343797909296,4.705802738666534,worst_uncertainty_stratified_mhz
2669,230.0,4,28.731744873993456,-28.731744873993456,28.731744873993456,0.026725797581288565,0.017625851062288457,0.04435164864357702,22.44850947117644,17.778050159180314,0.0,0.047029730536812586,0.6953141689300537,44.1076453123492,3.272678881883621,worst_uncertainty_stratified_mhz
1647,230.0,4,28.584238962102106,-28.584238962102106,28.584238962102106,0.01621461959632192,0.016199803558997836,0.032414423155319755,22.075591623388593,18.45149462995684,0.0,0.03547522385940738,0.5919082164764404,43.48832458258193,2.5858154296875,worst_uncertainty_stratified_mhz
2101,230.0,4,28.454279400548153,-28.454279400548153,28.454279400548153,0.08841595331645259,0.10935233853590262,0.19776829185235523,23.808180453423383,12.639823397581226,0.0,0.5185122314528847,2.471691131591797,44.1076453123492,7.380126416683197,worst_uncertainty_stratified_mhz
2001,230.0,4,28.402054078292668,-28.402054078292668,28.402054078292668,0.05582387112596824,0.06398443066054052,0.11980830178650875,22.809852912844466,15.546701269785048,0.0,0.3898225766208929,2.0478665828704834,42.79219408957666,5.027452737092972,worst_uncertainty_stratified_mhz
2722,230.0,4,28.324333091325002,-28.324333091325002,28.324333091325002,0.05806051751075286,0.07909921396157728,0.13715973147233013,22.83221540645081,15.212633448639624,0.0,0.41460148361317906,2.08467960357666,42.7505482420986,5.271567642688751,worst_uncertainty_stratified_mhz
3183,230.0,4,27.568534739832398,-27.568534739832398,27.568534739832398,0.031395522786326686,0.04609686133941313,0.07749238412573982,21.899175937913153,15.92860649311292,0.0,0.08378262847638496,0.838592529296875,42.79219408957666,4.293488144874573,worst_uncertainty_stratified_mhz
2279,250.0,4,29.213448837673678,-29.213448837673678,29.213448837673678,0.003176899501257119,0.008221394616389833,0.011398294117646953,22.356077154195702,19.416860980043975,0.0,0.19866673059648932,1.5226267576217651,42.79219408957666,2.225395679473877,worst_uncertainty_stratified_mhz
2181,250.0,4,28.741808377557117,-28.741808377557117,28.741808377557117,0.28236461658885126,0.20359739125811238,0.48596200784696364,24.379010661786868,10.99143012274901,0.0,1.2278614964327375,3.8059749603271484,42.49632337038111,9.285092949867249,worst_uncertainty_stratified_mhz
2716,250.0,4,28.62142086942259,-28.62142086942259,28.62142086942259,0.13792270880400045,0.13003203391955348,0.2679547427235539,23.829741497932268,12.83239761313051,0.0,1.0167892089925452,3.1959991455078125,42.42990543237163,7.784045159816742,worst_uncertainty_stratified_mhz
3028,250.0,4,28.48435171324165,-28.48435171324165,28.48435171324165,0.0670208105969396,0.04530312689583728,0.11232393749277687,22.483411620125935,16.74401535542814,0.0,0.23774279639186702,1.766930103302002,42.724407544166134,4.3209434151649475,worst_uncertainty_stratified_mhz
2026,250.0,4,28.399938874482384,-28.399938874482384,28.399938874482384,0.0032982108938226025,0.035418295186997115,0.03871650608081972,22.626347158254344,16.303124936136534,0.0,0.2905220918443092,1.8794560432434082,42.79219408957666,4.681838512420654,worst_uncertainty_stratified_mhz
1839,250.0,4,28.176957809584213,-28.176957809584213,28.176957809584213,0.10068878612758697,0.1007018052994244,0.20139059142701138,24.063887374326622,11.105620455005502,0.0,0.7957439442692333,2.7828941345214844,43.753392725593294,9.02415931224823,worst_uncertainty_stratified_mhz
2658,250.0,4,28.140723083593524,-28.140723083593524,28.140723083593524,0.07755171959094226,0.15463392287876943,0.23218564246971168,23.538630233676876,12.39241231242539,0.0,1.077663443804223,3.6274499893188477,41.29448359042646,7.97000390291214,worst_uncertainty_stratified_mhz
2620,250.0,4,28.09592370580158,-28.09592370580158,28.09592370580158,0.21997404329502435,0.06131588098954585,0.2812899242845702,23.06434731013571,13.497158597647728,0.0,0.5452758695954252,2.2459487915039062,42.79219408957666,7.024362027645111,worst_uncertainty_stratified_mhz
1671,250.0,4,27.786883772111292,-27.786883772111292,27.786883772111292,0.16851047140145478,0.06607372621661994,0.23458419761807472,22.751536390604663,13.62135650243915,0.0,0.8168510179783084,2.886523723602295,40.982847021650414,6.787633895874023,worst_uncertainty_stratified_mhz
2695,250.0,4,27.716348059466224,-27.716348059466224,27.716348059466224,0.23557555750072942,0.12454076381132255,0.36011632131205196,23.10020138420928,12.086261810629942,0.0,0.6956474248331688,2.2216978073120117,42.587410111440214,8.069815397262573,worst_uncertainty_stratified_mhz
2814,250.0,4,27.469999666757058,-27.469999666757058,27.469999666757058,0.33044737081365066,0.1474374026751158,0.47788477348876646,22.409820805662076,13.010994885436176,0.0,0.6685708031276789,2.188016414642334,41.29448359042646,7.186118483543396,worst_uncertainty_stratified_mhz
2213,250.0,4,27.44167691386393,-27.44167691386393,27.44167691386393,0.14708782722641825,0.13798371938972298,0.2850715466161412,22.447104245854092,13.326929298531802,0.0,1.546849955711295,3.784064769744873,38.01644381054072,6.897949576377869,worst_uncertainty_stratified_mhz
2344,265.0,4,30.893932279263293,-30.893932279263293,30.893932279263293,0.46017557790190566,0.38002738331040414,0.8402029612123099,27.5738527435751,6.984853050875147,0.0,3.3979996296034187,5.559512138366699,42.79219408957666,13.100275993347168,worst_uncertainty_stratified_mhz
3063,265.0,4,27.730747921815137,-27.730747921815137,27.730747921815137,0.36684878468261745,0.3842164084357525,0.75106519311837,25.539927513067735,4.045415278895767,0.0,1.9666993497301064,3.896636962890625,43.24981936378463,14.694031238555908,worst_uncertainty_stratified_mhz
2248,265.0,4,27.34482009537998,-27.34482009537998,27.34482009537998,0.4794199531343759,0.3255116002952161,0.804931553429592,25.010690876241046,4.306202454350907,0.0,1.6252823006911825,4.046409606933594,42.724407544166134,14.469478249549866,worst_uncertainty_stratified_mhz
2775,265.0,4,27.0511344832365,-27.0511344832365,27.0511344832365,0.8929037855910015,0.47312257892698983,1.3660263645179913,24.488426343477933,3.3569022645023683,0.0,1.7308149382642455,4.068909645080566,41.44631316534681,15.110785722732544,worst_uncertainty_stratified_mhz
2265,265.0,4,26.374457891062153,-26.374457891062153,26.374457891062153,0.16295420719884068,0.8710473760094198,1.0340015832082605,23.929383620995154,3.9601369432845486,0.0,2.1392177481727543,4.707542419433594,38.872789326211205,14.611595511436462,worst_uncertainty_stratified_mhz
2868,265.0,4,26.266442258013818,-26.266442258013818,26.266442258013818,0.5398288511037652,0.8745602318522273,1.4143890829559926,23.1189936746848,4.8754804263441285,0.0,2.1993326192144735,4.7745561599731445,37.064765950967505,13.916474223136902,worst_uncertainty_stratified_mhz
1723,265.0,4,26.24919131481318,-26.24919131481318,26.24919131481318,0.12092058336886417,0.15402638202041957,0.27494696538928376,23.699398114282058,6.446059218190817,0.0,0.9046637747244404,2.797274589538574,42.79219408957666,12.698428630828857,worst_uncertainty_stratified_mhz
2757,265.0,4,25.843345329832726,-25.843345329832726,25.843345329832726,0.4006895046007628,0.14914934598975682,0.5498388505905196,23.78004221296962,4.289109328388753,0.0,0.4933348600852554,2.377826690673828,44.1955880150949,14.303884148597717,worst_uncertainty_stratified_mhz
1679,265.0,4,25.808975023945074,-25.808975023945074,25.808975023945074,0.9301922549257827,0.5220773209847067,1.4522695759104893,23.32358542494894,2.919681810291643,0.0,0.4735826588208596,2.4119081497192383,43.288097382536925,15.318082928657532,worst_uncertainty_stratified_mhz
2936,265.0,4,25.307164285706598,-25.307164285706598,25.307164285706598,0.10147671058857537,0.10998025274866027,0.21145696333723563,22.44640265013707,7.541757231474419,0.0,0.201663732942734,1.6972837448120117,42.79219408957666,11.586338520050049,worst_uncertainty_stratified_mhz
2460,265.0,4,25.272331197675143,-25.272331197675143,25.272331197675143,0.38960364262430347,0.3328648525460109,0.7224684951703144,23.338990725082965,3.4171326040390158,0.0,0.7859205402460105,2.701099395751953,42.405040973921956,14.898955702781677,worst_uncertainty_stratified_mhz
1772,270.0,4,30.893275836619654,-30.893275836619654,30.893275836619654,0.08514701911184032,0.08815788180312875,0.17330490091496908,24.06765227793965,18.814854818949748,0.0,1.140237842452759,3.007899284362793,42.84692958661099,3.9773078560829163,worst_uncertainty_stratified_mhz
2819,270.0,4,30.56541533522741,-30.56541533522741,30.56541533522741,0.0256909383976769,0.24610594351478443,0.2717968819124613,24.31237865869583,16.889586576850654,0.0,2.4007894463196777,4.405740976333618,39.41743744841869,5.542889595031738,worst_uncertainty_stratified_mhz
1633,270.0,4,30.141212654779906,-30.141212654779906,30.141212654779906,0.08935747694820555,0.25244934034459154,0.3418068172927971,24.753916885982875,14.27751409179112,0.0,2.1647789213013056,4.629886627197266,40.54838930216587,7.606227278709412,worst_uncertainty_stratified_mhz
1928,270.0,4,29.439529564732965,-29.439529564732965,29.439529564732965,0.23314715430265934,0.2210011829926255,0.4541483372952848,23.97500918735124,14.165531778635083,0.0,2.4196444732343707,4.987778663635254,38.122950764598485,7.416293621063232,worst_uncertainty_stratified_mhz
1781,270.0,4,29.158688265520436,-29.158688265520436,29.158688265520436,0.029120594071542143,0.007102480849115196,0.036223074920657336,22.46226237128212,18.975794783231514,0.0,0.042752770396656814,0.6434311866760254,44.1955880150949,2.7680235505104065,worst_uncertainty_stratified_mhz
3175,270.0,4,29.040476914097347,-29.040476914097347,29.040476914097347,0.03957917363924073,0.0539272112840296,0.09350638492327033,22.52331676945571,18.209487220738758,0.0,0.48559761783261646,2.6870341300964355,41.38840417314975,3.4611742198467255,worst_uncertainty_stratified_mhz
2097,270.0,4,28.80126271446401,-28.80126271446401,28.80126271446401,0.08158454126611489,0.03833646790921192,0.1199210091753268,22.8417700328125,16.5826296820163,0.0,0.4901113692329453,2.025014877319336,42.67830244983978,4.909216940402985,worst_uncertainty_stratified_mhz
1713,280.0,4,31.077619672344255,-31.077619672344255,31.077619672344255,0.35827841771287555,0.11435627101093042,0.472634688723806,24.659731699139137,16.834159139337,0.0,1.6121744448686819,3.498349666595459,42.59676484194545,5.955777823925018,worst_uncertainty_stratified_mhz
1919,280.0,4,30.975249435397934,-30.975249435397934,30.975249435397934,0.06729628575610218,0.09800469530764289,0.16530098106374508,24.301190888189574,18.410896629169105,0.0,1.3551344103645055,3.5064210891723633,42.38569186647777,4.4811951816082,worst_uncertainty_stratified_mhz
2120,280.0,4,30.07396009181238,-30.07396009181238,30.07396009181238,0.026394408137011525,0.04166161728587649,0.06805602542288801,23.667784032315815,17.951444928128417,0.0,0.944565401615943,2.986161708831787,42.46027555256796,4.408508241176605,worst_uncertainty_stratified_mhz
2656,280.0,4,29.947780147210075,-29.947780147210075,29.947780147210075,0.10598843316849012,0.054947385219962945,0.16093581838845306,23.509865519053797,17.795725315705198,0.0,0.7564329067911011,2.7146711349487305,42.79219408957666,4.485468924045563,worst_uncertainty_stratified_mhz
1893,280.0,4,29.58452837462368,-29.58452837462368,29.58452837462368,0.017459594816078026,0.012950496305323042,0.03041009112140107,22.646135059100708,19.643343178618625,0.0,0.10129965922690243,0.89408278465271,44.1955880150949,2.4249153435230255,worst_uncertainty_stratified_mhz
2488,280.0,4,28.745193515495437,-28.745193515495437,28.745193515495437,0.0612933708352395,0.0895286839217635,0.150822054757003,23.377231719179857,14.806496799970052,0.0,0.8665035449511009,2.477728843688965,42.54372750476855,6.674592852592468,worst_uncertainty_stratified_mhz
1965,300.0,4,31.153096145417813,-31.153096145417813,31.153096145417813,0.04641156888886486,0.042507808322663335,0.08891937721152819,24.07132724830798,19.815029179078216,0.0,0.6097305693280353,2.7276053428649902,44.1955880150949,3.3897458612918854,worst_uncertainty_stratified_mhz
2498,300.0,4,29.981982117339925,-29.981982117339925,29.981982117339925,0.05067615349894425,0.027417729752103534,0.07809388325104778,23.543886856612318,18.05973857946128,0.0,0.4764036709646291,2.1962661743164062,43.93870019697897,4.413975834846497,worst_uncertainty_stratified_mhz
1996,300.0,4,28.498795595112785,-28.498795595112785,28.498795595112785,0.02148339912852402,0.011278616787677347,0.03276201591620137,21.934506312129738,18.575895191540177,0.0,0.12081460970352964,1.0524494647979736,42.57493394005444,2.9000178575515747,worst_uncertainty_stratified_mhz
2477,300.0,4,28.07014923808882,-28.07014923808882,28.07014923808882,0.003697292146056182,0.004731370608103169,0.008428662754159351,21.328020305818423,19.194145538351133,0.0,0.01409382365050127,0.4017132520675659,42.22613971226828,1.8844833821058273,worst_uncertainty_stratified_mhz
1734,300.0,4,27.769740248246535,-27.769740248246535,27.769740248246535,0.011686508740615512,0.009090767540572905,0.020777276281188417,21.33727962359268,18.231126353216684,0.0,0.11492983995387362,1.0411972999572754,41.403502267320334,2.752701163291931,worst_uncertainty_stratified_mhz
2560,300.0,4,27.52141765502836,-27.52141765502836,27.52141765502836,0.09047180404856102,0.01296588342747242,0.10343768747603344,21.23213615882229,17.591950985484353,0.0,0.14245618099528823,1.2108125686645508,40.96854738698945,3.29222771525383,worst_uncertainty_stratified_mhz
3396,120.0,5,69.68209225959225,-69.68209225959225,69.68209225959225,3.078693793955852,4.991765862044441,8.070459656000294,61.49334431532056,0.0,0.0,40.925692391914275,20.96145009994507,20.173853746867504,13.52060979604721,worst_uncertainty_stratified_mhz
3958,120.0,5,61.89950629696568,-61.89950629696568,61.89950629696568,1.8283779957007624,5.406486576441988,7.23486457214275,54.55423881633287,0.0,0.0,42.790279925492406,23.19719886779785,0.33071891388307384,14.812626004219055,worst_uncertainty_stratified_mhz
3437,120.0,5,59.76356690385326,-59.76356690385326,59.76356690385326,3.24855268432715,2.8994994676546577,6.148052151981808,53.55325174206698,0.0,0.0,41.31132030362094,23.98386287689209,0.5,25.807410836219788,worst_uncertainty_stratified_mhz
3525,150.0,5,28.667379581397935,-28.667379581397935,28.667379581397935,0.0391922242535284,0.08949009953978324,0.12868232379331163,22.737147667627653,16.45779293027228,0.0,0.24154282472383315,1.502885103225708,43.48832458258193,2.9734118580818176,worst_uncertainty_stratified_mhz
4578,150.0,5,26.346853699033073,-26.346853699033073,26.346853699033073,0.011686237348890863,0.004281347951471481,0.015967585300362346,20.77356734399364,15.8030082396043,0.0,0.07139972252117754,0.7720282077789307,40.632307035165994,2.5432919561862946,worst_uncertainty_stratified_mhz
3482,150.0,5,23.570320951308418,-23.570320951308418,23.570320951308418,0.007400841357575291,0.010073577138682385,0.017474418496257676,18.657094598575604,13.930984108184909,0.0,0.04591946550435466,0.6840569972991943,36.538293268843304,2.6910500526428223,worst_uncertainty_stratified_mhz
3351,150.0,5,23.427366628788477,-23.427366628788477,23.427366628788477,0.00861642543267503,0.013409233670695877,0.022025659103370905,19.05688244295245,12.351023782301846,0.0,0.14615379635428383,1.2831640243530273,36.538293268843304,3.733375310897827,worst_uncertainty_stratified_mhz
4326,155.0,5,26.441887213683525,-26.441887213683525,26.441887213683525,0.03619984268543446,0.03902502903929124,0.0752248717247257,22.754019267158878,10.262711082655413,0.0,0.24841027403230953,1.500443458557129,43.51077452769601,6.021105408668518,worst_uncertainty_stratified_mhz
4723,155.0,5,26.269783482305368,-26.269783482305368,26.269783482305368,0.041991867404703155,0.03651768262317297,0.07850955002787613,22.756817392736846,9.736830521111747,0.0,0.4446398730949994,1.8321609497070312,42.79219408957666,6.27509605884552,worst_uncertainty_stratified_mhz
4236,155.0,5,24.383149706561863,-24.383149706561863,24.383149706561863,0.059730614835046,0.06035958139346633,0.12009019622851233,20.964396429014435,9.380604363791484,0.0,0.14078946981156548,1.014906883239746,40.632307035165994,6.070897936820984,worst_uncertainty_stratified_mhz
4589,155.0,5,23.89771861860742,-23.89771861860742,23.89771861860742,0.034526242854662416,0.028165028066102205,0.06269127092076462,20.498114377514508,9.458063100791751,0.0,0.39498753535394826,1.9317517280578613,38.27450195626326,5.90879487991333,worst_uncertainty_stratified_mhz
3742,155.0,5,23.0388532702405,-23.0388532702405,23.0388532702405,0.2819255646178583,0.07223502971629685,0.35416059433415514,19.63790027182721,8.641363777818992,0.0,0.3073592097764468,1.9095940589904785,36.75148806511105,6.211044490337372,worst_uncertainty_stratified_mhz
3345,155.0,5,21.095335998096626,-21.095335998096626,21.095335998096626,0.15110378288500542,0.027059810106984734,0.17816359299199017,17.948265902890114,8.373662445799562,0.0,0.8072146104706803,2.782102584838867,31.5,5.891538143157959,worst_uncertainty_stratified_mhz
4585,155.0,5,20.614650468071257,-20.614650468071257,20.614650468071257,0.040695775547980685,0.029925206633832597,0.07062098218181329,17.99583011951437,7.226564514419887,0.0,0.24620497512765027,1.372647762298584,34.126602526474855,6.562745630741119,worst_uncertainty_stratified_mhz
3793,155.0,5,20.60004207096514,-20.60004207096514,20.60004207096514,0.030266445566914536,0.028214635554736973,0.05848108112165151,17.619547688926488,8.308730243924794,0.0,0.10475264627694614,1.04636812210083,33.983221963198254,5.797064960002899,worst_uncertainty_stratified_mhz
3801,170.0,5,25.962392680908394,-25.962392680908394,25.962392680908394,0.006792842183954202,0.005106040870594377,0.01189888305454858,20.64968724466288,15.102183016403103,0.0,0.03770609989787488,0.5916552543640137,40.632307035165994,3.227199912071228,worst_uncertainty_stratified_mhz
4685,170.0,5,20.788487569735725,-20.788487569735725,20.788487569735725,0.021647927219119987,0.025231785224638717,0.0468797124437587,16.602547463397514,11.74011926677247,0.0,0.181168374042044,1.3427581787109375,31.5,3.544786125421524,worst_uncertainty_stratified_mhz
3654,170.0,5,20.10034401637227,-20.10034401637227,20.10034401637227,0.008313933957034862,0.014616839664611588,0.02293077362164645,15.839703375308876,12.033716159519976,0.0,0.09058950148942468,0.9984838962554932,30.499743851383407,2.9041881263256073,worst_uncertainty_stratified_mhz
4371,180.0,5,28.305543971894494,-28.305543971894494,28.305543971894494,0.008552740887588327,0.005745662154946778,0.014298403042535105,22.652645383907682,16.054666151321523,0.0,0.08243938619452251,0.9448239803314209,44.1955880150949,3.6872929334640503,worst_uncertainty_stratified_mhz
3612,180.0,5,27.39765925952933,-27.39765925952933,27.39765925952933,0.014924815680510356,0.02866874375777586,0.04359355943828622,22.139048445482647,14.838842671060949,0.0,0.1285437421173503,1.2288153171539307,42.79219408957666,4.184070378541946,worst_uncertainty_stratified_mhz
3626,180.0,5,26.191951656841375,-26.191951656841375,26.191951656841375,0.019091384726330082,0.009500237935262345,0.028591622661592427,20.630315415523672,15.732088661563754,0.0,0.10496082966368814,1.0149829387664795,40.035726232953486,3.020638257265091,worst_uncertainty_stratified_mhz
4743,180.0,5,23.798329547101204,-23.798329547101204,23.798329547101204,0.018991230381578933,0.0048896390100304716,0.023880869391609404,18.629063125983922,14.659936273645828,0.0,0.02435416861608175,0.4579298496246338,36.75148806511105,2.707866847515106,worst_uncertainty_stratified_mhz
4753,200.0,5,28.968967474537287,-28.968967474537287,28.968967474537287,0.1033838167581555,0.07509307729377528,0.1784768940519308,23.892562768407416,13.870583419914675,0.0,1.0272693439155622,3.4968621730804443,42.23372467590326,5.862206131219864,worst_uncertainty_stratified_mhz
3657,200.0,5,28.20537369833819,-28.20537369833819,28.20537369833819,0.036749925511402395,0.04958419841950908,0.08633412393091147,23.095329539836776,14.257858372803787,0.0,0.5078419806746659,2.3827810287475586,42.79219408957666,5.324557363986969,worst_uncertainty_stratified_mhz
3239,200.0,5,28.049113254330248,-28.049113254330248,28.049113254330248,0.005280889023623884,0.021915583527664526,0.02719647255128841,22.331639023101967,16.16491784902551,0.0,0.24973308129520433,1.3716177940368652,42.79219408957666,3.837427496910095,worst_uncertainty_stratified_mhz
4300,200.0,5,28.020946686260793,-28.020946686260793,28.020946686260793,0.02928339208901551,0.017325159162349515,0.046608551251365024,22.38630597512303,15.879842684643474,0.0,0.23690564092124689,1.5066065788269043,42.79219408957666,4.044321238994598,worst_uncertainty_stratified_mhz
4553,200.0,5,27.988482573180804,-27.988482573180804,27.988482573180804,0.00633701796325905,0.011425720487768454,0.017762738451027504,21.857881186657202,17.401456625916907,0.0,0.0640552218859618,0.7954578399658203,42.79219408957666,2.833683431148529,worst_uncertainty_stratified_mhz
3900,200.0,5,27.957900103551026,-27.957900103551026,27.957900103551026,0.08095020801298665,0.017195048336238788,0.09814525634922544,22.077074342466762,16.454152958170305,0.0,0.11488063420339412,1.1321933269500732,42.79219408957666,3.571257382631302,worst_uncertainty_stratified_mhz
4142,200.0,5,27.56955407083552,-27.56955407083552,27.56955407083552,0.008911549057954913,0.013049089168134183,0.021960638226089096,21.9396946633209,15.970007641872986,0.0,0.0770951904777597,0.9330048561096191,42.79219408957666,3.7733580470085144,worst_uncertainty_stratified_mhz
4340,200.0,5,25.960489705551783,-25.960489705551783,25.960489705551783,0.013636991287120674,0.036386238550311194,0.05002322983743187,21.02344066638734,13.85228316346994,0.0,0.5403743873142437,2.6916306018829346,38.27450195626326,4.74544420838356,worst_uncertainty_stratified_mhz
3652,230.0,5,29.31505223241622,-29.31505223241622,29.31505223241622,0.020782262553014286,0.015567662012246459,0.03634992456526075,22.651189021941367,18.808841604618028,0.0,0.22792991268012486,1.3581936359405518,43.48832458258193,2.6870428323745728,worst_uncertainty_stratified_mhz
4570,230.0,5,28.07998910534702,-28.07998910534702,28.07998910534702,0.1648061830429362,0.08993968626836207,0.2547458693112983,22.223388589966646,15.887877520722926,0.0,0.5680792934851944,2.0630807876586914,41.24753780530421,4.584890186786652,worst_uncertainty_stratified_mhz
3859,230.0,5,28.00480102321548,-28.00480102321548,28.00480102321548,0.0563873493514738,0.027848111967661227,0.08423546131913502,21.813725647642055,17.342394712390657,0.0,0.23278919465024828,1.7734687328338623,41.38840417314975,3.2598602175712585,worst_uncertainty_stratified_mhz
4609,230.0,5,27.908928609824365,-27.908928609824365,27.908928609824365,0.07589078321413141,0.12569164565548288,0.2015824288696143,22.645436383357687,14.369306560510276,0.0,0.5721504249413805,2.7581677436828613,41.38840417314975,5.791334688663483,worst_uncertainty_stratified_mhz
3435,230.0,5,27.365482385845738,-27.365482385845738,27.365482385845738,0.027983689633257317,0.02379213993694219,0.05177582957019951,21.498242966075104,16.493513128430745,0.0,0.3950229630289641,1.6935176849365234,40.512922321155756,3.676864981651306,worst_uncertainty_stratified_mhz
3834,230.0,5,27.130350534152456,-27.130350534152456,27.130350534152456,0.16760652940549517,0.2139701202812782,0.3815766496867734,21.84220732581331,13.883171166418506,0.0,1.2391101183089717,3.4545388221740723,37.7516555928346,5.864052891731262,worst_uncertainty_stratified_mhz
3921,230.0,5,26.91492272874484,-26.91492272874484,26.91492272874484,0.13257526315118556,0.05969401845076044,0.192269281601946,20.477023874814503,17.62269650938088,0.0,0.530828933043547,1.7710785865783691,38.12131129696354,2.3446374237537384,worst_uncertainty_stratified_mhz
4318,230.0,5,26.862658037753874,-26.862658037753874,26.862658037753874,0.059229816424556415,0.02830947302404104,0.08753928944859746,20.80145524704792,17.001559924974107,0.0,0.07248425128499036,0.8256349563598633,40.632307035165994,2.911524534225464,worst_uncertainty_stratified_mhz
4607,250.0,5,28.66039112024974,-28.66039112024974,28.66039112024974,0.004667716538023339,0.006534895664798155,0.011202612202821493,21.93198677820802,19.116362668684904,0.0,0.052285726088221685,0.8279523849487305,42.93144971929087,2.159230276942253,worst_uncertainty_stratified_mhz
3565,250.0,5,28.56518330544221,-28.56518330544221,28.56518330544221,0.33931723437513406,0.17979007481682027,0.5191073091919544,24.032077430502653,11.378715304868962,0.0,1.2618567745469669,2.9774365425109863,42.563004769400386,8.929951965808868,worst_uncertainty_stratified_mhz
4127,250.0,5,28.20203886893088,-28.20203886893088,28.20203886893088,0.025094374754186077,0.017191269121645415,0.04228564387583149,22.28660100246495,16.75935637732742,0.0,0.015005572798358457,0.34760284423828125,44.1955880150949,4.151046872138977,worst_uncertainty_stratified_mhz
4140,250.0,5,27.927682434820312,-27.927682434820312,27.927682434820312,0.009043442328354653,0.0026611110848768146,0.011704553413231468,21.57273291791093,18.092537621316676,0.0,0.013714325232888847,0.32584309577941895,42.79219408957666,2.6966560184955597,worst_uncertainty_stratified_mhz
3621,250.0,5,27.313117239541334,-27.313117239541334,27.313117239541334,0.20616344507530796,0.2584004741994726,0.4645639192747806,22.63497835214924,11.946812128250714,0.0,1.0714708646365487,3.058713912963867,40.068301062061515,8.0389524102211,worst_uncertainty_stratified_mhz
4148,250.0,5,25.85576184918364,-25.85576184918364,25.85576184918364,0.09797420873213274,0.2641640965267661,0.36213830525889884,20.9609346085897,12.753910239047231,0.0,3.415304492864877,5.059246063232422,30.032014168217223,6.713327527046204,worst_uncertainty_stratified_mhz
4125,250.0,5,25.661598699234986,-25.661598699234986,25.661598699234986,0.08701922472769859,0.06099310983527646,0.14801233456297505,21.298110143021205,11.959336117950038,0.0,0.7664561105097185,2.8388476371765137,38.22446042784646,7.367188036441803,worst_uncertainty_stratified_mhz
4754,250.0,5,25.62148375667834,-25.62148375667834,25.62148375667834,0.0022875752381802832,0.003078191217741981,0.0053657664559222645,19.432580819805036,17.590922087587305,0.0,0.0292473164201128,0.5321650505065918,38.27450195626326,1.6004309803247452,worst_uncertainty_stratified_mhz
3968,250.0,5,25.405046833439133,-25.405046833439133,25.405046833439133,0.028968189317080267,0.07882419164218096,0.10779238095926123,19.61719904754495,16.00605211031981,0.0,0.9875355225353687,3.1327245235443115,34.126602526474855,3.1876582950353622,worst_uncertainty_stratified_mhz
4288,250.0,5,24.593525620736568,-24.593525620736568,24.593525620736568,0.2930543440986295,0.13481536322435075,0.42786970732298024,19.485482319791863,13.250653825555025,0.0,0.8994880567261703,3.1582045555114746,34.01378397061991,5.5861639976501465,worst_uncertainty_stratified_mhz
4237,250.0,5,24.351446241734457,-24.351446241734457,24.351446241734457,0.04786944994857226,0.01882121075039114,0.0666906606989634,18.83890927089582,15.49701557741199,0.0,0.0696173457697995,0.7870957851409912,36.75148806511105,3.013255476951599,worst_uncertainty_stratified_mhz
4638,250.0,5,24.053486150210485,-24.053486150210485,24.053486150210485,0.006580022120477917,0.005023358680417932,0.01160338080089585,18.231493441271045,16.520206581698805,0.0,0.03257582579184071,0.6209659576416016,35.776869273316805,1.593456119298935,worst_uncertainty_stratified_mhz
4641,265.0,5,29.891980862910245,-29.891980862910245,29.891980862910245,0.7718084882613719,0.5397937849673674,1.3116022732287393,26.643487576006475,5.424278906117843,0.0,4.621862054794917,6.381101608276367,37.66214943414675,13.998837232589722,worst_uncertainty_stratified_mhz
3946,265.0,5,28.427770274561514,-28.427770274561514,28.427770274561514,0.7369056123563543,0.4267374952838234,1.1636431076401776,24.925559006535494,6.589945790042464,0.0,2.7766565614341374,6.072526931762695,38.22527795844002,12.982853770256042,worst_uncertainty_stratified_mhz
4383,265.0,5,28.391450126076595,-28.391450126076595,28.391450126076595,0.7690632618454898,0.3907773296759224,1.1598405915214123,25.733167973971074,4.207144031824567,0.0,2.3107386711135263,4.326663970947266,42.51819463476783,14.649614930152893,worst_uncertainty_stratified_mhz
3901,265.0,5,26.82494843174582,-26.82494843174582,26.82494843174582,0.8191027744241933,0.32218413779247057,1.141286912216664,23.663064853136532,5.722726547048301,0.0,0.8889134550035465,2.9845638275146484,42.56373896875132,13.360192060470581,worst_uncertainty_stratified_mhz
3755,265.0,5,26.594675077877028,-26.594675077877028,26.594675077877028,0.05117604743877144,0.07228998349744481,0.12346603093621625,23.17944898027642,9.36747630173929,0.0,0.29822773426461424,1.566854476928711,44.1955880150949,10.387417435646057,worst_uncertainty_stratified_mhz
3730,265.0,5,26.279585520728013,-26.279585520728013,26.279585520728013,0.10264257486154915,0.14131487863972103,0.24395745350127018,23.111492187950002,8.305909920095225,0.0,0.5839025284155781,2.2629852294921875,42.79219408957666,11.19290030002594,worst_uncertainty_stratified_mhz
3873,265.0,5,26.264973936207927,-26.264973936207927,26.264973936207927,0.920911613624127,0.29661070055320693,1.217522314177334,23.781052519545167,3.571135576548469,0.0,0.9652628877872615,3.4706153869628906,42.16096387655292,14.88454020023346,worst_uncertainty_stratified_mhz
3538,265.0,5,26.25507620096813,-26.25507620096813,26.25507620096813,0.2108688383961763,0.2618449739574807,0.47271381235365695,23.252194846663585,7.134134704109601,0.0,2.606400705305475,5.514719009399414,35.776869273316805,12.14942717552185,worst_uncertainty_stratified_mhz
4602,265.0,5,25.871754916538073,-25.871754916538073,25.871754916538073,0.41241898752038414,0.14642420507889367,0.5588431925992778,24.354614358502314,2.6904793970360728,0.0,1.0615839067115758,3.264948844909668,43.32111205867181,15.489449501037598,worst_uncertainty_stratified_mhz
4423,265.0,5,25.558423142676972,-25.558423142676972,25.558423142676972,0.5985845784907023,0.3467997757855194,0.9453843542762217,23.73304518910891,2.4641579864553833,0.0,1.2024250676934116,3.4939002990722656,41.56733994375873,15.630807876586914,worst_uncertainty_stratified_mhz
3767,265.0,5,25.292213671654082,-25.292213671654082,25.292213671654082,0.6566772336901971,0.6709925679517202,1.3276698016419175,22.965546338422097,2.8193968701609844,0.0,0.5618556971423914,2.5494308471679688,42.25795043539144,15.349194049835205,worst_uncertainty_stratified_mhz
3678,270.0,5,31.093822663820777,-31.093822663820777,31.093822663820777,0.09625824053938371,0.20073821601456548,0.2969964565539492,25.65735402694565,14.547562844787874,0.0,2.199885522237082,5.008232593536377,41.90670441588076,7.7532429695129395,worst_uncertainty_stratified_mhz
4741,270.0,5,30.8906739883587,-30.8906739883587,30.8906739883587,0.15170711921636473,0.2532913791370569,0.4049984983534216,25.60088852745236,13.842923311862192,0.0,1.7201430039396541,4.936994552612305,42.824496494413104,8.245829820632935,worst_uncertainty_stratified_mhz
3450,270.0,5,30.642275141282802,-30.642275141282802,30.642275141282802,0.2891584974539665,0.2186392438682388,0.5077977413222052,25.90584632048893,11.982027301804962,0.0,1.8082425543585714,4.265042781829834,43.93016475043088,9.626649618148804,worst_uncertainty_stratified_mhz
4004,270.0,5,30.263913022219832,-30.263913022219832,30.263913022219832,0.10594642379877817,0.14818458979087473,0.2541310135896529,23.829582147094396,17.479191734396437,0.0,1.4751278643730181,3.9451072216033936,40.76380134383936,4.859534561634064,worst_uncertainty_stratified_mhz
3409,270.0,5,29.214089096533634,-29.214089096533634,29.214089096533634,0.272171437857931,0.1804246675431599,0.4525961054010909,23.580149726346352,14.711804790847731,0.0,0.7768111255733032,2.3879384994506836,43.218738702095415,6.840464472770691,worst_uncertainty_stratified_mhz
4006,270.0,5,28.807284837745502,-28.807284837745502,28.807284837745502,0.14638638766480486,0.08625745115717554,0.2326438388219804,23.697997962594872,13.863897768017656,0.0,0.518419450568885,2.687441349029541,43.67171567502243,7.414009213447571,worst_uncertainty_stratified_mhz
4635,270.0,5,28.759609040052762,-28.759609040052762,28.759609040052762,0.4218276290984973,0.48431527762482823,0.9061429067233255,22.83578154441716,14.129128880965112,0.0,4.307649034785456,6.324054718017578,30.732210301245825,7.15789258480072,worst_uncertainty_stratified_mhz
3353,280.0,5,31.518581114152187,-31.518581114152187,31.518581114152187,0.2028997961695513,0.17695994873411863,0.3798597449036699,25.188448891248076,16.83938390363155,0.0,1.935940033741982,4.056519508361816,42.44849820665037,6.157847106456757,worst_uncertainty_stratified_mhz
3483,280.0,5,31.323378664155474,-31.323378664155474,31.323378664155474,0.0031776138750575053,0.07339005979115386,0.07656767366621137,24.281976986866304,19.659677119630164,0.0,1.3927106921623356,3.7134788036346436,42.065053785773294,3.5145135521888733,worst_uncertainty_stratified_mhz
3420,280.0,5,29.561847496040567,-29.561847496040567,29.561847496040567,0.13640291885882636,0.06519513025721901,0.20159804911604537,22.978565420879733,18.099135005459594,0.0,0.5554338073566347,2.400709867477417,42.44555335956878,3.965340942144394,worst_uncertainty_stratified_mhz
4040,280.0,5,29.526464999593856,-29.526464999593856,29.526464999593856,0.052382244775687085,0.08869185303301115,0.14107409780869823,22.917452778100248,18.272608673965298,0.0,1.1977173165149537,3.8519492149353027,39.587521708235286,3.772497057914734,worst_uncertainty_stratified_mhz
3311,280.0,5,29.0689776737255,-29.0689776737255,29.0689776737255,0.06521614364592988,0.05057342958626172,0.1157895732321916,22.781221839403372,17.492235180608976,0.0,0.7198959679873838,2.7436866760253906,41.378965066806586,4.269320726394653,worst_uncertainty_stratified_mhz
4538,280.0,5,28.92381706214784,-28.92381706214784,28.92381706214784,0.03592444486564685,0.14745643695826605,0.1833808818239129,23.13619789795669,15.832868315055858,0.0,2.117583250766586,4.554316520690918,37.48291277368929,5.799021244049072,worst_uncertainty_stratified_mhz
4134,300.0,5,31.246913558140037,-31.246913558140037,31.246913558140037,0.06622059485272393,0.14644378013971732,0.21266437499244123,24.68796340942591,17.96556319443328,0.0,1.4862862501906509,4.2127525806427,42.19060173782782,5.224380761384964,worst_uncertainty_stratified_mhz
3496,300.0,5,28.454320120875387,-28.454320120875387,28.454320120875387,0.005678660361377798,0.006996063015880783,0.01267472337725858,21.72154768780424,19.1297827634864,0.0,0.04944024891953447,0.552020788192749,42.79219408957666,2.2529175877571106,worst_uncertainty_stratified_mhz
4291,300.0,5,27.93236895404187,-27.93236895404187,27.93236895404187,0.012902998431671475,0.030867807539926018,0.04377080597159749,21.635025382399007,17.769116444326226,0.0,0.21695458179562976,1.440187692642212,41.39595390856454,3.386828124523163,worst_uncertainty_stratified_mhz
4068,300.0,5,26.96103596081909,-26.96103596081909,26.96103596081909,0.08723937571570244,0.02302508755656115,0.11026446327226358,20.893752848705457,16.96127160462215,0.0,0.08794122593583253,0.718660831451416,40.89296241408783,3.60351425409317,worst_uncertainty_stratified_mhz
3999,300.0,5,26.201543118562046,-26.201543118562046,26.201543118562046,0.031183525491268196,0.011684957417952672,0.042868482909220865,20.071514496715785,17.29683737664373,0.0,0.123248887058522,1.02052640914917,38.876004810165355,2.638257175683975,worst_uncertainty_stratified_mhz
3212,300.0,5,25.81112178158888,-25.81112178158888,25.81112178158888,0.12733565306572595,0.08647346638722783,0.21380911945295378,20.442329550097394,14.608799939007428,0.0,0.8453306319753686,3.417128562927246,35.776869273316805,5.485381186008453,worst_uncertainty_stratified_mhz
5759,120.0,6,44.33560614638732,-44.33560614638732,44.33560614638732,2.565775657803829,3.4828603442151733,6.048636002019002,38.20428384922633,0.0,0.0,30.139423505293223,16.12972068786621,0.0,16.598695039749146,worst_uncertainty_stratified_mhz
5365,120.0,6,36.8875195571584,-36.8875195571584,36.8875195571584,2.3369385497157733,1.9656545040058293,4.302593053721603,32.51439679848703,0.0,0.0,20.833539707018513,15.134472846984863,8.227241335952167,16.17891800403595,worst_uncertainty_stratified_mhz
5019,120.0,6,33.85215194429783,-33.85215194429783,33.85215194429783,0.4948300731318284,0.5653097905140588,1.0601398636458872,31.138813904213222,4.503533208972108,0.0,5.141376475492677,7.799286842346191,44.1955880150949,7.3655619621276855,worst_uncertainty_stratified_mhz
5396,150.0,6,77.42074621862955,-77.42074621862955,77.42074621862955,8.714115637798065,4.141754305882881,12.855869943680947,63.275561567852016,3.2203867131503086,0.0,43.05965514429113,19.59089756011963,20.84091528700215,10.11532187461853,worst_uncertainty_stratified_mhz
6306,150.0,6,60.586007359293816,-60.586007359293816,60.586007359293816,7.312142212282162,3.6158359892786587,10.927978201560821,48.96477823734235,1.5433234382195626,0.0,39.701154682233394,18.19652819633484,0.33071891388307384,10.289664894342422,worst_uncertainty_stratified_mhz
5239,150.0,6,44.01076079181385,-44.01076079181385,44.01076079181385,1.0572678598608458,1.1172623637505266,2.1745302236113724,38.795100447998784,8.389417797062618,0.0,12.419296877413098,11.550310134887695,41.201297006283674,8.404014766216278,worst_uncertainty_stratified_mhz
6013,150.0,6,42.787285561182564,-42.787285561182564,42.787285561182564,3.733359744543391,1.7071373430165964,5.440497087559987,33.059519009206824,11.9055003982173,0.0,12.366978005979586,9.885082006454468,31.5,7.305436789989471,worst_uncertainty_stratified_mhz
6055,155.0,6,72.44306305668212,-72.44306305668212,72.44306305668212,0.28243769714654643,3.95762588969156,4.240063586838106,68.05818904620051,0.0,0.0,57.742223433863465,20.301212310791016,0.33071891388307384,13.118583261966705,worst_uncertainty_stratified_mhz
5950,155.0,6,43.51423412156374,-43.51423412156374,43.51423412156374,6.309832222305985,1.9704711969807758,8.280303419286762,35.1343899142273,0.0,0.0,26.898903406811527,16.470973014831543,0.0,13.025854468345642,worst_uncertainty_stratified_mhz
6101,155.0,6,37.92869065618498,-37.92869065618498,37.92869065618498,1.6424397139386153,1.2508886937778148,2.89332840771643,32.305181065043385,7.4943730384584715,0.0,13.618373530511715,10.093814849853516,27.279800219209818,8.610094964504242,worst_uncertainty_stratified_mhz
6279,155.0,6,36.09153584060924,-36.09153584060924,36.09153584060924,0.7666332928039562,1.1274627970561204,1.8940960898600765,34.11161538084902,0.0,0.0,15.73368512212141,10.550541400909424,26.205319116545787,11.554325878620148,worst_uncertainty_stratified_mhz
5493,155.0,6,34.18486573837955,-34.18486573837955,34.18486573837955,1.4101889731104482,1.535377620088321,2.945566593198769,28.152375634198542,8.557282491687038,0.0,8.495997574662567,7.936262130737305,31.376493988334644,7.93143105506897,worst_uncertainty_stratified_mhz
6022,155.0,6,33.95422082674546,-33.95422082674546,33.95422082674546,3.422949688895146,1.8818172518353122,5.304766940730458,28.564881611121073,0.0,0.0,21.54949407602586,13.53077507019043,0.5,13.722414553165436,worst_uncertainty_stratified_mhz
5355,155.0,6,33.34916563521843,-33.34916563521843,33.34916563521843,1.1594430685673935,1.224000628045573,2.3834436966129666,30.618688377251864,0.7423511496146911,0.0,13.893542942794534,12.614999294281006,20.83529157463365,10.685059487819672,worst_uncertainty_stratified_mhz
5113,155.0,6,33.00897372050109,-33.00897372050109,33.00897372050109,2.007072986064212,0.8250524791091347,2.8321254651733465,28.53007927879254,4.463401701545325,0.0,10.067957894359065,9.642437934875488,27.281804833991465,9.378887712955475,worst_uncertainty_stratified_mhz
5235,170.0,6,28.36993143789142,-28.36993143789142,28.36993143789142,0.08222467367572524,0.12044226552890447,0.2026669392046297,22.29460222489106,16.58406311726329,0.0,0.7501192276136999,2.456658959388733,40.632307035165994,3.1729627698659897,worst_uncertainty_stratified_mhz
6063,170.0,6,27.77994689708025,-27.77994689708025,27.77994689708025,0.017599035586233075,0.009997984770846787,0.027597020357079862,21.99338560682713,16.378993014984268,0.0,0.10495109675254355,0.9846749305725098,42.79219408957666,3.0775266885757446,worst_uncertainty_stratified_mhz
4812,170.0,6,26.320001115614595,-26.320001115614595,26.320001115614595,0.0034533012650154395,0.004853713317643628,0.008307014582659068,20.526073137130933,16.484599303801886,0.0,0.023005205575199028,0.4459953308105469,40.56014053230092,2.3682578206062317,worst_uncertainty_stratified_mhz
5897,180.0,6,28.428735643597193,-28.428735643597193,28.428735643597193,0.008025340675823084,0.0055420502306809455,0.01356739090650403,22.14094435212999,17.866840147110562,0.0,0.04169609186776935,0.7101719379425049,43.48832458258193,2.450764387845993,worst_uncertainty_stratified_mhz
6327,180.0,6,28.268172449044762,-28.268172449044762,28.268172449044762,0.0072918975812372,0.020499507671059975,0.027791405252297174,22.615202589160116,15.987229340400562,0.0,0.1945627464088835,1.3529551029205322,43.48832458258193,3.7193901240825653,worst_uncertainty_stratified_mhz
6258,180.0,6,28.20794477258139,-28.20794477258139,28.20794477258139,0.05173955329690504,0.023851475366774722,0.07559102866367977,22.34212382263145,16.47101693987186,0.0,0.11605762070358239,0.9638078212738037,43.48832458258193,3.3565106987953186,worst_uncertainty_stratified_mhz
6179,180.0,6,28.163706964178097,-28.163706964178097,28.163706964178097,0.02363249113758596,0.05579363167428698,0.07942612281187293,22.718419249617156,15.185810433467802,0.0,0.7397354054323131,2.663451671600342,41.293916016769344,4.230344176292419,worst_uncertainty_stratified_mhz
5343,200.0,6,28.540047898043344,-28.540047898043344,28.540047898043344,0.12692401167275588,0.06473358457120754,0.19165759624396342,23.43864550750874,13.931847886494232,0.0,0.5817577199256583,2.2254509925842285,43.48832458258193,5.675409734249115,worst_uncertainty_stratified_mhz
4830,200.0,6,28.365616501048127,-28.365616501048127,28.365616501048127,0.01566231025848582,0.005903186479241362,0.02156549673772718,22.138240250902157,17.67441759679912,0.0,0.049109640671982646,0.689936637878418,43.48832458258193,2.803079903125763,worst_uncertainty_stratified_mhz
5024,200.0,6,27.840408196823176,-27.840408196823176,27.840408196823176,0.009239663008215944,0.03996961417877294,0.049209277186988885,22.250929348202554,15.750491962962611,0.0,0.20137823809134758,1.306908130645752,42.79219408957666,4.065166652202606,worst_uncertainty_stratified_mhz
4861,200.0,6,27.043246889176473,-27.043246889176473,27.043246889176473,0.08867296225317545,0.017420092442752923,0.10609305469592836,21.69715384739059,14.938519292231533,0.0,0.04016536507174351,0.5217828750610352,42.79219408957666,4.34990668296814,worst_uncertainty_stratified_mhz
5711,200.0,6,26.29634689281151,-26.29634689281151,26.29634689281151,0.010175683069941469,0.018226946808326268,0.028402629878267735,20.728784280939294,15.758759892005632,0.0,0.09906388633095276,1.1371667385101318,40.12227405070655,3.3349993228912354,worst_uncertainty_stratified_mhz
5948,200.0,6,26.06963560119773,-26.06963560119773,26.06963560119773,0.11057776945310298,0.06138959039234967,0.17196735984545264,20.951721940642404,14.014396489149158,0.0,0.5819706477982498,2.465000629425049,38.27450195626326,4.662161320447922,worst_uncertainty_stratified_mhz
5834,200.0,6,25.32229056031791,-25.32229056031791,25.32229056031791,0.021244171751559893,0.006243678610352655,0.02748785036191255,19.757268147947368,15.745335954576586,0.0,0.091274141174992,1.0574860572814941,38.27450195626326,2.832305431365967,worst_uncertainty_stratified_mhz
5230,200.0,6,24.86579933522955,-24.86579933522955,24.86579933522955,0.033223988362585506,0.022613173149712507,0.05583716151229801,19.451842764942356,15.2274413741887,0.0,0.12051637111779367,1.3114898204803467,37.351162967168776,3.0436222851276398,worst_uncertainty_stratified_mhz
6245,230.0,6,30.16700379220483,-30.16700379220483,30.16700379220483,0.07805900164487639,0.08045792817631638,0.15851692982119275,24.143807788890847,16.580950948969654,0.0,1.4894770111277893,3.3937551975250244,41.91490635800109,4.973578214645386,worst_uncertainty_stratified_mhz
5439,230.0,6,29.674554808582027,-29.674554808582027,29.674554808582027,0.09971797005909529,0.11304725428943146,0.21276522434852674,23.32405181215315,17.333908184294305,0.0,1.3758015092887552,3.3105578422546387,40.58594276347415,4.137671738862991,worst_uncertainty_stratified_mhz
5350,230.0,6,29.584856748458076,-29.584856748458076,29.584856748458076,0.019718875115691963,0.02505249906607676,0.04477137418176873,22.96243179893441,18.68652530320571,0.0,0.1937165849126563,1.3418424129486084,44.1955880150949,2.944445878267288,worst_uncertainty_stratified_mhz
5513,230.0,6,29.58400153902293,-29.58400153902293,29.58400153902293,0.13098158751544758,0.0696048724223295,0.20058645993777707,23.228369631752823,17.450408364323067,0.0,0.5742129661072539,2.5161192417144775,42.79219408957666,3.9964563846588135,worst_uncertainty_stratified_mhz
5715,230.0,6,29.366135452215474,-29.366135452215474,29.366135452215474,0.1633451563892462,0.04051422788321712,0.20385938427246333,23.02656770169434,17.392733567094645,0.0,0.5773245813123671,2.441154718399048,42.457331522364896,3.936752885580063,worst_uncertainty_stratified_mhz
4904,230.0,6,29.16979504593959,-29.16979504593959,29.16979504593959,0.04843453260927483,0.07817915421006623,0.12661368681934104,22.908176788891712,17.43394061530213,0.0,0.25387196923468647,1.797835111618042,43.51077452769601,3.8026542961597443,worst_uncertainty_stratified_mhz
6373,230.0,6,29.14838381097609,-29.14838381097609,29.14838381097609,0.1339318017464272,0.06976821581067881,0.20370001755710598,23.301269553760903,15.988558455266176,0.0,0.8994869813504129,3.0971882343292236,41.706376910491755,5.000196486711502,worst_uncertainty_stratified_mhz
4929,230.0,6,28.544148720056096,-28.544148720056096,28.544148720056096,0.012785783001206542,0.009519691505833547,0.02230547450704009,21.896931139738236,18.845838186620703,0.0,0.06458036846751525,0.8725074529647827,42.79219408957666,2.200708046555519,worst_uncertainty_stratified_mhz
5310,250.0,6,38.52769976940554,-38.52769976940554,38.52769976940554,0.3007444439216826,0.4390274104445034,0.739771854366186,31.645474635691144,17.275540720450792,0.0,8.934844464137099,8.32173204421997,37.09952829888812,7.783032089471817,worst_uncertainty_stratified_mhz
4956,250.0,6,30.655761055586442,-30.655761055586442,30.655761055586442,0.03388816300515333,0.21842411666591183,0.2523122796710652,23.542665338551128,19.25139922309855,0.0,2.5382766837499906,4.041686296463013,37.96709101313926,3.2436453998088837,worst_uncertainty_stratified_mhz
5991,250.0,6,29.910968850824585,-29.910968850824585,29.910968850824585,0.09067349917236972,0.028477069832158215,0.11915056900452793,23.056004019342776,19.13371648977311,0.0,0.20797409661130573,1.500471830368042,44.1955880150949,2.922333776950836,worst_uncertainty_stratified_mhz
5462,250.0,6,28.83275192347475,-28.83275192347475,28.83275192347475,0.02611151646814702,0.024958107930559022,0.05106962439870604,21.95052547746234,19.398510588732336,0.0,0.11058769056280204,0.8876814842224121,42.79219408957666,1.9947355538606644,worst_uncertainty_stratified_mhz
5673,250.0,6,28.811203678441732,-28.811203678441732,28.811203678441732,0.12384135761531338,0.21422834599680574,0.33806970361211913,24.743032164230346,10.558350126770586,0.0,1.7868385299508667,3.7345643043518066,42.17782296420715,9.636354386806488,worst_uncertainty_stratified_mhz
5098,250.0,6,28.433783844887113,-28.433783844887113,28.433783844887113,0.16323723657909955,0.012014390423944817,0.17525162700304436,21.596817231454523,18.992993625452264,0.0,0.014591212705315604,0.37225794792175293,42.79219408957666,2.13157756626606,worst_uncertainty_stratified_mhz
5437,250.0,6,28.197758019063603,-28.197758019063603,28.197758019063603,0.10900580018673711,0.03858389384221331,0.14758969402895042,21.89867470343424,17.443567190494452,0.0,0.4188120411249576,2.040024995803833,40.91970032881473,3.498515635728836,worst_uncertainty_stratified_mhz
4846,250.0,6,28.077683213212634,-28.077683213212634,28.077683213212634,0.12347959366373436,0.0384920503533816,0.16197164401711595,22.05750696444605,16.66938290376636,0.0,0.15890855588275699,1.153322696685791,42.64387412044079,4.16621607542038,worst_uncertainty_stratified_mhz
5894,250.0,6,28.06563006836506,-28.06563006836506,28.06563006836506,0.056422117009171775,0.02781984439428696,0.08424196140345874,22.10441142685276,16.73185058961604,0.0,0.11671157978781732,1.1832056045532227,42.79219408957666,4.1004272401332855,worst_uncertainty_stratified_mhz
5642,250.0,6,27.709781195284247,-27.709781195284247,27.709781195284247,0.004740012674746257,0.0017603486742540403,0.006500361349000297,21.18301301114063,18.58531337648331,0.0,0.016023936681018647,0.4002506732940674,41.933727475625155,2.0538767278194427,worst_uncertainty_stratified_mhz
5969,250.0,6,27.322675632226904,-27.322675632226904,27.322675632226904,0.021187406674932772,0.009570731879295698,0.03075813855422847,20.75412251732331,18.5887952041651,0.0,0.050953955051136424,0.7740300893783569,40.632307035165994,1.7792688757181168,worst_uncertainty_stratified_mhz
5515,250.0,6,27.226408939212824,-27.226408939212824,27.226408939212824,0.10082221932319264,0.091612352705785,0.19243457202897762,22.139620810871833,13.859628337935568,0.0,1.2112570978030952,3.6322669982910156,38.22446042784646,6.327502191066742,worst_uncertainty_stratified_mhz
5251,265.0,6,29.55088467570086,-29.55088467570086,29.55088467570086,0.48656500280713705,0.29102746001741364,0.7775924628245507,26.386064618768582,6.735662282284143,0.0,2.4155981434382596,5.148738861083984,42.79219408957666,13.062513947486877,worst_uncertainty_stratified_mhz
5387,265.0,6,27.59705859352776,-27.59705859352776,27.59705859352776,0.4061023068877349,0.31263406757547113,0.718736374463206,24.931105428957267,5.493056345580996,0.0,1.8105737970596323,3.6773242950439453,42.56373896875132,13.648434519767761,worst_uncertainty_stratified_mhz
5116,265.0,6,27.312542734753904,-27.312542734753904,27.312542734753904,0.3226119839873877,0.43730968167756107,0.7599216656649488,24.93489731126378,4.566741072789114,0.0,1.2233840621774874,3.492861747741699,43.93016475043088,14.279656767845154,worst_uncertainty_stratified_mhz
5989,265.0,6,27.235253266935814,-27.235253266935814,27.235253266935814,0.09716465527834932,0.18723989409709796,0.2844045493754473,24.29859600619326,7.511519782935154,0.0,1.2553718099156725,3.2942543029785156,42.79219408957666,12.062831282615662,worst_uncertainty_stratified_mhz
5377,265.0,6,27.125698158967825,-27.125698158967825,27.125698158967825,0.9614893496810574,0.2043975132334845,1.1658868629145418,22.99702880110876,8.4162599105579,0.0,0.5988982786282122,2.8625335693359375,41.933727475625155,11.319720268249512,worst_uncertainty_stratified_mhz
5357,265.0,6,26.62808759082272,-26.62808759082272,26.62808759082272,0.43913528438523813,0.3281128860850539,0.767248170470292,24.555929288387638,3.6697257550593294,0.0,1.4835054965129615,3.6229782104492188,42.521869373300134,14.84913456439972,worst_uncertainty_stratified_mhz
5987,265.0,6,25.475342864553877,-25.475342864553877,25.475342864553877,0.45710789442438743,0.5678406508608829,1.0249485452852702,23.698039426078275,2.0916360674264034,0.0,1.663042237298896,4.286989212036133,39.783005165522624,15.895533084869385,worst_uncertainty_stratified_mhz
5366,265.0,6,24.520576750926733,-24.520576750926733,24.520576750926733,0.07118715580261102,0.04333359986142722,0.11452075566403824,21.34016224623999,8.699591527350623,0.0,0.7555169054452904,2.7955121994018555,38.37377848218755,10.32961630821228,worst_uncertainty_stratified_mhz
5411,265.0,6,24.38029137309661,-24.38029137309661,24.38029137309661,0.31331226659419525,0.15544271881358032,0.4687549854077756,22.05875778918026,5.237260593374269,0.0,1.107570100690964,3.627873420715332,38.27450195626326,13.330175876617432,worst_uncertainty_stratified_mhz
5728,265.0,6,24.294312562196748,-24.294312562196748,24.294312562196748,0.16659949159289814,0.18943445036012468,0.35603394195302285,21.67070387700891,6.423071915094691,0.0,0.9210953775577622,3.009770393371582,38.489446605530716,12.30459177494049,worst_uncertainty_stratified_mhz
5108,265.0,6,24.029517755063498,-24.029517755063498,24.029517755063498,1.6230152075756712,0.521932369576123,2.144947577151794,20.63250558930359,3.493608135974572,0.0,2.9699643620406135,5.306338310241699,30.018744144284252,14.703549981117249,worst_uncertainty_stratified_mhz
4822,270.0,6,33.058987261984754,-33.058987261984754,33.058987261984754,0.056695915913892975,0.18427948980849387,0.24097540572238685,25.935262653670524,19.41937587470477,0.0,2.4867061880394594,4.849706649780273,42.047406281481855,4.58582216501236,worst_uncertainty_stratified_mhz
4832,270.0,6,31.836992499298397,-31.836992499298397,31.836992499298397,0.08388617507468721,0.173025010940917,0.2569111860156042,25.525476970375717,17.14627294170332,0.0,1.5992612933457897,4.363927125930786,43.48850422812907,5.919524103403091,worst_uncertainty_stratified_mhz
5212,270.0,6,31.776837841123697,-31.776837841123697,31.776837841123697,0.017249366694532243,0.19083827714198484,0.2080876438365171,24.578194751224927,19.700413701823333,0.0,1.9563798904220693,4.602863550186157,40.64076617141956,3.6649642884731293,worst_uncertainty_stratified_mhz
5512,270.0,6,30.65787067766159,-30.65787067766159,30.65787067766159,0.14492533464641724,0.23375286134827267,0.3786781959946899,26.119690469774834,11.780392000810233,0.0,2.02636746512675,4.942607402801514,43.244038606494655,9.78628295660019,worst_uncertainty_stratified_mhz
5324,270.0,6,29.495434177883133,-29.495434177883133,29.495434177883133,0.14117506830054985,0.13200591439890041,0.27318098269945024,24.460401139224015,13.498928177878172,0.0,1.4222578025462553,3.7385449409484863,42.33774173240703,8.00882625579834,worst_uncertainty_stratified_mhz
5401,270.0,6,29.13012685622549,-29.13012685622549,29.13012685622549,0.8090428555363721,0.6158607367022882,1.4249035922386604,22.98296861745611,13.268922978623925,0.0,6.349253579608355,7.562372207641602,25.705057868053906,8.062590539455414,worst_uncertainty_stratified_mhz
5331,270.0,6,28.82013854269981,-28.82013854269981,28.82013854269981,0.041965147587448494,0.08393974077413474,0.12590488836158323,21.740059433873864,19.48574790324561,0.0,1.1652480323875443,3.5638874769210815,37.585735326051555,2.011491507291794,worst_uncertainty_stratified_mhz
5800,280.0,6,29.243010969620265,-29.243010969620265,29.243010969620265,0.04975209318695761,0.03625242183824487,0.08600451502520248,23.062897302232987,17.299734699177236,0.0,0.5115057199004047,2.310589075088501,42.79219408957666,4.560967177152634,worst_uncertainty_stratified_mhz
5887,280.0,6,28.885642011207207,-28.885642011207207,28.885642011207207,0.07186273899028227,0.049666964815928485,0.12152970380621075,22.534619372043895,17.696354658804726,0.0,0.32004398138459234,1.6369566917419434,42.79219408957666,3.9540341198444366,worst_uncertainty_stratified_mhz
5600,280.0,6,28.86773607987208,-28.86773607987208,28.86773607987208,0.05170090677108107,0.06406740669098858,0.11576831346206964,22.168257788624228,18.593698762259393,0.0,0.8439359382122253,2.7675704956054688,39.881073205218534,3.0252746045589447,worst_uncertainty_stratified_mhz
6038,280.0,6,28.480535859536,-28.480535859536,28.480535859536,0.08507869618463539,0.10382804066812855,0.18890673685276393,22.121365158851592,17.435044493310656,0.0,1.1644998496858738,2.6448259353637695,39.268904682967666,3.967446595430374,worst_uncertainty_stratified_mhz
5778,280.0,6,28.400868372543137,-28.400868372543137,28.400868372543137,0.10430624590020719,0.11736533909112266,0.22167158499132986,23.15391228655168,14.258859476423817,0.0,0.9488287422150279,2.476625919342041,41.933541169331264,7.021157264709473,worst_uncertainty_stratified_mhz
6328,280.0,6,28.253205533118756,-28.253205533118756,28.253205533118756,0.06645385663416253,0.05544102287730908,0.12189487951147161,22.04909110280365,17.236786673918274,0.0,0.6321531070451236,2.4590694904327393,40.374806501084315,4.028235971927643,worst_uncertainty_stratified_mhz
6157,300.0,6,30.20917762586699,-30.20917762586699,30.20917762586699,0.09607683744161423,0.12477735507000975,0.22085419251162397,24.031875599705895,16.86439854663248,0.0,1.5154274051329821,4.0224175453186035,41.01047884382722,5.708889007568359,worst_uncertainty_stratified_mhz
5981,300.0,6,28.937874442641103,-28.937874442641103,28.937874442641103,0.03643823655303375,0.029849385554236073,0.06628762210726982,22.280229467544462,18.732241483724497,0.0,0.1819098370780301,1.4044451713562012,42.79219408957666,3.0401656329631805,worst_uncertainty_stratified_mhz
5803,300.0,6,28.740155310737457,-28.740155310737457,28.740155310737457,0.009992285191324673,0.02833592046515336,0.038328205656478036,22.235401745737473,18.394079728879145,0.0,0.13871494707541387,1.1057085990905762,43.08766499823354,3.267349362373352,worst_uncertainty_stratified_mhz
6195,300.0,6,28.57298758448564,-28.57298758448564,28.57298758448564,0.05935725795836475,0.02214218232375189,0.08149944028211664,22.18713596036834,17.89943571833955,0.0,0.3398239795399114,1.8948781490325928,41.799745812624266,3.6848856806755066,worst_uncertainty_stratified_mhz
5732,300.0,6,28.32594952786097,-28.32594952786097,28.32594952786097,0.017794077462757466,0.019143907230151795,0.036937984692909265,21.95550346205118,18.03679440892869,0.0,0.07724274958401622,0.964327335357666,42.79219408957666,3.367974877357483,worst_uncertainty_stratified_mhz
5990,300.0,6,28.25508713653372,-28.25508713653372,28.25508713653372,0.1502044929044773,0.04918122141002261,0.19938571431449992,22.343022401365214,16.24105255539818,0.0,0.35061902149354207,1.966395616531372,42.01841114321197,5.228875070810318,worst_uncertainty_stratified_mhz
7937,120.0,7,45.97904080579058,-45.97904080579058,45.97904080579058,0.6531650964322909,3.90852528049503,4.561690376927321,41.34889601719512,0.0,0.0,21.54402670782082,12.833174705505371,26.776563913243237,16.951260805130005,worst_uncertainty_stratified_mhz
7096,120.0,7,29.95985601038542,-29.95985601038542,29.95985601038542,3.8505816434965108,1.6278445705633076,5.4784262140598186,24.44524550646007,0.0,0.0,8.945044784602587,10.54045581817627,20.459945625538694,20.663848757743835,worst_uncertainty_stratified_mhz
7630,120.0,7,29.931305546243134,-29.931305546243134,29.931305546243134,3.087707292727687,1.3251896097766704,4.412896902504357,25.458227642690858,0.0,0.0,18.12269545427533,14.671064376831055,0.0,17.684467911720276,worst_uncertainty_stratified_mhz
7855,150.0,7,105.78860903334842,-105.78860903334842,105.78860903334842,5.053407793166816,6.89489824665831,11.948306039825127,93.71233216781326,0.0,0.0,66.01520984090291,21.82016611099243,33.574078542828246,15.87270849943161,worst_uncertainty_stratified_mhz
7039,150.0,7,74.64908412542034,-74.64908412542034,74.64908412542034,3.3334661255189437,3.991620832669074,7.325086958188018,67.21795817370224,0.0,0.0,42.68858036685684,20.073037147521973,28.98571846616882,15.403885006904602,worst_uncertainty_stratified_mhz
6839,150.0,7,55.08201232646599,-55.08201232646599,55.08201232646599,3.4388808246705502,1.954189564435287,5.393070389105837,49.59492537617968,0.0,0.0,30.336957339711034,17.725313186645508,20.79062288629179,14.646088600158691,worst_uncertainty_stratified_mhz
6460,150.0,7,51.42043672048265,-51.42043672048265,51.42043672048265,1.1965441967760395,1.9222712688139556,3.118815465589995,48.188517596380315,0.0,0.0,26.216240135557996,17.703485012054443,26.241069909590195,11.31744933128357,worst_uncertainty_stratified_mhz
6781,155.0,7,137.51242077243202,-137.51242077243202,137.51242077243202,12.305242786382912,6.774616025903767,19.07985881228668,118.33600116727027,0.0,0.0,99.34618767826257,33.74620342254639,4.233423555469025,25.805649161338806,worst_uncertainty_stratified_mhz
6683,155.0,7,131.39231932771824,-131.39231932771824,131.39231932771824,6.603776682621441,7.855127744786969,14.45890442740841,116.82443403028756,0.0,0.0,85.08445949483016,34.45652103424072,29.023428036674098,21.159960865974426,worst_uncertainty_stratified_mhz
7269,155.0,7,106.19673702545037,-106.19673702545037,106.19673702545037,30.731556428309982,4.5335902789243585,35.265146707234344,70.85582338754773,0.0,0.0,55.81277651242857,26.149089813232422,3.9370039370059056,24.65057921409607,worst_uncertainty_stratified_mhz
7669,155.0,7,104.08638380625823,-104.08638380625823,104.08638380625823,15.501565163858038,4.862854733157538,20.364419897015576,83.60611966677692,0.0,0.0,58.60348137743106,22.352293014526367,27.652983564165368,16.520655035972595,worst_uncertainty_stratified_mhz
7200,155.0,7,70.9048804254615,-70.9048804254615,70.9048804254615,11.178220669959957,3.4614712195547788,14.639691889514737,56.187211905208606,0.0,0.0,44.7336783958537,20.551886558532715,2.3551804601770967,21.443360567092896,worst_uncertainty_stratified_mhz
6764,155.0,7,69.83844164581603,-69.83844164581603,69.83844164581603,10.784026561904698,3.3394695047445175,14.123496066649215,55.6338529350534,0.0,0.0,42.46379186521447,21.737133979797363,4.602988159880492,20.089444756507874,worst_uncertainty_stratified_mhz
7165,155.0,7,66.3271297655367,-66.3271297655367,66.3271297655367,3.6786919662950055,4.110660395085443,7.789352361380448,58.47203623626858,0.0,0.0,45.86502139871843,21.743168830871582,3.470860844228705,25.753923058509827,worst_uncertainty_stratified_mhz
7624,155.0,7,64.84916853586029,-64.84916853586029,64.84916853586029,2.01787594105762,2.8919127383714254,4.909788679429045,59.85721363353146,0.0,0.0,47.27333623066352,23.144453048706055,2.023301757029831,20.919669151306152,worst_uncertainty_stratified_mhz
7800,170.0,7,34.15415670170736,-34.15415670170736,34.15415670170736,0.6720262166775868,0.44036952773354704,1.1123957444111339,26.19231973018534,19.167033898784165,0.0,4.145821767414599,6.24316930770874,37.84982661783274,3.610686480998993,worst_uncertainty_stratified_mhz
7418,170.0,7,31.9562567055901,-31.9562567055901,31.9562567055901,0.48208125395713014,0.17495875510325232,0.6570400090603825,24.744619265260802,18.469273186134636,0.0,1.4203857525388166,3.8562729358673096,42.79219408957666,3.2976630330085754,worst_uncertainty_stratified_mhz
7273,170.0,7,30.867687667656,-30.867687667656,30.867687667656,0.513103077483671,0.8652320304892477,1.3783351079729187,24.4155359369862,14.096097698659294,0.0,9.38701668889972,9.221746921539307,20.83529157463365,5.463994145393372,worst_uncertainty_stratified_mhz
7923,180.0,7,25.19928795474121,-25.19928795474121,25.19928795474121,0.026280534117104643,0.013828154572143819,0.04010868868924846,20.16876182857258,14.164467407514547,0.0,0.24768736029813,1.5676469802856445,38.27450195626326,3.7870908975601196,worst_uncertainty_stratified_mhz
6991,180.0,7,24.318869300448505,-24.318869300448505,24.318869300448505,0.05169130690811884,0.01849553340315636,0.0701868403112752,18.895288319762024,15.190781505357839,0.0,0.13734378227945765,0.9775958061218262,36.538293268843304,2.5299905240535736,worst_uncertainty_stratified_mhz
7362,180.0,7,24.057127298714967,-24.057127298714967,24.057127298714967,0.005388908445125529,0.007294481853816908,0.012683390298942436,18.56439763509108,15.596574827491539,0.0,0.02993159368319076,0.5306388139724731,36.538293268843304,2.035853311419487,worst_uncertainty_stratified_mhz
6444,180.0,7,23.930034589286727,-23.930034589286727,23.930034589286727,0.01652933532811368,0.016686570821793586,0.03321590614990727,18.781954478377248,14.5423808200324,0.0,0.08300232675894037,0.8596110343933105,36.538293268843304,2.877453863620758,worst_uncertainty_stratified_mhz
7978,200.0,7,28.814125968245484,-28.814125968245484,28.814125968245484,0.13804694477849694,0.0572272586245939,0.19527420340309085,23.315156711264326,15.038502795505169,0.0,0.6438945788600341,2.6863772869110107,42.65614697789757,4.987872153520584,worst_uncertainty_stratified_mhz
7971,200.0,7,28.745368942640823,-28.745368942640823,28.745368942640823,0.02434971953172348,0.03226703446079669,0.05661675399252017,23.023578797518457,16.07545897304194,0.0,0.4249597133166736,2.4050440788269043,42.79219408957666,4.204354256391525,worst_uncertainty_stratified_mhz
7069,200.0,7,28.501382958983594,-28.501382958983594,28.501382958983594,0.005415235371442708,0.008534509963127055,0.013949745334569764,22.155574304854913,18.031317289147413,0.0,0.04674662450297262,0.7293307781219482,43.48832458258193,2.5865052938461304,worst_uncertainty_stratified_mhz
6544,200.0,7,27.91103122118666,-27.91103122118666,27.91103122118666,0.006853853203645049,0.008504104491799613,0.015357957695444662,21.72908829235136,17.566802773439296,0.0,0.0375342420622351,0.5909140110015869,42.79219408957666,2.6606453955173492,worst_uncertainty_stratified_mhz
7004,200.0,7,27.843911273411077,-27.843911273411077,27.843911273411077,0.07544541080632301,0.026752730782783892,0.10219814158910691,22.661557725996794,14.450259204308761,0.0,0.20763954974949783,1.397061824798584,43.51077452769601,5.048539817333221,worst_uncertainty_stratified_mhz
7718,200.0,7,25.832241770864755,-25.832241770864755,25.832241770864755,0.01226753137148309,0.015460644566351574,0.027728175937834665,20.084935912411545,16.26484934304251,0.0,0.08149403176162817,0.9582362174987793,39.04864754380105,2.6550150215625763,worst_uncertainty_stratified_mhz
7918,200.0,7,25.03540497692931,-25.03540497692931,25.03540497692931,0.02384195606567528,0.012750254532370157,0.03659221059804543,19.198745439825217,16.47429394544369,0.0,0.07439462526243523,0.8975386619567871,37.351162967168776,2.001748278737068,worst_uncertainty_stratified_mhz
7886,200.0,7,25.033323188775075,-25.033323188775075,25.033323188775075,0.008206949182948611,0.004684493483074826,0.012891442666023437,19.50486284522087,15.675952712669329,0.0,0.10038947570467016,0.9987711906433105,37.81017554838909,2.7327759861946106,worst_uncertainty_stratified_mhz
7412,230.0,7,31.496709611754078,-31.496709611754078,31.496709611754078,0.06561800611523849,0.10189783859856667,0.16751584471380515,24.875871080346624,18.213071232416606,0.0,1.8192072332302436,4.10607385635376,42.007253837879,4.281963020563126,worst_uncertainty_stratified_mhz
7531,230.0,7,30.238583070672394,-30.238583070672394,30.238583070672394,0.17308219086845944,0.22116645216342298,0.39424864303188245,24.265780211023937,15.777199410664306,0.0,1.6215991687387508,4.340605735778809,40.947756348791565,5.6311721205711365,worst_uncertainty_stratified_mhz
7810,230.0,7,30.050562134637904,-30.050562134637904,30.050562134637904,0.03321698970954939,0.024820708666811388,0.058037698376360775,23.089986938713363,19.517745578192397,0.0,0.5014908689616524,2.384798049926758,42.79219408957666,2.4821060597896576,worst_uncertainty_stratified_mhz
7015,230.0,7,29.498766510217795,-29.498766510217795,29.498766510217795,0.12415226649861721,0.1331009313631156,0.25725319786173284,24.037192085615626,14.70663083992322,0.0,1.9768564005122151,3.39847993850708,40.72219143169974,6.166651666164398,worst_uncertainty_stratified_mhz
7653,230.0,7,28.414788509557066,-28.414788509557066,28.414788509557066,0.0791043241595376,0.027309259545309748,0.10641358370484734,22.26461644308716,17.176657150633414,0.0,0.2151865688234258,1.3066656589508057,42.79219408957666,3.6321965754032135,worst_uncertainty_stratified_mhz
6651,230.0,7,28.40083080631356,-28.40083080631356,28.40083080631356,0.09756025884040813,0.12371103462537882,0.22127129346578694,23.395995418258806,13.56127280081296,0.0,0.9729509141666313,2.688831329345703,42.15725767883865,6.643450736999512,worst_uncertainty_stratified_mhz
7291,230.0,7,27.896550242920526,-27.896550242920526,27.896550242920526,0.05144725582003476,0.015332908033782617,0.06678016385381738,21.653112511987764,17.616558029453863,0.0,0.016403675588716027,0.48122358322143555,42.79219408957666,2.9477491974830627,worst_uncertainty_stratified_mhz
6935,230.0,7,27.496469032488275,-27.496469032488275,27.496469032488275,0.07396972102866214,0.057251962772172045,0.13122168380083418,21.750748815440044,15.932127645806315,0.0,0.42356358098971825,2.0942299365997314,40.56014053230092,4.253281056880951,worst_uncertainty_stratified_mhz
6639,250.0,7,29.5954179423782,-29.5954179423782,29.5954179423782,0.022087366167898245,0.09013238919041852,0.11221975535831677,22.814914100744357,18.9690624307103,0.0,0.11307100662616776,1.2080981731414795,44.1955880150949,2.887620270252228,worst_uncertainty_stratified_mhz
7887,250.0,7,28.80894011991696,-28.80894011991696,28.80894011991696,0.361305581739001,0.12601282693901827,0.4873184086780193,23.221663351800746,14.454838148946159,0.0,1.1256846371687992,3.541004180908203,40.65095324835569,6.506701052188873,worst_uncertainty_stratified_mhz
6438,250.0,7,28.77800125371302,-28.77800125371302,28.77800125371302,0.02614325308507498,0.08744885003660993,0.11359210312168491,22.61996235400201,17.10727427819317,0.0,0.8903958186254748,2.8989925384521484,40.56014053230092,4.145846307277679,worst_uncertainty_stratified_mhz
6727,250.0,7,28.741136444283974,-28.741136444283974,28.741136444283974,0.01100431363614044,0.01757298667412091,0.02857730031026135,22.248179131018073,18.36874725589984,0.0,0.1723134047035586,1.3595373630523682,42.79219408957666,2.9383100271224976,worst_uncertainty_stratified_mhz
6871,250.0,7,28.14681340938835,-28.14681340938835,28.14681340938835,0.029662649069477947,0.036509007768774124,0.06617165683825207,21.76867930959754,17.910278630978915,0.0,0.27355983601399814,1.601834774017334,41.38840417314975,3.015279710292816,worst_uncertainty_stratified_mhz
6786,250.0,7,28.104642184316127,-28.104642184316127,28.104642184316127,0.028813392970148538,0.01063712650142333,0.03945051947157187,21.843502294307463,17.725007302842812,0.0,0.05172887508370749,0.7913527488708496,42.79219408957666,3.170014202594757,worst_uncertainty_stratified_mhz
7135,250.0,7,27.49700303672751,-27.49700303672751,27.49700303672751,0.06618218959555729,0.08006581170538081,0.1462480013009381,22.095202898887013,14.885141145300054,0.0,1.0211695909026366,3.591695547103882,38.55637106886487,5.5216881930828094,worst_uncertainty_stratified_mhz
6527,250.0,7,27.39105528711598,-27.39105528711598,27.39105528711598,0.029894557864407992,0.011554554024257629,0.041449111888665624,20.687605170846822,18.921781454414017,0.0,0.05421600463177767,0.6344712972640991,40.632307035165994,1.4782765060663223,worst_uncertainty_stratified_mhz
7921,250.0,7,27.207604667592957,-27.207604667592957,27.207604667592957,0.06566682209854094,0.09460122410828935,0.16026804620683027,21.006923131350643,17.02687312317769,0.0,1.1454539778838173,3.2169456481933594,36.50599265874029,3.302946001291275,worst_uncertainty_stratified_mhz
6868,250.0,7,26.9149694953865,-26.9149694953865,26.9149694953865,0.09646588065054035,0.03908627352000502,0.13555215417054536,20.998784882230126,16.44126797682323,0.0,0.15086575939932967,1.254715919494629,40.44112232616696,3.7078482806682587,worst_uncertainty_stratified_mhz
7749,250.0,7,26.844304309921558,-26.844304309921558,26.844304309921558,0.08949975675903558,0.040008440740087234,0.12950819749912282,20.883507698270876,16.50388893506368,0.0,0.6261855214181145,2.683192491531372,37.83145186217415,3.6016654670238495,worst_uncertainty_stratified_mhz
6675,250.0,7,26.787661299205162,-26.787661299205162,26.787661299205162,0.017182410934810478,0.02400026443615554,0.04118267537096602,20.741035794129747,17.070423437690742,0.0,0.13561065124400784,0.9212734699249268,40.28957681584655,2.9895923137664795,worst_uncertainty_stratified_mhz
6702,265.0,7,29.828013137496193,-29.828013137496193,29.828013137496193,2.5924731671214114,0.13341204068114185,2.7258852078025533,23.242606190339455,10.968541551223506,0.0,0.679272340588966,2.3344736099243164,42.79219408957666,10.035212278366089,worst_uncertainty_stratified_mhz
7394,265.0,7,29.287253875060244,-29.287253875060244,29.287253875060244,2.206185700236866,0.8800046840219342,3.0861903842588,23.374100070966747,7.924881019775948,0.0,6.724621783145437,7.008511543273926,26.290445032368698,12.173432111740112,worst_uncertainty_stratified_mhz
7181,265.0,7,28.45931676504774,-28.45931676504774,28.45931676504774,0.6909897503060068,0.4361933498489752,1.1271831001549821,23.459669883214854,10.997564720250551,0.0,0.802327110887461,2.522491455078125,42.79219408957666,9.60415768623352,worst_uncertainty_stratified_mhz
7525,265.0,7,28.42503545643342,-28.42503545643342,28.42503545643342,0.9364222351812012,0.49598927155072803,1.4324115067319292,24.394032341622967,7.296904379247458,0.0,4.962566891636115,5.940911293029785,32.92201960694392,12.466022372245789,worst_uncertainty_stratified_mhz
7138,265.0,7,28.366841105672627,-28.366841105672627,28.366841105672627,0.20059696811041774,0.16091732176775853,0.36151428987817624,24.708653843305882,9.352382663538197,0.0,1.033951247349009,3.1538171768188477,44.1955880150949,10.891985297203064,worst_uncertainty_stratified_mhz
7827,265.0,7,28.18411883438128,-28.18411883438128,28.18411883438128,0.26111649275521787,0.6043928091462699,0.8655093019014878,23.85470436579626,9.739316461853566,0.0,5.402756128475843,7.671262741088867,29.23263373355196,10.537709832191467,worst_uncertainty_stratified_mhz
6672,265.0,7,27.32787272112189,-27.32787272112189,27.32787272112189,1.321021887020523,0.48371966766079916,1.8047415546813221,23.593115017748445,5.469883521389756,0.0,0.7189693484971116,2.914309501647949,42.83398183685472,13.626103520393372,worst_uncertainty_stratified_mhz
7675,265.0,7,27.070484989176265,-27.070484989176265,27.070484989176265,0.09392195154209866,0.08073582640581127,0.17465777794790993,24.054092485388693,8.068930427503515,0.0,0.665862209988461,2.5808725357055664,44.1955880150949,11.584988832473755,worst_uncertainty_stratified_mhz
6768,265.0,7,26.44942175562547,-26.44942175562547,26.44942175562547,1.4255796067452253,0.3813335361828553,1.8069131429280807,21.619316605488983,8.50829810699655,0.0,4.020804838200306,5.964389801025391,29.23263373355196,11.069207549095154,worst_uncertainty_stratified_mhz
7639,265.0,7,25.698114542075825,-25.698114542075825,25.698114542075825,1.3244121411756788,0.6849656066678455,2.009377747843524,21.878778295326327,5.053629659846055,0.0,5.091835911246321,6.294084548950195,27.279800219209818,13.696363091468811,worst_uncertainty_stratified_mhz
7671,265.0,7,25.421399499320806,-25.421399499320806,25.421399499320806,1.8872858970737625,0.5333636717804237,2.420649568854186,20.234610532910743,7.799367361251814,0.0,2.746897567413953,5.275099754333496,29.70032617666008,11.395347118377686,worst_uncertainty_stratified_mhz
7593,270.0,7,30.2268288011182,-30.2268288011182,30.2268288011182,0.2052691428618034,0.040134205968940004,0.24540334883074338,23.21321056407343,19.16423524625315,0.0,0.6268106704691823,2.380605697631836,42.79219408957666,3.2590173184871674,worst_uncertainty_stratified_mhz
7701,270.0,7,29.50489061754321,-29.50489061754321,29.50489061754321,0.25197305933070074,0.18172384467490438,0.4336969040056051,23.50910619995019,15.782197037299026,0.0,0.850625242170846,2.4299373626708984,42.88702455288779,6.017277896404266,worst_uncertainty_stratified_mhz
7413,270.0,7,27.844526128856522,-27.844526128856522,27.844526128856522,0.25793433839319463,0.14771051907262794,0.4056448574658226,22.616206093562145,13.65606487459708,0.0,1.5286577067710105,4.153104782104492,38.021991991477776,7.179547011852264,worst_uncertainty_stratified_mhz
7485,270.0,7,27.43851303641445,-27.43851303641445,27.43851303641445,0.0892985572716159,0.03566635334303632,0.12496491061465222,21.10055884412139,17.667772228543548,0.0,0.1209247260840689,1.1962335109710693,40.76303472510357,2.9702270925045013,worst_uncertainty_stratified_mhz
7001,270.0,7,27.141510104701776,-27.141510104701776,27.141510104701776,0.16804280246603764,0.16720293579953688,0.3352457382655745,22.351529557552926,12.663780695552214,0.0,0.4871038238217693,1.9408822059631348,41.78796926149918,7.78535795211792,worst_uncertainty_stratified_mhz
6491,270.0,7,27.055263537984327,-27.055263537984327,27.055263537984327,0.0026712837310694207,0.005277901929712423,0.007949185660781843,20.53326015682331,18.548867096302743,0.0,0.022914378931210955,0.46055102348327637,40.56014053230092,1.7240324914455414,worst_uncertainty_stratified_mhz
6402,270.0,7,25.77402484879658,-25.77402484879658,25.77402484879658,0.048033060594105746,0.017427589691560372,0.06546065028566611,19.849774019090294,16.651373245874943,0.0,0.128359017559311,1.168328046798706,38.27450195626326,2.9071533381938934,worst_uncertainty_stratified_mhz
6524,280.0,7,30.359057802283044,-30.359057802283044,30.359057802283044,0.40486296497317925,0.20197129434874023,0.6068342593219195,23.919333360914063,16.437179342940798,0.0,3.629628265107211,4.740360260009766,35.83904993160394,5.962756812572479,worst_uncertainty_stratified_mhz
7600,280.0,7,30.3284098043112,-30.3284098043112,30.3284098043112,0.09184064980054969,0.1352640182792425,0.22710466807979218,24.172157996661163,16.807591376706917,0.0,1.0890985235133392,3.767895221710205,42.39822372458544,5.611934244632721,worst_uncertainty_stratified_mhz
7420,280.0,7,29.547541529392895,-29.547541529392895,29.547541529392895,0.23651657259666028,0.16477148715532056,0.40128805975198084,24.32947170689538,13.671269339998648,0.0,1.0496070592689648,3.2415027618408203,43.31822653341201,8.044786214828491,worst_uncertainty_stratified_mhz
7598,280.0,7,29.461697666577024,-29.461697666577024,29.461697666577024,0.14527067480782282,0.07762310174478568,0.2228937765526085,24.01114176737511,14.83951778642625,0.0,0.8916807831649258,3.642707347869873,42.5962146205505,6.978003680706024,worst_uncertainty_stratified_mhz
7369,280.0,7,28.67509944220434,-28.67509944220434,28.67509944220434,0.032431245904974586,0.010635796735729581,0.04306704264070417,21.766808306669787,19.536206067359903,0.0,0.04351043189869919,0.6544016599655151,42.79219408957666,1.8927099257707596,worst_uncertainty_stratified_mhz
7839,280.0,7,26.92197546158541,-26.92197546158541,26.92197546158541,0.01993746304069438,0.03552570050479692,0.0554631635454913,20.51956018686906,17.960198008752606,0.0,0.3216577649820526,1.8568634986877441,38.53894134508627,2.328854486346245,worst_uncertainty_stratified_mhz
7383,300.0,7,29.733030664194157,-29.733030664194157,29.733030664194157,0.024854868532674712,0.059911303969427884,0.0847661725021026,23.106652181767053,18.55260425204051,0.0,0.5256651928235954,2.211421012878418,42.9505529650085,3.7604531049728394,worst_uncertainty_stratified_mhz
7296,300.0,7,29.397034171149922,-29.397034171149922,29.397034171149922,0.003953915732466903,0.0068923851510532845,0.010846300883520187,22.51416636564978,19.570765159847387,0.0,0.04800587822867097,0.7367329597473145,44.1955880150949,2.4614159762859344,worst_uncertainty_stratified_mhz
6581,300.0,7,29.210784806001136,-29.210784806001136,29.210784806001136,0.10602795048033897,0.04400028806086955,0.15002823854120853,23.113820650950828,16.92489917573642,0.0,0.22388043750127906,1.5842924118041992,44.1955880150949,5.094051480293274,worst_uncertainty_stratified_mhz
7013,300.0,7,29.184257684653062,-29.184257684653062,29.184257684653062,0.0561978326936687,0.08487113675445783,0.14106896944812652,22.940789530518078,17.25626602487606,0.0,1.4156847082120514,3.706571340560913,39.34363830405114,4.743661105632782,worst_uncertainty_stratified_mhz
7786,300.0,7,28.70601135082255,-28.70601135082255,28.70601135082255,0.03348676350717366,0.01618184386589699,0.04966860737307065,22.173246100432305,18.42675201958251,0.0,0.18743095223516004,1.179436206817627,42.79219408957666,3.2084855139255524,worst_uncertainty_stratified_mhz
7040,300.0,7,28.18155734510222,-28.18155734510222,28.18155734510222,0.015466828877110666,0.013207528664527452,0.028674357541638117,21.633976161320042,18.572057536583415,0.0,0.039946415434577,0.5097570419311523,42.67830244983978,2.673908680677414,worst_uncertainty_stratified_mhz
8518,120.0,8,52.443524089997105,-52.443524089997105,52.443524089997105,1.2105812009953112,3.2585517993307658,4.469133000326077,47.9091425087132,0.0,0.0,23.90446759721418,17.009349822998047,31.0,18.733049273490906,worst_uncertainty_stratified_mhz
8949,120.0,8,46.91031543519082,-46.91031543519082,46.91031543519082,1.270081750269709,2.080944538504009,3.351026288773718,43.46533526542465,0.0,0.0,33.274238999706256,20.05147361755371,0.33071891388307384,15.348973989486694,worst_uncertainty_stratified_mhz
8032,120.0,8,26.535022151665682,-26.535022151665682,26.535022151665682,2.5110439188508065,1.4635688767565724,3.9746127956073787,22.501893760114342,0.0,0.0,14.797473757535442,14.326308250427246,1.0825317547305484,16.434714555740356,worst_uncertainty_stratified_mhz
8279,150.0,8,69.20898825310022,-69.20898825310022,69.20898825310022,3.5435875016063174,3.810571335143496,7.354158836749813,61.79089052754623,0.0,0.0,45.40267108245553,24.931257247924805,7.845181642256603,26.346056938171387,worst_uncertainty_stratified_mhz
8148,150.0,8,66.13785000788137,-66.13785000788137,66.13785000788137,10.0069121369942,3.7414698122524923,13.748381949246692,52.32449494866206,0.0,0.0,40.95922211036734,21.40767002105713,1.3228756555322954,24.625338196754456,worst_uncertainty_stratified_mhz
8561,150.0,8,60.048202161512705,-60.048202161512705,60.048202161512705,3.7422126915517597,2.9632802450771965,6.705492936628956,53.250785867164225,0.0,0.0,42.73610081234369,17.603822708129883,3.42554740151118,17.779173851013184,worst_uncertainty_stratified_mhz
8289,150.0,8,55.432531182225176,-55.432531182225176,55.432531182225176,4.826377594438571,2.2403653227601543,7.0667429171987255,48.313511361155285,0.0,0.0,37.07873221423591,19.083003997802734,3.3865542960360164,29.120081663131714,worst_uncertainty_stratified_mhz
9291,155.0,8,189.56993752105132,-189.56993752105132,189.56993752105132,8.61244453098738,10.021665911198959,18.63411044218634,170.77727847492514,0.0,0.0,144.20038344094186,34.230424880981445,18.92336518698511,18.934803128242493,worst_uncertainty_stratified_mhz
8290,155.0,8,151.72681365239254,-151.72681365239254,151.72681365239254,2.460014258619411,7.267435166969372,9.727449425588784,141.92859379998833,0.0,0.0,123.49408560752272,34.054433822631836,2.8145825622994254,39.25647258758545,worst_uncertainty_stratified_mhz
8444,155.0,8,109.32580863231911,-109.32580863231911,109.32580863231911,3.4039192828745857,6.214617938346171,9.618537221220757,99.6038227394091,0.0,0.0,82.73724158448317,30.661110877990723,3.072051431861127,21.981919288635254,worst_uncertainty_stratified_mhz
9023,155.0,8,108.76693917989732,-108.76693917989732,108.76693917989732,7.129796104405408,5.981642225799926,13.111438330205335,95.5776621127824,0.0,0.0,79.20716801917155,28.69631576538086,4.044672421840859,28.58422827720642,worst_uncertainty_stratified_mhz
9535,155.0,8,92.90705815235934,-92.90705815235934,92.90705815235934,7.622875497956509,4.294718280690962,11.917593778647472,80.93074597321646,0.0,0.0,65.72075801609571,26.392724990844727,4.027250923396753,34.51573085784912,worst_uncertainty_stratified_mhz
9418,155.0,8,75.28433694091075,-75.28433694091075,75.28433694091075,2.424371940287866,4.0273154413676755,6.451687381655542,68.74745135839092,0.0,0.0,48.948387225069254,19.323837280273438,20.274290986369905,20.529519200325012,worst_uncertainty_stratified_mhz
8743,155.0,8,74.65693853330622,-74.65693853330622,74.65693853330622,7.598419693882112,3.708489406798718,11.30690910068083,63.27264624392664,0.0,0.0,52.29173395217498,21.37552261352539,0.5863019699779287,23.36199402809143,worst_uncertainty_stratified_mhz
8969,155.0,8,67.38041333296226,-67.38041333296226,67.38041333296226,2.958188841040032,3.8641528483363503,6.822341689376382,60.48649600528403,0.0,0.0,47.2835169049053,22.699966430664062,3.7059917700933984,24.017603158950806,worst_uncertainty_stratified_mhz
9482,170.0,8,52.824636336318875,-52.824636336318875,52.824636336318875,2.903084614855404,2.3321211337653973,5.2352057486208015,47.493458557172694,0.0,0.0,37.15198877491672,18.173582077026367,2.5093574874855915,15.877654910087585,worst_uncertainty_stratified_mhz
8888,170.0,8,51.89707816499983,-51.89707816499983,51.89707816499983,3.9508715407540893,2.430665164563766,6.381536705317855,45.4262767984982,0.0,0.0,34.891344971703795,18.383090496063232,2.6867731575255847,16.543191730976105,worst_uncertainty_stratified_mhz
8295,170.0,8,48.31016727432796,-48.31016727432796,48.31016727432796,3.4083265629419457,1.7206754309739187,5.129001993915864,43.089204102261654,0.0,0.0,23.643890287579858,14.439464569091797,24.451163060271796,13.218888819217682,worst_uncertainty_stratified_mhz
8127,180.0,8,45.681326458529675,-45.681326458529675,45.681326458529675,1.732869895250336,1.4944009278279446,3.227270823078281,38.64016294283907,10.548459335463209,0.0,21.220597289914032,14.00383973121643,20.83529157463365,9.444987326860428,worst_uncertainty_stratified_mhz
9432,180.0,8,33.651494877802186,-33.651494877802186,33.651494877802186,0.31345238554358934,0.3398528512184979,0.6533052367620873,26.52594435057168,18.14230408473738,0.0,4.295397612536647,6.627576589584351,37.83351688648572,4.231773495674133,worst_uncertainty_stratified_mhz
8003,180.0,8,33.56496537665551,-33.56496537665551,33.56496537665551,0.5504361917150379,0.486183633562967,1.036619825278005,26.581959418421018,16.735718885687092,0.0,3.1537074276711614,5.60745096206665,41.24905301943306,4.99487429857254,worst_uncertainty_stratified_mhz
8489,180.0,8,30.608916580298693,-30.608916580298693,30.608916580298693,0.08679906981668241,0.11328620944730235,0.20008527926398476,23.80680464400314,18.572894912681804,0.0,1.383045483498028,3.499906539916992,41.347611781093235,2.8962410539388657,worst_uncertainty_stratified_mhz
8379,200.0,8,29.042223517994664,-29.042223517994664,29.042223517994664,0.007020396395681197,0.0047954434916313085,0.011815839887312506,22.40082330778923,18.887414882189304,0.0,0.027428866892171833,0.5512008666992188,44.1955880150949,2.180409938097,worst_uncertainty_stratified_mhz
8403,200.0,8,27.999919458752185,-27.999919458752185,27.999919458752185,0.011921625043048778,0.007203177948609719,0.019124802991658498,21.838733058821365,17.47228322056723,0.0,0.08871353247548086,0.8561649322509766,42.64387412044079,2.7823307514190674,worst_uncertainty_stratified_mhz
9524,200.0,8,27.048484709048164,-27.048484709048164,27.048484709048164,0.00880673569410184,0.009585402646692059,0.0183921383407939,20.870964371978367,17.53534590646954,0.0,0.037589990751325075,0.6347490549087524,41.03199970754533,2.2277911901474,worst_uncertainty_stratified_mhz
9249,200.0,8,26.678954227025997,-26.678954227025997,26.678954227025997,0.03183383742234373,0.0515448579330816,0.08337869535542533,20.682932379997826,16.68018735358918,0.0,0.6754532800270248,2.663795232772827,37.351162967168776,2.755049407482147,worst_uncertainty_stratified_mhz
9358,200.0,8,24.70782467624755,-24.70782467624755,24.70782467624755,0.04260350808652092,0.01630460231299509,0.05890811039951601,19.094788225680137,15.796912789302105,0.0,0.060211900520126704,0.7179896831512451,37.351162967168776,2.433480679988861,worst_uncertainty_stratified_mhz
9553,200.0,8,24.009687009873005,-24.009687009873005,24.009687009873005,0.06238827518781378,0.010749446071412275,0.07313772125922605,18.62829866098905,15.103760798301327,0.0,0.054787702951369255,0.6087286472320557,36.538293268843304,2.6678218245506287,worst_uncertainty_stratified_mhz
9382,200.0,8,23.799729663417814,-23.799729663417814,23.799729663417814,0.011813946684337833,0.011631061656995841,0.023445008341333673,18.768666669946363,14.266652319503299,0.0,0.03625559561227476,0.7133340835571289,36.75148806511105,3.3312346935272217,worst_uncertainty_stratified_mhz
8659,200.0,8,22.59881623888014,-22.59881623888014,22.59881623888014,0.010345704532862935,0.008492593366231241,0.018838297899094178,17.485911442322536,14.501199296458923,0.0,0.03151325283176387,0.541297197341919,34.36749918163962,2.380036383867264,worst_uncertainty_stratified_mhz
9118,230.0,8,31.351904657218963,-31.351904657218963,31.351904657218963,0.19014607588887303,0.09933633050227765,0.2894824063911507,24.85275679459855,17.5393070602308,0.0,1.8065175729655039,4.599444389343262,41.493034053922834,4.738773584365845,worst_uncertainty_stratified_mhz
8055,230.0,8,30.081647266575594,-30.081647266575594,30.081647266575594,0.162779184678872,0.05463265791120636,0.21741184259007837,22.99273316817372,19.43872443392771,0.0,0.48715574237342807,2.218960762023926,42.79219408957666,2.56798654794693,worst_uncertainty_stratified_mhz
9093,230.0,8,30.074747162815335,-30.074747162815335,30.074747162815335,0.16281653589336556,0.1481589887714588,0.31097552466482437,24.90696924794216,13.756798057593462,0.0,1.4136830246334853,3.1349048614501953,43.85166758516716,7.090272903442383,worst_uncertainty_stratified_mhz
9427,230.0,8,29.52028233166264,-29.52028233166264,29.52028233166264,0.056422794448891304,0.05709013310595406,0.11351292755484536,23.51036484593197,16.746928718837747,0.0,0.4050595122976537,2.1029653549194336,44.1076453123492,4.548683792352676,worst_uncertainty_stratified_mhz
9534,230.0,8,28.656689802954876,-28.656689802954876,28.656689802954876,0.050455666715550324,0.06996617518688622,0.12042184190243654,22.521733912857492,17.085666445248265,0.0,0.2814633174633876,1.6883471012115479,42.79219408957666,3.8387771248817444,worst_uncertainty_stratified_mhz
8133,230.0,8,28.476347281786257,-28.476347281786257,28.476347281786257,0.017744582891990806,0.018720984790115077,0.03646556768210588,22.058243296412233,18.09112594336667,0.0,0.32155942538059534,1.5621893405914307,41.911178401471844,2.849882662296295,worst_uncertainty_stratified_mhz
8517,230.0,8,27.62405052378368,-27.62405052378368,27.62405052378368,0.060261295108715945,0.04793062807676003,0.10819192318547598,21.640056212664437,16.692624221074176,0.0,0.23596106279705875,1.560652494430542,41.24753780530421,3.637667268514633,worst_uncertainty_stratified_mhz
8219,230.0,8,27.608317404520598,-27.608317404520598,27.608317404520598,0.12915045243410342,0.14404009589034567,0.2731905483244491,22.267934716763317,14.383841543363578,0.0,0.5508755855154845,2.415829658508301,41.018288603987365,5.648890256881714,worst_uncertainty_stratified_mhz
9527,250.0,8,33.94822958025214,-33.94822958025214,33.94822958025214,0.5036356886719977,0.45619947642937037,0.9598351651013681,27.552579764115332,15.268854668391489,0.0,8.08540072072935,9.346036911010742,29.588321175761223,7.750825583934784,worst_uncertainty_stratified_mhz
9131,250.0,8,31.784682373790584,-31.784682373790584,31.784682373790584,0.0881988259657695,0.10147617952442328,0.18967500549019278,24.772249767035834,19.25400087505833,0.0,1.6630534367847503,4.39902663230896,41.81936602819321,3.8446097373962402,worst_uncertainty_stratified_mhz
8430,250.0,8,31.411665878324122,-31.411665878324122,31.411665878324122,0.04462554848372619,0.12644768527503822,0.1710732337587644,24.3890529568861,19.328977101078515,0.0,1.5366858149242606,4.345220565795898,41.35951371812778,3.5869915783405304,worst_uncertainty_stratified_mhz
8925,250.0,8,29.27279845215304,-29.27279845215304,29.27279845215304,0.055232754676863276,0.012841481550707122,0.0680742362275704,22.779210842569082,18.283903082029855,0.0,0.12172969741787298,1.1193742752075195,44.1955880150949,3.33588844537735,worst_uncertainty_stratified_mhz
9361,250.0,8,29.16906117409365,-29.16906117409365,29.16906117409365,0.11748180483424776,0.08914670362123268,0.20662850845548045,23.052534212225062,16.739828377043008,0.0,0.912396134458624,2.675926923751831,41.60434923178104,4.686136215925217,worst_uncertainty_stratified_mhz
8742,250.0,8,29.168322606460293,-29.168322606460293,29.168322606460293,0.034587367412369424,0.05708384913467797,0.0916712165470474,22.189635711529675,19.529526092813818,0.0,0.18613848783204445,1.2148003578186035,42.79219408957666,2.0870007425546646,worst_uncertainty_stratified_mhz
8789,250.0,8,29.08376816259684,-29.08376816259684,29.08376816259684,0.05197688047269377,0.02435409474344731,0.07633097521614107,22.143004205053362,19.470533525602864,0.0,0.1728426670857095,1.1481289863586426,42.79219408957666,2.0893209278583527,worst_uncertainty_stratified_mhz
8094,250.0,8,29.061884718736337,-29.061884718736337,29.061884718736337,0.4072568171583677,0.5184814557349228,0.9257382728932905,24.48389777549368,10.312342308092592,0.0,2.8838295245481618,6.124622344970703,37.075514156920335,9.889524698257446,worst_uncertainty_stratified_mhz
8939,250.0,8,29.04032665104169,-29.04032665104169,29.04032665104169,0.13540780073019276,0.18277696355215592,0.31818476428234865,23.766736262268907,14.087965778298402,0.0,0.4630787789218971,2.411726951599121,44.1955880150949,6.910694599151611,worst_uncertainty_stratified_mhz
8514,250.0,8,28.86004786539131,-28.86004786539131,28.86004786539131,0.2470697048095293,0.0992981601755671,0.3463678649850964,23.11520197507616,15.334166352132595,0.0,0.5299340188042514,2.4461283683776855,42.724407544166134,5.773875653743744,worst_uncertainty_stratified_mhz
8426,250.0,8,28.66582936673384,-28.66582936673384,28.66582936673384,0.027268262243903173,0.03933776266195054,0.06660602490585371,21.899245577669166,18.970538188604774,0.0,0.309362933111049,1.5431302785873413,41.63663501052889,2.306392401456833,worst_uncertainty_stratified_mhz
8524,250.0,8,28.61695801777521,-28.61695801777521,28.61695801777521,0.02632482284692736,0.03600331529513689,0.06232813814206425,22.57594306120659,17.003126039876385,0.0,0.21016786345963112,1.2432258129119873,43.48832458258193,4.153640389442444,worst_uncertainty_stratified_mhz
9449,265.0,8,36.81406212583772,-36.81406212583772,36.81406212583772,0.9355556500783256,1.3533182807947814,2.288873930873107,31.079891661497744,9.70014937836771,0.0,6.134208501993044,7.159645080566406,42.731721238442994,12.323466777801514,worst_uncertainty_stratified_mhz
9247,265.0,8,36.22769923879571,-36.22769923879571,36.22769923879571,0.7726194197748771,0.7152747561393864,1.4878941759142634,32.21354507472506,7.0701866955701504,0.0,8.055932057991512,8.19528865814209,40.119937375325,13.726264119148254,worst_uncertainty_stratified_mhz
8940,265.0,8,32.56649502119914,-32.56649502119914,32.56649502119914,1.5916461473198114,0.9097161439429868,2.501362291262798,26.305821428577403,10.553548817426536,0.0,8.348762029007503,9.349339485168457,26.564779313971346,11.016688346862793,worst_uncertainty_stratified_mhz
8275,265.0,8,30.394689349332577,-30.394689349332577,30.394689349332577,1.8262259751257082,0.8465609312000377,2.672786906325746,25.140476611591446,7.21379025454267,0.0,8.48852768463074,8.370549201965332,24.933348651956077,12.869022965431213,worst_uncertainty_stratified_mhz
8756,265.0,8,30.28536385439021,-30.28536385439021,30.28536385439021,0.362935916867173,0.7292000472938991,1.0921359641610722,27.13666487788609,5.715971468617283,0.0,9.621749480979588,8.406591415405273,26.623239378407728,13.854423522949219,worst_uncertainty_stratified_mhz
8907,265.0,8,29.16468390502161,-29.16468390502161,29.16468390502161,0.4732563568021427,0.778655475940075,1.2519118327422176,25.2130483656592,7.62124216966711,0.0,2.5521826170224244,5.594536781311035,39.72719471596252,12.369210958480835,worst_uncertainty_stratified_mhz
8864,265.0,8,29.146419562830957,-29.146419562830957,29.146419562830957,0.8131831447043374,0.8319574142633052,1.6451405589676424,24.4856602593459,8.52864055446688,0.0,2.051124287844445,4.236764907836914,40.632307035165994,11.702857613563538,worst_uncertainty_stratified_mhz
8095,265.0,8,28.657497470256274,-28.657497470256274,28.657497470256274,0.6452917971493329,0.36855520452441454,1.0138470016737475,25.962832827155548,4.692789828941817,0.0,4.841515337473254,5.499650955200195,36.74298402416439,14.347127199172974,worst_uncertainty_stratified_mhz
8723,265.0,8,28.123035778811285,-28.123035778811285,28.123035778811285,0.5670397313437069,0.6591820196433912,1.226221750987098,25.06716567314382,5.09864982384571,0.0,6.386486609301755,7.43775749206543,29.9236006356187,14.002097606658936,worst_uncertainty_stratified_mhz
9571,265.0,8,28.036776609355794,-28.036776609355794,28.036776609355794,0.38324784069090767,0.2908123011654023,0.6740601418563099,24.732157710037136,7.40835517130495,0.0,3.432787254599532,5.84725284576416,36.75148806511105,12.30772852897644,worst_uncertainty_stratified_mhz
9516,265.0,8,27.8073169417389,-27.8073169417389,27.8073169417389,0.6742850978561794,0.44737653592694765,1.121661633783127,23.302609412162138,9.605734412853543,0.0,0.7868305321992466,2.239363670349121,42.79219408957666,10.540436267852783,worst_uncertainty_stratified_mhz
8348,270.0,8,34.30377904603049,-34.30377904603049,34.30377904603049,0.062002543285866185,0.29290272923183946,0.35490527251770565,26.31749424601525,21.431891888235935,0.0,3.3743845065152684,5.919045448303223,39.96717403069674,3.5266989171504974,worst_uncertainty_stratified_mhz
9250,270.0,8,31.6787254659979,-31.6787254659979,31.6787254659979,0.06513133932617197,0.16242381198486558,0.22755515131103754,25.399818081599904,17.105110851473256,0.0,2.307757637703954,4.628811359405518,41.55530952838638,5.8823177218437195,worst_uncertainty_stratified_mhz
8627,270.0,8,30.34125559947843,-30.34125559947843,30.34125559947843,0.229343878242899,0.08297582966898726,0.31231970791188624,24.255213008241714,16.35837483929605,0.0,1.300628325410628,3.319924831390381,42.58924453427179,5.903970956802368,worst_uncertainty_stratified_mhz
8382,270.0,8,29.25381202332172,-29.25381202332172,29.25381202332172,0.02187644280614845,0.03207680815624626,0.05395325096239471,22.877834422801126,17.94600762833878,0.0,0.3973690298911512,2.168736696243286,42.79219408957666,3.8510890901088715,worst_uncertainty_stratified_mhz
8182,270.0,8,29.186086997783462,-29.186086997783462,29.186086997783462,0.007054340933944758,0.013418804908666699,0.020473145842611458,22.263931211660694,19.682331570765477,0.0,0.011284754219292203,0.30970489978790283,44.1955880150949,2.064061254262924,worst_uncertainty_stratified_mhz
8392,270.0,8,29.004201748315342,-29.004201748315342,29.004201748315342,0.01304867469669931,0.02012236158245272,0.03317103627915203,22.227176096588128,19.182888669950174,0.0,0.08578010192447039,0.8611671924591064,43.42162479686821,2.453479051589966,worst_uncertainty_stratified_mhz
8795,270.0,8,28.329966880819445,-28.329966880819445,28.329966880819445,0.024321349639617264,0.008565159568468551,0.032886509208085814,21.552621398020275,19.231818010208347,0.0,0.010564975943125887,0.2919187545776367,42.79219408957666,1.9287813305854797,worst_uncertainty_stratified_mhz
8316,280.0,8,30.130926521227302,-30.130926521227302,30.130926521227302,0.09865391076222903,0.08754854545506366,0.1862024562172927,23.055005593026728,19.500712677693112,0.0,0.5718134664322141,2.1741901636123657,42.79219408957666,2.932351514697075,worst_uncertainty_stratified_mhz
8869,280.0,8,29.22367115655876,-29.22367115655876,29.22367115655876,0.10723298210942579,0.23457208844836386,0.34180507055778964,23.702077332997792,14.613215373611942,0.0,3.400065262400286,5.345160007476807,35.258864133718205,7.074244797229767,worst_uncertainty_stratified_mhz
9105,280.0,8,28.83461647035114,-28.83461647035114,28.83461647035114,0.30174047276172616,0.3628748852734794,0.6646153580352056,22.401386788924967,16.221878180149666,0.0,3.829888945620368,5.591698169708252,31.55129751690095,5.378945708274841,worst_uncertainty_stratified_mhz
8720,280.0,8,28.795075697759355,-28.795075697759355,28.795075697759355,0.02857396418908723,0.10349081286587934,0.13206477705496658,22.62128812629781,17.050662704179516,0.0,1.8095739036972809,4.030210971832275,37.59321747336878,4.545170366764069,worst_uncertainty_stratified_mhz
9181,280.0,8,28.58613750790316,-28.58613750790316,28.58613750790316,0.09384409646964957,0.034684813191654916,0.12852890966130448,21.964598296433888,18.47448052202089,0.0,0.10176541180180632,0.9334716796875,42.79219408957666,2.960113435983658,worst_uncertainty_stratified_mhz
9104,280.0,8,28.431156333076842,-28.431156333076842,28.431156333076842,0.002288569566404076,0.0041065909068513295,0.006395160473255406,21.552408774056364,19.59460486219638,0.0,0.00880358488937083,0.2950162887573242,42.79219408957666,1.6471704691648483,worst_uncertainty_stratified_mhz
9128,300.0,8,29.709045278388405,-29.709045278388405,29.709045278388405,0.017261440298889208,0.04322994636565713,0.060491386664546336,23.06117695178039,18.683932810462505,0.0,0.4803791795292902,2.369401454925537,42.79219408957666,3.609829843044281,worst_uncertainty_stratified_mhz
9261,300.0,8,29.055468768109392,-29.055468768109392,29.055468768109392,0.00805378302912963,0.0337406808841661,0.04179446391329573,22.505652069849887,18.430546061390906,0.0,0.6234462590701417,2.659363269805908,41.10504835175358,3.4430961310863495,worst_uncertainty_stratified_mhz
8870,300.0,8,28.76572204691811,-28.76572204691811,28.76572204691811,0.056907158092679704,0.05002904609678024,0.10693620418945994,22.748603186992934,16.777999376383104,0.0,0.5696171657205547,2.1061229705810547,42.251849071963704,4.98067981004715,worst_uncertainty_stratified_mhz
9043,300.0,8,28.61483082879359,-28.61483082879359,28.61483082879359,0.013460482512712738,0.011530370183900629,0.024990852696613365,21.88629922504678,19.078547085572374,0.0,0.06409942280453151,0.8522055149078369,42.79219408957666,2.4298053979873657,worst_uncertainty_stratified_mhz
9152,300.0,8,27.9424646174583,-27.9424646174583,27.9424646174583,0.010154042018771323,0.005835588542610396,0.01598963056138172,21.377604553113404,18.64812793248388,0.0,0.04506453146446088,0.7313525676727295,41.933727475625155,2.4095090329647064,worst_uncertainty_stratified_mhz
8620,300.0,8,27.873641695334165,-27.873641695334165,27.873641695334165,0.09086142733379161,0.041970296696155,0.1328317240299466,21.468776174148708,17.7478332636224,0.0,0.6601622091578712,2.3801679611206055,39.23705996886107,3.369027316570282,worst_uncertainty_stratified_mhz
10236,120.0,9,30.786765775213627,-30.786765775213627,30.786765775213627,0.08015671050068986,0.34867968357937823,0.4288363940800681,30.298231592212613,0.0,0.0,5.150496373367275,7.503276348114014,42.79219408957666,9.503997325897217,worst_uncertainty_stratified_mhz
10197,120.0,9,26.54884282536825,-26.54884282536825,26.54884282536825,0.07642002063651117,0.15720492925601345,0.23362494989252464,25.841225320191946,1.2309375391731396,0.0,1.9832700028511248,4.9237165451049805,42.79219408957666,8.156522810459137,worst_uncertainty_stratified_mhz
10219,120.0,9,26.40493951215922,-26.40493951215922,26.40493951215922,1.0453116710786767,0.19153520126922224,1.236846872347899,24.801453183513875,0.8899945299161677,0.0,3.325637456913878,6.4133381843566895,36.538293268843304,8.267989218235016,worst_uncertainty_stratified_mhz
9648,150.0,9,182.95959561257678,-182.95959561257678,182.95959561257678,12.717026623832021,9.08254006214412,21.799566685976142,161.09098559697017,0.0,0.0,142.91859431126971,33.4079475402832,2.9368350311176825,43.287514448165894,worst_uncertainty_stratified_mhz
9729,150.0,9,80.4668213000019,-80.4668213000019,80.4668213000019,13.589138413114041,3.4709948220014293,17.06013323511547,63.33799123387738,0.0,0.0,50.920444614986934,24.402080535888672,0.4330127018922193,25.96865153312683,worst_uncertainty_stratified_mhz
9720,150.0,9,71.52211809358545,-71.52211809358545,71.52211809358545,3.2645007947593427,4.59086323603542,7.855364030794763,63.60617289317123,0.0,0.0,52.03193129511641,22.817764282226562,0.33071891388307384,29.767154932022095,worst_uncertainty_stratified_mhz
10618,150.0,9,44.761184933909576,-44.761184933909576,44.761184933909576,2.411734714653553,1.6716506663739124,4.083385381027465,40.62752994575352,0.0,0.0,18.582433311509803,14.460183143615723,29.63001012487171,21.4380761384964,worst_uncertainty_stratified_mhz
10436,155.0,9,328.88177311987215,-328.88177311987215,328.88177311987215,25.544037694431925,18.69486362957562,44.23890132400754,284.53620592856674,0.0,0.0,247.91058455785432,54.49832630157471,18.752916439850097,36.90303409099579,worst_uncertainty_stratified_mhz
11131,155.0,9,207.1243937671774,-207.1243937671774,207.1243937671774,2.814771585498493,13.399975569290854,16.214747154789347,190.83398115047407,0.0,0.0,170.37407065313892,34.95115280151367,5.968668193156661,43.12648582458496,worst_uncertainty_stratified_mhz
10571,155.0,9,115.0320765379756,-115.0320765379756,115.0320765379756,9.44577903564413,6.660405785665436,16.106184821309565,98.87556617380895,0.0,0.0,82.46088790572679,29.749685287475586,3.07967124868873,45.11028218269348,worst_uncertainty_stratified_mhz
10780,155.0,9,69.27608929875886,-69.27608929875886,69.27608929875886,12.118260684996125,2.822058496865265,14.94031918186139,54.27752073837256,0.0,0.0,42.34285596942158,22.395601272583008,1.4737282653189494,27.927932500839233,worst_uncertainty_stratified_mhz
9967,155.0,9,60.21981627022144,-60.21981627022144,60.21981627022144,5.8966314813227045,3.1302537879308048,9.026885269253508,51.13365859219155,0.0,0.0,41.75550097149221,18.060344696044922,0.6959705453537527,27.25488042831421,worst_uncertainty_stratified_mhz
10557,155.0,9,56.9037036232254,-56.9037036232254,56.9037036232254,2.3531714713450023,2.721417886789202,5.0745893581342045,51.76118822977899,0.0,0.0,42.33014142289322,18.377970695495605,0.4841229182759271,23.94575870037079,worst_uncertainty_stratified_mhz
10055,155.0,9,54.06360105253568,-54.06360105253568,54.06360105253568,1.3351170165607626,2.4719759911050354,3.807093007665798,50.187611723236174,0.0,0.0,36.71445679551992,20.863547325134277,6.082762530298219,21.986825346946716,worst_uncertainty_stratified_mhz
10769,155.0,9,46.922806851260916,-46.922806851260916,46.922806851260916,1.505399703976364,2.1983312043098904,3.7037309082862544,43.16260424070191,0.0,0.0,34.53820314817261,16.748802185058594,0.5,26.017106771469116,worst_uncertainty_stratified_mhz
10320,170.0,9,138.37175465477978,-138.37175465477978,138.37175465477978,5.861127188415355,6.674928959976024,12.53605614839138,125.75488868544436,0.0,0.0,107.5704940631365,32.73732948303223,3.6314597615834874,32.08650732040405,worst_uncertainty_stratified_mhz
9615,170.0,9,72.69096493483912,-72.69096493483912,72.69096493483912,2.7406386599126584,4.0190408205202655,6.759679480432924,65.8388217450201,0.0,0.0,53.36778161373534,22.780628204345703,2.161452058223823,19.751872420310974,worst_uncertainty_stratified_mhz
10666,170.0,9,65.82395713151182,-65.82395713151182,65.82395713151182,4.150128757177162,2.659557066892772,6.809685824069934,58.922016059844104,0.0,0.0,47.63102693578071,21.17329978942871,1.4086784586980805,18.70225191116333,worst_uncertainty_stratified_mhz
10357,180.0,9,69.69123427905252,-69.69123427905252,69.69123427905252,1.5281441506611977,3.292417451894263,4.82056160255546,64.78693575124129,0.0,0.0,52.62227003794118,23.283506393432617,1.0458250331675945,21.65747332572937,worst_uncertainty_stratified_mhz
10484,180.0,9,62.858198686484656,-62.858198686484656,62.858198686484656,2.149269300833636,1.7625383317142949,3.911807632547931,52.780590509438326,17.221042142381474,0.0,23.699823572485883,15.436029195785522,42.72550467811937,8.791524022817612,worst_uncertainty_stratified_mhz
10304,180.0,9,53.39568831241858,-53.39568831241858,53.39568831241858,0.5012970613090207,1.7045259349611421,2.2058229962701628,47.071774383508,11.39301614191963,0.0,25.679280825835846,15.907952308654785,26.877034806689522,9.705178380012512,worst_uncertainty_stratified_mhz
10630,180.0,9,50.88743731782925,-50.88743731782925,50.88743731782925,1.4796408235660705,1.7297987815511338,3.209439605117204,44.544820749211254,8.623510475529569,0.0,22.609344019978572,14.288705825805664,29.582247632659694,10.341450273990631,worst_uncertainty_stratified_mhz
10767,200.0,9,33.76892666483038,-33.76892666483038,33.76892666483038,0.13644800743867186,0.8688381237646935,1.0052861312033654,25.95903681417212,18.87411876998747,0.0,11.198083429141898,10.337358951568604,19.18454781849184,4.21111136674881,worst_uncertainty_stratified_mhz
10879,200.0,9,30.292513669604823,-30.292513669604823,30.292513669604823,0.12715389772407185,0.095074575665133,0.22222847338920484,23.520686355066776,18.417330154893577,0.0,1.6929701997600226,3.957549810409546,39.69788250020396,3.14184433221817,worst_uncertainty_stratified_mhz
9747,200.0,9,29.897588027575246,-29.897588027575246,29.897588027575246,0.42202182620988066,0.05764169095089619,0.4796635171607768,23.721574392078974,16.140491600722275,0.0,0.7582473610998477,3.134459972381592,42.79219408957666,4.614295482635498,worst_uncertainty_stratified_mhz
10441,200.0,9,29.086379556084964,-29.086379556084964,29.086379556084964,0.0440422608734739,0.05545318196917106,0.09949544284264496,22.96050896169806,17.103556165362612,0.0,0.3306779283951009,1.748887538909912,43.51077452769601,3.582350790500641,worst_uncertainty_stratified_mhz
10704,200.0,9,29.041659212811425,-29.041659212811425,29.041659212811425,0.25589469544663085,0.0679257613335627,0.32382045678019356,22.85794516001848,16.62320628452379,0.0,0.42944822242314373,2.0647997856140137,42.79219408957666,3.9220797419548035,worst_uncertainty_stratified_mhz
10966,200.0,9,29.018070414780734,-29.018070414780734,29.018070414780734,0.03767844627769245,0.025140878258901805,0.06281932453659425,22.594036980221983,18.06376125355784,0.0,0.19203123092323438,1.2932369709014893,43.51077452769601,2.816451907157898,worst_uncertainty_stratified_mhz
11146,200.0,9,28.950916447374876,-28.950916447374876,28.950916447374876,1.0924474860653035,0.28974125648854243,1.382188742553846,21.732312207780815,16.31641401701465,0.0,4.271205946759229,6.1692235469818115,28.752988975061356,4.1113230884075165,worst_uncertainty_stratified_mhz
10927,200.0,9,28.92928408693988,-28.92928408693988,28.92928408693988,0.7009461548661258,0.056206352271153094,0.7571525071372789,21.487397620652974,18.89789177854255,0.0,0.35484423076696725,1.632799744606018,40.632307035165994,2.1132130920886993,worst_uncertainty_stratified_mhz
11139,230.0,9,29.961130536569232,-29.961130536569232,29.961130536569232,0.07832994607484169,0.1328223295043664,0.21115227557920807,25.368962282257694,12.40283246968609,0.0,1.6537040989238356,4.355182647705078,43.07533371896264,8.03233391046524,worst_uncertainty_stratified_mhz
9638,230.0,9,29.09029180020747,-29.09029180020747,29.09029180020747,0.07687124669237651,0.02020216183914073,0.09707340853151723,23.09315957651811,16.781208871180958,0.0,0.21144039330385223,1.5678503513336182,44.1955880150949,4.315883427858353,worst_uncertainty_stratified_mhz
11178,230.0,9,28.341981100186974,-28.341981100186974,28.341981100186974,0.021810396679346773,0.03636503972445125,0.05817543640379802,22.035632821550884,17.697965697770453,0.0,0.4545939677793518,1.7736735343933105,41.38840417314975,3.128132790327072,worst_uncertainty_stratified_mhz
10001,230.0,9,27.988178660812885,-27.988178660812885,27.988178660812885,0.05958149730027745,0.050946177453074955,0.1105276747533524,22.676722722746018,14.775250644094948,0.0,0.42185101593986474,1.7175493240356445,42.79219408957666,5.487401008605957,worst_uncertainty_stratified_mhz
10156,230.0,9,27.90239524618407,-27.90239524618407,27.90239524618407,0.05770298518919876,0.11228882472983023,0.16999180991902899,22.02597884296194,16.173055409117282,0.0,0.607181120285559,2.2052884101867676,40.632307035165994,4.248254686594009,worst_uncertainty_stratified_mhz
9908,230.0,9,25.346217014254044,-25.346217014254044,25.346217014254044,0.02742368575268704,0.04507842804075464,0.07250211379344168,20.18798169374326,14.403253457222531,0.0,0.6516379272110129,2.5343942642211914,36.538293268843304,4.5254515409469604,worst_uncertainty_stratified_mhz
11172,230.0,9,25.29999287344898,-25.29999287344898,25.29999287344898,0.027896082939294787,0.006884351871268087,0.03478043481056287,19.4998006381716,16.412832767976365,0.0,0.04384064419371825,0.6374180316925049,38.27450195626326,2.5021302103996277,worst_uncertainty_stratified_mhz
10119,230.0,9,24.915749160503957,-24.915749160503957,24.915749160503957,0.021784632363267647,0.0612346028207511,0.08301923518401874,19.473970208608012,15.19032606202523,0.0,0.34862109100917493,1.7124049663543701,36.538293268843304,3.5023911595344543,worst_uncertainty_stratified_mhz
10810,250.0,9,30.990034610465898,-30.990034610465898,30.990034610465898,0.10140527516630071,0.07928664665024734,0.18069192181654806,23.93598319193734,19.457047265502993,0.0,0.6780723926647312,2.3202335834503174,44.1955880150949,3.247409462928772,worst_uncertainty_stratified_mhz
10995,250.0,9,30.463116727285488,-30.463116727285488,30.463116727285488,0.10937304010853573,0.10998277606164235,0.21935581617017808,23.88047018884182,17.94409682491398,0.0,2.020642330829588,3.784160852432251,39.93549486359221,4.289003491401672,worst_uncertainty_stratified_mhz
9601,250.0,9,29.987883008529636,-29.987883008529636,29.987883008529636,0.16215092021652389,0.1352325884129275,0.2973835086294514,23.720648125267637,16.945020413624594,0.0,0.5907498579253705,2.7490220069885254,43.51077452769601,4.915063798427582,worst_uncertainty_stratified_mhz
10563,250.0,9,28.38635375098607,-28.38635375098607,28.38635375098607,0.011192307205762078,0.0071871811528522785,0.018379488358614356,21.681165071826246,19.04316326693768,0.0,0.03166281368189683,0.5068104267120361,42.79219408957666,2.0498121082782745,worst_uncertainty_stratified_mhz
10030,250.0,9,28.282098991826132,-28.282098991826132,28.282098991826132,0.09124131165904455,0.02584672962819704,0.11708804128724158,22.015808248280827,17.50581105721851,0.0,0.09571401587805539,1.0479943752288818,42.79219408957666,3.488871395587921,worst_uncertainty_stratified_mhz
11028,250.0,9,28.224499310402702,-28.224499310402702,28.224499310402702,0.1256302655598434,0.06893308065930798,0.1945633462191514,21.528729338985226,18.383542177655052,0.0,0.4847711010167721,2.012401819229126,40.07551465670778,2.599252164363861,worst_uncertainty_stratified_mhz
9957,250.0,9,28.01831805925616,-28.01831805925616,28.01831805925616,0.04427579740106843,0.14324934482371154,0.18752514222477998,23.682948525022645,11.788617266644074,0.0,0.54079216166717,2.5273489952087402,43.75696373150221,8.422370076179504,worst_uncertainty_stratified_mhz
10570,250.0,9,27.681879280141985,-27.681879280141985,27.681879280141985,0.030249786500457492,0.023444346246510414,0.05369413274696791,21.647122250776466,16.97859413493581,0.0,0.3152763799448728,2.0313847064971924,40.632307035165994,3.6408734917640686,worst_uncertainty_stratified_mhz
10447,250.0,9,27.487108960594675,-27.487108960594675,27.487108960594675,0.031215208316309608,0.027746107273712458,0.058961315590022066,21.452819374044193,16.98876858272863,0.0,0.16909051497023242,1.179053544998169,41.38840417314975,3.5134695172309875,worst_uncertainty_stratified_mhz
10262,250.0,9,26.88400663666318,-26.88400663666318,26.88400663666318,0.17600438491172365,0.1091388399091029,0.28514322482082655,21.761611218634155,13.760896197085449,0.0,0.2747355442602064,1.5853471755981445,41.38840417314975,6.25822776556015,worst_uncertainty_stratified_mhz
10981,250.0,9,26.86922225902887,-26.86922225902887,26.86922225902887,0.2874086532956424,0.09741052252506034,0.38481917582070274,22.260050751249267,12.018683719135927,0.0,0.30955087957095984,1.5855917930603027,42.31540795029631,7.808510959148407,worst_uncertainty_stratified_mhz
9948,250.0,9,26.67104292486694,-26.67104292486694,26.67104292486694,0.17359410018847368,0.061223597955023565,0.23481769814349723,20.56954925823661,16.613598186395198,0.0,0.4932757390588369,1.8780450820922852,38.27450195626326,3.382039040327072,worst_uncertainty_stratified_mhz
9632,265.0,9,35.13434952649969,-35.13434952649969,35.13434952649969,0.24048340480171979,0.5723903939290707,0.8128737987307905,31.520841927015795,7.839124053136194,0.0,8.98553120379438,8.451807975769043,36.618813470673786,13.161079406738281,worst_uncertainty_stratified_mhz
10908,265.0,9,34.99461305962448,-34.99461305962448,34.99461305962448,1.9467441433704653,0.9612658201705876,2.908009963541053,29.546863546188174,7.1059351926059575,0.0,8.16841689768863,6.869047164916992,35.887846132082096,13.567808032035828,worst_uncertainty_stratified_mhz
9911,265.0,9,33.396322832879896,-33.396322832879896,33.396322832879896,1.3961864556987011,0.9821931755783894,2.3783796312770904,28.259813674014136,7.7753743957343255,0.0,3.6303737044545272,5.1512346267700195,44.1076453123492,12.962124466896057,worst_uncertainty_stratified_mhz
10593,265.0,9,32.31456323736085,-32.31456323736085,32.31456323736085,1.229705163688087,0.5603870193690286,1.7900921830571155,27.40806946795848,8.798377494296126,0.0,3.221701617811263,5.580541610717773,42.79219408957666,12.137787222862244,worst_uncertainty_stratified_mhz
10424,265.0,9,32.2944589799169,-32.2944589799169,32.2944589799169,0.7530464450384601,0.585237098724498,1.338283543762958,28.79496178286795,6.03886300154806,0.0,6.996712650404788,6.688250541687012,36.90824772323931,13.889103889465332,worst_uncertainty_stratified_mhz
10834,265.0,9,29.857051660370107,-29.857051660370107,29.857051660370107,0.6700195046412922,0.41461300636952053,1.0846325110108128,25.896698604404946,8.08385090131693,0.0,5.095994361071675,6.162199974060059,35.439208512606484,12.170034766197205,worst_uncertainty_stratified_mhz
11108,265.0,9,29.75242720410166,-29.75242720410166,29.75242720410166,1.6498334666033232,1.0664234999017648,2.716256966505088,23.93075655462073,8.678806705198022,0.0,10.11633069619046,9.061407089233398,18.567444627627143,11.722524404525757,worst_uncertainty_stratified_mhz
10023,265.0,9,29.17630480431128,-29.17630480431128,29.17630480431128,0.5207420805105847,0.48810081974119884,1.0088429002517836,25.873073607192378,6.449989635794424,0.0,3.795961627473332,5.876456260681152,38.27776769875694,13.202908277511597,worst_uncertainty_stratified_mhz
11026,265.0,9,29.02529449472465,-29.02529449472465,29.02529449472465,0.8037602302674814,0.6065071167522458,1.4102673470197273,25.32777651972656,6.440127979625838,0.0,3.067605453862015,4.877601623535156,39.64274050819393,13.186372876167297,worst_uncertainty_stratified_mhz
10534,265.0,9,28.246788026489696,-28.246788026489696,28.246788026489696,0.5358079679064592,0.48327811996598574,1.019086087872445,25.49096624610996,4.882077728904765,0.0,2.519892672133608,5.061986923217773,40.88016022473493,14.169070959091187,worst_uncertainty_stratified_mhz
10175,265.0,9,28.241244670153907,-28.241244670153907,28.241244670153907,0.3831113644671724,0.32593950771855895,0.7090508721857314,25.063630809914656,6.98737779252551,0.0,1.3543131741323435,3.2230472564697266,44.1955880150949,12.660042405128479,worst_uncertainty_stratified_mhz
10620,270.0,9,34.53557605842815,-34.53557605842815,34.53557605842815,0.8043576361944796,0.46679851696954927,1.271156153164029,28.08876175094122,14.589599486061317,0.0,6.051720842314463,7.600846767425537,36.47323504982798,8.874760806560516,worst_uncertainty_stratified_mhz
10435,270.0,9,32.147747649477026,-32.147747649477026,32.147747649477026,0.40386655615876327,0.2310268403506047,0.6348933965093679,25.819422710975136,16.122310653136694,0.0,1.948941791572679,3.8960647583007812,43.84489708050413,6.894347429275513,worst_uncertainty_stratified_mhz
11038,270.0,9,29.92050588102216,-29.92050588102216,29.92050588102216,0.3248570350332393,0.17262625754554287,0.4974832925787822,24.79244687061528,13.134017619232644,0.0,1.3018073631721414,3.4039411544799805,43.577337860406296,8.471806824207306,worst_uncertainty_stratified_mhz
10309,270.0,9,29.851030552839745,-29.851030552839745,29.851030552839745,0.10641829220164062,0.19851785011851938,0.30493614232016,24.922334638433977,13.107966807774263,0.0,1.4846058792299885,4.231949806213379,42.6435077121946,8.468146920204163,worst_uncertainty_stratified_mhz
9964,270.0,9,29.371493025324018,-29.371493025324018,29.371493025324018,0.011280467477076823,0.012496483702200325,0.023776951179277146,22.332170831229863,19.99202995983053,0.0,0.01888743617020694,0.43097877502441406,44.1955880150949,1.8739213347434998,worst_uncertainty_stratified_mhz
10290,270.0,9,28.415467490267044,-28.415467490267044,28.415467490267044,0.032137920964273876,0.023182096223257363,0.05532001718753124,21.661359467139004,19.08978438269968,0.0,0.022117969778804314,0.4862889051437378,42.79219408957666,2.141292855143547,worst_uncertainty_stratified_mhz
9642,270.0,9,28.30816240237499,-28.30816240237499,28.30816240237499,0.12619184641204292,0.04696236842271132,0.17315421483475424,22.59285419400575,15.762812882472103,0.0,0.29858572435169606,1.7963428497314453,42.79219408957666,5.427504658699036,worst_uncertainty_stratified_mhz
11129,280.0,9,30.612747951389473,-30.612747951389473,30.612747951389473,0.025390648668637144,0.0670061928316198,0.09239684150025695,23.51960043599999,19.767753915766388,0.0,0.953841707465358,2.7281346321105957,42.40338282495867,2.976250171661377,worst_uncertainty_stratified_mhz
10628,280.0,9,30.131278252094415,-30.131278252094415,30.131278252094415,0.08186169201234812,0.05058832325493579,0.13245001526728392,23.71525049185963,17.811218671386715,0.0,0.8253103684580188,2.9876861572265625,42.79219408957666,4.574238687753677,worst_uncertainty_stratified_mhz
10267,280.0,9,29.97998672004345,-29.97998672004345,29.97998672004345,0.04945417421065535,0.06075832329537097,0.11021249750602632,22.770002775844926,20.082062505446316,0.0,0.4071986253993103,2.0817341804504395,42.64387412044079,2.2453379034996033,worst_uncertainty_stratified_mhz
9862,280.0,9,28.823985913547425,-28.823985913547425,28.823985913547425,0.08711817631418557,0.06933782171653365,0.15645599803071922,22.379015965036146,17.83713717964593,0.0,0.47192983534733113,2.1385273933410645,41.67564486603656,3.7732469737529755,worst_uncertainty_stratified_mhz
10191,280.0,9,28.110577955976165,-28.110577955976165,28.110577955976165,0.0720041382664482,0.06179650764759245,0.13380064591404067,21.603166939470096,17.984617939853432,0.0,0.9933836889996002,2.9450645446777344,38.27450195626326,3.154306650161743,worst_uncertainty_stratified_mhz
10731,280.0,9,27.502655362008063,-27.502655362008063,27.502655362008063,0.025672587644674824,0.07096035751191605,0.09663294515659088,21.059418583942076,17.96223464593483,0.0,0.4344188809433085,2.071920394897461,39.178079011100074,2.75445419549942,worst_uncertainty_stratified_mhz
10804,300.0,9,31.170085405491154,-31.170085405491154,31.170085405491154,0.061898996237461534,0.060054357648840484,0.12195335388630202,24.220174370309444,19.31408487541599,0.0,1.1219424360231747,2.846867561340332,43.349596307232204,3.8925818502902985,worst_uncertainty_stratified_mhz
10566,300.0,9,29.245674630659497,-29.245674630659497,29.245674630659497,0.03500236424111644,0.04068109186093815,0.0756834561020546,22.61241678362469,18.60099169217372,0.0,0.41026168963439247,1.6121160984039307,42.79219408957666,3.390606462955475,worst_uncertainty_stratified_mhz
9970,300.0,9,29.17047290265311,-29.17047290265311,29.17047290265311,0.023710895250975073,0.00828460542318155,0.03199550067415662,22.352724295496497,19.34512206165356,0.0,0.023150712601147205,0.4635591506958008,44.1955880150949,2.542608082294464,worst_uncertainty_stratified_mhz
10940,300.0,9,28.8715764644601,-28.8715764644601,28.8715764644601,0.09939285661440221,0.04577656946931789,0.1451694260837201,22.706023059535962,17.05468853549945,0.0,0.9522444103170704,2.8082022666931152,40.699355031744666,4.760797947645187,worst_uncertainty_stratified_mhz
10411,300.0,9,28.49912790191535,-28.49912790191535,28.49912790191535,0.008660895139635685,0.012278842514396145,0.02093973765403183,21.881322573640755,18.780370604107848,0.0,0.0645018521709062,0.8414473533630371,42.79219408957666,2.674981474876404,worst_uncertainty_stratified_mhz
9802,300.0,9,28.037305669435327,-28.037305669435327,28.037305669435327,0.017845023082786078,0.021991262363134523,0.039836285445920605,21.603365965433678,18.13684236674404,0.0,0.31864016631051917,1.7644656896591187,40.8049859085872,3.0539895743131638,worst_uncertainty_stratified_mhz
12070,120.0,10,23.120552126219696,-23.120552126219696,23.120552126219696,0.023594826153126535,0.042407464097436044,0.06600229025056258,21.205900777888154,5.233058520574914,0.0,0.19450318643735898,1.3904881477355957,40.632307035165994,6.455824494361877,worst_uncertainty_stratified_mhz
12431,120.0,10,19.02575639529416,-19.02575639529416,19.02575639529416,0.14876903805221556,0.43003308627293285,0.5788021243251484,18.38744750259774,0.0,0.0,4.78672553188737,6.696871280670166,20.504572660750576,9.191637873649597,worst_uncertainty_stratified_mhz
12263,120.0,10,18.51794348500966,-18.51794348500966,18.51794348500966,0.21849088493675609,0.23692871547380004,0.4554196004105561,17.811369372843455,0.5975056231182317,0.0,1.9378114263244832,4.467315673828125,27.279800219209818,8.280599057674408,worst_uncertainty_stratified_mhz
12415,150.0,10,81.9347855041583,-81.9347855041583,81.9347855041583,5.0896047050273525,3.928639685948996,9.01824439097635,72.86033823333631,0.0,0.0,61.35983339301032,22.567996978759766,0.4330127018922193,34.84364056587219,worst_uncertainty_stratified_mhz
11232,150.0,10,54.23870967099237,-54.23870967099237,54.23870967099237,4.150955398163057,2.605462903539316,6.756418301702373,47.431518035234106,0.0,0.0,37.53995096561812,17.75983238220215,2.023301757029831,30.168323516845703,worst_uncertainty_stratified_mhz
11630,150.0,10,36.63682901551209,-36.63682901551209,36.63682901551209,6.418779607976361,1.5462578944586676,7.965037502435028,28.634624053028034,0.0,0.0,20.562286138404886,15.599813461303711,0.5448623679425842,30.500911951065063,worst_uncertainty_stratified_mhz
11638,150.0,10,33.03303799856937,-33.03303799856937,33.03303799856937,3.1747354991952146,2.284676227577821,5.459411726773036,27.51502343127469,0.0,0.0,20.258179066558114,14.029565811157227,0.4841229182759271,19.20089817047119,worst_uncertainty_stratified_mhz
11818,155.0,10,272.8182489504495,-272.8182489504495,272.8182489504495,49.925015794026685,11.267213695577748,61.19222948960443,211.54796617952,0.0,0.0,184.11707264143456,51.55696105957031,3.3048260166005714,43.46061563491821,worst_uncertainty_stratified_mhz
11934,155.0,10,159.63992887368235,-159.63992887368235,159.63992887368235,7.20646978649622,7.406329730106027,14.612799516602248,144.9596341750647,0.0,0.0,125.88684631578911,37.055850982666016,1.0897247358851685,41.55826544761658,worst_uncertainty_stratified_mhz
11624,155.0,10,99.77203164837915,-99.77203164837915,99.77203164837915,3.2194400339229534,4.604351011416644,7.823791045339597,91.87521189843153,0.0,0.0,76.29636385026879,28.623554229736328,2.5341418665891617,29.90186882019043,worst_uncertainty_stratified_mhz
11412,155.0,10,98.17779221898036,-98.17779221898036,98.17779221898036,35.08785293745964,3.8826133581227773,38.97046629558241,59.16681993368929,0.0,0.0,46.50823399223094,23.184831619262695,2.1323402636539974,42.09065508842468,worst_uncertainty_stratified_mhz
12369,155.0,10,67.58773312454635,-67.58773312454635,67.58773312454635,1.92333031923189,3.33322274387747,5.25655306310936,62.251245690960026,0.0,0.0,50.8246430702236,21.072229385375977,1.7809758560968758,22.296855449676514,worst_uncertainty_stratified_mhz
11338,155.0,10,56.488446629961494,-56.488446629961494,56.488446629961494,5.600378320769299,2.644332228831695,8.244710549600994,48.19428158798259,0.0,0.0,28.404597167940665,19.164913177490234,20.414455662593603,26.941922187805176,worst_uncertainty_stratified_mhz
11223,155.0,10,46.06032803860789,-46.06032803860789,46.06032803860789,1.6269879262668505,2.1467904252482994,3.77377835151515,42.21945619327039,0.0,0.0,28.977753117100292,17.75217628479004,8.73122986755016,20.058199882507324,worst_uncertainty_stratified_mhz
12682,155.0,10,43.04411123621472,-43.04411123621472,43.04411123621472,1.8615939449517749,3.09889790343265,4.960491848384425,38.050337079354506,0.0,0.0,29.660109882293,14.321414947509766,2.45903944661325,40.90844249725342,worst_uncertainty_stratified_mhz
11269,170.0,10,126.9629465697853,-126.9629465697853,126.9629465697853,35.995271498493,5.120655583266881,41.11592708175988,85.79878171605998,0.0,0.0,72.52759657183174,24.69253921508789,1.8498310733685928,44.13716268539429,worst_uncertainty_stratified_mhz
12710,170.0,10,80.0584204265403,-80.0584204265403,80.0584204265403,8.150659371170606,4.425363685731758,12.576023056902365,67.42608364200747,0.0,0.0,53.01342809667017,25.753259658813477,3.072051431861127,32.323522090911865,worst_uncertainty_stratified_mhz
12459,170.0,10,73.8427882887285,-73.8427882887285,73.8427882887285,2.3067288861595974,4.255430220997104,6.562159107156701,64.60465104637083,7.203709877025202,0.0,44.33130043579213,22.345138788223267,18.201562432934157,10.761231750249863,worst_uncertainty_stratified_mhz
11367,180.0,10,86.91778957211089,-86.91778957211089,86.91778957211089,7.483995284716065,4.749631965015647,12.233627249731711,74.59801688088048,0.0,0.0,61.99847102804955,23.36623191833496,1.8328597873268975,22.85063099861145,worst_uncertainty_stratified_mhz
11392,180.0,10,63.80179033812531,-63.80179033812531,63.80179033812531,2.1672218018862046,3.6307306595797373,5.7979524614659415,57.892414404382436,0.0,0.0,45.48044785963356,22.1929874420166,2.6309456474811483,15.131280660629272,worst_uncertainty_stratified_mhz
11751,180.0,10,58.303885738034396,-58.303885738034396,58.303885738034396,6.601981402820201,2.1246213087859815,8.726602711606182,49.5023071874848,0.0,0.0,38.81376223763549,20.26606559753418,1.1110243021644486,20.773589491844177,worst_uncertainty_stratified_mhz
11930,180.0,10,55.55051193238908,-55.55051193238908,55.55051193238908,1.29796431270951,1.2966391970453406,2.5946035097548505,46.85680957074142,17.03830503547123,0.0,20.19541453156279,15.247617721557617,38.07517235679965,8.279647827148438,worst_uncertainty_stratified_mhz
11265,200.0,10,37.02851551261834,-37.02851551261834,37.02851551261834,2.3585661775822033,0.6616536425390537,3.020219820121257,28.493145927612357,15.441236772992148,0.0,9.780923647930646,9.959125518798828,27.465319040564594,7.061810314655304,worst_uncertainty_stratified_mhz
11732,200.0,10,35.684737135532245,-35.684737135532245,35.684737135532245,0.6363293811633203,0.25003580386005286,0.8863651850233731,27.847528389521944,19.549856171958748,0.0,3.716098034633109,5.686642289161682,42.57621842061599,4.446095064282417,worst_uncertainty_stratified_mhz
11510,200.0,10,34.60613974277568,-34.60613974277568,34.60613974277568,0.873763599201097,0.35219873197663476,1.225962331177732,27.472674761022322,16.629218075096013,0.0,4.1394447138384685,5.581563234329224,41.084896860038484,5.827933728694916,worst_uncertainty_stratified_mhz
11339,200.0,10,32.992745382887136,-32.992745382887136,32.992745382887136,0.26056377589855845,0.20953740003516813,0.4701011759337266,26.366952462580443,17.360056892736097,0.0,2.4381272122744804,4.165903568267822,43.6917469323441,4.899631142616272,worst_uncertainty_stratified_mhz
12281,200.0,10,32.46175573460746,-32.46175573460746,32.46175573460746,0.29793850004119843,0.08521551138926856,0.383154011430467,25.889506676534317,17.492983634384178,0.0,1.5222819124179583,4.538861513137817,44.1955880150949,4.634836703538895,worst_uncertainty_stratified_mhz
11404,200.0,10,31.070926558762388,-31.070926558762388,31.070926558762388,0.5251031863480193,0.3877976547868581,0.9129008411348775,24.99906245284823,14.457208814571281,0.0,5.8851080616154885,6.247934579849243,31.979974202616237,6.129775017499924,worst_uncertainty_stratified_mhz
11220,200.0,10,30.88989388633458,-30.88989388633458,30.88989388633458,0.11138253082009342,0.1487488890770588,0.2601314198971522,23.980478734505585,18.700917000770996,0.0,1.7699079310033987,3.788834571838379,40.632307035165994,3.199171006679535,worst_uncertainty_stratified_mhz
12512,200.0,10,30.71165129486684,-30.71165129486684,30.71165129486684,0.11570691386462417,0.12296150819838815,0.2386684220630123,24.423385698728005,17.07911939713554,0.0,1.5089885518627488,3.9189207553863525,41.90987353834416,4.2709212601184845,worst_uncertainty_stratified_mhz
12572,230.0,10,28.86891579405711,-28.86891579405711,28.86891579405711,0.033470253558401684,0.017738727559298083,0.05120898111769977,22.46939897778936,18.02537720001002,0.0,0.24358536977623757,1.659433126449585,42.79219408957666,3.129571855068207,worst_uncertainty_stratified_mhz
12616,230.0,10,28.667619398102683,-28.667619398102683,28.667619398102683,0.030395360299821924,0.04870401041290353,0.07909937071272545,23.012123876298485,15.848373386826477,0.0,0.33315858853995906,1.847156047821045,43.51077452769601,4.897249221801758,worst_uncertainty_stratified_mhz
11945,230.0,10,28.115168005585808,-28.115168005585808,28.115168005585808,0.014726797009893813,0.014392831051619924,0.029119628061513737,21.766724437572957,17.994627277793644,0.0,0.053532470718892,0.6341898441314697,42.79219408957666,2.727864623069763,worst_uncertainty_stratified_mhz
12588,230.0,10,27.65596950637051,-27.65596950637051,27.65596950637051,0.055894627962990266,0.026215410276863603,0.08211003823985387,21.914851392282554,16.11837120081301,0.0,0.08597014777956158,0.8655683994293213,42.79219408957666,4.170043081045151,worst_uncertainty_stratified_mhz
12560,230.0,10,27.615958074808553,-27.615958074808553,27.615958074808553,0.0404875903644624,0.03144007179775646,0.07192766216221885,21.46738197884302,17.257583384511708,0.0,0.20692122959836112,1.2270054817199707,41.293916016769344,3.1161481738090515,worst_uncertainty_stratified_mhz
11455,230.0,10,27.338825845245424,-27.338825845245424,27.338825845245424,0.015240444884416768,0.01459181329561959,0.029832258180036358,21.03885837317173,17.83039319717134,0.0,0.08096047147502339,0.8837960958480835,41.03199970754533,2.411514714360237,worst_uncertainty_stratified_mhz
12157,230.0,10,26.88800071496083,-26.88800071496083,26.88800071496083,0.07027284730376483,0.1350766066283782,0.20534945393214304,21.75525776771483,13.983708110044978,0.0,0.5634952220373997,2.528318405151367,39.855206686203495,5.670405924320221,worst_uncertainty_stratified_mhz
12541,230.0,10,26.813530526203117,-26.813530526203117,26.813530526203117,0.007445980115980241,0.009277843854080764,0.016723823970061003,20.77438187645718,17.164532281412843,0.0,0.026159346407354178,0.4644453525543213,41.03199970754533,2.724975824356079,worst_uncertainty_stratified_mhz
11600,250.0,10,30.61212568536047,-30.61212568536047,30.61212568536047,0.16675106569247625,0.10397255970438943,0.2707236253968657,23.54919195939992,19.19772301349057,0.0,0.9102664318406033,3.1458041667938232,42.13204688832481,3.2670779526233673,worst_uncertainty_stratified_mhz
12289,250.0,10,29.98246529718065,-29.98246529718065,29.98246529718065,0.2987107643153356,0.0496653595908695,0.3483761239062051,23.69157817254262,16.872875515311296,0.0,0.5421685691776039,2.103231191635132,44.1955880150949,4.974527209997177,worst_uncertainty_stratified_mhz
11451,250.0,10,29.46375736603403,-29.46375736603403,29.46375736603403,0.05591530113472909,0.11189990208730145,0.16781520322203053,23.83438817819959,15.468600491531724,0.0,1.2727029201092677,3.719302177429199,41.40406833875144,5.932114481925964,worst_uncertainty_stratified_mhz
12510,250.0,10,28.912452411358924,-28.912452411358924,28.912452411358924,0.17192161722722607,0.11730325067902192,0.289224867906248,23.235164937641763,15.332331308457077,0.0,0.25450922613997307,1.8522491455078125,44.10906227749577,5.79961884021759,worst_uncertainty_stratified_mhz
11952,250.0,10,28.906094542917636,-28.906094542917636,28.906094542917636,0.12371838159501995,0.06266233596399448,0.18638071755901442,22.57650327027063,17.40346339297774,0.0,0.6727205238294225,2.419161319732666,41.38840417314975,3.943370997905731,worst_uncertainty_stratified_mhz
11799,250.0,10,28.432695037025123,-28.432695037025123,28.432695037025123,0.32546605788434974,0.2078847712529546,0.5333508291373044,23.062521693137832,13.680027240702467,0.0,1.8715343179820252,4.206802845001221,38.17517190531039,7.006539583206177,worst_uncertainty_stratified_mhz
12464,250.0,10,28.331973824102565,-28.331973824102565,28.331973824102565,0.06175054441935218,0.05921181792530738,0.12096236234465957,23.11852845623057,14.458291058663212,0.0,0.652818782589403,2.2752723693847656,42.65614697789757,6.296317279338837,worst_uncertainty_stratified_mhz
12532,250.0,10,28.07162688062811,-28.07162688062811,28.07162688062811,0.007519112963622269,0.019277896984573942,0.026797009948196213,21.745520493271517,17.949023728559656,0.0,0.040413062016205537,0.61802077293396,42.79219408957666,2.9302832782268524,worst_uncertainty_stratified_mhz
12248,250.0,10,27.778889579599493,-27.778889579599493,27.778889579599493,0.014751080789937506,0.026395542693242898,0.041146623483180406,21.419477405123974,17.884924013084905,0.0,0.4322983095098749,2.0733087062835693,39.90104948494463,2.807780385017395,worst_uncertainty_stratified_mhz
11277,250.0,10,27.440671347091037,-27.440671347091037,27.440671347091037,0.23283165608955936,0.06563209970784777,0.29846375579740714,22.67870136591876,12.686114354419027,0.0,0.4855782970407425,2.0693612098693848,42.31688492788665,7.455581605434418,worst_uncertainty_stratified_mhz
11699,250.0,10,27.433592252671982,-27.433592252671982,27.433592252671982,0.0590917567496434,0.11544374781973689,0.17453550456938027,22.6814508438389,12.958175871857755,0.0,1.4872376129976566,4.3148956298828125,38.07353083179967,7.217080771923065,worst_uncertainty_stratified_mhz
12175,250.0,10,27.102889062179372,-27.102889062179372,27.102889062179372,0.046272200979468846,0.028749993252305418,0.07502219423177427,21.041996695217286,17.01662851679316,0.0,0.15235485294835538,1.2191431522369385,40.56014053230092,3.2472887337207794,worst_uncertainty_stratified_mhz
12770,265.0,10,35.14361367569297,-35.14361367569297,35.14361367569297,0.501544282690458,0.9366100545856152,1.4381543372760732,30.52970942982926,8.871903933302045,0.0,12.565264195407963,8.601305961608887,27.327584507233713,12.55516529083252,worst_uncertainty_stratified_mhz
11247,265.0,10,31.125771233266967,-31.125771233266967,31.125771233266967,0.8054778685404189,0.949959923781998,1.755437792322417,25.31582535558793,11.408877231523054,0.0,6.107540782648911,7.916825294494629,30.499743851383407,10.062302470207214,worst_uncertainty_stratified_mhz
12259,265.0,10,31.121099427947538,-31.121099427947538,31.121099427947538,0.28232100217127265,0.7652935774237959,1.0476145795950687,26.84093086316719,9.048391861582303,0.0,9.499738057577868,8.858765125274658,25.823620485903987,11.743040382862091,worst_uncertainty_stratified_mhz
11503,265.0,10,30.950865368427237,-30.950865368427237,30.950865368427237,1.5539660845876433,0.7341268313539804,2.2880929159416237,25.889155478737198,7.803596593833819,0.0,4.530012695929926,5.132550239562988,37.585735326051555,12.561820149421692,worst_uncertainty_stratified_mhz
11281,265.0,10,30.850777829977044,-30.850777829977044,30.850777829977044,0.9472922615072829,0.6460116404653832,1.593303901972666,26.459823496204773,7.84449535981751,0.0,6.798512923317901,7.279681205749512,32.04293994002423,12.517008543014526,worst_uncertainty_stratified_mhz
12421,265.0,10,30.05858453362553,-30.05858453362553,30.05858453362553,0.496399772718837,0.6461765227523043,1.1425762954711414,26.926926079121017,5.57108635961086,0.0,4.765787075713888,5.641695022583008,38.68058298423125,13.921942710876465,worst_uncertainty_stratified_mhz
12652,265.0,10,28.909457095627328,-28.909457095627328,28.909457095627328,0.1732938964627865,0.25277678693436634,0.4260706833971528,25.50028636912138,8.409765346842683,0.0,3.4723975163864793,5.781275749206543,38.27450195626326,11.7397620677948,worst_uncertainty_stratified_mhz
11840,265.0,10,28.289431703595167,-28.289431703595167,28.289431703595167,0.5685412191984287,0.5568730599880976,1.1254142791865263,24.695894298442525,6.986682501904916,0.0,1.333203053533623,4.047080039978027,42.67830244983978,12.669323205947876,worst_uncertainty_stratified_mhz
11688,265.0,10,28.288551703961776,-28.288551703961776,28.288551703961776,0.5839448112418375,0.5293128490878305,1.113257660329668,25.412378949787428,4.947852841918395,0.0,3.1022720529128804,4.789517402648926,39.83069639110017,14.128320336341858,worst_uncertainty_stratified_mhz
11258,265.0,10,28.149672780914887,-28.149672780914887,28.149672780914887,0.43519711709626735,0.6045237515071661,1.0397208686034334,25.56503575545684,4.3342829927819375,0.0,2.6353827426223546,3.803725242614746,42.055580783054225,14.537556290626526,worst_uncertainty_stratified_mhz
11637,265.0,10,27.754430789011185,-27.754430789011185,27.754430789011185,0.5857478431642349,0.6522280257405629,1.237975868904798,23.240985035877756,9.276616439843858,0.0,1.5297287001954913,4.373865127563477,39.04864754380105,10.790957570075989,worst_uncertainty_stratified_mhz
11678,270.0,10,30.32373221602552,-30.32373221602552,30.32373221602552,0.019807627209913536,0.03209956391530451,0.05190719112521805,23.478721555472646,19.255945130795357,0.0,0.47818540047951696,1.8054842948913574,44.1955880150949,3.2299839556217194,worst_uncertainty_stratified_mhz
12730,270.0,10,30.291998536895328,-30.291998536895328,30.291998536895328,0.028476294424745956,0.09028782682315785,0.11876412124790381,23.64530673836096,18.468799428255647,0.0,1.022004661930466,3.451157331466675,41.795446821394314,3.958402782678604,worst_uncertainty_stratified_mhz
12264,270.0,10,30.107938287792336,-30.107938287792336,30.107938287792336,0.048214365455572554,0.1942763946555601,0.24249076011113266,24.031022700491853,16.419965345027286,0.0,4.026203163511154,6.116885423660278,33.892753650301124,5.737105280160904,worst_uncertainty_stratified_mhz
12497,270.0,10,30.034170005850584,-30.034170005850584,30.034170005850584,0.3983424180460539,0.3445658310554367,0.7429082491014907,23.88977146312655,15.279814727828299,0.0,2.0638904871789094,4.691245079040527,38.960516872854754,6.706287741661072,worst_uncertainty_stratified_mhz
11864,270.0,10,29.81611054390225,-29.81611054390225,29.81611054390225,0.13418037786874168,0.09681712980324071,0.2309975076719824,24.444712552653773,14.593083469059545,0.0,0.8948133078271212,3.25490140914917,43.84489708050413,7.20527982711792,worst_uncertainty_stratified_mhz
12106,270.0,10,29.612197789241172,-29.612197789241172,29.612197789241172,0.01805513990534623,0.05322087393682437,0.0712760138421706,22.836600824615434,19.032307022252947,0.0,0.26730915612723205,1.6278088092803955,43.51077452769601,3.004984349012375,worst_uncertainty_stratified_mhz
12540,270.0,10,28.432715903412955,-28.432715903412955,28.432715903412955,0.030519591589561374,0.0282765136389624,0.05879610522852377,21.913671127463214,18.391870585988382,0.0,0.07095242625703602,0.8932433128356934,42.79219408957666,2.8835342824459076,worst_uncertainty_stratified_mhz
12669,280.0,10,30.822961459138966,-30.822961459138966,30.822961459138966,0.04884439781033054,0.12778872247075315,0.1766331202810837,23.954092473518344,18.914707805225813,0.0,1.2804730183395634,3.3956298828125,41.95160902754506,3.9242931604385376,worst_uncertainty_stratified_mhz
12134,280.0,10,30.260650167722673,-30.260650167722673,30.260650167722673,0.012276286301237673,0.015877494471874674,0.028153780773112348,22.928741629522243,20.707310981566863,0.0,0.16363255611404504,1.3346301317214966,44.1955880150949,1.7995757311582565,worst_uncertainty_stratified_mhz
12253,280.0,10,30.163901021158004,-30.163901021158004,30.163901021158004,0.05827704150205021,0.05572343825040656,0.11400047975245677,22.825012272647005,20.41254281866674,0.0,0.4289698853179329,1.999890685081482,42.79219408957666,2.034074231982231,worst_uncertainty_stratified_mhz
12225,280.0,10,28.83240501110302,-28.83240501110302,28.83240501110302,0.1273292697198146,0.17879470093295197,0.30612397065276653,22.957528648005937,15.799519376413457,0.0,0.8105913251137622,2.8873534202575684,41.40652122552678,5.783108472824097,worst_uncertainty_stratified_mhz
12215,280.0,10,28.80881477690621,-28.80881477690621,28.80881477690621,0.022194632999572902,0.023203927009295647,0.04539856000886855,22.025931416814707,19.14912285569314,0.0,0.11506052635376918,1.0295476913452148,42.79219408957666,2.402864992618561,worst_uncertainty_stratified_mhz
12544,280.0,10,28.197802286743052,-28.197802286743052,28.197802286743052,0.05334143000873598,0.014151431890636185,0.06749286189937216,21.4709246277734,18.940689774973116,0.0,0.06961836981922076,0.8688850402832031,41.933727475625155,2.18831604719162,worst_uncertainty_stratified_mhz
11977,300.0,10,29.34154602659843,-29.34154602659843,29.34154602659843,0.05000532384128332,0.04858399097387239,0.0985893148151557,22.785639134629616,18.31469899606784,0.0,0.5017113430152511,2.032025098800659,42.53583048442807,3.753825932741165,worst_uncertainty_stratified_mhz
11665,300.0,10,29.22327515061708,-29.22327515061708,29.22327515061708,0.031976819738961604,0.01961590552577405,0.051592725264735656,22.681334864477474,18.4494007453219,0.0,0.21852844360127133,1.4148383140563965,43.51077452769601,3.5353027880191803,worst_uncertainty_stratified_mhz
12250,300.0,10,29.04001753239401,-29.04001753239401,29.04001753239401,0.015172429199897445,0.008873230747256884,0.02404565994715433,22.168156521468664,19.501577666703902,0.0,0.041117953207788105,0.7657525539398193,43.48832458258193,2.2770302295684814,worst_uncertainty_stratified_mhz
11382,300.0,10,29.035971904721354,-29.035971904721354,29.035971904721354,0.035353178070057494,0.015410275575679862,0.05076345364573735,22.410533193257297,18.668251548535917,0.0,0.26861765271853866,1.4916369915008545,42.79219408957666,3.176751345396042,worst_uncertainty_stratified_mhz
11395,300.0,10,29.023065000000855,-29.023065000000855,29.023065000000855,0.015974157098642406,0.00821692095404962,0.024191078052692026,22.08997781894574,19.61971769690252,0.0,0.1285645142964169,1.1306325197219849,42.79219408957666,2.1345381438732147,worst_uncertainty_stratified_mhz
11512,300.0,10,27.934320615136183,-27.934320615136183,27.934320615136183,0.012602741447963924,0.01997674003168175,0.03257948147964568,21.321929866328535,18.651798395806566,0.0,0.24598825279445702,1.5195761919021606,40.632307035165994,2.3991605937480927,worst_uncertainty_stratified_mhz
