candidate_id,mhz,k,badness,quality_score,uncertainty,heatmap_mc_mse,decoder_mc_rce,epistemic_score,disagreement_score,prior_tension_score,peak_bias_score,p99_var,p99_mc_range,peak_loc_spread_px,pred_p99_mean,selected_reason
403,120.0,3,79.70137428799907,-79.70137428799907,79.70137428799907,0.14990890099242313,5.153038108413965,5.302947009406388,73.51832755663104,1.9003829429760768,0.0,51.6013436192898,22.998676300048828,20.83529157463365,8.354132533073425,worst_uncertainty_stratified_mhz
1461,120.0,3,56.06514262694361,-56.06514262694361,56.06514262694361,0.9986439673840147,3.0562094515123435,4.054853418896358,47.46905493371892,12.463355281015833,0.0,21.650997349260628,14.884627103805542,36.75148806511105,6.496516734361649,worst_uncertainty_stratified_mhz
601,120.0,3,40.415407680255335,-40.415407680255335,40.415407680255335,0.6032780531898283,2.0704061825317868,2.6736842357216153,32.46255996857159,14.63999282980998,0.0,9.665345413135512,8.842941045761108,36.75148806511105,5.0090131759643555,worst_uncertainty_stratified_mhz
1554,150.0,3,23.90656679498423,-23.90656679498423,23.90656679498423,0.015917892252585983,0.008975349677298818,0.0248932419298848,19.88447954904863,11.36135208280607,0.0,0.14163369748865762,1.2111897468566895,38.27450195626326,4.540642499923706,worst_uncertainty_stratified_mhz
1129,150.0,3,22.34115393742023,-22.34115393742023,22.34115393742023,0.12511223252718365,0.018963721702859114,0.14407595423004277,18.50130721649275,10.4617054523003,0.0,0.403376568984811,2.212639331817627,33.983221963198254,4.6462366580963135,worst_uncertainty_stratified_mhz
1519,150.0,3,22.323521356793595,-22.323521356793595,22.323521356793595,0.007344183021227846,0.00923161995259957,0.016575802973827415,18.91695053274305,9.643809947650713,0.0,0.09249913262010523,1.110609531402588,36.538293268843304,5.1859612464904785,worst_uncertainty_stratified_mhz
649,150.0,3,19.9224963321804,-19.9224963321804,19.9224963321804,0.026883571870207974,0.03603835687859978,0.06292192874880775,16.442878246598504,9.676102614170146,0.0,0.27751605124585055,1.8309805393218994,30.499743851383407,4.381184995174408,worst_uncertainty_stratified_mhz
268,155.0,3,26.606606954049774,-26.606606954049774,26.606606954049774,0.02386479376338792,0.011429448232898402,0.03529424199628632,22.851124469217684,10.566226465975635,0.0,0.26876756923836354,1.676389217376709,43.48832458258193,5.888823390007019,worst_uncertainty_stratified_mhz
907,155.0,3,26.60327680349986,-26.60327680349986,26.60327680349986,0.0600548233792832,0.026530951915820965,0.08658577529510417,22.97519915486933,10.067860451294852,0.0,0.1912214562971002,1.3723673820495605,44.1955880150949,6.162219882011414,worst_uncertainty_stratified_mhz
1046,155.0,3,25.77920025097079,-25.77920025097079,25.77920025097079,0.03581792245105274,0.01757347719081806,0.0533913996418708,22.36790697624196,9.538504454957447,0.0,0.2384370047415949,1.4667458534240723,42.79219408957666,6.284326612949371,worst_uncertainty_stratified_mhz
700,155.0,3,25.416193602972545,-25.416193602972545,25.416193602972545,0.03835459889315363,0.013880816553196722,0.05223541544635035,22.185132136620123,9.054664367690098,0.0,0.06316081019582498,0.7331681251525879,43.51077452769601,6.481600284576416,worst_uncertainty_stratified_mhz
443,155.0,3,24.79736899269856,-24.79736899269856,24.79736899269856,0.007413418088542532,0.01662371165104908,0.02403712973959161,21.244003264438128,10.021383175900633,0.0,0.2555358182510048,1.344627857208252,40.632307035165994,5.78527557849884,worst_uncertainty_stratified_mhz
492,155.0,3,24.714957599074673,-24.714957599074673,24.714957599074673,0.03987694698348815,0.023005599084789004,0.06288254606827715,21.21838552751187,9.774922318332107,0.0,0.08693568779368377,0.8744955062866211,41.38840417314975,5.912716507911682,worst_uncertainty_stratified_mhz
455,155.0,3,24.134300840636303,-24.134300840636303,24.134300840636303,0.05936754116263295,0.011474223878186689,0.07084176504081964,20.981547856396205,8.781284458517131,0.0,0.04652727553228431,0.5761251449584961,41.293916016769344,6.3729177713394165,worst_uncertainty_stratified_mhz
1155,155.0,3,19.549526122939724,-19.549526122939724,19.549526122939724,0.010466807156281637,0.01719660554844015,0.027663412704721786,16.508817497207403,8.552167645700072,0.0,0.1749129924314019,1.167809009552002,31.5,5.2842243909835815,worst_uncertainty_stratified_mhz
1102,170.0,3,27.685109582328483,-27.685109582328483,27.685109582328483,0.035900499583458374,0.06717676057254982,0.10307726015600818,23.20599172369436,12.406552152566755,0.0,0.5731106975827878,2.4735679626464844,42.79219408957666,5.60815042257309,worst_uncertainty_stratified_mhz
1332,170.0,3,25.881634318007382,-25.881634318007382,25.881634318007382,0.009764811158781474,0.00690617060199286,0.016670981760774334,20.667038559757057,14.810112472852037,0.0,0.03839234393771207,0.6971518993377686,40.56014053230092,3.405179798603058,worst_uncertainty_stratified_mhz
976,170.0,3,21.574362224642172,-21.574362224642172,21.574362224642172,0.021685304234100585,0.0060367212865586484,0.027722025520659235,17.22165399585563,12.330612700627743,0.0,0.016068896023774037,0.4279482364654541,33.983221963198254,3.417991191148758,worst_uncertainty_stratified_mhz
1529,180.0,3,27.64760868087698,-27.64760868087698,27.64760868087698,0.04443773005471497,0.05290975533985762,0.09734748539457258,23.11262521913339,12.59277005942266,0.0,0.4862582654400285,2.4605398178100586,42.79219408957666,5.778953790664673,worst_uncertainty_stratified_mhz
1158,180.0,3,25.569489376354692,-25.569489376354692,25.569489376354692,0.5883457891792706,0.0669752957117857,0.6553210848910563,21.10140783772115,10.801609201433106,0.0,0.6710579330453328,2.586197853088379,38.27450195626326,6.360649466514587,worst_uncertainty_stratified_mhz
1435,180.0,3,25.1214635853108,-25.1214635853108,25.1214635853108,0.26459497220021494,0.049376563882085826,0.3139715360823008,20.283957922579386,12.840725611811191,0.0,0.31099975679516945,1.6714143753051758,38.27450195626326,4.76153028011322,worst_uncertainty_stratified_mhz
953,180.0,3,24.459702548181532,-24.459702548181532,24.459702548181532,0.02324752569345258,0.01759809636517492,0.040845622058627504,19.850912239676372,12.986308231188827,0.0,0.15928346727899534,1.1087555885314941,38.27450195626326,4.388295978307724,worst_uncertainty_stratified_mhz
295,200.0,3,27.99849300350034,-27.99849300350034,27.99849300350034,0.061144974969151396,0.01419637889826898,0.07534135386742037,22.631872886772424,15.071640805354589,0.0,0.09072474943371489,0.8867082595825195,44.1955880150949,4.64694756269455,worst_uncertainty_stratified_mhz
1417,200.0,3,27.828633974839406,-27.828633974839406,27.828633974839406,0.64421736632504,0.0414122462461355,0.6856296125711755,22.54902092870703,13.059503227842297,0.0,0.31417566728967117,1.6774964332580566,42.79219408957666,6.051155149936676,worst_uncertainty_stratified_mhz
1381,200.0,3,27.208378700998345,-27.208378700998345,27.208378700998345,0.2656044826489887,0.07634023414824558,0.3419447167972343,22.656752664195974,11.926420134995992,0.0,0.8896735880021787,2.97401762008667,40.56014053230092,6.654751360416412,worst_uncertainty_stratified_mhz
701,200.0,3,26.76630015903777,-26.76630015903777,26.76630015903777,0.14219782977280268,0.05599638735777453,0.19819421713057722,21.542787883810163,14.274233746617028,0.0,0.31090424747563983,1.8314602375030518,40.632307035165994,4.751697510480881,worst_uncertainty_stratified_mhz
74,200.0,3,26.371844609044395,-26.371844609044395,26.371844609044395,0.06791535721843205,0.025902386425133345,0.09381774364356539,21.539214990456404,13.49981203153682,0.0,0.08312371930337292,0.9784550666809082,41.933727475625155,5.193810820579529,worst_uncertainty_stratified_mhz
1056,200.0,3,26.093796197763993,-26.093796197763993,26.093796197763993,0.055227825696133354,0.029249719855384274,0.08447754555151762,21.15202008065694,13.816550924526902,0.0,0.17268624181360792,1.3985271453857422,40.56014053230092,4.830747365951538,worst_uncertainty_stratified_mhz
1474,200.0,3,24.301934133114745,-24.301934133114745,24.301934133114745,0.12357582353120705,0.028921626288082845,0.1524974498192899,19.871676330273868,12.173804548707242,0.0,0.13456635288991947,1.1997179985046387,38.27450195626326,5.417302370071411,worst_uncertainty_stratified_mhz
1137,200.0,3,24.215615005206153,-24.215615005206153,24.215615005206153,0.3223897946610919,0.1303024347508848,0.45269222941197673,19.463182338609233,12.16453457828186,0.0,0.82560272072703,3.148556709289551,34.126602526474855,5.388819396495819,worst_uncertainty_stratified_mhz
212,230.0,3,28.990691212496287,-28.990691212496287,28.990691212496287,0.175753470976573,0.12537104641973434,0.30112451739630736,23.09906518048731,15.81803406619379,0.0,1.2073564245312696,2.9195046424865723,40.86391286942551,5.069228649139404,worst_uncertainty_stratified_mhz
896,230.0,3,28.784424653751397,-28.784424653751397,28.784424653751397,0.054812646885331766,0.023979106194204937,0.0787917530795367,22.627809020070753,17.31343365953608,0.0,0.07222737958110415,0.9155752658843994,44.1955880150949,3.707510769367218,worst_uncertainty_stratified_mhz
516,230.0,3,28.469491272543074,-28.469491272543074,28.469491272543074,0.2428111586110738,0.14932582479155687,0.3921369834026307,23.45365518234431,13.11774108452378,0.0,0.8314472522503387,2.5642828941345215,42.68013296605342,7.01635080575943,worst_uncertainty_stratified_mhz
1276,230.0,3,28.299753459678897,-28.299753459678897,28.299753459678897,0.020628106524082254,0.03360033745083887,0.05422844397492112,22.563743749852012,16.13909743973281,0.0,0.3511637294092651,1.7007524967193604,42.724407544166134,4.476144313812256,worst_uncertainty_stratified_mhz
126,230.0,3,27.944132462667127,-27.944132462667127,27.944132462667127,0.06614481563031101,0.013010820454902363,0.07915563608521337,21.704036163870118,17.5566829290231,0.0,0.038089222650817156,0.5396997928619385,42.79219408957666,3.0301980674266815,worst_uncertainty_stratified_mhz
1516,230.0,3,27.93697437823937,-27.93697437823937,27.93697437823937,0.18564433963010926,0.09052567437652437,0.27617001400663366,22.533001824822506,14.571365937760206,0.0,0.3933761698956708,2.3455238342285156,41.933727475625155,5.63530296087265,worst_uncertainty_stratified_mhz
679,230.0,3,27.085055535767392,-27.085055535767392,27.085055535767392,0.01224487182269022,0.013935564653565831,0.02618043647625605,21.350924503467983,16.244485754651105,0.0,0.11273892778812122,0.9831488132476807,41.49322233811204,3.750641793012619,worst_uncertainty_stratified_mhz
786,230.0,3,26.62969059394628,-26.62969059394628,26.62969059394628,0.07482176673533646,0.0706853992555983,0.14550716599093477,21.599883519783813,13.874105022740908,0.0,0.41071295952019327,1.8182005882263184,40.56014053230092,5.64878112077713,worst_uncertainty_stratified_mhz
72,250.0,3,32.86591223603229,-32.86591223603229,32.86591223603229,0.32869544874227136,0.37072014729875197,0.6994155960410233,27.80152001063116,12.332223332613657,0.0,3.3842454663856643,6.247138977050781,42.587410111440214,9.44399356842041,worst_uncertainty_stratified_mhz
1525,250.0,3,30.179773884703003,-30.179773884703003,30.179773884703003,0.1747178924053077,0.20806017489216555,0.3827780672974732,25.485570395479133,12.2200175341009,0.0,1.46193327350613,4.509933948516846,43.53734029542916,8.78217202425003,worst_uncertainty_stratified_mhz
869,250.0,3,29.340080874845135,-29.340080874845135,29.340080874845135,0.13876948404315062,0.115446226102688,0.2542157101458386,24.292725479468828,13.594467324970775,0.0,1.087074294736535,3.685797691345215,42.72550467811937,7.431184709072113,worst_uncertainty_stratified_mhz
816,250.0,3,29.33948391483223,-29.33948391483223,29.33948391483223,0.053851908373281125,0.08748381997849126,0.14133572835177238,23.926012816839442,14.968788691678697,0.0,0.6939117428567521,2.5326147079467773,43.9315874400186,6.299384415149689,worst_uncertainty_stratified_mhz
1142,250.0,3,29.243528070316305,-29.243528070316305,29.243528070316305,0.13345529485297328,0.1683688855296292,0.3018241803826025,23.731001471921324,14.776859028170378,0.0,0.9927467075853968,3.0280113220214844,42.44849820665037,6.4195979833602905,worst_uncertainty_stratified_mhz
476,250.0,3,29.204701901787384,-29.204701901787384,29.204701901787384,0.47038422943064867,0.07825379896959424,0.5486380284002429,24.159141760408506,12.770357371248389,0.0,0.7710433769404972,2.9312996864318848,43.84489708050413,8.041998147964478,worst_uncertainty_stratified_mhz
1052,250.0,3,28.832132670498446,-28.832132670498446,28.832132670498446,0.11376702862704989,0.19409001205991627,0.3078570406869662,24.046351050413026,12.683130607382024,0.0,1.5365756135749074,3.754591464996338,41.2649594086799,7.98109096288681,worst_uncertainty_stratified_mhz
521,250.0,3,28.763744487876682,-28.763744487876682,28.763744487876682,0.2486882556265867,0.1218497996934553,0.370538055320042,23.2875743781093,14.472528187323825,0.0,1.0857128329105556,3.390958309173584,41.01276478122391,6.472349226474762,worst_uncertainty_stratified_mhz
1565,250.0,3,28.661830389732888,-28.661830389732888,28.661830389732888,0.32105292435437,0.1664179939524852,0.4874709183068552,23.65998694864535,12.817768314007125,0.0,0.7737033490004954,2.6421327590942383,43.13043444019547,7.810756742954254,worst_uncertainty_stratified_mhz
326,250.0,3,28.530504529185684,-28.530504529185684,28.530504529185684,0.1965595334162852,0.156242396400716,0.3528019298170012,24.092439846473827,11.570931842739178,0.0,1.5444086662732275,4.347787857055664,40.748274503345534,8.767362833023071,worst_uncertainty_stratified_mhz
51,250.0,3,28.22889545032718,-28.22889545032718,28.22889545032718,0.3945783652559784,0.14769137565568555,0.5422697409116639,23.905528765558568,10.732857758916813,0.0,0.8433645914679886,2.862227439880371,43.26210090830079,9.334054827690125,worst_uncertainty_stratified_mhz
52,250.0,3,28.215872310935836,-28.215872310935836,28.215872310935836,0.0029383504864261556,0.0019817964216469145,0.00492014690807307,21.631899592616513,18.75377106304188,0.0,0.018386797801479338,0.43483150005340576,42.79219408957666,2.2254415303468704,worst_uncertainty_stratified_mhz
591,265.0,3,31.01270839976577,-31.01270839976577,31.01270839976577,0.24274310389604192,0.33487952581048264,0.5776226297065246,28.438762576685,5.599501870729898,0.0,4.187404348122243,4.66209602355957,43.840620433565945,14.016800165176392,worst_uncertainty_stratified_mhz
154,265.0,3,30.35972275430623,-30.35972275430623,30.35972275430623,0.6168767507458194,0.4725553574132978,1.0894321081591172,27.333372121494342,5.4332564018135505,0.0,3.9300127933563545,6.340876579284668,40.46584207699131,14.048287391662598,worst_uncertainty_stratified_mhz
1493,265.0,3,29.686971052267765,-29.686971052267765,29.686971052267765,0.4156432666898977,0.39714540975189383,0.8127886764417915,27.08982082097255,5.015525379500836,0.0,2.7170689889840105,4.989968299865723,43.75553536411136,14.245472431182861,worst_uncertainty_stratified_mhz
775,265.0,3,29.613992982084785,-29.613992982084785,29.613992982084785,0.7802889362926427,0.3980532124973195,1.1783421487899624,26.606856610029315,5.1453457516086685,0.0,2.498241046913094,4.359506607055664,43.85772451917678,14.151153206825256,worst_uncertainty_stratified_mhz
471,265.0,3,29.474954784380888,-29.474954784380888,29.474954784380888,0.7638406647965384,0.4250307863502073,1.1888714511467458,26.92572380997968,3.8088448987012806,0.0,2.6806776801078627,4.557082176208496,43.93301008353514,15.013286828994751,worst_uncertainty_stratified_mhz
537,265.0,3,28.937336908885364,-28.937336908885364,28.937336908885364,0.9728406112777505,0.7553909315902143,1.7282315428679649,25.005288569671404,6.178813565638268,0.0,4.852520458866692,6.350832939147949,33.95470328246147,13.356380581855774,worst_uncertainty_stratified_mhz
114,265.0,3,28.725938251630453,-28.725938251630453,28.725938251630453,0.6005743607599259,0.32430847057395135,0.9248828313338773,25.289308846339704,7.073994158318981,0.0,3.3081738769666202,5.68776798248291,38.27450195626326,12.684161067008972,worst_uncertainty_stratified_mhz
1569,265.0,3,28.31923798860743,-28.31923798860743,28.31923798860743,0.5044031630313793,0.6073071082462137,1.111710271277593,24.616617777631745,7.302115027876522,0.0,3.0636625724177975,4.9845991134643555,38.12131129696354,12.442053318023682,worst_uncertainty_stratified_mhz
60,265.0,3,27.81726817309111,-27.81726817309111,27.81726817309111,0.18147173594112617,0.28279864616657896,0.4642703821077051,25.576871513940514,4.978091404701559,0.0,3.606287425086734,5.849994659423828,38.09117351828373,14.048401474952698,worst_uncertainty_stratified_mhz
234,265.0,3,27.699888634085195,-27.699888634085195,27.699888634085195,1.8902318176457784,0.2894599545611944,2.1796917722069726,24.498869988003246,2.8646307777735953,0.0,1.3451243601002716,3.402254104614258,42.90523715119169,15.50022268295288,worst_uncertainty_stratified_mhz
1303,265.0,3,27.478603935570465,-27.478603935570465,27.478603935570465,0.1865740389259358,0.4490891655606171,0.6356632044865529,25.33786964832463,4.23907644466295,0.0,1.546526943717467,3.9109697341918945,43.67171567502243,14.531823754310608,worst_uncertainty_stratified_mhz
1083,270.0,3,33.241079211542484,-33.241079211542484,33.241079211542484,0.040552178767023946,0.0866395704895279,0.12719174925655186,26.053832566633968,19.931645811298395,0.0,2.032349330098281,4.110667705535889,43.932298767535485,4.243939697742462,worst_uncertainty_stratified_mhz
1021,270.0,3,31.47750817505215,-31.47750817505215,31.47750817505215,0.5770381556435581,0.24796256593382493,0.825000721577383,25.323670025413048,15.08060124009515,0.0,2.2879053449793467,4.020407199859619,42.05112216100778,7.4692482352256775,worst_uncertainty_stratified_mhz
479,270.0,3,31.100664366617988,-31.100664366617988,31.100664366617988,0.062156943824032605,0.10051539108395868,0.1626723349079913,24.60059171351845,17.940530815534256,0.0,1.2907715246480471,3.442678928375244,43.176961449365564,4.8790276646614075,worst_uncertainty_stratified_mhz
414,270.0,3,30.81273345328749,-30.81273345328749,30.81273345328749,0.5327685314038398,0.18450305943120385,0.7172715908350437,24.729355199538986,15.205649900733627,0.0,1.5712652321540048,3.684032440185547,42.632147494584416,7.101314187049866,worst_uncertainty_stratified_mhz
831,270.0,3,30.458499885186836,-30.458499885186836,30.458499885186836,0.050718962073399314,0.09540212470333444,0.14612108677673374,24.164595633581712,17.42285170343241,0.0,0.9963131487092163,3.692690849304199,42.64387412044079,5.012320458889008,worst_uncertainty_stratified_mhz
602,270.0,3,29.8964458360022,-29.8964458360022,29.8964458360022,0.1638922058071224,0.20301401392172125,0.36690621972884363,23.904854312278708,15.959345130036928,0.0,0.8856979947242642,3.2461185455322266,42.79219408957666,6.046043813228607,worst_uncertainty_stratified_mhz
1501,270.0,3,29.75357084837305,-29.75357084837305,29.75357084837305,0.12933813350624354,0.13345308201691936,0.26279121552316287,24.82425416688201,13.243375764194175,0.0,1.0882718162045535,3.628849506378174,43.84311519497674,8.320606708526611,worst_uncertainty_stratified_mhz
1076,280.0,3,29.91389386524677,-29.91389386524677,29.91389386524677,0.18683590175784995,0.1606516008660867,0.3474875026239367,23.257325324649077,17.759496598448223,0.0,2.818886645131861,5.163172006607056,35.713705352427375,4.50086835026741,worst_uncertainty_stratified_mhz
1098,280.0,3,29.80568951613494,-29.80568951613494,29.80568951613494,0.03601240384724837,0.06204897667528036,0.09806138052252872,23.29404046300463,18.153165895802513,0.0,0.9479660116141551,2.8025991916656494,41.8895497111153,4.0581935942173,worst_uncertainty_stratified_mhz
1406,280.0,3,29.682326654972137,-29.682326654972137,29.682326654972137,0.022502919882419693,0.03416257857129339,0.056665498453713076,23.021549792288422,18.726417962071167,0.0,0.4648593570353077,2.3211867809295654,42.79219408957666,3.4182537496089935,worst_uncertainty_stratified_mhz
257,280.0,3,29.14889330631376,-29.14889330631376,29.14889330631376,0.04376509148473073,0.027801833685968506,0.07156692517069924,22.54989125499707,18.505812599872588,0.0,0.4427123470552061,1.8708961009979248,42.343461714885805,3.300381302833557,worst_uncertainty_stratified_mhz
781,280.0,3,28.80407346736828,-28.80407346736828,28.80407346736828,0.028234975183471327,0.02194588823476351,0.05018086341823484,22.202876310491217,18.653293455777742,0.0,0.06825472011272549,0.7809185981750488,43.48832458258193,2.920552045106888,worst_uncertainty_stratified_mhz
1560,280.0,3,28.41718401280334,-28.41718401280334,28.41718401280334,0.010911640736260384,0.01944691467420178,0.030358555410462167,22.549466834269776,16.595754512780356,0.0,0.303753857970519,1.6992318630218506,42.79219408957666,4.776801973581314,worst_uncertainty_stratified_mhz
76,300.0,3,30.386058118962904,-30.386058118962904,30.386058118962904,0.09014448584771532,0.07953657221457526,0.16968105806229059,23.56685748779186,18.843799210854783,0.0,0.7062483952876226,2.5965805053710938,43.12463767963738,3.8770446479320526,worst_uncertainty_stratified_mhz
801,300.0,3,28.816158498197822,-28.816158498197822,28.816158498197822,0.01889462149352795,0.018035666534792206,0.03693028802832016,22.30518375706059,18.374390287023648,0.0,0.330285471937259,1.6689276695251465,42.280868900721515,3.3406962156295776,worst_uncertainty_stratified_mhz
1479,300.0,3,28.718577932532916,-28.718577932532916,28.718577932532916,0.014344767986088238,0.021926626645302004,0.036271394631390244,22.30957942656799,18.1097679184094,0.0,0.23838233878820514,1.4179866313934326,42.724407544166134,3.557765692472458,worst_uncertainty_stratified_mhz
252,300.0,3,27.382188597611922,-27.382188597611922,27.382188597611922,0.02457314276258511,0.04047293398606933,0.06504607674865444,21.11754895953698,17.58836167237903,0.0,0.31154907519602304,1.4702587127685547,40.14174105591336,3.195583164691925,worst_uncertainty_stratified_mhz
882,300.0,3,25.29712418557603,-25.29712418557603,25.29712418557603,0.017101770114646624,0.05496802883328736,0.07206979894793399,19.41103137251611,16.414670946502074,0.0,0.6796579907303624,2.644692897796631,34.818053865774864,2.991854667663574,worst_uncertainty_stratified_mhz
827,300.0,3,24.602297173275964,-24.602297173275964,24.602297173275964,0.13432976361506674,0.044578840248269753,0.17890860386333649,18.959128022876158,15.480337068248364,0.0,0.44145635956349505,2.272306203842163,34.76303712278316,3.599830836057663,worst_uncertainty_stratified_mhz
2862,120.0,4,69.2407426562871,-69.2407426562871,69.2407426562871,0.15559102124568294,3.135647619892773,3.291238641138456,65.82819570167598,0.0,0.0,43.73617375435897,23.769588232040405,20.414455662593603,13.629183441400528,worst_uncertainty_stratified_mhz
2059,120.0,4,55.39575537910435,-55.39575537910435,55.39575537910435,0.979799248908523,3.838520666792765,4.818319915701288,50.46664149823749,0.0,0.0,31.627639231201442,17.173431873321533,20.504572660750576,12.689873456954956,worst_uncertainty_stratified_mhz
2382,120.0,4,51.70658948996973,-51.70658948996973,51.70658948996973,0.9366094818859372,3.424390636894067,4.361000118780004,47.2219112620087,0.0,0.0,26.04831295122429,15.067396402359009,27.279800219209818,10.316609025001526,worst_uncertainty_stratified_mhz
2055,150.0,4,28.367056033830227,-28.367056033830227,28.367056033830227,0.015471354534014596,0.00906170217342614,0.024533056707440735,22.92408548786117,15.399962234784063,0.0,0.1570879604925528,1.338407039642334,44.1955880150949,3.482718676328659,worst_uncertainty_stratified_mhz
2588,150.0,4,27.869219456588493,-27.869219456588493,27.869219456588493,0.004810832076470068,0.009680313079442063,0.01449114515591213,22.465122803783228,15.291492862448502,0.0,0.2595696489942858,1.6189122200012207,42.79219408957666,3.389030307531357,worst_uncertainty_stratified_mhz
1603,150.0,4,27.27084114429107,-27.27084114429107,27.27084114429107,0.004685169557887023,0.014291503067052562,0.018976672624939586,22.039914466317835,14.821218443159099,0.0,0.11606716785213589,1.0555005073547363,42.79219408957666,3.473052591085434,worst_uncertainty_stratified_mhz
2377,150.0,4,26.15963560348451,-26.15963560348451,26.15963560348451,0.015892949865208457,0.012028561752386938,0.027921511617595395,21.48896442795576,13.190559908012231,0.0,0.18209097233598115,1.3198308944702148,41.293916016769344,4.0946319699287415,worst_uncertainty_stratified_mhz
2828,155.0,4,26.68689359031718,-26.68689359031718,26.68689359031718,0.046044747238388854,0.026819754644535152,0.07286450188292401,23.039305987556844,10.157461976514101,0.0,0.2312868747237502,1.420450210571289,44.1955880150949,6.130652546882629,worst_uncertainty_stratified_mhz
1655,155.0,4,25.89624426344947,-25.89624426344947,25.89624426344947,0.024497562882912414,0.017093026511425708,0.04159058939433812,22.278290994483832,10.163959577895135,0.0,0.204474118228827,1.3554396629333496,42.79219408957666,5.9571093916893005,worst_uncertainty_stratified_mhz
2689,155.0,4,25.12376674299872,-25.12376674299872,25.12376674299872,0.016828426312670352,0.01829448994825537,0.03512291626092572,21.964745879118603,8.892159986056715,0.0,0.0920362664286607,0.9532251358032227,42.79219408957666,6.5146889090538025,worst_uncertainty_stratified_mhz
2393,155.0,4,24.74507782724363,-24.74507782724363,24.74507782724363,0.016095160769364607,0.015651673380942227,0.03174683415030684,21.444375884684597,9.276761430008195,0.0,0.30141153030960766,1.6536216735839844,40.632307035165994,6.213718771934509,worst_uncertainty_stratified_mhz
1960,155.0,4,24.71179105723112,-24.71179105723112,24.71179105723112,0.04968534938458862,0.01552140948336877,0.06520675886795739,21.27680375404875,9.573867373617801,0.0,0.20850446925383892,1.5042915344238281,40.632307035165994,6.031380772590637,worst_uncertainty_stratified_mhz
3157,155.0,4,24.573666070000847,-24.573666070000847,24.573666070000847,0.023782655170616257,0.02697962206178452,0.050762277232400774,21.10070754059744,9.727790147925703,0.0,0.17040972775508578,1.300455093383789,40.56014053230092,5.9074729681015015,worst_uncertainty_stratified_mhz
3128,155.0,4,23.68160178306648,-23.68160178306648,23.68160178306648,0.13258057995961994,0.029188665617700022,0.16176924557731998,20.179007069819562,9.494683671500923,0.0,0.17026385061477356,1.243300437927246,38.77418600048233,5.832666277885437,worst_uncertainty_stratified_mhz
3119,155.0,4,22.615978226792095,-22.615978226792095,22.615978226792095,0.00996507569204717,0.01145306789464153,0.021418143586688698,19.66477262719662,8.339637260872962,0.0,0.07570795125004892,0.9036273956298828,38.27450195626326,6.302462995052338,worst_uncertainty_stratified_mhz
2654,170.0,4,27.68437744895322,-27.68437744895322,27.68437744895322,0.012003044608245887,0.009992091087390539,0.021995135695636426,22.596154230109477,14.426355628944412,0.0,0.08717710374183696,0.8223662376403809,44.1955880150949,4.341102242469788,worst_uncertainty_stratified_mhz
1811,170.0,4,27.53274892803708,-27.53274892803708,27.53274892803708,0.0325630121605015,0.017174903751906778,0.04973791591240828,22.70320926425212,13.605640490972172,0.0,0.11804142781673121,0.9747476577758789,44.1955880150949,4.817979395389557,worst_uncertainty_stratified_mhz
1910,170.0,4,24.586044521709333,-24.586044521709333,24.586044521709333,0.028219849227505287,0.01871391817317656,0.04693376740068185,19.996360091745156,12.916345308292048,0.0,0.14123577872888315,1.435746669769287,38.27450195626326,4.264830023050308,worst_uncertainty_stratified_mhz
1733,180.0,4,27.209192125971924,-27.209192125971924,27.209192125971924,0.10765223922471029,0.025338399780763056,0.13299063900547334,21.688862917151994,15.303404225479982,0.0,0.22184679516146844,1.5456280708312988,41.38840417314975,3.780498743057251,worst_uncertainty_stratified_mhz
2687,180.0,4,27.082335140912527,-27.082335140912527,27.082335140912527,0.05206173589931773,0.03260935885367187,0.08467109475298959,21.256692124693053,16.29909111604146,0.0,0.1892114500894877,1.5026543140411377,40.632307035165994,2.9965834617614746,worst_uncertainty_stratified_mhz
2630,180.0,4,26.038247546167366,-26.038247546167366,26.038247546167366,0.021024464554718226,0.00924248884600606,0.030266953400724286,20.786134268528563,14.869550259749058,0.0,0.06392315473890164,0.8121151924133301,40.632307035165994,3.611090898513794,worst_uncertainty_stratified_mhz
2267,180.0,4,24.90929352098778,-24.90929352098778,24.90929352098778,0.015168007797987526,0.010618524241173733,0.02578653203916126,19.933060548147235,14.076168001662083,0.0,0.12585312432163587,1.3399128913879395,38.27450195626326,3.728384107351303,worst_uncertainty_stratified_mhz
2648,200.0,4,28.81565845434861,-28.81565845434861,28.81565845434861,0.008789732996521174,0.022504354746594842,0.03129408774311602,22.3641703236144,18.19652384430374,0.0,0.28875067846138247,1.3586452007293701,42.79219408957666,2.613051801919937,worst_uncertainty_stratified_mhz
1982,200.0,4,28.416653322149617,-28.416653322149617,28.416653322149617,0.0431686790490707,0.032008884979020574,0.07517756402809128,22.75047056457435,15.86554058325268,0.0,0.4136454514342738,1.8814561367034912,42.79219408957666,4.223932921886444,worst_uncertainty_stratified_mhz
3017,200.0,4,28.27782947327263,-28.27782947327263,28.27782947327263,0.0820262521175401,0.059827679856659204,0.1418539319741993,23.244101428294908,13.910572242609165,0.0,0.2694129467179174,1.753788948059082,44.1955880150949,5.59952849149704,worst_uncertainty_stratified_mhz
1901,200.0,4,27.796978890972404,-27.796978890972404,27.796978890972404,0.09479701515742338,0.02514596092434517,0.11994297608176854,22.12757811383833,15.780226194991506,0.0,0.1802067694284153,1.102548599243164,42.79219408957666,4.0232153236866,worst_uncertainty_stratified_mhz
2034,200.0,4,27.640821233516025,-27.640821233516025,27.640821233516025,0.013488605048505097,0.022322616867227627,0.03581122191573272,22.148909190538895,15.522858236319461,0.0,0.14733457426313734,1.2109551429748535,42.79219408957666,4.154053866863251,worst_uncertainty_stratified_mhz
2688,200.0,4,27.267288303423122,-27.267288303423122,27.267288303423122,0.026936957724605012,0.022992027354620314,0.04992898507922533,21.9491612072953,15.000791546110113,0.0,0.09937923647394964,0.90736985206604,42.79219408957666,4.397682815790176,worst_uncertainty_stratified_mhz
2557,200.0,4,26.69495713255838,-26.69495713255838,26.69495713255838,0.05852140039967005,0.023554863078581012,0.08207626347825106,21.886366553105102,13.470123334947333,0.0,0.06545862193371477,0.8496217727661133,42.79219408957666,5.343029975891113,worst_uncertainty_stratified_mhz
1719,200.0,4,26.65553608961659,-26.65553608961659,26.65553608961659,0.1363862098068118,0.10883375057076235,0.24521996037757415,22.167302140740528,11.992587915427409,0.0,1.3763872889364137,3.3073277473449707,38.27450195626326,6.4308329820632935,worst_uncertainty_stratified_mhz
2556,230.0,4,29.205383846273275,-29.205383846273275,29.205383846273275,0.047498202687545794,0.05684324012808621,0.10434144281563201,22.786582977431017,17.959419926673736,0.0,0.14924033440077888,1.0790972709655762,44.1955880150949,3.369533509016037,worst_uncertainty_stratified_mhz
2949,230.0,4,29.002158123257118,-29.002158123257118,29.002158123257118,0.03530461550299035,0.04621285691298403,0.08151747241597437,22.639980152047187,17.854471529098458,0.0,0.1794720737078812,1.4326915740966797,43.48832458258193,3.352074921131134,worst_uncertainty_stratified_mhz
2638,230.0,4,28.802114004556497,-28.802114004556497,28.802114004556497,0.03595766753772323,0.08902025368233576,0.12497792122005899,23.172991200142985,15.654142228233804,0.0,0.26620599882417295,1.6179823875427246,44.1955880150949,5.119561731815338,worst_uncertainty_stratified_mhz
2191,230.0,4,28.03210242459508,-28.03210242459508,28.03210242459508,0.08212849456416398,0.07159035770480492,0.1537188522689689,22.75297128973154,14.565419609001095,0.0,0.3910122091918673,1.9317240715026855,42.79219408957666,5.681447923183441,worst_uncertainty_stratified_mhz
2162,230.0,4,27.603267030414965,-27.603267030414965,27.603267030414965,0.07311302358516521,0.05644654907965333,0.12955957266481855,22.282919340816626,14.771147742427063,0.0,0.1973913439561521,1.378861904144287,42.79219408957666,5.317901909351349,worst_uncertainty_stratified_mhz
3095,230.0,4,27.366360899557638,-27.366360899557638,27.366360899557638,0.028408205789784546,0.016387239510438655,0.0447954453002232,21.300017736531217,17.12112787256815,0.0,0.13050688028430013,1.0451056957244873,41.293916016769344,3.097947269678116,worst_uncertainty_stratified_mhz
2745,230.0,4,27.274605095226775,-27.274605095226775,27.274605095226775,0.1532279956989985,0.042750942895139345,0.19597893859413784,22.161192275146593,14.00025985724632,0.0,0.16342203005632427,1.2711329460144043,42.724407544166134,5.827372789382935,worst_uncertainty_stratified_mhz
3094,230.0,4,26.79196299452253,-26.79196299452253,26.79196299452253,0.6483385676587674,0.2959387631835242,0.9442773308422916,21.568396918262852,12.014485137433784,0.0,4.681067920701903,6.998094081878662,26.776563913243237,7.287820875644684,worst_uncertainty_stratified_mhz
1730,250.0,4,29.370555549711693,-29.370555549711693,29.370555549711693,0.025687211835518184,0.029352512511269323,0.05503972434678751,23.34478036424549,16.973069873220428,0.0,0.305539098702436,1.882894515991211,44.1955880150949,4.581709921360016,worst_uncertainty_stratified_mhz
2078,250.0,4,29.28785759882662,-29.28785759882662,29.28785759882662,0.3028473527409853,0.3025964690814564,0.6054438218224416,24.040860455400967,13.146161502454483,0.0,1.5772094009244846,3.8123717308044434,41.11493037814852,7.772089064121246,worst_uncertainty_stratified_mhz
2275,250.0,4,29.14276298341737,-29.14276298341737,29.14276298341737,0.13607321014379173,0.10864061481736889,0.24471382496116062,24.45897896714834,12.585569698648836,0.0,1.2425047710177317,3.7074437141418457,42.72550467811937,8.167137682437897,worst_uncertainty_stratified_mhz
2627,250.0,4,29.130175693318492,-29.130175693318492,29.130175693318492,0.01803759706677957,0.014982726708904343,0.03302032377568391,22.736641192416766,18.09944606242397,0.0,0.12403853008416021,1.0296173095703125,44.1955880150949,3.4249094128608704,worst_uncertainty_stratified_mhz
2662,250.0,4,29.060675221945164,-29.060675221945164,29.060675221945164,0.06643401433511073,0.02572046916238299,0.09215448349749372,23.092818276582904,16.71415273524141,0.0,0.2297106436997609,1.5306272506713867,44.1955880150949,4.65339720249176,worst_uncertainty_stratified_mhz
2243,250.0,4,28.28824964717477,-28.28824964717477,28.28824964717477,0.026916048360824483,0.02319539234411407,0.05011144070493855,22.113274258453703,17.453679606942153,0.0,0.05188901432002524,0.6344459056854248,43.48832458258193,3.542398452758789,worst_uncertainty_stratified_mhz
3107,250.0,4,27.656778416312502,-27.656778416312502,27.656778416312502,0.025502644733330648,0.026089800538410896,0.05159244527174155,21.52631310407744,17.27969708958343,0.0,0.1703527138602885,1.323516607284546,41.38840417314975,3.3308014571666718,worst_uncertainty_stratified_mhz
2880,250.0,4,27.54534841301798,-27.54534841301798,27.54534841301798,0.721316771125982,0.10001768284975672,0.8213344539757388,22.53457021942716,11.936988138106708,0.0,0.13989715273796932,1.278571605682373,43.51077452769601,8.132540762424469,worst_uncertainty_stratified_mhz
2545,250.0,4,26.884801050315755,-26.884801050315755,26.884801050315755,0.42463112406234177,0.09403517245311706,0.5186662965154588,22.20829566491966,11.833447768380113,0.0,0.2648427019823316,1.3442802429199219,42.542625682954736,7.975094556808472,worst_uncertainty_stratified_mhz
1923,250.0,4,26.231090834652193,-26.231090834652193,26.231090834652193,0.04129950178528071,0.06607855743348494,0.10737805921876564,20.591321272572607,15.639944719152941,0.0,0.9170259306052913,2.7818708419799805,36.56671984195465,4.0986164808273315,worst_uncertainty_stratified_mhz
2768,250.0,4,25.757268990298115,-25.757268990298115,25.757268990298115,0.13919774784008837,0.24792606666986103,0.38712381450994937,20.67200321639713,13.276257762942262,0.0,1.61239716338687,4.135990142822266,33.983221963198254,6.169868886470795,worst_uncertainty_stratified_mhz
2508,250.0,4,25.409207455823417,-25.409207455823417,25.409207455823417,0.13937716168420025,0.0756786237172602,0.21505578540146045,20.528957691638148,13.256876880782318,0.0,0.3699839199274173,2.043445587158203,38.27450195626326,6.013577520847321,worst_uncertainty_stratified_mhz
2652,265.0,4,32.748156159387975,-32.748156159387975,32.748156159387975,0.10100411746305064,0.770562583159722,0.8715667006227726,29.869392228182964,5.619654868915207,0.0,5.239475724314389,7.034433364868164,42.225399642868986,14.193341732025146,worst_uncertainty_stratified_mhz
2316,265.0,4,29.469417702769704,-29.469417702769704,29.469417702769704,0.33674917354445316,0.6464164050555616,0.9831655786000149,26.73730715322853,4.897761521020972,0.0,3.9456832273764206,5.819099426269531,39.76414842543469,14.299335598945618,worst_uncertainty_stratified_mhz
1646,265.0,4,28.18274700445024,-28.18274700445024,28.18274700445024,0.19943821855849228,0.3138563125229952,0.5132945310814875,26.137052081071595,4.304620427102246,0.0,2.2553051009356295,5.243094444274902,42.52039951599703,14.561466693878174,worst_uncertainty_stratified_mhz
1978,265.0,4,26.483162979296235,-26.483162979296235,26.483162979296235,1.800900298481672,0.4486968468724567,2.249597145354129,23.130142077459226,3.081324799703983,0.0,2.3204311973381664,4.802306175231934,36.817115585010185,15.257326602935791,worst_uncertainty_stratified_mhz
2722,265.0,4,26.02161065666055,-26.02161065666055,26.02161065666055,0.3019557118735366,0.30980173209906714,0.6117574439726037,24.00132305762129,3.978278841585237,0.0,0.8826128310110448,2.903866767883301,43.333553685337186,14.558674097061157,worst_uncertainty_stratified_mhz
2542,265.0,4,25.405886983888628,-25.405886983888628,25.405886983888628,0.3922550287222686,0.23831482152670946,0.630569850248978,23.83026495536048,2.662623298071752,0.0,0.6609019214795211,2.8491439819335938,43.489582085828324,15.474289298057556,worst_uncertainty_stratified_mhz
2555,265.0,4,25.367439654025798,-25.367439654025798,25.367439654025798,1.1120221626233062,0.5360374504323845,1.6480596130556906,22.90153396562171,2.304143338922237,0.0,0.5144208904631427,2.511838912963867,42.262387237353266,15.734408497810364,worst_uncertainty_stratified_mhz
2670,265.0,4,25.011745673983164,-25.011745673983164,25.011745673983164,0.34809810466440744,0.2968343514940311,0.6449324561584385,23.39781347782775,2.740977411804947,0.0,0.3532123754556409,1.9815568923950195,44.1076453123492,15.38461697101593,worst_uncertainty_stratified_mhz
2345,265.0,4,24.833052654290846,-24.833052654290846,24.833052654290846,0.3280738578591721,0.31742333364485137,0.6454971915040235,23.131439200350197,2.9855789166284277,0.0,0.45973704371373003,2.009309768676758,43.33409454459618,15.184093594551086,worst_uncertainty_stratified_mhz
1865,265.0,4,24.66436502474214,-24.66436502474214,24.66436502474214,0.24810913872348084,0.3367428943400133,0.5848520330634941,22.85617495712477,3.460969989204758,0.0,0.5046138069415065,2.411907196044922,42.29121510432161,14.801005840301514,worst_uncertainty_stratified_mhz
2661,265.0,4,24.43832401564072,-24.43832401564072,24.43832401564072,4.406596447519894,0.22882651711291258,4.635422964632807,18.086573106429555,4.8329654305592875,0.0,1.8385533832621235,4.017977714538574,28.478061731796284,13.674165606498718,worst_uncertainty_stratified_mhz
2660,270.0,4,29.67678262515577,-29.67678262515577,29.67678262515577,0.03729095270519604,0.1411487433215922,0.17843969602678822,23.715993192344275,16.361891547701077,0.0,1.5428697235905382,3.8286967277526855,40.51755020975479,5.576290547847748,worst_uncertainty_stratified_mhz
1720,270.0,4,28.087875957254077,-28.087875957254077,28.087875957254077,0.21512547386035177,0.15302218789530211,0.3681476617556539,22.427365747990287,15.010828534302908,0.0,0.865586024079505,2.873753547668457,40.249805900153106,6.029990911483765,worst_uncertainty_stratified_mhz
1909,270.0,4,27.027508462330594,-27.027508462330594,27.027508462330594,0.08401637648548044,0.042284118248827385,0.12630049473430782,21.58481425669163,15.115025585042183,0.0,0.31418161323421145,1.7753558158874512,40.765909471027385,5.36181640625,worst_uncertainty_stratified_mhz
1604,270.0,4,26.285081978276235,-26.285081978276235,26.285081978276235,0.5257239312653517,0.10189583412094362,0.6276197653862953,21.016713204419958,13.1743452046543,0.0,0.6736129038830789,2.6147217750549316,38.071478826018826,6.902029097080231,worst_uncertainty_stratified_mhz
2514,270.0,4,25.70022360777138,-25.70022360777138,25.70022360777138,0.13920735285737976,0.08393753121259952,0.2231448840699793,20.65581028815184,13.682788614791379,0.0,0.6175584465144617,2.109412670135498,37.96709101313926,6.083849251270294,worst_uncertainty_stratified_mhz
1660,270.0,4,25.324546154790497,-25.324546154790497,25.324546154790497,0.009326349907857781,0.008309213477364472,0.017635563385222253,19.541825590372493,16.41550754264707,0.0,0.050000647168231716,0.7091479301452637,38.27450195626326,2.8438232839107513,worst_uncertainty_stratified_mhz
2465,270.0,4,25.175142896132932,-25.175142896132932,25.175142896132932,0.15043436480700223,0.1414560997853347,0.2918904645923369,20.384894540297022,12.761466934193955,0.0,0.7401754696709268,2.8470606803894043,36.44237746086279,6.754192054271698,worst_uncertainty_stratified_mhz
1631,280.0,4,32.2876941151264,-32.2876941151264,32.2876941151264,0.01225759314434345,0.0798230259669203,0.09208061911126375,25.11221663822219,20.008632466099428,0.0,1.4518546647706634,3.390559196472168,43.93016475043088,3.7478130757808685,worst_uncertainty_stratified_mhz
3124,280.0,4,32.14936318765156,-32.14936318765156,32.14936318765156,0.042400399201547555,0.09184257844243836,0.1342429776439859,25.289285357350813,19.011984638267048,0.0,1.7129675617439648,4.086734056472778,43.06590153474092,4.567279726266861,worst_uncertainty_stratified_mhz
1717,280.0,4,32.0272922198207,-32.0272922198207,32.0272922198207,0.11798271658841915,0.05074468266258232,0.16872739925100147,24.719667121260223,20.16467289724219,0.0,1.2621471857048583,3.6673882007598877,43.24765167035084,3.456260859966278,worst_uncertainty_stratified_mhz
3133,280.0,4,30.04753846968848,-30.04753846968848,30.04753846968848,0.030266461534483594,0.020521728872364173,0.05078819040684777,23.226443764923342,19.219788658521896,0.0,0.3003484468366473,1.6566026210784912,44.1955880150949,3.158335864543915,worst_uncertainty_stratified_mhz
2522,280.0,4,29.684391569217667,-29.684391569217667,29.684391569217667,0.19397595686529792,0.06442013497077063,0.25839609183606854,23.528056643911206,16.70961738757001,0.0,1.1337935330197944,2.6646389961242676,42.12388722565856,5.369872868061066,worst_uncertainty_stratified_mhz
2937,280.0,4,29.183412829051434,-29.183412829051434,29.183412829051434,0.030763769406713923,0.1255321255678284,0.15629589497454233,24.43793113055732,13.012353771503276,0.0,1.3955646717626813,3.5613937377929688,42.52333917979631,8.471550405025482,worst_uncertainty_stratified_mhz
3083,300.0,4,28.659069841733462,-28.659069841733462,28.659069841733462,0.004540769527116327,0.0059053826618864855,0.010446152189002814,21.837696916992712,19.384350624922444,0.0,0.0502569342580621,0.7826858758926392,42.79219408957666,2.122596263885498,worst_uncertainty_stratified_mhz
2710,300.0,4,27.62075699762851,-27.62075699762851,27.62075699762851,0.028566892945808026,0.030142205172674626,0.058709098118482655,21.533092344143625,17.119745467616198,0.0,0.3317642821470761,1.841745138168335,40.56091098582476,3.8871332108974457,worst_uncertainty_stratified_mhz
2070,300.0,4,26.19359176188062,-26.19359176188062,26.19359176188062,0.040890523479145985,0.05838917316664241,0.0992796966457884,20.667138317429533,15.400300092179927,0.0,0.5155946850371356,2.443354368209839,37.859732896574954,4.842690199613571,worst_uncertainty_stratified_mhz
2519,300.0,4,25.713729038864425,-25.713729038864425,25.713729038864425,0.019479441483987423,0.013322663243057191,0.03280210472704462,19.818327123734715,16.65626062015223,0.0,0.1587384937618559,1.1978659629821777,38.12131129696354,3.0267170071601868,worst_uncertainty_stratified_mhz
1758,300.0,4,25.400149317779025,-25.400149317779025,25.400149317779025,0.07407358708491954,0.023043321419777548,0.09711690850469709,19.967632107222837,15.178547252118628,0.0,0.1743476131610322,1.3120670318603516,38.27450195626326,4.556657195091248,worst_uncertainty_stratified_mhz
2292,300.0,4,24.869331140576953,-24.869331140576953,24.869331140576953,0.039847015261541295,0.02765582895954489,0.06750284422108618,19.501317288009464,15.018065219008474,0.0,0.5961420961305173,2.387899875640869,35.422450508117024,4.368262946605682,worst_uncertainty_stratified_mhz
3978,120.0,5,45.11957750929603,-45.11957750929603,45.11957750929603,4.604410831736775,3.749456850983498,8.353867682720272,36.652352160943096,0.0,0.0,27.20308334304148,18.898537635803223,0.0,11.502657294273376,worst_uncertainty_stratified_mhz
4237,120.0,5,43.760270880231445,-43.760270880231445,43.760270880231445,3.1517784051103575,2.495048608008466,5.646827013118823,38.01024234110742,0.0,0.0,15.477476140430232,11.082310438156128,33.983221963198254,9.530242711305618,worst_uncertainty_stratified_mhz
3470,120.0,5,42.55265859411239,-42.55265859411239,42.55265859411239,0.04918017481215838,2.6079167222814137,2.657096897093572,35.06596439160513,13.317179183519588,0.0,14.014565770514466,12.40247106552124,29.70032617666008,5.551520586013794,worst_uncertainty_stratified_mhz
3825,150.0,5,31.146443301148214,-31.146443301148214,31.146443301148214,0.41995510697080296,0.5030322635921388,0.9229873705629418,25.025761574733963,14.492724726803816,0.0,5.522391528118362,7.506740093231201,31.5,4.690920948982239,worst_uncertainty_stratified_mhz
4596,150.0,5,26.538157972119407,-26.538157972119407,26.538157972119407,0.010609292388467188,0.0070644601989803,0.017673752587447487,21.158092920111216,15.265690360633641,0.0,0.05256382910366053,0.8226540088653564,41.38840417314975,2.9545346796512604,worst_uncertainty_stratified_mhz
3968,150.0,5,24.3163837217538,-24.3163837217538,24.3163837217538,0.009406012843231747,0.005113634758852899,0.014519647602084646,19.477842513506157,13.712020875042368,0.0,0.09721547490817439,1.1755187511444092,37.585735326051555,3.141278773546219,worst_uncertainty_stratified_mhz
3829,150.0,5,23.946944166758247,-23.946944166758247,23.946944166758247,0.060813504540994295,0.06599945851756871,0.126812963058563,18.723448922622715,14.493149311865162,0.0,0.05575630774757201,0.7970919609069824,36.538293268843304,2.451490044593811,worst_uncertainty_stratified_mhz
4524,155.0,5,24.5888845747028,-24.5888845747028,24.5888845747028,0.10520474613940033,0.029745681526692335,0.13495042766609266,21.240899289263435,9.146016863855928,0.0,0.08911353684078094,0.9151673316955566,41.38840417314975,6.256182849407196,worst_uncertainty_stratified_mhz
4556,155.0,5,24.338894849911412,-24.338894849911412,24.338894849911412,0.04115031054097979,0.014048583400033716,0.05519889394101351,21.10856538538154,9.039373373287798,0.0,0.08088103956400516,0.7614526748657227,41.293916016769344,6.264288067817688,worst_uncertainty_stratified_mhz
3810,155.0,5,22.894397593955894,-22.894397593955894,22.894397593955894,0.030650140543830848,0.05289205512913254,0.08354219567296339,19.902878857939417,8.226812760493445,0.0,0.5420719623635897,2.1833205223083496,36.538293268843304,6.4375826716423035,worst_uncertainty_stratified_mhz
3636,155.0,5,22.7783917258498,-22.7783917258498,22.7783917258498,0.08434776887709759,0.046366385999540884,0.13071415487663848,19.33387443774813,9.40514110956489,0.0,0.2477136113693632,1.4208335876464844,36.75148806511105,5.65481424331665,worst_uncertainty_stratified_mhz
3485,155.0,5,22.499443076486855,-22.499443076486855,22.499443076486855,0.07125420556147673,0.062193659696279546,0.13344786525775626,19.01358040558458,9.561008586629159,0.0,0.01761706804403218,0.406191349029541,37.585735326051555,5.474005103111267,worst_uncertainty_stratified_mhz
4540,155.0,5,20.938500129674296,-20.938500129674296,20.938500129674296,0.2123382297911209,0.018445886387357426,0.23078411617847833,18.123035162052197,7.331965416846636,0.0,0.23606565731391527,1.647336483001709,34.126602526474855,6.568256258964539,worst_uncertainty_stratified_mhz
3865,155.0,5,20.58033144388203,-20.58033144388203,20.58033144388203,0.318780226889882,0.2823769406390232,0.6011571675289051,16.68684931158172,9.314346510473335,0.0,0.42618918360425084,2.021576404571533,30.499743851383407,5.0523000955581665,worst_uncertainty_stratified_mhz
3840,155.0,5,20.1509499534027,-20.1509499534027,20.1509499534027,0.10615648867027681,0.05167808219422541,0.15783457086450223,16.906604810936642,8.74540638184811,0.0,0.29909805892248187,1.7150135040283203,31.5,5.3369834423065186,worst_uncertainty_stratified_mhz
3583,170.0,5,26.237206559024486,-26.237206559024486,26.237206559024486,0.006319863448740534,0.002611486949199128,0.008931350397939661,20.654964562245016,15.893273578958802,0.0,0.013946266494051507,0.418123722076416,40.86391286942551,2.768295556306839,worst_uncertainty_stratified_mhz
4287,170.0,5,23.58709632890126,-23.58709632890126,23.58709632890126,0.013901608050316129,0.006987451430808972,0.0208890594811251,18.766223535890937,13.65736619086558,0.0,0.0681071606016701,0.8579394817352295,36.538293268843304,3.2776445150375366,worst_uncertainty_stratified_mhz
3429,170.0,5,22.15599381105301,-22.15599381105301,22.15599381105301,0.016841961895980726,0.004687983048738898,0.021529944944719624,17.62860938058571,12.805704990989128,0.0,0.09900794812751368,1.0759809017181396,33.983221963198254,3.2972035706043243,worst_uncertainty_stratified_mhz
4228,180.0,5,27.41770812365071,-27.41770812365071,27.41770812365071,0.007047312686633447,0.008514146686809075,0.015561459373442523,21.741296657930082,16.133578643351225,0.0,0.033922938871120856,0.6225533485412598,42.79219408957666,3.2662183940410614,worst_uncertainty_stratified_mhz
3545,180.0,5,27.076597929015957,-27.076597929015957,27.076597929015957,0.01618065106849095,0.007124452629219419,0.02330510369771037,21.124458532200833,16.877186846730684,0.0,0.04982550881260295,0.760861873626709,41.38840417314975,2.5576027631759644,worst_uncertainty_stratified_mhz
3298,180.0,5,26.160940448409974,-26.160940448409974,26.160940448409974,0.018321133885746292,0.00853303542782737,0.026854169313573664,20.661866204143806,15.591571400421971,0.0,0.03572064159136712,0.6921505928039551,40.56014053230092,3.1146670281887054,worst_uncertainty_stratified_mhz
4656,180.0,5,23.897026428452016,-23.897026428452016,23.897026428452016,0.0157136074219261,0.0034912149874074365,0.019204822409333536,18.810758441231535,14.453826425945161,0.0,0.009326160947622952,0.25170159339904785,37.351162967168776,2.935707688331604,worst_uncertainty_stratified_mhz
4702,200.0,5,28.03829978042933,-28.03829978042933,28.03829978042933,0.00627328440405579,0.024202314058348173,0.030475598462403962,22.246123008417154,16.38072431868213,0.0,0.17395718082242606,1.352137565612793,42.79219408957666,3.6653428971767426,worst_uncertainty_stratified_mhz
4475,200.0,5,27.536170967604328,-27.536170967604328,27.536170967604328,0.10813562640783635,0.0378531739623554,0.14598880037019174,22.533075851791274,13.80725499568893,0.0,0.28237122491065847,1.7092151641845703,42.79219408957666,5.407504856586456,worst_uncertainty_stratified_mhz
4515,200.0,5,27.26293370664713,-27.26293370664713,27.26293370664713,0.03643267167652885,0.021966647638827184,0.05839931931535603,22.1944756953483,14.254645126057309,0.0,0.173063699616975,1.2506299018859863,42.79219408957666,4.968366742134094,worst_uncertainty_stratified_mhz
4550,200.0,5,24.6427543817263,-24.6427543817263,24.6427543817263,0.020165695031059527,0.025696274077631063,0.04586196910869059,19.97182418098783,13.152437072645101,0.0,0.16970484805883856,1.3297367095947266,38.27450195626326,4.742662012577057,worst_uncertainty_stratified_mhz
4526,200.0,5,24.440666410561068,-24.440666410561068,24.440666410561068,0.029847185722562248,0.013698687922601586,0.04354587364516384,19.142787124754353,14.922694895743527,0.0,0.14996657604740093,1.2341530323028564,36.75148806511105,3.084204614162445,worst_uncertainty_stratified_mhz
3562,200.0,5,24.15559538408243,-24.15559538408243,24.15559538408243,0.024652702248972907,0.026462859792284625,0.05111556204125753,18.832645716477533,14.939488316200304,0.0,0.25019760879510144,1.6129975318908691,35.55189868347399,2.9072332978248596,worst_uncertainty_stratified_mhz
4315,200.0,5,22.833302321744437,-22.833302321744437,22.833302321744437,0.09255491113146493,0.10307948017755612,0.19563439130902105,18.60394756802391,11.351814423318173,0.0,1.7726016628450765,4.514364242553711,29.148327567803953,5.493867993354797,worst_uncertainty_stratified_mhz
4463,200.0,5,22.601637320456987,-22.601637320456987,22.601637320456987,0.21174195569007567,0.044059366721200616,0.2558013224112763,17.913364716362555,12.518877159385246,0.0,0.7718468100248224,2.9065418243408203,31.376493988334644,4.318100035190582,worst_uncertainty_stratified_mhz
3312,230.0,5,31.19390804916491,-31.19390804916491,31.19390804916491,0.18897610080159136,0.07233372387404322,0.26130982467563457,24.93294136425925,16.98911453273732,0.0,1.1863626000513383,3.297569513320923,44.1955880150949,5.092895358800888,worst_uncertainty_stratified_mhz
3843,230.0,5,29.74980173889593,-29.74980173889593,29.74980173889593,0.010878165932834824,0.03314968042674128,0.04402784635957611,22.74144439618614,19.785742184696087,0.0,0.10630742303581697,1.0746859312057495,44.1955880150949,2.073057070374489,worst_uncertainty_stratified_mhz
4410,230.0,5,29.733276896460154,-29.733276896460154,29.733276896460154,0.04586521582746808,0.06857600523292337,0.11444122106039145,23.650512661030927,16.89280077539154,0.0,1.0230967024695934,3.4302353858947754,41.82459653122789,4.52826264500618,worst_uncertainty_stratified_mhz
3684,230.0,5,29.686794968682626,-29.686794968682626,29.686794968682626,0.05410199135070192,0.05403697884861363,0.10813897019931555,23.28644020093825,17.830613158351415,0.0,0.590128216468293,2.461174249649048,42.93144971929087,3.729030340909958,worst_uncertainty_stratified_mhz
3596,230.0,5,29.658206210998326,-29.658206210998326,29.658206210998326,0.11484252947132685,0.07456901455802287,0.18941154402934973,23.74097497151339,16.23505275448348,0.0,0.8389011576470642,3.2404086589813232,42.56373896875132,5.026842564344406,worst_uncertainty_stratified_mhz
4439,230.0,5,29.279865174370435,-29.279865174370435,29.279865174370435,0.04968658005117563,0.07533070824901136,0.125017288300187,23.52386329978436,15.96775264589995,0.0,0.7365690504061853,2.7823944091796875,42.79219408957666,5.075777471065521,worst_uncertainty_stratified_mhz
4011,230.0,5,28.884635497285984,-28.884635497285984,28.884635497285984,0.09122511222466978,0.06733392524856503,0.1585590374732348,22.949785487022886,16.37115291726923,0.0,0.7163410198598319,3.1729729175567627,41.293916016769344,4.561413079500198,worst_uncertainty_stratified_mhz
3386,230.0,5,28.85387950082023,-28.85387950082023,28.85387950082023,0.017753443950496623,0.02129922712070002,0.03905267107119664,22.613672619945806,17.61284320059247,0.0,0.26093616609222803,1.9132788181304932,42.79219408957666,3.483577460050583,worst_uncertainty_stratified_mhz
3667,250.0,5,28.545439803743434,-28.545439803743434,28.545439803743434,0.2827730147076715,0.14019247404385768,0.4229654887515292,23.62738107762274,12.75795641662887,0.0,0.8687451401671886,2.7667236328125,42.7505482420986,7.817109644412994,worst_uncertainty_stratified_mhz
3444,250.0,5,27.733852386778093,-27.733852386778093,27.733852386778093,0.010640933697489212,0.012397766724245037,0.023038700421734247,21.03358013816983,19.014132388482242,0.0,0.021078013188823297,0.5317819118499756,41.49322233811204,1.628542497754097,worst_uncertainty_stratified_mhz
4359,250.0,5,27.570129678543385,-27.570129678543385,27.570129678543385,0.05798821789366925,0.0959191267886485,0.15390734468231776,22.89339163127087,12.85518885174088,0.0,0.4794560529664267,2.1702589988708496,42.657612157738036,7.361676573753357,worst_uncertainty_stratified_mhz
4431,250.0,5,27.4410131356939,-27.4410131356939,27.4410131356939,0.11012509123700309,0.09424800257105459,0.20437309380805768,22.658721753473394,13.01470183914479,0.0,0.42667625138510346,2.0130162239074707,42.45107478026911,7.170934796333313,worst_uncertainty_stratified_mhz
3436,250.0,5,27.256307094317798,-27.256307094317798,27.256307094317798,0.09293494957892434,0.08004298090075959,0.17297793047968393,21.092847582313638,16.913812603152472,0.0,0.9483765928587466,2.8110318183898926,37.47791016051989,3.446161687374115,worst_uncertainty_stratified_mhz
3507,250.0,5,27.215473457056248,-27.215473457056248,27.215473457056248,0.2478887859251665,0.1160035298270694,0.3638923157522359,22.42935534513691,12.58378570506248,0.0,0.2848703686801173,1.770775318145752,42.51819463476783,7.454031467437744,worst_uncertainty_stratified_mhz
4077,250.0,5,26.94253966284895,-26.94253966284895,26.94253966284895,0.007279728592944069,0.002478364895308576,0.009758093488252646,20.58241184361481,18.11723146345765,0.0,0.005608485066058044,0.23390638828277588,40.91970032881473,2.004821628332138,worst_uncertainty_stratified_mhz
4675,250.0,5,26.875630417736048,-26.875630417736048,26.875630417736048,0.02518784689437424,0.04003290060841777,0.06522074750279201,21.02898913406077,16.376850967222992,0.0,0.5512941871562509,2.6808879375457764,38.27450195626326,3.7482402622699738,worst_uncertainty_stratified_mhz
3776,250.0,5,26.850318501329085,-26.850318501329085,26.850318501329085,0.07202372126330202,0.036178503116559284,0.1082022243798613,21.221156385204548,15.724179000243826,0.0,0.09393490521648218,0.9605269432067871,41.293916016769344,4.379090487957001,worst_uncertainty_stratified_mhz
4014,250.0,5,25.46862341016212,-25.46862341016212,25.46862341016212,0.03188110047930372,0.004213799776056639,0.03609490025536036,19.331939156591275,17.3385848238244,0.0,0.051408698699983324,0.7508853673934937,37.81017554838909,1.7666918486356735,worst_uncertainty_stratified_mhz
4215,250.0,5,25.36026192612332,-25.36026192612332,25.36026192612332,0.013715063107203005,0.007089177666226928,0.020804240773429933,19.632263923530108,16.24245382461664,0.0,0.06716234134116572,0.855701208114624,38.27450195626326,2.900804489850998,worst_uncertainty_stratified_mhz
3553,250.0,5,25.007165940726505,-25.007165940726505,25.007165940726505,0.30638512525759315,0.2744328776229176,0.5808180028805108,21.169240572379582,9.174293110735324,0.0,3.15245261909331,5.9329633712768555,30.10061253529569,9.627607345581055,worst_uncertainty_stratified_mhz
3238,265.0,5,26.670741100781907,-26.670741100781907,26.670741100781907,0.5671920674168794,0.355041783872642,0.9222338512895214,24.466679328693406,3.6125312659094253,0.0,1.0798387200371593,3.5101356506347656,43.26354556667773,14.894424557685852,worst_uncertainty_stratified_mhz
3273,265.0,5,26.492323669453768,-26.492323669453768,26.492323669453768,1.4660737319314732,0.28104704761676974,1.7471207795482429,23.569410262106064,3.3238360483432334,0.0,0.5643360434984857,2.5137405395507812,43.496407897664376,15.084786653518677,worst_uncertainty_stratified_mhz
3266,265.0,5,26.455658425013247,-26.455658425013247,26.455658425013247,0.31029918824986186,0.6056491675470496,0.9159483557969115,24.155577648699268,3.9043343690538594,0.0,1.0672036810512964,2.7551231384277344,43.42162479686821,14.661262512207031,worst_uncertainty_stratified_mhz
3692,265.0,5,25.43694280630628,-25.43694280630628,25.43694280630628,0.47907997523305895,0.3019941402212596,0.7810741154543186,22.89709919234774,4.957770806008772,0.0,1.673089441662512,4.274075508117676,38.17394399325278,13.7313711643219,worst_uncertainty_stratified_mhz
3663,265.0,5,25.39324734736554,-25.39324734736554,25.39324734736554,0.29373080305339483,0.4831120125429763,0.7768428155963711,23.481054751464246,3.1737847205543597,0.0,2.192523509452357,4.553426742553711,38.023635741470066,15.093878626823425,worst_uncertainty_stratified_mhz
4600,265.0,5,25.20126717736174,-25.20126717736174,25.20126717736174,0.4276346024572691,0.43401004918993025,0.8616446516471994,23.277337208457915,2.961011088662239,0.0,2.497465748378758,5.359777450561523,36.19996546959679,15.235727906227112,worst_uncertainty_stratified_mhz
4310,265.0,5,24.744358365297764,-24.744358365297764,24.744358365297764,0.16566386493400764,0.34210030240863587,0.5077641673426435,22.94718060057074,3.6454193241092647,0.0,0.6287914444501439,2.1882801055908203,42.44849820665037,14.666224956512451,worst_uncertainty_stratified_mhz
4732,265.0,5,24.202228473602034,-24.202228473602034,24.202228473602034,0.6425426248069029,0.19372438847856105,0.8362670132854639,20.467896690985395,8.238527911417366,0.0,0.38601747417578736,1.889256477355957,38.27450195626326,10.65334415435791,worst_uncertainty_stratified_mhz
4405,265.0,5,23.965382437419013,-23.965382437419013,23.965382437419013,0.45141262129037063,0.26324226096396086,0.7146548822543315,21.283936034046377,5.568651555664571,0.0,0.8494951844231622,2.6949377059936523,38.17394399325278,12.971568703651428,worst_uncertainty_stratified_mhz
4354,265.0,5,23.925125528849104,-23.925125528849104,23.925125528849104,0.23918591503394773,0.10586985859152084,0.3450557736254686,20.812530599669653,7.8588113975098866,0.0,0.5483923000658564,2.253774642944336,38.27450195626326,10.919019103050232,worst_uncertainty_stratified_mhz
4158,265.0,5,23.726812820041935,-23.726812820041935,23.726812820041935,0.1678783961574097,0.09418697280062693,0.26206536895803667,21.323995853535457,6.058772428494628,0.0,1.0172841608405037,3.398674964904785,37.21474842048512,12.494334816932678,worst_uncertainty_stratified_mhz
4324,270.0,5,31.315870776286676,-31.315870776286676,31.315870776286676,0.0398059970905146,0.08246276506344723,0.12226876215396182,24.668598333113152,18.468328087414303,0.0,1.220346601443004,3.6517422199249268,43.24476124341537,4.520845383405685,worst_uncertainty_stratified_mhz
3385,270.0,5,30.52886587063296,-30.52886587063296,30.52886587063296,0.15739821354249625,0.13004537297311625,0.2874435865156125,24.872111010345485,15.22236087412002,0.0,1.3373220294583597,3.917231559753418,43.15234640202083,6.968948423862457,worst_uncertainty_stratified_mhz
3921,270.0,5,30.000102327755037,-30.000102327755037,30.000102327755037,0.04553184855770708,0.16703405769191804,0.21256590624962513,24.45232384321145,15.099237895809113,0.0,1.9117838010845638,4.232656002044678,40.84842408220909,6.847719252109528,worst_uncertainty_stratified_mhz
3454,270.0,5,29.657221434346198,-29.657221434346198,29.657221434346198,0.16040994678128573,0.11819030490946703,0.27860025169075275,23.842904414899436,15.7244318048348,0.0,0.6245108990664647,2.241199016571045,44.1955880150949,6.142114043235779,worst_uncertainty_stratified_mhz
3331,270.0,5,29.362086448446625,-29.362086448446625,29.362086448446625,0.11599616665451114,0.08574389288102528,0.20174005953553642,23.422747384092506,16.270938002972297,0.0,0.8854695227816256,3.0760438442230225,41.99851187839874,5.500224560499191,worst_uncertainty_stratified_mhz
3731,270.0,5,28.83834955433585,-28.83834955433585,28.83834955433585,0.1090515655648815,0.05010124618389257,0.15915281174877408,23.76194610215926,13.971535423776071,0.0,0.6369958092838282,2.2307286262512207,44.019171959499644,7.332093775272369,worst_uncertainty_stratified_mhz
3736,270.0,5,28.744000618786483,-28.744000618786483,28.744000618786483,0.1922743877656068,0.07902162262119346,0.27129601038680023,23.30714651976312,14.689828880920594,0.0,0.4110840352579679,1.8605375289916992,43.9315874400186,6.646061837673187,worst_uncertainty_stratified_mhz
3898,280.0,5,29.236963923391535,-29.236963923391535,29.236963923391535,0.10203929209927588,0.16281782876958173,0.2648571208688576,24.138407170524136,13.707268116789628,0.0,1.3011335245916449,3.6955718994140625,41.97897539245092,7.8872039914131165,worst_uncertainty_stratified_mhz
3339,280.0,5,29.186405429721976,-29.186405429721976,29.186405429721976,0.008599260175406664,0.0256447130884881,0.034243973263894764,22.53843309286695,18.74765889339221,0.0,0.4105990969987765,1.9836692810058594,42.271998710730486,3.0778470635414124,worst_uncertainty_stratified_mhz
3215,280.0,5,29.057047180609104,-29.057047180609104,29.057047180609104,0.05334471245795938,0.08446873699188319,0.13781344944984258,23.274341316975388,16.021253551557706,0.0,0.7265695247200163,2.303349494934082,42.79219408957666,5.68963235616684,worst_uncertainty_stratified_mhz
3459,280.0,5,28.407618993207734,-28.407618993207734,28.407618993207734,0.041659017614614414,0.015208732773974894,0.05686775038858931,21.77023638526551,18.746361491335776,0.0,0.03866663749713606,0.670945405960083,42.79219408957666,2.5486691296100616,worst_uncertainty_stratified_mhz
4712,280.0,5,27.254595939395923,-27.254595939395923,27.254595939395923,0.11676213646876231,0.029042314358370576,0.1458044508271329,20.858147451260713,17.75323196011499,0.0,0.17263987325520347,1.2020361423492432,40.168979013661776,2.806454598903656,worst_uncertainty_stratified_mhz
4285,280.0,5,26.804245384200915,-26.804245384200915,26.804245384200915,0.05773221395792997,0.15433902006841033,0.2120712340263403,21.038365019285816,15.68933204382954,0.0,1.405653708933996,3.3334121704101562,35.93201045029348,4.739156574010849,worst_uncertainty_stratified_mhz
4016,300.0,5,30.32823492715814,-30.32823492715814,30.32823492715814,0.10428458545992285,0.07978923938487731,0.18407382484480017,23.815096803225465,17.958884996525935,0.0,0.6725332228329028,2.3464269638061523,43.93870019697897,4.718040019273758,worst_uncertainty_stratified_mhz
3517,300.0,5,29.436814957162,-29.436814957162,29.436814957162,0.0353215321008083,0.057989088139225625,0.09331062024003392,22.714712531801567,18.71941930558304,0.0,1.0925558402447768,3.1321659088134766,40.1121474743001,3.3938999474048615,worst_uncertainty_stratified_mhz
4721,300.0,5,29.13408985040872,-29.13408985040872,29.13408985040872,0.02240315770200262,0.029511661132303794,0.05191481883430642,22.936766150833325,17.448848848047543,0.0,0.47911018930476157,2.190904378890991,42.724407544166134,4.516742557287216,worst_uncertainty_stratified_mhz
3209,300.0,5,29.08780791572532,-29.08780791572532,29.08780791572532,0.05372548248296594,0.09205491073672163,0.14578039321968758,22.923110107156074,17.040108469407944,0.0,1.15957273657693,3.673044204711914,39.85403053644637,4.905454456806183,worst_uncertainty_stratified_mhz
4039,300.0,5,28.384019498296986,-28.384019498296986,28.384019498296986,0.029786064298314888,0.017757695672516453,0.04754375997083134,22.109024289581935,17.676116153254803,0.0,0.3843544235480669,1.5515847206115723,41.89775501145616,3.797789543867111,worst_uncertainty_stratified_mhz
4289,300.0,5,28.055052712167132,-28.055052712167132,28.055052712167132,0.015079426725271057,0.014236643315519933,0.02931607004079099,21.726994291950565,17.91151663091967,0.0,0.15530746489267155,1.1160387992858887,42.027334854829896,3.31597438454628,worst_uncertainty_stratified_mhz
6252,120.0,6,27.636792837711134,-27.636792837711134,27.636792837711134,0.22802247976528855,0.6762776073455457,0.9043000871108342,25.315959816968437,3.801240635123146,0.0,6.360584789410595,8.67811632156372,29.23263373355196,7.323047995567322,worst_uncertainty_stratified_mhz
4850,120.0,6,25.609171780243887,-25.609171780243887,25.609171780243887,0.05903273799038602,0.28724280799317853,0.3462755459835645,24.981954683566364,0.6510261660874458,0.0,3.1361277414607365,5.417151927947998,38.27450195626326,8.340390622615814,worst_uncertainty_stratified_mhz
5466,120.0,6,25.488937816261654,-25.488937816261654,25.488937816261654,0.6699911351670661,0.16963970354083047,0.8396308387078966,24.601085922921563,0.0,0.0,2.943735781734514,5.04019832611084,38.27450195626326,8.895138561725616,worst_uncertainty_stratified_mhz
6336,150.0,6,59.3396071442298,-59.3396071442298,59.3396071442298,1.5529861961821896,3.211679687628629,4.764665883810818,52.922919720323264,4.296003996241138,0.0,33.68876234697895,14.817865490913391,23.65044925577525,9.776641622185707,worst_uncertainty_stratified_mhz
5107,150.0,6,43.381290944586446,-43.381290944586446,43.381290944586446,5.6287444335225985,1.737965487737236,7.366709921259835,34.2461931315493,4.769118160837571,0.0,13.774377685808119,12.96707820892334,27.976552682559014,9.353615164756775,worst_uncertainty_stratified_mhz
4957,150.0,6,40.963880468344776,-40.963880468344776,40.963880468344776,5.220301553244976,1.9882298730594266,7.208531426304402,33.65977404969895,0.0,0.0,25.525084241807107,16.26937961578369,0.0,13.215370059013367,worst_uncertainty_stratified_mhz
4833,150.0,6,38.91543705454145,-38.91543705454145,38.91543705454145,5.377770030415498,0.7649565092713735,6.142726539686871,30.65865973484099,5.849586046401666,0.0,5.619203703869143,8.690507888793945,41.38840417314975,8.885457575321198,worst_uncertainty_stratified_mhz
6241,155.0,6,93.87431874580636,-93.87431874580636,93.87431874580636,5.799781744219178,5.681385971965753,11.481167716184931,82.2981664167633,0.0,0.0,68.11273249657432,25.849087715148926,2.521780125229002,21.722054719924927,worst_uncertainty_stratified_mhz
5525,155.0,6,71.96797156096319,-71.96797156096319,71.96797156096319,1.6983165969586789,3.772529180149853,5.470845777108532,66.3893514376976,0.0,0.0,53.952304112012996,24.38997173309326,0.4841229182759271,17.038431406021118,worst_uncertainty_stratified_mhz
5917,155.0,6,55.579556278960936,-55.579556278960936,55.579556278960936,0.6017047422385026,2.324714326280429,2.9264190685189315,48.16684326491297,12.384259617871434,0.0,25.331623448367388,15.170695781707764,30.499743851383407,8.288786232471466,worst_uncertainty_stratified_mhz
4852,155.0,6,48.683117737886136,-48.683117737886136,48.683117737886136,1.5197415964407324,1.5790602403946912,3.0988018368354235,40.05066238008079,15.375837764382123,0.0,18.39507360828336,14.313332796096802,28.997844747498046,7.049075156450272,worst_uncertainty_stratified_mhz
5613,155.0,6,45.6495875988224,-45.6495875988224,45.6495875988224,0.12075534188512445,1.3520871279126634,1.4728424697977878,43.00277990849845,3.0655621426482496,0.0,16.915985390411826,14.358248233795166,37.815340802378074,10.178595840930939,worst_uncertainty_stratified_mhz
6016,155.0,6,40.4653497457704,-40.4653497457704,40.4653497457704,0.5321427859231563,1.8174499663742634,2.34959275229742,34.862344935916326,8.969948618655271,0.0,14.3194554093053,11.769081592559814,29.316697460662244,8.303572952747345,worst_uncertainty_stratified_mhz
4992,155.0,6,36.596335144883454,-36.596335144883454,36.596335144883454,0.21522003732563746,1.5416255171021247,1.7568455544277621,34.75148945662708,0.0,0.0,18.683772739981123,11.702616691589355,20.43281674170255,12.279734134674072,worst_uncertainty_stratified_mhz
5492,155.0,6,36.13782007308595,-36.13782007308595,36.13782007308595,0.13134246628289695,1.4600288995614774,1.5913713658443744,32.47060366149583,5.620485102830965,0.0,15.759937783926944,13.247478008270264,20.173853746867504,9.132434606552124,worst_uncertainty_stratified_mhz
5772,170.0,6,25.53263800386358,-25.53263800386358,25.53263800386358,0.006822639678777131,0.0363516108551496,0.043174250533926734,20.647780477689533,13.720158066712948,0.0,0.411715012100629,2.197628974914551,38.27450195626326,4.047964811325073,worst_uncertainty_stratified_mhz
5129,170.0,6,20.515058623533225,-20.515058623533225,20.515058623533225,0.0094723971846869,0.006324954168090465,0.015797351352777364,16.253592134622806,12.07532083142604,0.0,0.05717921367096235,0.8928258419036865,31.5,3.0963336527347565,worst_uncertainty_stratified_mhz
4811,170.0,6,20.45638081820652,-20.45638081820652,20.45638081820652,0.028729540691805982,0.03917251597553362,0.0679020566673396,15.922955478496913,12.653667973355773,0.0,0.13712895819308812,1.0719091892242432,30.499743851383407,2.5198311805725098,worst_uncertainty_stratified_mhz
5945,180.0,6,28.360089022809863,-28.360089022809863,28.360089022809863,0.01735020766101841,0.011109867206109604,0.028460074867128014,22.428699344459528,16.75790949236499,0.0,0.23485111139299875,1.5955023765563965,42.79219408957666,3.216927170753479,worst_uncertainty_stratified_mhz
5909,180.0,6,28.252924382944737,-28.252924382944737,28.252924382944737,0.017952059181161484,0.021022151152687706,0.038974210333849194,22.50855876249789,16.197067603329387,0.0,0.2700321990099148,1.684859037399292,42.79219408957666,3.56725937128067,worst_uncertainty_stratified_mhz
4925,180.0,6,27.787121188124352,-27.787121188124352,27.787121188124352,0.011722048494009527,0.014134776913422645,0.02585682540743217,21.8835468308748,16.730175805016252,0.0,0.07028987111607066,0.8343198299407959,42.79219408957666,2.9915414452552795,worst_uncertainty_stratified_mhz
5013,180.0,6,26.195917407623647,-26.195917407623647,26.195917407623647,0.006396200730225225,0.006170600076339615,0.01256680080656484,20.584448469349635,15.950172284565271,0.0,0.034792116925981276,0.5391721725463867,40.56014053230092,2.8535109162330627,worst_uncertainty_stratified_mhz
6035,200.0,6,29.27591073750494,-29.27591073750494,29.27591073750494,0.08116673224991496,0.02266649045835477,0.10383322270826972,23.516841978596997,16.05807436465074,0.0,0.38303710965275783,2.072021722793579,44.1955880150949,4.432172954082489,worst_uncertainty_stratified_mhz
5158,200.0,6,28.38135954710468,-28.38135954710468,28.38135954710468,0.005708111094535731,0.019855252270549795,0.025563363365085526,22.365560738261618,17.010595764063027,0.0,0.23717199501747555,1.464583396911621,42.79219408957666,3.3331784307956696,worst_uncertainty_stratified_mhz
6193,200.0,6,28.16652971046269,-28.16652971046269,28.16652971046269,0.013874110785875431,0.009537861535146571,0.023411972321022004,21.963264133177454,17.576910615047016,0.0,0.09661976993056598,0.9410946369171143,42.79219408957666,2.781800925731659,worst_uncertainty_stratified_mhz
5383,200.0,6,28.12571164611201,-28.12571164611201,28.12571164611201,0.14868809945954228,0.026747755712949378,0.17543585517249166,22.544530402806128,15.356318617909814,0.0,0.3100188081902209,1.6768290996551514,42.79219408957666,4.485367864370346,worst_uncertainty_stratified_mhz
5048,200.0,6,27.927726323943222,-27.927726323943222,27.927726323943222,0.013262327583670144,0.026122954377032027,0.03938528196070217,22.17554938093247,16.25290216329525,0.0,0.1301093223807106,1.2986860275268555,42.79219408957666,3.7146577537059784,worst_uncertainty_stratified_mhz
5517,200.0,6,25.74057055565437,-25.74057055565437,25.74057055565437,0.08534571206107024,0.03567377467665216,0.12101948673772239,20.84024026695857,13.538067651480086,0.0,0.6465552535257322,2.112868070602417,38.27450195626326,4.9045073091983795,worst_uncertainty_stratified_mhz
5130,200.0,6,25.690068067009438,-25.690068067009438,25.690068067009438,0.06789539819233391,0.029073866795207466,0.09696926498754138,19.957374669875062,15.992575523590213,0.0,0.1863383247314081,1.2675707340240479,38.27450195626326,2.8160153329372406,worst_uncertainty_stratified_mhz
5731,200.0,6,25.509602563096575,-25.509602563096575,25.509602563096575,0.051727882273986926,0.017071866348680118,0.06879974862266705,19.710369044402626,16.27821747240406,0.0,0.10594756119061,0.9966475963592529,38.21219537006478,2.461577147245407,worst_uncertainty_stratified_mhz
5513,230.0,6,29.894304324357712,-29.894304324357712,29.894304324357712,0.19216517041890643,0.14315280276083367,0.3353179731797401,24.453913561097174,14.453000652247757,0.0,1.4671622605631995,3.5165390968322754,42.456963504235674,6.509017825126648,worst_uncertainty_stratified_mhz
5461,230.0,6,29.72815695485484,-29.72815695485484,29.72815695485484,0.23807907085969304,0.12572859969420816,0.3638076705539012,24.28496089154353,14.407593980612107,0.0,0.9071092092842719,3.2449288368225098,43.51077452769601,6.482506513595581,worst_uncertainty_stratified_mhz
6277,230.0,6,29.49673162335899,-29.49673162335899,29.49673162335899,0.07448105376312185,0.06001395005003538,0.13449500381315724,23.043103185194592,17.848668364861314,0.0,1.088086849326725,3.3498921394348145,40.56014053230092,3.6169249415397644,worst_uncertainty_stratified_mhz
5639,230.0,6,28.97518428429906,-28.97518428429906,28.97518428429906,0.32054850038970933,0.07824815422455157,0.3987966546142609,23.322556335362755,14.936280958268252,0.0,0.3646641145378453,1.8067221641540527,44.10906227749577,5.7769410610198975,worst_uncertainty_stratified_mhz
5863,230.0,6,28.826495804003457,-28.826495804003457,28.826495804003457,0.023595012495825702,0.03131529559043516,0.054910308086260864,22.96420972600699,16.48591247072686,0.0,0.4383913973060025,2.2594425678253174,42.79219408957666,4.436981499195099,worst_uncertainty_stratified_mhz
6259,230.0,6,28.785388117917524,-28.785388117917524,28.785388117917524,0.029070497648483375,0.03561048371304529,0.06468098136152867,22.5373476807687,17.548284776438397,0.0,0.3375755804765248,1.6073501110076904,42.79219408957666,3.5034706592559814,worst_uncertainty_stratified_mhz
6316,230.0,6,28.67737219017974,-28.67737219017974,28.67737219017974,0.05734936710037292,0.1069756229813348,0.1643249900817077,23.16966522897246,15.141930398379575,0.0,0.9195467599810598,3.1241040229797363,41.37613291500306,5.485074877738953,worst_uncertainty_stratified_mhz
5667,230.0,6,28.274041695411018,-28.274041695411018,28.274041695411018,0.14714342310135317,0.18248835561386811,0.3296317787152213,22.592095026435878,15.107375143319327,0.0,1.909621557959638,4.613458871841431,36.75148806511105,5.3368373811244965,worst_uncertainty_stratified_mhz
5111,250.0,6,29.771351789484527,-29.771351789484527,29.771351789484527,0.01184175144746566,0.01833886601340182,0.03018061746086748,22.831092084194747,19.633948053406623,0.0,0.13121647979595052,1.2041631937026978,44.1955880150949,2.3708380311727524,worst_uncertainty_stratified_mhz
6173,250.0,6,29.459866302611484,-29.459866302611484,29.459866302611484,0.3432292914391524,0.40718283750348966,0.750412128942642,23.942265778363264,13.491045446210263,0.0,1.8777494422607752,4.069896697998047,40.05913597420693,7.558664619922638,worst_uncertainty_stratified_mhz
5661,250.0,6,29.262477469295,-29.262477469295,29.262477469295,0.004150120889575182,0.005885012826833325,0.010035133716408507,22.61545388829736,18.89871258783103,0.0,0.06102416717263903,0.913271427154541,44.1955880150949,2.7522421181201935,worst_uncertainty_stratified_mhz
5245,250.0,6,29.225771544407344,-29.225771544407344,29.225771544407344,0.08119313246246121,0.1669313664164856,0.2481244988789468,23.140347551685824,16.502943033214095,0.0,1.4569692910369234,3.9975109100341797,39.36924561126362,4.925171434879303,worst_uncertainty_stratified_mhz
4895,250.0,6,28.778703150987994,-28.778703150987994,28.778703150987994,0.13951382334436313,0.054776859266802785,0.19429068261116592,22.09069251216341,18.459270280093005,0.0,0.1437536590559887,1.1016836166381836,42.79219408957666,2.8744843006134033,worst_uncertainty_stratified_mhz
5317,250.0,6,28.632486560775853,-28.632486560775853,28.632486560775853,0.009936835199877751,0.014385183724004373,0.024322018923882124,21.750582511663232,19.502166379119323,0.0,0.050022933891475496,0.7228167057037354,42.67830244983978,1.7570033371448517,worst_uncertainty_stratified_mhz
6135,250.0,6,28.564591524096247,-28.564591524096247,28.564591524096247,0.09195880256647253,0.15161031257952753,0.24356911514600005,22.67892269893185,16.00861181908211,0.0,0.6194968469837425,2.73044753074646,41.38840417314975,5.034346133470535,worst_uncertainty_stratified_mhz
4932,250.0,6,28.444929937373423,-28.444929937373423,28.444929937373423,0.002149051619851039,0.0037668936719931715,0.005915945291844211,21.830973484378266,18.808411036356713,0.0,0.054342386741118354,0.7610681056976318,42.79219408957666,2.322168320417404,worst_uncertainty_stratified_mhz
5205,250.0,6,27.953781739173237,-27.953781739173237,27.953781739173237,0.18997657076819752,0.0472632670435882,0.2372398378117857,21.32164796241402,18.069346964851665,0.0,0.5975882788486109,1.752598524093628,39.69552084303719,2.7365157306194305,worst_uncertainty_stratified_mhz
5029,250.0,6,27.810569731163145,-27.810569731163145,27.810569731163145,0.39744876545781427,0.2611613719058382,0.6586101373636525,23.210651897170404,11.147464269305107,0.0,1.9853046008703892,4.576725959777832,37.8739686328222,8.87392109632492,worst_uncertainty_stratified_mhz
5947,250.0,6,27.197300095859855,-27.197300095859855,27.197300095859855,0.07195985521796928,0.016814819088335743,0.08877467430630503,20.717560460107062,18.218275594224643,0.0,0.014666427943892835,0.37378835678100586,41.03199970754533,2.0781995356082916,worst_uncertainty_stratified_mhz
5208,250.0,6,26.77575246876974,-26.77575246876974,26.77575246876974,0.12075086593231195,0.011492120319247555,0.1322429862515595,20.286317449073817,18.108433141945547,0.0,0.021267033084096276,0.4078267812728882,40.12227405070655,1.8948664367198944,worst_uncertainty_stratified_mhz
5433,265.0,6,31.545783832199955,-31.545783832199955,31.545783832199955,0.30335222256598304,1.194206731061477,1.49755895362746,26.32005685508277,10.491539948190754,0.0,5.909893291909938,8.092519760131836,32.727807366213824,10.827849268913269,worst_uncertainty_stratified_mhz
5143,265.0,6,29.669867564284676,-29.669867564284676,29.669867564284676,0.6314180399416781,0.4341086577449824,1.0655266976866606,25.694767338895115,8.225306074648229,0.0,2.1855998061307105,4.226140975952148,42.79219408957666,12.032475709915161,worst_uncertainty_stratified_mhz
5914,265.0,6,29.051112540018238,-29.051112540018238,29.051112540018238,0.5923673174680134,0.4913151373582608,1.0836824548262742,26.139135489512608,5.098958412383142,0.0,6.0773182894906626,6.799468994140625,33.324165405903265,14.116294503211975,worst_uncertainty_stratified_mhz
5294,265.0,6,28.568544509229337,-28.568544509229337,28.568544509229337,0.6108481369429629,0.36489084686935586,0.9757389838123187,24.542274349873786,8.606420354912144,0.0,3.1099851321455247,4.922393798828125,37.9421846366284,11.515989899635315,worst_uncertainty_stratified_mhz
6385,265.0,6,28.068400233491637,-28.068400233491637,28.068400233491637,0.523505894893903,0.5388264831921991,1.062332378086102,25.72444759142445,3.592410611724211,0.0,2.1320881107990175,4.511908531188965,42.6728104300619,15.03680670261383,worst_uncertainty_stratified_mhz
6308,265.0,6,27.686427943760542,-27.686427943760542,27.686427943760542,0.37216918208328065,0.1532467919074512,0.5254159739907318,24.209605534694543,8.329088569515546,0.0,2.788909675123705,4.566889762878418,38.27450195626326,11.525071144104004,worst_uncertainty_stratified_mhz
5630,265.0,6,27.38684295739325,-27.38684295739325,27.38684295739325,0.2739803605599103,0.7248492487132028,0.998829609273113,25.017557389244775,3.8549021019028324,0.0,1.5795392930546654,4.194255828857422,42.6817803635228,14.79265570640564,worst_uncertainty_stratified_mhz
5190,265.0,6,26.795926193768892,-26.795926193768892,26.795926193768892,0.3425193879480947,0.1305093770604991,0.4730287650085938,23.676111851141485,7.522140860350493,0.0,0.4507562743801685,2.2551231384277344,44.1955880150949,11.958011984825134,worst_uncertainty_stratified_mhz
6270,265.0,6,26.62956263569174,-26.62956263569174,26.62956263569174,0.20572094628198712,0.13154268745949257,0.3372636337414797,22.580007181682483,10.534548501596772,0.0,0.8959809491031479,2.735745429992676,40.632307035165994,9.390560865402222,worst_uncertainty_stratified_mhz
5364,265.0,6,26.242354917244892,-26.242354917244892,26.242354917244892,0.9844196085642253,0.8987018235615912,1.8831214321258165,21.581018682474088,7.814154714190382,0.0,4.023349643471647,5.84718132019043,29.268156757814456,11.591531753540039,worst_uncertainty_stratified_mhz
5133,265.0,6,25.746748887362227,-25.746748887362227,25.746748887362227,0.4733318419927342,0.3934047519873021,0.8667365939800363,23.829548783617717,2.956560435652881,0.0,0.9176910570891863,2.940152168273926,42.883563284783136,15.285952687263489,worst_uncertainty_stratified_mhz
5424,270.0,6,30.748298606154783,-30.748298606154783,30.748298606154783,0.11502699343953175,0.2618755605828853,0.37690255402241707,25.093185237209767,14.957692611913481,0.0,1.5699205555233675,3.628683090209961,43.41784627316284,7.281562566757202,worst_uncertainty_stratified_mhz
5862,270.0,6,29.141881774669415,-29.141881774669415,29.141881774669415,0.11642760463704982,0.18055871211267785,0.29698631674972764,23.95310868388551,13.85931482408687,0.0,1.538508852248981,3.7532410621643066,41.07595860110875,7.558308839797974,worst_uncertainty_stratified_mhz
4929,270.0,6,28.79786099041997,-28.79786099041997,28.79786099041997,0.005214703148118391,0.008574428887880646,0.013789132035999036,21.969723198770634,19.373969773849886,0.0,0.07995712752012807,0.848082423210144,42.93144971929087,2.1127715706825256,worst_uncertainty_stratified_mhz
5064,270.0,6,28.195967094603734,-28.195967094603734,28.195967094603734,0.14127771767338526,0.11218219345716582,0.2534599111305511,23.28844092404438,13.216324243889346,0.0,0.7688087500782643,2.475525379180908,42.56373896875132,7.731319308280945,worst_uncertainty_stratified_mhz
5257,270.0,6,28.11086087890705,-28.11086087890705,28.11086087890705,0.15711221590141397,0.10885015923676618,0.26596237513818016,22.103542659839107,16.240949220629236,0.0,1.2260029117471722,3.7232260704040527,38.031853425779815,4.854349046945572,worst_uncertainty_stratified_mhz
5542,270.0,6,26.965740173599627,-26.965740173599627,26.965740173599627,0.12345083439504873,0.2187883261641595,0.3422391605592082,23.098957337700092,9.966589065326646,0.0,2.1553886761702756,4.2044572830200195,37.682680040039614,10.128486394882202,worst_uncertainty_stratified_mhz
5188,270.0,6,26.71899342630019,-26.71899342630019,26.71899342630019,0.06470692460811585,0.04181524141700001,0.10652216602511586,20.27804311172622,18.020890353299475,0.0,0.04999645260924779,0.7178875207901001,39.73820579744385,2.0614631325006485,worst_uncertainty_stratified_mhz
6395,280.0,6,31.304169469910384,-31.304169469910384,31.304169469910384,0.2886625304081429,0.19238862276372973,0.48105115317187264,25.221131014309588,15.864834024474739,0.0,1.8487595181825007,4.587485313415527,42.15725767883865,6.895628869533539,worst_uncertainty_stratified_mhz
6330,280.0,6,30.94599774242907,-30.94599774242907,30.94599774242907,0.1683240127211767,0.3330166310638447,0.5013406437850214,26.262257874225966,11.822877366421286,0.0,3.17817724042834,5.299851417541504,40.86830985005375,10.039750576019287,worst_uncertainty_stratified_mhz
6242,280.0,6,30.67394962284454,-30.67394962284454,30.67394962284454,0.11231733574501247,0.0769561368646484,0.18927347260966088,23.850624264606893,18.758071343739495,0.0,1.200827205572053,3.2997801303863525,41.999813987683325,3.9861479699611664,worst_uncertainty_stratified_mhz
5332,280.0,6,29.803247757930585,-29.803247757930585,29.803247757930585,0.2608577283978954,0.3240430279628099,0.5849007563607054,24.817482596788338,12.42803758641415,0.0,3.5227043945301375,6.121248245239258,36.46830815927714,9.191189765930176,worst_uncertainty_stratified_mhz
5069,280.0,6,29.02257472448187,-29.02257472448187,29.02257472448187,0.453310623604072,0.15892126890917016,0.6122318925132422,23.608940689765916,13.584055291733144,0.0,2.2082806377412645,4.830936908721924,37.97038319532738,7.90730220079422,worst_uncertainty_stratified_mhz
5974,280.0,6,28.836766197201243,-28.836766197201243,28.836766197201243,0.2278551761324545,0.06696051874033151,0.294815694872786,22.52931841940968,17.104256713301766,0.0,0.22305448694201857,1.4500441551208496,43.162483709814474,4.516508221626282,worst_uncertainty_stratified_mhz
5999,300.0,6,29.213812464081084,-29.213812464081084,29.213812464081084,0.021481221277394862,0.060058228512896224,0.08153944979029108,22.826263792250753,17.824690303454094,0.0,1.2686623105063637,3.328270435333252,39.786932528155525,4.179861098527908,worst_uncertainty_stratified_mhz
5883,300.0,6,28.775895777028214,-28.775895777028214,28.775895777028214,0.023755999731160146,0.013695562548581359,0.0374515622797415,22.04595968911504,19.035685190027124,0.0,0.09693980482158793,0.9220290184020996,42.976010750184805,2.5950541496276855,worst_uncertainty_stratified_mhz
5213,300.0,6,28.673054749791905,-28.673054749791905,28.673054749791905,0.012614388781114481,0.017770981251512847,0.030385370032627326,21.834872241094782,19.368072594878775,0.0,0.06215496324752201,0.7532404661178589,42.79219408957666,2.1513123959302902,worst_uncertainty_stratified_mhz
5348,300.0,6,28.647315292753674,-28.647315292753674,28.647315292753674,0.05377639998524555,0.033089060957602515,0.08686546094284806,22.42826171799384,17.437003955802005,0.0,0.24402831017603077,1.57627272605896,42.79219408957666,4.224072158336639,worst_uncertainty_stratified_mhz
6048,300.0,6,28.61701257013487,-28.61701257013487,28.61701257013487,0.00655822995550558,0.07515937341666865,0.08171760337217422,22.44996520476755,17.249397429125043,0.0,0.7154082637995707,2.5797815322875977,40.88933234964836,4.401573956012726,worst_uncertainty_stratified_mhz
5288,300.0,6,28.412828479129143,-28.412828479129143,28.412828479129143,0.0087325959384477,0.004446363832796251,0.013178959771243951,21.59665590594759,19.39544827702865,0.0,0.01257481183903919,0.3759680986404419,42.79219408957666,1.921910747885704,worst_uncertainty_stratified_mhz
7035,120.0,7,31.61665136348171,-31.61665136348171,31.61665136348171,0.1755853284320836,0.49938188691781005,0.6749672153498937,30.08319730023443,2.240705516734696,0.0,5.556517923865604,8.024595975875854,41.0287627768618,7.9378683269023895,worst_uncertainty_stratified_mhz
7027,120.0,7,26.18865787785539,-26.18865787785539,26.18865787785539,0.08358598488759583,0.17889737596208172,0.26248336084967755,25.14014413071206,2.1464980484189127,0.0,1.1872742869829693,3.7101516723632812,44.1955880150949,7.8376322984695435,worst_uncertainty_stratified_mhz
7041,120.0,7,24.604763079645725,-24.604763079645725,24.604763079645725,5.422838926844313,0.9829714632969299,6.405810390141243,18.149940225325373,0.0,0.0,12.370469434987172,11.12592887878418,0.4330127018922193,17.940170288085938,worst_uncertainty_stratified_mhz
7338,150.0,7,111.82672105066818,-111.82672105066818,111.82672105066818,3.669257015160527,6.604408073340285,10.273665088500813,101.4699684573902,0.0,0.0,81.8992231965702,35.09875011444092,4.042740407199057,27.229783177375793,worst_uncertainty_stratified_mhz
6484,150.0,7,79.20217004669928,-79.20217004669928,79.20217004669928,4.836838047029758,5.164740497123917,10.001578544153675,69.10105814583015,0.0,0.0,39.977470996973935,22.062319040298462,36.18485525741398,15.881042808294296,worst_uncertainty_stratified_mhz
7129,150.0,7,64.01471402752998,-64.01471402752998,64.01471402752998,0.7012017662581455,2.2176110144229098,2.9188127806810553,55.60796024773135,15.206298661605357,0.0,26.909964778951988,16.430494785308838,40.965496152249884,7.824894577264786,worst_uncertainty_stratified_mhz
6442,150.0,7,63.10238816122122,-63.10238816122122,63.10238816122122,1.1377305157793332,3.538968698151887,4.6766992139312205,58.336970579836034,0.0,0.0,45.6093029367691,21.245970726013184,4.209364560120684,19.030630826950073,worst_uncertainty_stratified_mhz
6664,155.0,7,153.62744444881244,-153.62744444881244,153.62744444881244,6.659043540920519,7.043213429463212,13.702256970383731,139.83969935143574,0.0,0.0,121.0972049337733,34.04124450683594,3.4437443284889775,32.18112826347351,worst_uncertainty_stratified_mhz
7636,155.0,7,151.82191167502998,-151.82191167502998,151.82191167502998,13.717256224129033,8.721375397070263,22.438631621199296,129.29862498695155,0.0,0.0,113.02428668718377,28.891491889953613,3.6571847095819483,31.39590013027191,worst_uncertainty_stratified_mhz
7779,155.0,7,114.39145550108852,-114.39145550108852,114.39145550108852,2.093988493004191,6.914101363305847,9.008089856310038,105.27398135831785,0.0,0.0,89.00972754986512,28.369556427001953,4.158951189903531,21.562733054161072,worst_uncertainty_stratified_mhz
7374,155.0,7,109.79556117443167,-109.79556117443167,109.79556117443167,1.2247874638958112,8.238650581559702,9.463438045455513,100.240365319213,0.0,0.0,84.97846824221241,26.334895133972168,4.18889902002901,25.1160546541214,worst_uncertainty_stratified_mhz
6476,155.0,7,98.18280179475019,-98.18280179475019,98.18280179475019,2.117982806466803,5.139241620135246,7.25722442660205,90.83566435464466,0.0,0.0,75.5104575793932,30.03804111480713,0.6123724356957945,24.16133940219879,worst_uncertainty_stratified_mhz
7225,155.0,7,74.3020059501139,-74.3020059501139,74.3020059501139,1.1841835810594137,4.200511990527756,5.38469557158717,68.84544268414177,0.0,0.0,55.81446250739714,23.214263916015625,2.8476964374736293,25.988407611846924,worst_uncertainty_stratified_mhz
6556,155.0,7,61.9695987431849,-61.9695987431849,61.9695987431849,0.42593606222686947,3.5867710806832878,4.012707142910157,57.81907617055265,0.0,0.0,43.68775410630701,20.51869487762451,7.74394925086677,11.990078449249268,worst_uncertainty_stratified_mhz
6592,155.0,7,58.42946238482047,-58.42946238482047,58.42946238482047,3.429274052582098,2.6582307175987108,6.087504770180809,52.068160113879514,0.42933567052618754,0.0,28.741199116914004,16.154178142547607,30.499743851383407,10.84975552558899,worst_uncertainty_stratified_mhz
7511,170.0,7,32.808831358841914,-32.808831358841914,32.808831358841914,0.784839807955191,0.3804874966180479,1.165327304573239,25.45075681301994,17.3752500699771,0.0,3.484087964327371,5.882385015487671,38.05095268189746,4.188528686761856,worst_uncertainty_stratified_mhz
7573,170.0,7,31.24380983801498,-31.24380983801498,31.24380983801498,0.09927479655518222,0.38323562746418344,0.48251042401936567,24.583671607323947,17.209524074506227,0.0,5.506678900687419,7.654241561889648,30.499743851383407,3.8021984100341797,worst_uncertainty_stratified_mhz
6880,170.0,7,30.097602433981073,-30.097602433981073,30.097602433981073,0.13165729464141018,0.5465169035632975,0.6781741982047077,25.58792111588481,10.67853537809366,0.0,7.172175286344055,9.002774477005005,27.828717182076502,7.12108913064003,worst_uncertainty_stratified_mhz
6981,180.0,7,27.83629221707839,-27.83629221707839,27.83629221707839,0.00627967837657008,0.0076443826246357606,0.01392406100120584,22.038687570128555,16.48610627199326,0.0,0.029859926184116148,0.5068807601928711,43.51077452769601,3.1897523403167725,worst_uncertainty_stratified_mhz
7598,180.0,7,25.745218307525057,-25.745218307525057,25.745218307525057,0.03503315314728161,0.14266381828639185,0.17769697143367347,20.01992455513659,15.510541477820011,0.0,2.014161314247044,4.35023307800293,31.661293403776163,2.9838621020317078,worst_uncertainty_stratified_mhz
6559,180.0,7,24.37045223772658,-24.37045223772658,24.37045223772658,0.002474840177845626,0.006235776557661393,0.008710616735507019,18.81358568610047,15.773001800554281,0.0,0.05168980332140527,0.7723037004470825,36.75148806511105,2.0589694529771805,worst_uncertainty_stratified_mhz
6558,180.0,7,20.627602830886445,-20.627602830886445,20.627602830886445,0.03821123192934662,0.05843569125665635,0.09664692318600296,15.965545316913147,12.939809938072424,0.0,0.13041657626477754,1.17051362991333,30.499743851383407,2.4750612676143646,worst_uncertainty_stratified_mhz
6704,200.0,7,29.074097279803368,-29.074097279803368,29.074097279803368,0.11033965166788269,0.06275066068116421,0.1730903123490469,23.16640048663526,16.26128576670501,0.0,0.5263911026364205,2.4878246784210205,42.79219408957666,4.202894032001495,worst_uncertainty_stratified_mhz
7610,200.0,7,28.230532547738136,-28.230532547738136,28.230532547738136,0.05542074360465938,0.029652331380332977,0.08507307498499236,22.192507420605477,16.922448461760315,0.0,0.16083067057880385,1.2711594104766846,42.79219408957666,3.3314154148101807,worst_uncertainty_stratified_mhz
7366,200.0,7,26.72275927475353,-26.72275927475353,26.72275927475353,0.04896429753132337,0.02573253987925962,0.07469683741058299,21.115320255872337,15.728111551666135,0.0,0.15881556202743852,1.2807023525238037,40.632307035165994,3.5705365538597107,worst_uncertainty_stratified_mhz
6614,200.0,7,26.369237246492183,-26.369237246492183,26.369237246492183,0.03500587144669281,0.02501569224995066,0.060021563696643465,20.75229575424345,15.818468725635892,0.0,0.07386547413119526,0.796720027923584,40.56014053230092,3.3215645849704742,worst_uncertainty_stratified_mhz
7204,200.0,7,25.430719608942624,-25.430719608942624,25.430719608942624,0.012264310456074146,0.016008907044225914,0.02827321750030006,19.618653734564226,16.44050987355518,0.0,0.0722779962481459,0.8805561065673828,38.21219537006478,2.269567161798477,worst_uncertainty_stratified_mhz
6803,200.0,7,25.171511318028575,-25.171511318028575,25.171511318028575,0.052160136809115375,0.025493904063476923,0.0776540408725923,19.95361578465175,14.611780196779371,0.0,0.15322021804966024,1.326289176940918,38.27450195626326,3.7467186748981476,worst_uncertainty_stratified_mhz
7829,200.0,7,25.125737693003767,-25.125737693003767,25.125737693003767,0.028926898620688687,0.006283656385688059,0.035210555006376744,19.535156271354037,15.813327850789634,0.0,0.0485762984714313,0.6986579895019531,38.27450195626326,2.661052942276001,worst_uncertainty_stratified_mhz
7538,200.0,7,22.568566474138922,-22.568566474138922,22.568566474138922,0.05230445307992274,0.019407661545447756,0.0717121146253705,17.665767721412724,13.72835657484146,0.0,0.1076215053623022,1.133070468902588,33.983221963198254,3.134882777929306,worst_uncertainty_stratified_mhz
7550,230.0,7,33.864533187034574,-33.864533187034574,33.864533187034574,0.05407313515295469,0.2554563856305011,0.3095295207834558,28.087969104050785,15.413400365179568,0.0,4.269434579884418,6.861770153045654,40.77529889528708,7.140359282493591,worst_uncertainty_stratified_mhz
6529,230.0,7,30.23249250848277,-30.23249250848277,30.23249250848277,0.31599646393270275,0.1295052777823963,0.44550174171509904,23.87575117891271,16.752233358904036,0.0,0.8715322727459514,2.520113229751587,43.48832458258193,4.866553217172623,worst_uncertainty_stratified_mhz
7545,230.0,7,29.883704186841996,-29.883704186841996,29.883704186841996,0.13753199369717248,0.11336759649847233,0.2508995901956448,24.28590043529359,15.140535337207712,0.0,1.3031965598123492,3.5124926567077637,42.45291509425472,5.980998873710632,worst_uncertainty_stratified_mhz
7998,230.0,7,29.295517259826628,-29.295517259826628,29.295517259826628,0.022680015242183882,0.028945032258217977,0.05162504750040186,23.090162763993813,17.47442104969113,0.0,0.33362763389672434,2.002295732498169,43.51077452769601,3.8320938646793365,worst_uncertainty_stratified_mhz
7565,230.0,7,28.911597225421037,-28.911597225421037,28.911597225421037,0.166928589170298,0.08092057274790691,0.24784916191820489,22.368884577955765,17.805695892711814,0.0,0.7080274160533513,2.7615737915039062,40.56014053230092,3.345970571041107,worst_uncertainty_stratified_mhz
7262,230.0,7,28.798786159593856,-28.798786159593856,28.798786159593856,0.013148874492809428,0.025621826194692252,0.03877070068750168,22.619567520989673,17.459686779208244,0.0,0.17994313460596345,1.3684742450714111,43.51077452769601,3.5878889560699463,worst_uncertainty_stratified_mhz
7604,230.0,7,28.073747582376143,-28.073747582376143,28.073747582376143,0.12428223263534278,0.19607525508586945,0.32035748772121225,23.31052196743824,12.535605210037676,0.0,2.638807442418667,4.936870574951172,36.40655847508798,7.3296743631362915,worst_uncertainty_stratified_mhz
6416,230.0,7,27.835469127720774,-27.835469127720774,27.835469127720774,0.021242242811308053,0.02693357855853043,0.04817582136983849,22.32590267973663,15.529888208415082,0.0,0.2453068081146874,1.4356870651245117,42.72550467811937,4.775253355503082,worst_uncertainty_stratified_mhz
7269,250.0,7,31.837329491234996,-31.837329491234996,31.837329491234996,0.12898916011817538,0.0911330614013029,0.22012222151947827,24.171044804577,20.987013705104932,0.0,0.918527212377606,2.309447169303894,44.1955880150949,2.379159078001976,worst_uncertainty_stratified_mhz
7505,250.0,7,31.51490797860235,-31.51490797860235,31.51490797860235,0.3031227990068924,0.3865825186274466,0.689705317634339,26.026044829308862,13.563992913497557,0.0,2.88287962942837,6.248847961425781,40.0374824383352,8.200802981853485,worst_uncertainty_stratified_mhz
7578,250.0,7,30.20200219306475,-30.20200219306475,30.20200219306475,0.009488775502128323,0.029014680631501526,0.03850345613362985,23.63431421766909,18.515931419827727,0.0,0.503195423684736,2.154592275619507,44.1076453123492,3.64834526181221,worst_uncertainty_stratified_mhz
7768,250.0,7,29.813460071171622,-29.813460071171622,29.813460071171622,0.35928579666845467,0.4215278437100203,0.7808136403784749,23.98207867380443,14.255895827021346,0.0,2.9828738869135663,5.6476874351501465,36.35072213863158,7.077788710594177,worst_uncertainty_stratified_mhz
7540,250.0,7,29.290803441430636,-29.290803441430636,29.290803441430636,0.06912415731391719,0.02028972385423315,0.08941388116815034,22.401130143600373,19.32798543205972,0.0,0.11211201925581804,1.0897116661071777,43.48832458258193,2.360326409339905,worst_uncertainty_stratified_mhz
7929,250.0,7,28.764118409756648,-28.764118409756648,28.764118409756648,0.018605648889634854,0.029820746543824873,0.048426395433459724,22.02556821263817,19.015718726604817,0.0,0.10374997548991516,1.0514423847198486,42.79219408957666,2.3258342146873474,worst_uncertainty_stratified_mhz
6441,250.0,7,28.411421714623145,-28.411421714623145,28.411421714623145,0.016917519982028905,0.01112943898630133,0.028046958968330236,21.92658631910229,18.361515295232067,0.0,0.10998422746947867,0.8410100936889648,42.79219408957666,2.7400835156440735,worst_uncertainty_stratified_mhz
7519,250.0,7,28.372046164904773,-28.372046164904773,28.372046164904773,0.027805392580062496,0.1068008338814876,0.1346062264615501,21.87304812860662,17.909833507244745,0.0,1.4656940374274625,3.488443970680237,37.32626421167808,3.1543967574834824,worst_uncertainty_stratified_mhz
7056,250.0,7,27.466974836735478,-27.466974836735478,27.466974836735478,0.7287305986071665,0.1523933058894605,0.881123904496627,22.457053338880538,11.750775119816149,0.0,0.280400352030199,1.7873644828796387,42.56594149082104,8.260303020477295,worst_uncertainty_stratified_mhz
7531,250.0,7,27.272505141741373,-27.272505141741373,27.272505141741373,0.10626728979122968,0.08043312966593524,0.18670041945716492,21.04994845331366,17.075341441277235,0.0,0.614747610652028,2.6459412574768066,38.22446042784646,3.2950960993766785,worst_uncertainty_stratified_mhz
6760,250.0,7,27.025854132864545,-27.025854132864545,27.025854132864545,0.24218839072209944,0.48028843747834216,0.7224768282004416,22.208915561488006,11.52456426202821,0.0,4.075518326462941,6.055041790008545,30.211752680041588,8.292188167572021,worst_uncertainty_stratified_mhz
6609,250.0,7,26.984967885299522,-26.984967885299522,26.984967885299522,0.09454322767396685,0.06898582006884516,0.16352904774281202,20.461711446103944,17.97980541142836,0.0,0.33900847164587034,1.970903992652893,38.27450195626326,2.179205045104027,worst_uncertainty_stratified_mhz
7106,265.0,7,31.554427840048373,-31.554427840048373,31.554427840048373,0.2224322355541104,0.40317916285366534,0.6256113984077758,28.090708672880943,7.990214637065731,0.0,4.339361139795017,6.870388031005859,40.632307035165994,12.539011716842651,worst_uncertainty_stratified_mhz
7220,265.0,7,31.359471563522966,-31.359471563522966,31.359471563522966,0.28088374420984347,0.32298389816750545,0.6038676423773489,29.27018089885449,4.142709188835267,0.0,4.5053426396718805,6.8244733810424805,42.70520313732274,14.958356857299805,worst_uncertainty_stratified_mhz
7465,265.0,7,30.60731480481541,-30.60731480481541,30.60731480481541,1.232460201097225,0.6168211028420847,1.8492813039393097,25.203422023001472,10.007419874262814,0.0,5.192777298099017,7.7921295166015625,32.22915993320335,10.952550053596497,worst_uncertainty_stratified_mhz
6435,265.0,7,30.078563268610246,-30.078563268610246,30.078563268610246,0.8552553306994065,0.33504924928467705,1.1903045799840837,26.274103429963912,7.359107895427276,0.0,3.8291141476940993,6.615476608276367,38.27450195626326,12.717309951782227,worst_uncertainty_stratified_mhz
6763,265.0,7,29.44235063091053,-29.44235063091053,29.44235063091053,0.6846988398467272,0.5690394235484643,1.2537382633951915,26.029076686048725,6.025130744825397,0.0,7.547363987481148,7.177207946777344,29.786217450357807,13.535922884941101,worst_uncertainty_stratified_mhz
7475,265.0,7,26.76560569190215,-26.76560569190215,26.76560569190215,0.9039178607502015,0.2766487914561117,1.1805666522063132,22.837681765890032,7.791618922640077,0.0,0.9072003407447795,3.2286558151245117,40.632307035165994,11.735338807106018,worst_uncertainty_stratified_mhz
6503,265.0,7,26.706922809469475,-26.706922809469475,26.706922809469475,0.575899861833566,0.19854527317715212,0.7744451350107181,23.86693574728399,5.859394484344038,0.0,0.6102553070888348,2.31777286529541,44.1955880150949,13.237019300460815,worst_uncertainty_stratified_mhz
7207,265.0,7,26.701622873623965,-26.701622873623965,26.701622873623965,0.24738631265534786,0.520127237541356,0.7675135501967039,24.337766447914543,4.472889685430444,0.0,3.0986611446537466,4.663076400756836,37.81513420576476,14.273569703102112,worst_uncertainty_stratified_mhz
7046,265.0,7,26.09967609937954,-26.09967609937954,26.09967609937954,0.36256833348524137,0.4957804627487648,0.8583487962340062,23.44293913159357,5.070479369698151,0.0,1.7005477347083797,4.582862854003906,38.90191993976647,13.74398136138916,worst_uncertainty_stratified_mhz
7960,265.0,7,25.67208077043493,-25.67208077043493,25.67208077043493,0.6884807586751863,0.6851798208481592,1.3736605795233454,21.952876212455095,6.603446137180007,0.0,2.9266281915720214,5.424383163452148,32.628112878314,12.455206513404846,worst_uncertainty_stratified_mhz
6742,265.0,7,25.252317716317332,-25.252317716317332,25.252317716317332,1.3525698078006352,0.4818455384050958,1.834415346205731,20.818901006723923,7.286177477729469,0.0,5.30555937186017,6.049506187438965,24.97717708228854,11.79062008857727,worst_uncertainty_stratified_mhz
6497,270.0,7,29.43811797461105,-29.43811797461105,29.43811797461105,0.301006595584147,0.20179864452600632,0.5028052401101533,22.633462432742615,17.70400456647141,0.0,3.1286149362074753,6.161559581756592,32.848135411313685,4.193482369184494,worst_uncertainty_stratified_mhz
7634,270.0,7,28.799226829240087,-28.799226829240087,28.799226829240087,0.3202575043875942,0.1603262334901598,0.480583737877754,22.869144490267473,15.47120363162215,0.0,0.6785358428110122,2.833240509033203,41.54797678587972,5.955729305744171,worst_uncertainty_stratified_mhz
6690,270.0,7,28.348230166189758,-28.348230166189758,28.348230166189758,0.0668408444407853,0.02494878195688722,0.09178962639767252,21.69047047610884,18.64410434202359,0.0,0.17276268366626346,1.164520263671875,41.870895321213276,2.5636008232831955,worst_uncertainty_stratified_mhz
7162,270.0,7,27.702014222155892,-27.702014222155892,27.702014222155892,0.1631263991495312,0.13529725976411788,0.2984236589136491,22.974839251959246,12.589004766937405,0.0,0.5347058654659769,2.4748573303222656,42.40540944266427,8.08901995420456,worst_uncertainty_stratified_mhz
7183,270.0,7,25.989246416773234,-25.989246416773234,25.989246416773234,0.2213878423190954,0.05268802377484728,0.2740758660939427,19.728987785545666,16.915023840080863,0.0,0.5319864199328028,1.7478910684585571,36.64611166276717,2.7659476548433304,worst_uncertainty_stratified_mhz
7881,270.0,7,25.804941665883263,-25.804941665883263,25.804941665883263,0.1829328086159782,0.32332597338447655,0.5062587820004547,20.352988172225587,13.912049612200853,0.0,3.2625993566940807,6.18300986289978,27.997767768163232,5.904580742120743,worst_uncertainty_stratified_mhz
6498,270.0,7,25.455731544053766,-25.455731544053766,25.455731544053766,0.005835990026418425,0.003924815879707858,0.009760805906126283,19.50049456590918,16.9243807757053,0.0,0.042538829610284656,0.6414095163345337,38.27450195626326,2.3498424142599106,worst_uncertainty_stratified_mhz
7654,280.0,7,30.417106657554168,-30.417106657554168,30.417106657554168,0.15739670076768417,0.36386406620641376,0.521260766974098,24.65312864789377,14.800359246302946,0.0,3.458200638136386,5.887287616729736,36.50256840278503,7.427620351314545,worst_uncertainty_stratified_mhz
6455,280.0,7,28.53119404498436,-28.53119404498436,28.53119404498436,0.005886761105653392,0.009984739448375007,0.0158715005540284,21.641700160148382,19.580717562870117,0.0,0.020047635833533084,0.45111095905303955,42.79219408957666,1.7376175075769424,worst_uncertainty_stratified_mhz
7685,280.0,7,28.495891347483585,-28.495891347483585,28.495891347483585,0.02289595096855516,0.01949732971685011,0.04239328068540527,22.185661841232065,17.833845697786415,0.0,0.13754994487360417,1.3040297031402588,42.79219408957666,3.567467898130417,worst_uncertainty_stratified_mhz
6415,280.0,7,28.43105902846447,-28.43105902846447,28.43105902846447,0.003054510970179378,0.008184853706364119,0.011239364676543497,21.662464853651862,19.249821606017118,0.0,0.025983647391210063,0.4807683229446411,42.79219408957666,2.0233021080493927,worst_uncertainty_stratified_mhz
6951,280.0,7,28.13855505776622,-28.13855505776622,28.13855505776622,0.25131800089797635,0.13042302849273898,0.3817410293907153,23.62930713478259,11.716046506187645,0.0,0.9807000026952686,2.8921732902526855,42.405040973921956,9.206770956516266,worst_uncertainty_stratified_mhz
6856,280.0,7,28.080170582368257,-28.080170582368257,28.080170582368257,0.037054839336126154,0.052944263956435325,0.08999910329256147,22.837577510283694,14.667042986800546,0.0,0.24588947530234861,1.6736788749694824,43.50969719499321,6.480663180351257,worst_uncertainty_stratified_mhz
7266,300.0,7,30.527356283144243,-30.527356283144243,30.527356283144243,0.07468510554612079,0.058016202259008574,0.13270130780512937,24.073723121169976,17.899860118411173,0.0,1.1987762304570557,3.103821277618408,42.64607250380743,4.889561027288437,worst_uncertainty_stratified_mhz
7726,300.0,7,30.314507943699624,-30.314507943699624,30.314507943699624,0.015534934469618544,0.027608432558686686,0.04314336702830523,23.31344039202704,19.741800792913523,0.0,0.3177822811623292,1.7957282066345215,44.1955880150949,2.9181828796863556,worst_uncertainty_stratified_mhz
7742,300.0,7,29.315514818380354,-29.315514818380354,29.315514818380354,0.02332037155185152,0.06291659795887984,0.08623696951073136,22.718153908090812,18.448275734823454,0.0,0.6089035115099284,2.5719223022460938,41.64657849091567,3.5974535644054413,worst_uncertainty_stratified_mhz
6674,300.0,7,29.28457154766469,-29.28457154766469,29.28457154766469,0.010708515900822788,0.036204786064755856,0.04691330196557864,22.77734130240913,18.314489864023685,0.0,0.5580694850496819,2.7346019744873047,41.70394166023159,3.716952860355377,worst_uncertainty_stratified_mhz
7757,300.0,7,28.96987311208546,-28.96987311208546,28.96987311208546,0.029365099911480837,0.006538538401238512,0.03590363831271935,22.603249701104453,18.038699512981744,0.0,0.06815775330279106,0.8745958805084229,44.1955880150949,3.8001639544963837,worst_uncertainty_stratified_mhz
7367,300.0,7,28.53850450205765,-28.53850450205765,28.53850450205765,0.0065731364617136545,0.007262773056377149,0.013835909518090803,21.657144325146753,19.56405950117002,0.0,0.021616673993218427,0.4788612127304077,42.79219408957666,1.8283697366714478,worst_uncertainty_stratified_mhz
9361,120.0,8,29.357085421642218,-29.357085421642218,29.357085421642218,0.6991719499708227,1.036419266481036,1.7355912164518588,27.582117723143096,0.0,0.0,7.7952442959422115,8.821714401245117,30.75203245315665,17.72629451751709,worst_uncertainty_stratified_mhz
9444,120.0,8,27.524852174451155,-27.524852174451155,27.524852174451155,1.268832797499055,1.551766406590714,2.8205992040897687,24.660232615082535,0.0,0.0,16.801159642628576,15.173283576965332,0.5448623679425842,23.27855908870697,worst_uncertainty_stratified_mhz
8535,120.0,8,27.281001529444524,-27.281001529444524,27.281001529444524,0.8868047100960558,0.9171503047993769,1.8039550148954326,25.4213613722926,0.0,0.0,7.858693493302994,8.278548240661621,26.846787517317598,12.585655808448792,worst_uncertainty_stratified_mhz
8443,150.0,8,206.648840800865,-206.648840800865,206.648840800865,9.02145112070845,11.838180501345759,20.85963162205421,185.70660114864774,0.0,0.0,163.66749089478049,41.08082580566406,2.9973947020704497,38.716755390167236,worst_uncertainty_stratified_mhz
8395,150.0,8,99.59469718049094,-99.59469718049094,99.59469718049094,4.206504917783707,4.723464690265984,8.92996960804969,90.60127453620696,0.0,0.0,75.7754471365933,26.706850051879883,2.944804747347437,34.29666209220886,worst_uncertainty_stratified_mhz
9592,150.0,8,97.46322451651957,-97.46322451651957,97.46322451651957,3.8735668310897626,5.064915069920096,8.938481901009858,88.42935848978144,0.0,0.0,74.7749493842218,25.95097064971924,1.357847561400027,22.664282202720642,worst_uncertainty_stratified_mhz
9334,150.0,8,77.97074344225798,-77.97074344225798,77.97074344225798,5.043181849222348,3.9530493256369854,8.996231174859334,68.89396030734241,0.0,0.0,58.71964346438402,20.01791477203369,0.33071891388307384,23.782395720481873,worst_uncertainty_stratified_mhz
9523,155.0,8,225.59562552870295,-225.59562552870295,225.59562552870295,11.244542064122497,13.768838282048725,25.01338034617122,200.46007043709187,0.0,0.0,171.01352667879436,38.46409463882446,20.428992877770554,26.7592414021492,worst_uncertainty_stratified_mhz
8194,155.0,8,223.55278254733267,-223.55278254733267,223.55278254733267,20.71615372271003,13.290491086638195,34.006644809348224,189.40123427360206,0.0,0.0,167.3413769378155,40.240684509277344,3.879030162295725,22.318392395973206,worst_uncertainty_stratified_mhz
8587,155.0,8,110.07366695519855,-110.07366695519855,110.07366695519855,10.936318644479572,5.151572946416507,16.087891590896078,93.90137988532264,0.0,0.0,68.28385163194307,24.707947731018066,26.52710877574109,24.478219866752625,worst_uncertainty_stratified_mhz
8511,155.0,8,98.58621027170963,-98.58621027170963,98.58621027170963,2.7067451633835424,4.945645832123011,7.652390995506554,90.80215094574841,0.0,0.0,68.5166589604352,23.730068683624268,20.84091528700215,15.716533720493317,worst_uncertainty_stratified_mhz
8227,155.0,8,98.16172777872639,-98.16172777872639,98.16172777872639,19.18481074024071,4.167948619901404,23.352759360142116,74.73947152681716,0.0,0.0,62.64847824001481,22.02053451538086,2.161452058223823,28.47278118133545,worst_uncertainty_stratified_mhz
9142,155.0,8,91.50611703124264,-91.50611703124264,91.50611703124264,0.9319454225210118,4.891383094352356,5.823328516873368,85.58380843746197,0.0,0.0,73.59511530737288,21.7448148727417,2.2325713874364688,21.66789472103119,worst_uncertainty_stratified_mhz
8694,155.0,8,88.21420626306106,-88.21420626306106,88.21420626306106,12.424204628531825,4.499276103463335,16.92348073199516,71.18977069149659,0.0,0.0,59.67468577668592,19.950498580932617,3.07967124868873,19.129690170288086,worst_uncertainty_stratified_mhz
8446,155.0,8,57.38538681606906,-57.38538681606906,57.38538681606906,2.813969292178999,3.3843835055373606,6.1983527977163595,51.11877999559875,0.0,0.0,28.027234378682806,19.67660617828369,26.5064850555482,19.391074657440186,worst_uncertainty_stratified_mhz
8907,170.0,8,87.29325800425984,-87.29325800425984,87.29325800425984,0.5746798729554129,4.265754273172468,4.840434146127881,82.32729953929737,0.0,0.0,60.46578147225995,22.88324546813965,20.8397906659352,15.486988306045532,worst_uncertainty_stratified_mhz
9134,170.0,8,81.7267716398614,-81.7267716398614,81.7267716398614,10.47365603676474,3.733799372590839,14.20745540935558,59.01446927855431,23.692200756123928,0.0,47.534673569908136,21.913766384124756,1.0458250331675945,8.108296692371368,worst_uncertainty_stratified_mhz
8816,170.0,8,51.19216074547536,-51.19216074547536,51.19216074547536,0.6546794128262209,2.1618077145026953,2.8164871273289163,44.70801307966353,10.10231070643262,0.0,24.749797412874713,13.123533487319946,26.79289784625769,9.432782024145126,worst_uncertainty_stratified_mhz
8121,180.0,8,44.655861882304265,-44.655861882304265,44.655861882304265,0.1832501139553195,1.3092174595940937,1.4924675735494133,36.75326360390708,17.932269399403378,0.0,12.942898702644765,9.74634861946106,37.87438118306357,6.720189034938812,worst_uncertainty_stratified_mhz
9156,180.0,8,38.114485550371384,-38.114485550371384,38.114485550371384,1.10785397314533,1.7303574031397717,2.838211376285102,34.80284300952576,1.0644918708877633,0.0,24.456281297119908,17.662034511566162,3.031088913245535,12.258025467395782,worst_uncertainty_stratified_mhz
8498,180.0,8,37.044015973008406,-37.044015973008406,37.044015973008406,1.629465878371935,1.1361714207916271,2.7656372991635623,32.99683016916615,3.4108986439981472,0.0,16.04378131501769,14.01616621017456,19.889931498122362,11.41367620229721,worst_uncertainty_stratified_mhz
8308,180.0,8,32.74279594517549,-32.74279594517549,32.74279594517549,0.1124951358539113,0.24090444313223203,0.3533995789861433,25.286783152959007,19.90699242118667,0.0,2.4108442394874636,4.363473653793335,41.38840417314975,2.871822237968445,worst_uncertainty_stratified_mhz
8930,200.0,8,28.378547548359155,-28.378547548359155,28.378547548359155,0.012815326881208712,0.019151813976682364,0.031967140857891076,22.060390067413532,17.870265106421503,0.0,0.11245820092415126,1.1036696434020996,42.79219408957666,2.6532741487026215,worst_uncertainty_stratified_mhz
8997,200.0,8,27.113432495602478,-27.113432495602478,27.113432495602478,0.015675594091132533,0.004743468263137044,0.020419062354269577,20.93871721785398,17.535318469180666,0.0,0.023512260750283565,0.5364938974380493,41.293916016769344,2.2636453360319138,worst_uncertainty_stratified_mhz
8714,200.0,8,25.23095387535926,-25.23095387535926,25.23095387535926,0.015922609050341034,0.010940410003028549,0.02686301905336958,19.41481806294068,16.43194806105514,0.0,0.10822666887394572,1.0274474620819092,37.585735326051555,2.1591613590717316,worst_uncertainty_stratified_mhz
8464,200.0,8,25.186985953102912,-25.186985953102912,25.186985953102912,0.014651534880845932,0.006624729170384963,0.021276264051230894,19.473838377916145,16.202344752413264,0.0,0.03892943317074682,0.5953159332275391,38.27450195626326,2.3432227969169617,worst_uncertainty_stratified_mhz
8112,200.0,8,25.18618309109787,-25.18618309109787,25.18618309109787,0.0028874217983657405,0.005448270424588746,0.008335692222954487,19.486682335488375,16.19688887523381,0.0,0.04367478844805461,0.6115131378173828,38.27450195626326,2.3477301001548767,worst_uncertainty_stratified_mhz
8950,200.0,8,25.060583681958185,-25.060583681958185,25.060583681958185,0.0026169691662265722,0.00295624977128928,0.005573218937515853,19.332467335315634,16.30946364743727,0.0,0.01525545067842038,0.35992181301116943,38.27450195626326,2.1698097437620163,worst_uncertainty_stratified_mhz
8549,200.0,8,24.995385498514068,-24.995385498514068,24.995385498514068,0.04831853844292178,0.02413915190612572,0.0724576903490475,19.60008590896617,15.152336400251343,0.0,0.06173059981800222,0.802208662033081,38.27450195626326,3.1813973784446716,worst_uncertainty_stratified_mhz
9173,200.0,8,24.522475742613402,-24.522475742613402,24.522475742613402,0.07610929968355831,0.01822666890715739,0.0943359685907157,19.270529710807544,14.672750873927322,0.0,0.08837383490442985,1.0131487846374512,37.351162967168776,3.3556905686855316,worst_uncertainty_stratified_mhz
8057,230.0,8,30.554729113390657,-30.554729113390657,30.554729113390657,0.024782813323052738,0.1539224772447728,0.17870529056782553,25.785864257910966,12.978801386150815,0.0,2.2043069966843483,4.506967544555664,42.65614697789757,7.801174819469452,worst_uncertainty_stratified_mhz
8494,230.0,8,29.925003324593728,-29.925003324593728,29.925003324593728,0.5514544472469874,0.22165183475036115,0.7731062819973487,24.88273264486677,12.089616747974176,0.0,1.5535093334843246,4.0008344650268555,42.657612157738036,8.24369591474533,worst_uncertainty_stratified_mhz
9305,230.0,8,29.761708797272522,-29.761708797272522,29.761708797272522,0.08647608489082466,0.07379642974089211,0.16027251463171677,22.796850686966106,19.20163229386597,0.0,0.7602029772148127,2.436660408973694,41.63663501052889,2.5944876968860626,worst_uncertainty_stratified_mhz
9514,230.0,8,29.320540197018627,-29.320540197018627,29.320540197018627,0.08177534098779533,0.02533988588809445,0.10711522687588979,22.16671020249074,19.95411285150579,0.0,0.17389413113686003,1.1934380531311035,42.79219408957666,1.6607103198766708,worst_uncertainty_stratified_mhz
8561,230.0,8,29.249887821076157,-29.249887821076157,29.249887821076157,0.023599286188182533,0.0261709484702826,0.04977023465846513,23.23297183571939,16.956095574385188,0.0,0.3049965500076075,1.8350038528442383,44.020946718579324,4.246584624052048,worst_uncertainty_stratified_mhz
9405,230.0,8,29.238213787876752,-29.238213787876752,29.238213787876752,0.028012809335198303,0.06461607128514042,0.09262888062033872,23.049350472688293,17.215113829407144,0.0,1.303301428526808,3.829458236694336,39.66263985162863,4.022936105728149,worst_uncertainty_stratified_mhz
8142,230.0,8,28.48405387343981,-28.48405387343981,28.48405387343981,0.011253853801851265,0.021835285457858344,0.03308913925970961,22.050902143193998,18.203286596411125,0.0,0.10134962641317369,1.1069109439849854,42.79219408957666,2.7527622878551483,worst_uncertainty_stratified_mhz
8913,230.0,8,27.714616828844637,-27.714616828844637,27.714616828844637,0.14094077714471778,0.11192831399911084,0.2528690911438286,22.406162900854113,14.32964819503324,0.0,0.852492775733694,2.594996452331543,40.512343797909296,5.740810751914978,worst_uncertainty_stratified_mhz
9297,250.0,8,30.887938920149303,-30.887938920149303,30.887938920149303,0.7979581710776967,0.20777007676798348,1.0057282478456802,25.638092030587913,12.027142376188872,0.0,1.5985453973030097,4.234196186065674,43.84489708050413,9.130411684513092,worst_uncertainty_stratified_mhz
9169,250.0,8,29.87523427071164,-29.87523427071164,29.87523427071164,0.3151241159447554,0.2616666123698872,0.5767907283146426,24.119324323325287,14.690807476174635,0.0,1.0164024249452233,3.481436252593994,42.724407544166134,6.750532925128937,worst_uncertainty_stratified_mhz
8669,250.0,8,29.725961933972396,-29.725961933972396,29.725961933972396,0.11270716887789996,0.0748709879424094,0.18757815682030937,23.66534443591649,16.642836253339322,0.0,0.9414873648309303,2.922905206680298,42.524808935490825,5.048752963542938,worst_uncertainty_stratified_mhz
8793,250.0,8,28.975969420081306,-28.975969420081306,28.975969420081306,0.08877657495332869,0.1143139363266144,0.2030905112799431,23.53670971543395,14.858995570567215,0.0,0.7847883527964967,2.767916679382324,42.73592604589258,6.234968066215515,worst_uncertainty_stratified_mhz
8078,250.0,8,28.757711095521618,-28.757711095521618,28.757711095521618,0.14726193960575598,0.16163883779177352,0.3089007773975295,23.641202735721986,13.648278731662973,0.0,0.7743115091236312,3.0554800033569336,42.67830244983978,7.163374841213226,worst_uncertainty_stratified_mhz
8276,250.0,8,28.58244526794115,-28.58244526794115,28.58244526794115,0.008528036203823959,0.010168333809534219,0.01869637001335818,21.810319193224537,19.222341251152784,0.0,0.04208007853225815,0.605028510093689,42.93144971929087,2.0024615079164505,worst_uncertainty_stratified_mhz
9504,250.0,8,28.2320130615717,-28.2320130615717,28.2320130615717,0.12496539478613522,0.13296849026324956,0.25793388504938475,23.024216652057916,14.041204679831294,0.0,0.8791619391902117,2.9961934089660645,41.293916016769344,6.6140865087509155,worst_uncertainty_stratified_mhz
8436,250.0,8,28.123927333383847,-28.123927333383847,28.123927333383847,0.09608059048815283,0.031242252518596636,0.12732284300674945,22.61880984548358,15.309797466640378,0.0,0.17788972822050653,1.370347499847412,43.51149273467873,5.444851279258728,worst_uncertainty_stratified_mhz
9546,250.0,8,27.640666768050036,-27.640666768050036,27.640666768050036,0.04846773917161962,0.0200717330583507,0.06853947222997031,21.26446212026069,17.94143324191758,0.0,0.089903823484903,1.0552005767822266,41.293916016769344,2.6615941524505615,worst_uncertainty_stratified_mhz
9266,250.0,8,26.71748680219242,-26.71748680219242,26.71748680219242,0.24126869463577494,0.10145770655652564,0.3427264011923006,20.76673194335459,15.890704141796792,0.0,0.5867323886282207,2.3929080963134766,37.96709101313926,4.137593746185303,worst_uncertainty_stratified_mhz
8747,250.0,8,26.599771331197104,-26.599771331197104,26.599771331197104,0.05591666476307022,0.01719945510343969,0.07311611986650991,20.811998104051447,16.271018297513386,0.0,0.08519743261408053,0.8212943077087402,40.632307035165994,3.6852983236312866,worst_uncertainty_stratified_mhz
8654,250.0,8,26.548583555982955,-26.548583555982955,26.548583555982955,0.09821363361848416,0.04042031671144518,0.13863395032992934,20.197264597671296,17.566479644507663,0.0,0.354117871349092,2.046968936920166,37.63932451572424,2.309471160173416,worst_uncertainty_stratified_mhz
8532,265.0,8,43.941555860444495,-43.941555860444495,43.941555860444495,1.9301254518920192,1.5444673306056316,3.474592782497651,36.74696236145189,10.426960678512275,0.0,13.196142796157332,7.633495330810547,39.468143799778574,12.869965195655823,worst_uncertainty_stratified_mhz
8334,265.0,8,40.07596959488896,-40.07596959488896,40.07596959488896,1.4958614778562287,0.6651912280127418,2.1610527058689706,35.0868985386228,7.916048305807154,0.0,9.864321878056042,8.962099552154541,41.48305376897897,13.678888618946075,worst_uncertainty_stratified_mhz
9178,265.0,8,35.70624887638816,-35.70624887638816,35.70624887638816,0.740028324861004,0.7054210770972926,1.4454494019582966,32.17127177787972,5.821765705921667,0.0,8.891684342137737,7.468335151672363,39.0908397198116,14.360961318016052,worst_uncertainty_stratified_mhz
8381,265.0,8,35.21470755257599,-35.21470755257599,35.21470755257599,1.6014028923672583,1.227311117435135,2.8287140098023933,28.187766098353528,11.827682851356267,0.0,6.3414143344946154,7.620077133178711,36.072626394539114,10.754541039466858,worst_uncertainty_stratified_mhz
8100,265.0,8,31.65565712536045,-31.65565712536045,31.65565712536045,0.36381052902297295,0.46075409715096916,0.8245646261739421,27.411618203006892,9.62859848241823,0.0,5.134899508658222,6.278935432434082,38.27450195626326,11.452742218971252,worst_uncertainty_stratified_mhz
8645,265.0,8,30.27432013410907,-30.27432013410907,30.27432013410907,0.5577581932230283,0.7915641450320666,1.349322338255095,25.260060916456723,10.314882089152622,0.0,5.431842178118757,7.909882545471191,31.74655493120474,10.646401166915894,worst_uncertainty_stratified_mhz
8599,265.0,8,29.86373613705299,-29.86373613705299,29.86373613705299,0.7135356191768367,0.4669262368502084,1.180461856027045,26.748125867797892,5.433212966040767,0.0,3.5191170865534787,6.106631278991699,40.35138628349713,13.989514827728271,worst_uncertainty_stratified_mhz
8481,265.0,8,29.649233913556913,-29.649233913556913,29.649233913556913,0.9764568861183225,0.5984787634464774,1.5749356495648,26.48242297495584,4.480028276326491,0.0,1.9406999631057573,5.144745826721191,43.93870019697897,14.59320318698883,worst_uncertainty_stratified_mhz
8941,265.0,8,29.5147059864024,-29.5147059864024,29.5147059864024,0.8528112631193098,0.5160383800016014,1.3688496431209112,23.859240260935778,12.1924971631297,0.0,0.4775302568368147,2.5678319931030273,44.1955880150949,8.978184938430786,worst_uncertainty_stratified_mhz
8695,265.0,8,29.28406833571676,-29.28406833571676,29.28406833571676,1.517430191383643,0.5270285371413012,2.044458728524944,23.60644494339725,10.336786441931533,0.0,0.40224853869403887,2.2128047943115234,44.1955880150949,10.370424747467041,worst_uncertainty_stratified_mhz
8744,265.0,8,29.138969014658425,-29.138969014658425,29.138969014658425,0.38252276849426514,0.4550198981303284,0.8375426666245935,25.544445365108853,7.741880376810026,0.0,5.400756553285632,7.971795082092285,32.31558254155416,12.277117371559143,worst_uncertainty_stratified_mhz
9472,270.0,8,32.92208234786264,-32.92208234786264,32.92208234786264,0.1421471962610453,0.13884088290856983,0.2809880791696151,25.606788949012817,19.835326254593422,0.0,2.3434405679544277,4.717793703079224,41.808903059037554,4.1625277400016785,worst_uncertainty_stratified_mhz
8172,270.0,8,27.75614073681173,-27.75614073681173,27.75614073681173,0.23007037513417417,0.10364891564782697,0.33371929078200113,22.264740315200765,14.661053137756573,0.0,0.42514203640877213,2.22609806060791,41.453098496976075,6.1950438022613525,worst_uncertainty_stratified_mhz
8427,270.0,8,27.745737899611953,-27.745737899611953,27.745737899611953,0.19580004603775514,0.20823359195714225,0.4040336379948974,22.087773505431798,14.769770970907382,0.0,4.232360744984765,7.063181638717651,28.647643882176418,6.08581206202507,worst_uncertainty_stratified_mhz
8754,270.0,8,27.738827544691233,-27.738827544691233,27.738827544691233,0.060366614273659004,0.1279813703185218,0.1883479845921808,23.702895402291293,10.936401610988312,0.0,0.5746203654992854,2.5010147094726562,43.75553536411136,9.55014979839325,worst_uncertainty_stratified_mhz
8678,270.0,8,27.023209972011827,-27.023209972011827,27.023209972011827,0.18161581464993107,0.06626571009854715,0.24788152474847822,20.95865686242008,16.46583529113977,0.0,0.7248888003299072,2.719191789627075,37.74834433455327,3.9689362049102783,worst_uncertainty_stratified_mhz
9300,270.0,8,26.314821460177356,-26.314821460177356,26.314821460177356,0.09124287818647554,0.2870075597386922,0.3782504379251677,21.630334429048627,12.192744935199945,0.0,1.4887936429693696,4.086569309234619,36.196512262923896,7.866757392883301,worst_uncertainty_stratified_mhz
8814,270.0,8,25.862363242847444,-25.862363242847444,25.862363242847444,0.020552018481400782,0.02895385893929123,0.04950587742069201,19.65024595520774,17.472040628811737,0.0,0.14779028566673502,1.124342441558838,37.880568897523176,2.0277310758829117,worst_uncertainty_stratified_mhz
8487,280.0,8,30.367981052329945,-30.367981052329945,30.367981052329945,0.03366171251748928,0.06243038538761682,0.09609209790510609,23.546293989909287,19.012252588151608,0.0,1.0315652013511851,3.361124277114868,41.668333300001336,3.5608925819396973,worst_uncertainty_stratified_mhz
9555,280.0,8,28.8091896567744,-28.8091896567744,28.8091896567744,0.0936001746189521,0.18440722916364743,0.2780074037825995,23.593745879525347,14.0110233270253,0.0,0.9969437974368383,3.0630407333374023,42.130563430839615,7.43391889333725,worst_uncertainty_stratified_mhz
8488,280.0,8,28.78251521341413,-28.78251521341413,28.78251521341413,0.32192633842747714,0.08710077446287041,0.40902711289034754,22.330870488355046,17.120218647212496,0.0,0.8161272584689874,2.5827622413635254,40.44672421840859,4.468629866838455,worst_uncertainty_stratified_mhz
9347,280.0,8,28.331836074004514,-28.331836074004514,28.331836074004514,0.03502404341943611,0.05725375299548485,0.09227779641492095,21.95820099219425,17.776127545324123,0.0,0.7071515836447793,2.9082624912261963,39.59383632587274,3.5207076370716095,worst_uncertainty_stratified_mhz
8097,280.0,8,27.341334655678168,-27.341334655678168,27.341334655678168,0.021121427613542992,0.008737365363104025,0.029858792976647015,20.960870977186648,18.104761847143564,0.0,0.019112889833812652,0.39029383659362793,41.49322233811204,2.4796779453754425,worst_uncertainty_stratified_mhz
8361,280.0,8,26.795638193172984,-26.795638193172984,26.795638193172984,0.21365217659500502,0.09793610724404322,0.31158828383904824,20.759534408720757,16.21620345149833,0.0,0.6638569599384132,2.3109922409057617,37.880362656658924,4.170262962579727,worst_uncertainty_stratified_mhz
8883,300.0,8,31.437232385985116,-31.437232385985116,31.437232385985116,0.053570422096384816,0.21925101664643895,0.2728214387428238,24.108181287469105,19.85331326778576,0.0,2.306053069938983,5.049303770065308,38.554952664994936,3.529258131980896,worst_uncertainty_stratified_mhz
9223,300.0,8,30.535525828329828,-30.535525828329828,30.535525828329828,0.1255695277482705,0.07336498200955426,0.19893450975782473,23.171177287725474,20.17494036447094,0.0,1.1927475425114862,3.543758273124695,40.41310121730328,2.6206527650356293,worst_uncertainty_stratified_mhz
8674,300.0,8,29.844106964786388,-29.844106964786388,29.844106964786388,0.10204390498462068,0.11994171816823618,0.22198562315285686,24.276222393786135,15.168356651804679,0.0,1.1083263272137422,3.790411949157715,42.54538018398707,7.118295133113861,worst_uncertainty_stratified_mhz
9177,300.0,8,28.799215550881776,-28.799215550881776,28.799215550881776,0.036808020838202844,0.02693357998395513,0.06374160082215798,22.353084692520547,18.095735199882284,0.0,0.502897860027196,2.3680694103240967,41.3323042546626,3.6268658339977264,worst_uncertainty_stratified_mhz
8865,300.0,8,28.784274831898564,-28.784274831898564,28.784274831898564,0.011906987079842666,0.0289605016218139,0.04086748870165657,22.269715403410903,18.395035384514593,0.0,0.21827601815321085,1.3106846809387207,42.79219408957666,3.2966839969158173,worst_uncertainty_stratified_mhz
8478,300.0,8,27.890015615315797,-27.890015615315797,27.890015615315797,0.07593161251874775,0.040401384683986255,0.116332997202734,21.8248542238857,16.872775040360715,0.0,0.5653199193996761,2.220379114151001,40.29868949482105,4.335374563932419,worst_uncertainty_stratified_mhz
11152,120.0,9,31.099440023337316,-31.099440023337316,31.099440023337316,3.4157568370381206,0.9041530954100807,4.319909932448201,22.965187393552256,10.579572327336159,0.0,5.4910823507104265,6.152865409851074,28.795344675832585,5.254407972097397,worst_uncertainty_stratified_mhz
10791,120.0,9,24.502562447470897,-24.502562447470897,24.502562447470897,0.01097079191250683,0.021001293896743347,0.03197208580925018,20.627499867236565,10.944527733203323,0.0,0.04059931410642914,0.6136605739593506,40.56014053230092,4.027989238500595,worst_uncertainty_stratified_mhz
9807,120.0,9,24.399854957472265,-24.399854957472265,24.399854957472265,0.026037908867554003,0.02246421802699421,0.04850212689454821,20.761011723752464,10.210310357816896,0.0,0.08528603400455026,0.719144344329834,40.632307035165994,4.36333554983139,worst_uncertainty_stratified_mhz
10616,150.0,9,109.2742422633101,-109.2742422633101,109.2742422633101,7.970581545753736,5.235303798541477,13.205885344295213,96.00412463036038,0.0,0.0,81.11539234879979,26.27969741821289,3.4977671449083054,35.05405378341675,worst_uncertainty_stratified_mhz
10452,150.0,9,97.99968109945014,-97.99968109945014,97.99968109945014,19.249021638684116,4.563213306547779,23.812234945231896,74.13883143000072,0.0,0.0,60.70437507247607,24.397197723388672,2.4717149916606487,40.06657123565674,worst_uncertainty_stratified_mhz
9749,150.0,9,81.64437965313708,-81.64437965313708,81.64437965313708,14.796648591259034,3.533989391263282,18.330637982522315,63.24655619971663,0.0,0.0,53.47205062461103,19.218292236328125,0.33071891388307384,27.209969997406006,worst_uncertainty_stratified_mhz
9738,150.0,9,56.481558241484585,-56.481558241484585,56.481558241484585,8.50174179807109,3.3426003159096562,11.844342113980746,44.58306474067998,0.0,0.0,34.121903588596965,18.648146629333496,2.2741756748325317,26.96789515018463,worst_uncertainty_stratified_mhz
11132,155.0,9,165.169616913094,-165.169616913094,165.169616913094,4.204844828306244,9.498319301735352,13.703164130041596,151.36421647767637,0.0,0.0,122.08715933440257,39.06252956390381,19.49158472264377,27.019036412239075,worst_uncertainty_stratified_mhz
10270,155.0,9,111.94695568598314,-111.94695568598314,111.94695568598314,4.300113642682699,5.876109180748742,10.176222823431441,101.71974714736761,0.0,0.0,84.88418357798349,29.982038497924805,3.6890886408434267,45.17569899559021,worst_uncertainty_stratified_mhz
9958,155.0,9,111.33034061866033,-111.33034061866033,111.33034061866033,3.1716214124085114,6.505508174234693,9.677129586643204,101.58661535297465,0.0,0.0,87.93013068068831,24.421710968017578,2.8912583765550943,35.20163345336914,worst_uncertainty_stratified_mhz
10216,155.0,9,96.23032305849802,-96.23032305849802,96.23032305849802,8.677891152022676,4.720695049702933,13.39858620172561,82.70489167930629,0.0,0.0,68.47302621729091,26.62661361694336,1.8371173070873836,16.308942794799805,worst_uncertainty_stratified_mhz
10405,155.0,9,89.52350868350081,-89.52350868350081,89.52350868350081,8.11172085171574,4.707403283535767,12.819124135251506,76.64911558815236,0.0,0.0,60.28949187811389,29.774442672729492,2.944804747347437,35.12202334403992,worst_uncertainty_stratified_mhz
9748,155.0,9,83.04040556938138,-83.04040556938138,83.04040556938138,14.813148052815729,3.7487052700235757,18.561853322839305,64.41975434032167,0.0,0.0,39.81149766182165,22.87055778503418,26.34595557196588,26.827636003494263,worst_uncertainty_stratified_mhz
10496,155.0,9,76.45562573399876,-76.45562573399876,76.45562573399876,5.851382480127583,3.5635711733889996,9.414953653516584,66.98921433364197,0.0,0.0,56.175589605010316,21.194236755371094,0.4330127018922193,36.41355347633362,worst_uncertainty_stratified_mhz
10984,155.0,9,74.86439593373824,-74.86439593373824,74.86439593373824,8.216920792917563,3.476435609270621,11.693356402188183,63.131489029013444,0.0,0.0,49.065695063574594,26.199134826660156,1.9324531042175384,44.27687692642212,worst_uncertainty_stratified_mhz
10369,170.0,9,195.46547457507097,-195.46547457507097,195.46547457507097,17.469664885770527,10.97078467158297,28.440449557353496,166.94664393811928,0.0,0.0,147.3027806275802,38.68824768066406,0.5994789404140899,38.710986614227295,worst_uncertainty_stratified_mhz
9664,170.0,9,90.78290822827996,-90.78290822827996,90.78290822827996,16.78898268124976,4.748602300101068,21.53758498135083,69.14233107446802,0.0,0.0,55.555244955422495,24.845680236816406,2.3284920012746446,18.09248924255371,worst_uncertainty_stratified_mhz
11070,170.0,9,78.89654611277638,-78.89654611277638,78.89654611277638,7.785990915839759,3.293911023130559,11.079901938970318,67.74365610681443,0.0,0.0,53.6257135375285,26.251571655273438,1.984313483298443,25.082723379135132,worst_uncertainty_stratified_mhz
9691,180.0,9,64.83381084744056,-64.83381084744056,64.83381084744056,7.284831854795187,3.011660427522627,10.296492282317814,54.4299723268433,0.0,0.0,41.68258903161344,22.56325674057007,2.9315098498896437,15.03593784570694,worst_uncertainty_stratified_mhz
11013,180.0,9,53.050052544485666,-53.050052544485666,53.050052544485666,2.281776278408999,1.6525033974325047,3.9342796758415037,43.0259555941044,16.995827663337298,0.0,20.757982670721127,13.795347690582275,30.740598156184273,8.062306344509125,worst_uncertainty_stratified_mhz
10149,180.0,9,46.774320090855646,-46.774320090855646,46.774320090855646,1.6205406914392462,1.8794850882695915,3.500025779708838,43.20418024789565,0.0,0.0,33.976979452565715,17.909539222717285,0.5448623679425842,20.783910155296326,worst_uncertainty_stratified_mhz
10582,180.0,9,39.73645284910574,-39.73645284910574,39.73645284910574,0.382626227982981,1.6810633538102506,2.0636895817932315,37.6027225609348,0.0,0.0,27.201779608010035,18.939427852630615,1.8624580532189174,18.616076290607452,worst_uncertainty_stratified_mhz
10005,200.0,9,29.852454787028172,-29.852454787028172,29.852454787028172,0.09149965299965802,0.23726854607112802,0.328768199070786,23.403623718845854,17.181819042802132,0.0,2.6913046018027096,5.412487506866455,36.01215072721983,3.8536552786827087,worst_uncertainty_stratified_mhz
9809,200.0,9,29.672032610933147,-29.672032610933147,29.672032610933147,0.027931351018757666,0.05977497460162322,0.08770632562038089,23.12253201378142,18.28302150124033,0.0,0.5513296356648425,2.350210666656494,42.79219408957666,2.9588550329208374,worst_uncertainty_stratified_mhz
9721,200.0,9,28.32042053292046,-28.32042053292046,28.32042053292046,0.03507246071246254,0.10829810035472272,0.14337056106718526,22.487139903177557,16.05130198581228,0.0,1.3540717865677259,3.3883228302001953,38.877813403019466,4.04299920797348,worst_uncertainty_stratified_mhz
10232,200.0,9,28.16157927585931,-28.16157927585931,28.16157927585931,0.0034158682366924337,0.005454205831897173,0.008870074068589607,21.693633236873822,18.394867582396365,0.0,0.031164763118970873,0.5327428579330444,42.79219408957666,2.1144693046808243,worst_uncertainty_stratified_mhz
10807,200.0,9,27.863060753278567,-27.863060753278567,27.863060753278567,0.0058468836041088365,0.002077977646945268,0.007924861251054105,21.51134404294096,18.102719124504073,0.0,0.004739390692606094,0.22101521492004395,42.79219408957666,2.1952126026153564,worst_uncertainty_stratified_mhz
9693,200.0,9,27.039058392262216,-27.039058392262216,27.039058392262216,0.11514347707722594,0.027868922696310805,0.14301239977353675,21.0365858652835,16.651950371341094,0.0,0.1377050646558038,1.2376210689544678,40.56014053230092,2.966080754995346,worst_uncertainty_stratified_mhz
10102,200.0,9,26.821252498337103,-26.821252498337103,26.821252498337103,0.13888218827083557,0.1015627908835884,0.24044497915442398,20.699394531883968,16.57817648164739,0.0,0.8499264917219369,2.9474480152130127,36.75148806511105,2.915560930967331,worst_uncertainty_stratified_mhz
10724,200.0,9,25.79324575378603,-25.79324575378603,25.79324575378603,0.038126696181806065,0.030168728585208318,0.06829542476701439,20.197390044186708,15.68055239360092,0.0,0.24494183666970226,1.630394458770752,38.27450195626326,3.142966538667679,worst_uncertainty_stratified_mhz
10711,230.0,9,28.824047305825783,-28.824047305825783,28.824047305825783,0.03147071793344602,0.05101322314021744,0.08248394107366346,22.68594133002463,17.191615218716517,0.0,0.34954334376901297,1.8806018829345703,42.79219408957666,3.8334568440914154,worst_uncertainty_stratified_mhz
10817,230.0,9,26.401696856611522,-26.401696856611522,26.401696856611522,0.14478152528022378,0.07998013445131648,0.22476165973154028,21.1330883837206,14.289036637212726,0.0,0.7803392198427126,2.5841870307922363,38.12131129696354,5.173884332180023,worst_uncertainty_stratified_mhz
9869,230.0,9,26.334259973840634,-26.334259973840634,26.334259973840634,0.015048750958711457,0.017246654823165966,0.03229540578187742,20.305253303861253,17.074279615541336,0.0,0.043301557718904427,0.6618366241455078,39.86206686813919,2.5115417540073395,worst_uncertainty_stratified_mhz
10556,230.0,9,25.865229565767624,-25.865229565767624,25.865229565767624,0.06699175804806907,0.056295359198000876,0.12328711724606994,19.82745173216848,16.796611107415085,0.0,0.12575096689695808,1.1288995742797852,38.27450195626326,2.484902948141098,worst_uncertainty_stratified_mhz
11123,230.0,9,25.48703898995672,-25.48703898995672,25.48703898995672,0.03932325081557909,0.053049678057000324,0.09237292887257942,20.061344677423897,15.127254380764455,0.0,0.3670875089106147,2.037351369857788,37.351162967168776,3.9056262969970703,worst_uncertainty_stratified_mhz
11026,230.0,9,25.17784120166404,-25.17784120166404,25.17784120166404,0.016160081958996816,0.016090304841960994,0.032250386800957806,19.639016938288915,15.668383242285019,0.0,0.0830624040964949,0.837407112121582,38.27450195626326,3.182517409324646,worst_uncertainty_stratified_mhz
9902,230.0,9,25.03133468983406,-25.03133468983406,25.03133468983406,0.031032753791436548,0.039297533558816766,0.07033028735025332,20.10358304857395,13.811871409343887,0.0,0.2098551913224469,1.512953758239746,38.27450195626326,4.922337770462036,worst_uncertainty_stratified_mhz
11113,230.0,9,24.518716952901507,-24.518716952901507,24.518716952901507,0.007550073620251503,0.012269754833663164,0.019819828453914667,18.83716653070461,16.08178204629817,0.0,0.0939591820381176,0.9481214284896851,36.538293268843304,2.314682349562645,worst_uncertainty_stratified_mhz
10973,250.0,9,30.425023727382904,-30.425023727382904,30.425023727382904,0.1127524241571896,0.2551755019614351,0.36792792611862474,24.564940158531293,15.55868799794462,0.0,1.3668664376099855,3.8742780685424805,42.521869373300134,6.27016282081604,worst_uncertainty_stratified_mhz
10554,250.0,9,29.251612371142016,-29.251612371142016,29.251612371142016,0.025821581404172764,0.03585235547535936,0.061673936879532126,22.4998381884307,18.97336719090359,0.0,0.27956976485837615,1.7161293029785156,42.724407544166134,2.674651324748993,worst_uncertainty_stratified_mhz
10347,250.0,9,29.2318126794922,-29.2318126794922,29.2318126794922,0.09928523462542478,0.05496557521107649,0.15425080983650127,22.826929762867476,17.742576874862436,0.0,0.385814045136029,2.0900373458862305,42.79219408957666,3.8125230371952057,worst_uncertainty_stratified_mhz
10757,250.0,9,29.14402252712643,-29.14402252712643,29.14402252712643,0.11538120715136613,0.14005228910999137,0.2554334962613575,22.946666186334173,16.817346448980178,0.0,1.0579151650890672,3.1451950073242188,40.632307035165994,4.603942692279816,worst_uncertainty_stratified_mhz
10325,250.0,9,29.071544249515526,-29.071544249515526,29.071544249515526,0.1951193435026636,0.21858688886920977,0.4137062323718734,23.776389257441952,13.844022092092827,0.0,1.0550354112882552,3.141887664794922,42.30082002751247,7.124860465526581,worst_uncertainty_stratified_mhz
10515,250.0,9,28.665008900313538,-28.665008900313538,28.665008900313538,0.06098671587669788,0.05232514913434159,0.11331186501103946,22.911156592225904,16.052523263351997,0.0,0.1999642711561158,1.2267966270446777,44.1955880150949,5.045443594455719,worst_uncertainty_stratified_mhz
10094,250.0,9,28.468918312068723,-28.468918312068723,28.468918312068723,0.0899213357433214,0.07800518638572428,0.16792652212904569,23.557349254704636,13.464882402899542,0.0,0.7941845856735625,3.0296382904052734,42.496691047656874,7.2022625207901,worst_uncertainty_stratified_mhz
10690,250.0,9,28.224250100990112,-28.224250100990112,28.224250100990112,0.1630221603783831,0.10463395584359314,0.26765611622197627,22.150804818364104,16.449704897592948,0.0,0.7428850587633269,2.464259624481201,40.35157989472035,4.4526974856853485,worst_uncertainty_stratified_mhz
10669,250.0,9,28.106990206419432,-28.106990206419432,28.106990206419432,0.20648236018674238,0.11643601361845701,0.3229183738051994,21.755075572260825,16.988087316083952,0.0,1.6667483593402999,3.6725878715515137,36.50406655428954,3.880885064601898,worst_uncertainty_stratified_mhz
9820,250.0,9,28.052583352582545,-28.052583352582545,28.052583352582545,0.16152877272997626,0.12377506576346868,0.28530383849344493,22.518144243699048,14.858744641928826,0.0,1.2767011254156762,3.2776968479156494,39.20518938865109,5.815338343381882,worst_uncertainty_stratified_mhz
9904,250.0,9,27.930251773485324,-27.930251773485324,27.930251773485324,0.4162186147823657,0.18064125686011517,0.5968598716424809,23.009042913008948,12.292495241930883,0.0,0.4915593803128182,2.375889778137207,42.65907728725505,7.976019203662872,worst_uncertainty_stratified_mhz
9669,250.0,9,27.857582795832307,-27.857582795832307,27.857582795832307,0.21301557770743276,0.15791576681416242,0.37093134452159515,21.754727016791424,16.149988083449614,0.0,2.074726261572862,3.876950979232788,35.483050531204334,4.533602863550186,worst_uncertainty_stratified_mhz
10245,265.0,9,35.678128395922805,-35.678128395922805,35.678128395922805,0.9527884938540777,1.1272238373187846,2.0800123311728624,29.256174384855075,12.183301983784487,0.0,10.937829584466485,8.58790397644043,28.04878562433675,10.629289269447327,worst_uncertainty_stratified_mhz
11137,265.0,9,34.891673544102346,-34.891673544102346,34.891673544102346,0.7214481867930317,0.8455661826761908,1.5670143694692225,30.061101658274943,9.138748787029101,0.0,10.320065353843344,8.578239917755127,30.90383269110807,12.356581509113312,worst_uncertainty_stratified_mhz
10869,265.0,9,32.083255684224206,-32.083255684224206,32.083255684224206,1.5937292528881695,0.9084167800030224,2.5021460328911918,27.702046043307636,5.271199399235517,0.0,3.8338151229825144,5.5688276290893555,42.16763421156089,14.336512088775635,worst_uncertainty_stratified_mhz
11000,265.0,9,32.07491844052609,-32.07491844052609,32.07491844052609,1.5174333025146425,0.8583192272025122,2.375752529717155,26.64480621567435,8.572869910490667,0.0,6.956522772223423,7.8765668869018555,31.5,12.24357533454895,worst_uncertainty_stratified_mhz
9849,265.0,9,29.952375904976687,-29.952375904976687,29.952375904976687,1.1413223237240866,0.6598271516478196,1.8011494753719062,25.52958072832513,7.342103012711647,0.0,6.962248456644318,7.104731559753418,30.029932983608205,12.707692384719849,worst_uncertainty_stratified_mhz
10029,265.0,9,29.141841436474294,-29.141841436474294,29.141841436474294,2.1874323791950543,1.0764848743175892,3.2639172535126435,22.950141232447812,8.253269074420652,0.0,3.473576617395551,6.065299034118652,32.88783019598587,11.904775977134705,worst_uncertainty_stratified_mhz
9694,265.0,9,29.10490421579312,-29.10490421579312,29.10490421579312,0.34725006746738735,0.4056479832983583,0.7528980507657457,25.410063519796235,8.290645614041834,0.0,3.6458918415913644,5.253841400146484,38.27450195626326,11.869588971138,worst_uncertainty_stratified_mhz
9625,265.0,9,28.6493372048286,-28.6493372048286,28.6493372048286,1.8581482250380512,1.0878685342551853,2.9460167592932365,23.60588604966219,5.860995560650261,0.0,6.227537510212741,6.279732704162598,28.476964374736294,13.537224888801575,worst_uncertainty_stratified_mhz
10601,265.0,9,28.513576039825402,-28.513576039825402,28.513576039825402,0.6184826675638169,0.6527877839669727,1.2712704515307895,25.410924566767154,5.160809811455231,0.0,1.977617494431101,4.141109466552734,42.72550467811937,14.008098244667053,worst_uncertainty_stratified_mhz
10906,265.0,9,27.65392551010236,-27.65392551010236,27.65392551010236,0.7325776729432989,1.2873236224486229,2.0199012953919215,23.59618239612305,5.69019587602608,0.0,6.25608389757177,6.270801544189453,28.40939545291311,13.51329243183136,worst_uncertainty_stratified_mhz
10038,265.0,9,26.977878231602073,-26.977878231602073,26.977878231602073,1.140001841997289,1.5231382672643594,2.6631401092616485,22.84697058690236,4.1614837605373705,0.0,0.4275064500452572,1.506636619567871,43.33229165414633,14.532073020935059,worst_uncertainty_stratified_mhz
11161,270.0,9,28.744474826383843,-28.744474826383843,28.744474826383843,0.09923819966442028,0.05978700973558145,0.15902520940000173,21.896946529438544,18.93181531803543,0.0,0.4001239336805591,1.961645483970642,41.03199970754533,2.535580262541771,worst_uncertainty_stratified_mhz
11053,270.0,9,28.465479011645748,-28.465479011645748,28.465479011645748,0.030959735918014906,0.018733130958409616,0.04969286687642452,22.280197947444268,17.44755070302422,0.0,0.20035396871886402,1.3674938678741455,42.79219408957666,3.8659715950489044,worst_uncertainty_stratified_mhz
10468,270.0,9,28.429154435909766,-28.429154435909766,28.429154435909766,0.02277303645859269,0.027031779675519344,0.049804816134112036,22.32639901435768,17.20733332575084,0.0,0.2463566179141088,1.7904317378997803,42.36965305498736,4.083927422761917,worst_uncertainty_stratified_mhz
9642,270.0,9,27.89266650477781,-27.89266650477781,27.89266650477781,0.10963724271764685,0.023986075335170144,0.133623318052817,21.197807009714595,18.628709788027255,0.0,0.13858148577988327,1.2545381784439087,40.86391286942551,2.2595634162425995,worst_uncertainty_stratified_mhz
10635,270.0,9,27.257035114187968,-27.257035114187968,27.257035114187968,0.029520720649025306,0.011330262552814125,0.04085098320183943,20.841620890670495,18.15510048877759,0.0,0.03521391571634225,0.5808142423629761,41.03199970754533,2.3135056644678116,worst_uncertainty_stratified_mhz
10214,270.0,9,26.737185169016872,-26.737185169016872,26.737185169016872,0.40721417487783396,0.07685022956051041,0.48406440443834436,20.533939438322356,16.15821215182346,0.0,1.1006074442730664,2.8625409603118896,36.00412302778669,4.110431432723999,worst_uncertainty_stratified_mhz
10848,270.0,9,26.632352426433574,-26.632352426433574,26.632352426433574,0.09360391387592187,0.05535367642486601,0.14895759030078787,20.738204851394663,16.292002124723332,0.0,0.4497898183924285,2.302328109741211,38.27450195626326,3.9001834988594055,worst_uncertainty_stratified_mhz
10705,280.0,9,31.758834026230975,-31.758834026230975,31.758834026230975,0.14671928873136109,0.20341840924870694,0.350137697980068,25.41629837402984,16.905663333770217,0.0,3.5103968366402647,5.688852310180664,38.122950764598485,6.210918724536896,worst_uncertainty_stratified_mhz
9917,280.0,9,30.853918252508418,-30.853918252508418,30.853918252508418,0.15706494547270725,0.23289902615503516,0.38996397162774243,24.763325424710057,16.121654092185256,0.0,2.2609109513786585,4.12161111831665,40.88321782834615,6.475601017475128,worst_uncertainty_stratified_mhz
11118,280.0,9,30.185151727641607,-30.185151727641607,30.185151727641607,0.061523400853241865,0.02249159098773974,0.0840149918409816,23.355045976658424,19.148504205241302,0.0,0.3422405631661496,1.8300228118896484,44.1955880150949,3.3153278529644012,worst_uncertainty_stratified_mhz
10787,280.0,9,29.884872319684145,-29.884872319684145,29.884872319684145,0.03121473122529364,0.02485303867264253,0.05606776989793617,23.335810310277317,18.44567968921132,0.0,0.31977241768958375,1.8364877700805664,44.1955880150949,3.820183962583542,worst_uncertainty_stratified_mhz
10251,280.0,9,28.50142592549187,-28.50142592549187,28.50142592549187,0.12402881916461302,0.22615040045385293,0.35017921961846593,22.219647682282766,16.720495770292157,0.0,2.2310728837368856,4.77527642250061,35.20187317459115,4.701505064964294,worst_uncertainty_stratified_mhz
10241,280.0,9,27.49141941509712,-27.49141941509712,27.49141941509712,0.029586414708365243,0.08072988674654533,0.11031630145491057,22.581191588924213,13.634742608219556,0.0,0.635573892656609,2.2259020805358887,41.66533331199932,7.181825041770935,worst_uncertainty_stratified_mhz
11115,300.0,9,29.59665495224597,-29.59665495224597,29.59665495224597,0.048225403775971516,0.016488950274369543,0.06471435405034107,22.62917503671563,19.644063377639917,0.0,0.07627971796136435,0.9102026224136353,44.1955880150949,2.5251801162958145,worst_uncertainty_stratified_mhz
10111,300.0,9,29.079096418319363,-29.079096418319363,29.079096418319363,0.038070430668018795,0.05248594488374546,0.09055637555176425,22.668092980379168,17.97337714102379,0.0,0.2200140327619371,1.3853833675384521,43.51077452769601,3.93965682387352,worst_uncertainty_stratified_mhz
10571,300.0,9,28.445527890284534,-28.445527890284534,28.445527890284534,0.0816743123153678,0.059134648391661236,0.14080896070702903,22.09704119133784,17.616027673854514,0.0,0.43136013144508567,2.255403518676758,41.07595860110875,3.9030813574790955,worst_uncertainty_stratified_mhz
10418,300.0,9,28.440992889504273,-28.440992889504273,28.440992889504273,0.016254561874257452,0.013464614933147977,0.029719176807405427,21.85098963524251,18.68246446784778,0.0,0.055158808639602874,0.7994675636291504,42.79219408957666,2.7409258782863617,worst_uncertainty_stratified_mhz
9726,300.0,9,28.383109008543435,-28.383109008543435,28.383109008543435,0.044614081961279965,0.032552257231113574,0.07716633919239355,22.43519855712827,16.702758988233338,0.0,0.22887948265396485,1.6204440593719482,42.79219408957666,4.826907962560654,worst_uncertainty_stratified_mhz
11044,300.0,9,28.157107281562045,-28.157107281562045,28.157107281562045,0.05877083241523232,0.04280198463281764,0.10157281704804996,22.09398824383796,16.941833824591672,0.0,0.3201697150129936,1.9709007740020752,41.576736283647854,4.433837741613388,worst_uncertainty_stratified_mhz
11883,120.0,10,26.79825743804828,-26.79825743804828,26.79825743804828,0.018303721195403185,0.014833554363791326,0.03313727555919451,22.577367728976512,11.924587721155532,0.0,0.05247878505821202,0.8541898727416992,44.1955880150949,4.0483289659023285,worst_uncertainty_stratified_mhz
12452,120.0,10,23.28230804511536,-23.28230804511536,23.28230804511536,0.013875400148269773,0.009790487083364526,0.0236658872316343,19.500911006644895,10.695494512574726,0.0,0.04916577630837082,0.62898850440979,38.27450195626326,3.8742741346359253,worst_uncertainty_stratified_mhz
12378,120.0,10,18.49016881812742,-18.49016881812742,18.49016881812742,0.00959992936940912,0.00649965868511409,0.01609958805452321,15.494196641309246,8.464279004402027,0.0,0.07323574502985863,0.826300859451294,30.01562093310748,3.8938419222831726,worst_uncertainty_stratified_mhz
11717,150.0,10,73.36245341592266,-73.36245341592266,73.36245341592266,23.660052273864057,3.047736088543733,26.70778836240779,46.61340519844182,0.0,0.0,36.55773110784679,17.574125289916992,2.537222891273055,36.635483503341675,worst_uncertainty_stratified_mhz
12721,150.0,10,69.48066615755899,-69.48066615755899,69.48066615755899,7.482159755214542,3.394363167292796,10.876522922507338,58.55823122601385,0.0,0.0,48.753393085600635,19.27895736694336,0.33071891388307384,38.02035212516785,worst_uncertainty_stratified_mhz
12149,150.0,10,47.06303229271846,-47.06303229271846,47.06303229271846,8.266395130397692,1.7164203957232378,9.98281552612093,37.03710308231639,0.0,0.0,28.655738199217694,14.720212936401367,2.042516829796024,31.040640354156494,worst_uncertainty_stratified_mhz
12296,150.0,10,30.745510696422436,-30.745510696422436,30.745510696422436,1.5658916527456768,1.7494328824377006,3.315324535183377,27.38099733485039,0.0,0.0,19.935114428211463,14.29228687286377,0.5994789404140899,22.692529797554016,worst_uncertainty_stratified_mhz
12535,155.0,10,253.78940109195574,-253.78940109195574,253.78940109195574,70.98053643736397,10.888656341865392,81.86919277922937,171.86140193990875,0.0,0.0,152.5637577829129,37.9829158782959,0.6123724356957945,52.50991368293762,worst_uncertainty_stratified_mhz
12772,155.0,10,195.7922305553378,-195.7922305553378,195.7922305553378,9.477948863924343,10.422416797838974,19.900365661763317,175.8213794757675,0.0,0.0,155.2379182351258,38.17997169494629,2.9869507863371303,44.191590785980225,worst_uncertainty_stratified_mhz
11757,155.0,10,114.79193424121927,-114.79193424121927,114.79193424121927,1.9179382060064485,6.928051715562342,8.84598992156879,105.8499467821,0.0,0.0,88.83881198814083,30.232892990112305,3.7893765978060294,24.54603147506714,worst_uncertainty_stratified_mhz
12463,155.0,10,72.43349763339148,-72.43349763339148,72.43349763339148,0.4590002647403328,3.0219143126585033,3.480914577398836,68.85831703347817,0.0,0.0,55.02117102848359,26.563267707824707,1.1110243021644486,19.67205548286438,worst_uncertainty_stratified_mhz
12404,155.0,10,68.4000272452624,-68.4000272452624,68.4000272452624,1.4687686800365123,3.3122569527006434,4.781025632737156,63.552940051519926,0.0,0.0,51.23359429832885,22.300155639648438,2.3385358667337135,27.08747911453247,worst_uncertainty_stratified_mhz
12243,155.0,10,59.80356207673515,-59.80356207673515,59.80356207673515,20.983672543931466,1.9366050835575288,22.920277627488993,36.839966261036686,0.0,0.0,29.53400385432792,14.127801895141602,0.4841229182759271,31.363959789276123,worst_uncertainty_stratified_mhz
11968,155.0,10,55.826269624786065,-55.826269624786065,55.826269624786065,1.0231007903542035,3.44539424609874,4.468495036452944,51.29426567370581,0.0,0.0,40.14319164347074,21.21242332458496,1.0897247358851685,24.940850973129272,worst_uncertainty_stratified_mhz
12344,155.0,10,51.21075025993834,-51.21075025993834,51.21075025993834,4.417966549092359,2.3710027791637134,6.788969328256073,44.378534859909685,0.0,0.0,33.378264899926705,19.003145217895508,2.9973947020704497,33.39836621284485,worst_uncertainty_stratified_mhz
11597,170.0,10,136.69489128080448,-136.69489128080448,136.69489128080448,6.44237532542607,6.58498275165854,13.02735807708461,123.56762178336214,0.0,0.0,105.71904245241075,33.105103492736816,2.592055169165965,25.727730989456177,worst_uncertainty_stratified_mhz
12498,170.0,10,111.34198107928297,-111.34198107928297,111.34198107928297,0.9399492007111595,7.336639561965339,8.276588762676498,102.9184290794287,0.0,0.0,73.6142378643815,24.736611366271973,33.87177106382245,14.595272541046143,worst_uncertainty_stratified_mhz
11468,170.0,10,71.93032182265055,-71.93032182265055,71.93032182265055,10.2138527966869,3.2789234113177086,13.49277620800461,58.38121984177924,0.0,0.0,46.05995511402983,22.059532165527344,2.582997289971478,30.122749090194702,worst_uncertainty_stratified_mhz
11654,180.0,10,219.3786155088261,-219.3786155088261,219.3786155088261,10.545872457061915,12.89205826546833,23.437930722530247,195.73623921801985,0.0,0.0,174.21591269400705,41.747642993927,1.2930100540985752,16.14009988307953,worst_uncertainty_stratified_mhz
11967,180.0,10,170.12343671925342,-170.12343671925342,170.12343671925342,4.0221146582662595,9.482413977897442,13.504528636163702,156.49246040282193,0.0,0.0,140.27842897375393,30.3703031539917,2.057759704144291,23.416640520095825,worst_uncertainty_stratified_mhz
12493,180.0,10,143.76386338059834,-143.76386338059834,143.76386338059834,14.26560904651618,6.9516635079086875,21.217272554424866,122.46342551474763,0.0,0.0,103.33148633529066,35.44098091125488,2.8228974476590536,30.55724024772644,worst_uncertainty_stratified_mhz
11453,180.0,10,95.4064222755242,-95.4064222755242,95.4064222755242,0.9281714317512075,4.077682460939253,5.00585389269046,80.16144974335931,28.6166666876313,0.0,56.10599840064737,24.169894456863403,23.941008228560467,8.386572897434235,worst_uncertainty_stratified_mhz
11513,200.0,10,44.940573838114815,-44.940573838114815,44.940573838114815,0.20812053335381786,0.964223591526161,1.1723441248799789,37.06802518334531,18.778018168708932,0.0,12.993985268278957,10.669961214065552,37.478118616067164,7.046068489551544,worst_uncertainty_stratified_mhz
12763,200.0,10,36.41660442304693,-36.41660442304693,36.41660442304693,0.19663041892418653,0.5232294028166429,0.7198598217408294,29.23160967047547,18.124270811555043,0.0,7.117488230053608,8.831606388092041,35.39663649275168,5.4831036031246185,worst_uncertainty_stratified_mhz
12141,200.0,10,35.5908703159768,-35.5908703159768,35.5908703159768,0.4196587982448356,0.4366273980819211,0.8562861963267567,28.442200807958347,17.668964765596094,0.0,5.688221481029327,7.383368492126465,38.124590161731575,5.508303105831146,worst_uncertainty_stratified_mhz
12563,200.0,10,34.20893820837462,-34.20893820837462,34.20893820837462,0.704866011871149,0.20029757459675604,0.905163586467905,26.362103582687933,19.54776137442438,0.0,2.485281032544137,5.187703609466553,42.56594149082104,3.9429852962493896,worst_uncertainty_stratified_mhz
12734,200.0,10,33.97383604096754,-33.97383604096754,33.97383604096754,0.04667901334205051,0.25837021351836326,0.30504922686041375,27.105223350880895,18.453871701788547,0.0,3.6229741350013698,5.341375350952148,41.6231230808069,4.5445536673069,worst_uncertainty_stratified_mhz
11802,200.0,10,33.12728908817393,-33.12728908817393,33.12728908817393,1.044319216211182,0.26422148732532036,1.3085407035365024,26.13840388967118,16.055748228397384,0.0,1.9543619906159853,4.259021520614624,44.10906227749577,5.745211571455002,worst_uncertainty_stratified_mhz
11707,200.0,10,32.86755870762279,-32.86755870762279,32.86755870762279,0.1799955570364282,0.24609783718737685,0.42609339422380504,26.315839592383938,17.239062205011685,0.0,3.294017092780108,5.469060897827148,40.57458410138051,4.934379488229752,worst_uncertainty_stratified_mhz
11391,200.0,10,32.252596272531065,-32.252596272531065,32.252596272531065,0.709315227223529,0.5274087849771334,1.2367240122006624,25.871493813341793,14.399808976904811,0.0,7.368951112707931,9.899389505386353,27.105695895881368,6.497614234685898,worst_uncertainty_stratified_mhz
11233,230.0,10,28.700826096640792,-28.700826096640792,28.700826096640792,0.015753849228974146,0.025934987625721072,0.04168883685469522,22.17293863756505,18.42667782175813,0.0,0.15571327208274877,1.2422566413879395,42.79219408957666,2.6762777268886566,worst_uncertainty_stratified_mhz
11859,230.0,10,28.578335291080688,-28.578335291080688,28.578335291080688,0.0095553541395878,0.014885894072632093,0.024441248212219893,22.228118966815604,18.002041828550617,0.0,0.08972428321354098,0.7884647846221924,43.48832458258193,2.9881774485111237,worst_uncertainty_stratified_mhz
12789,230.0,10,27.50609182736634,-27.50609182736634,27.50609182736634,0.09691939117143002,0.05116550325061411,0.14808489442204412,22.226186483194937,14.602713086283826,0.0,0.20455009567333704,1.3177680969238281,42.72550467811937,5.417504847049713,worst_uncertainty_stratified_mhz
11237,230.0,10,26.565987126286906,-26.565987126286906,26.565987126286906,0.07824642130021431,0.03933188530436847,0.11757830660458278,20.807695612238987,15.974927449111837,0.0,0.5397692222945096,2.414541482925415,38.12131129696354,3.7114096879959106,worst_uncertainty_stratified_mhz
11545,230.0,10,26.215685210434827,-26.215685210434827,26.215685210434827,0.011419468770481098,0.009160820870957336,0.020580289641438432,20.165937509842298,17.119698460126788,0.0,0.12694400025446106,1.0878039598464966,38.990183059329176,2.3897492438554764,worst_uncertainty_stratified_mhz
12726,230.0,10,25.245757677623324,-25.245757677623324,25.245757677623324,0.043824703886420284,0.012320276111022136,0.05614497999744242,19.36597208192408,16.52794268314964,0.0,0.13304741339172543,1.114686369895935,37.351162967168776,2.3465665131807327,worst_uncertainty_stratified_mhz
11857,230.0,10,25.11473805675765,-25.11473805675765,25.11473805675765,0.013454879311362203,0.004689088671864516,0.01814396798322672,19.39019688597234,16.265110201329602,0.0,0.018977053890210982,0.467937707901001,38.27450195626326,2.530695676803589,worst_uncertainty_stratified_mhz
11941,230.0,10,24.666436506080657,-24.666436506080657,24.666436506080657,0.010656135578222231,0.010107771374749157,0.020763906952971388,18.956032243422847,16.200583791163915,0.0,0.031734068272605276,0.6598883867263794,37.1887079635741,2.291370674967766,worst_uncertainty_stratified_mhz
11729,250.0,10,31.54373238462268,-31.54373238462268,31.54373238462268,0.14089711501243515,0.08109817344453428,0.22199528845696942,25.31250848284194,17.000160366515228,0.0,1.7457636618065413,4.051627159118652,43.08186248295215,5.582296818494797,worst_uncertainty_stratified_mhz
12246,250.0,10,30.616434773910697,-30.616434773910697,30.616434773910697,0.07664663585278944,0.07110231447570735,0.14774895032849678,24.62554934547291,16.554770763139434,0.0,1.1763492044687496,3.479114532470703,43.419285749537615,5.537416696548462,worst_uncertainty_stratified_mhz
11243,250.0,10,29.986040761865468,-29.986040761865468,29.986040761865468,0.3083620606660093,0.2639005640586703,0.5722626247246796,24.85967438790873,12.83345313071325,0.0,4.246308680922027,6.56812858581543,34.658602828157974,8.256479978561401,worst_uncertainty_stratified_mhz
11463,250.0,10,29.884057335588288,-29.884057335588288,29.884057335588288,0.5564333120572579,0.333767179135051,0.8902004911923089,24.419392255479984,12.85360771867425,0.0,6.176429350128544,7.84373664855957,28.642189162143314,8.207332730293274,worst_uncertainty_stratified_mhz
12122,250.0,10,28.856223826348767,-28.856223826348767,28.856223826348767,0.08008554219492692,0.05405161792565416,0.13413716012058108,22.467608161653242,17.708372433676203,0.0,0.6749139437628422,2.7482500076293945,40.837138428151405,3.6319995522499084,worst_uncertainty_stratified_mhz
11768,250.0,10,28.81417692077497,-28.81417692077497,28.81417692077497,0.03590218068955283,0.025380334986387785,0.06128251567594062,22.382654323723767,18.094632919512794,0.0,0.23197392017078666,1.5091667175292969,42.79219408957666,3.2439076006412506,worst_uncertainty_stratified_mhz
12570,250.0,10,28.451917951897506,-28.451917951897506,28.451917951897506,0.030722762650262577,0.01809210515773096,0.04881486780799354,21.97972544958532,18.31543909946966,0.0,0.02127326721924927,0.4061298370361328,43.51077452769601,2.8105084598064423,worst_uncertainty_stratified_mhz
12157,250.0,10,28.0925070721916,-28.0925070721916,28.0925070721916,0.22206098538825203,0.1593946520694831,0.38145563745773514,22.962929758415314,13.461417474588602,0.0,1.0678226744238053,3.4591622352600098,40.33105193272301,7.053510248661041,worst_uncertainty_stratified_mhz
11289,250.0,10,28.088741636387866,-28.088741636387866,28.088741636387866,0.017990434127294355,0.022039402346611933,0.04002983647390629,21.872711958747026,17.56005808372873,0.0,0.15856734215910162,1.1444640159606934,42.28382521721515,3.320644050836563,worst_uncertainty_stratified_mhz
12714,250.0,10,27.806519139905586,-27.806519139905586,27.806519139905586,0.03131299096099918,0.025740135107005995,0.05705312606800518,21.358207399135537,18.201566221885678,0.0,0.043186732306846665,0.6963138580322266,41.933727475625155,2.508568227291107,worst_uncertainty_stratified_mhz
12767,250.0,10,27.69013532817901,-27.69013532817901,27.69013532817901,0.08913095262767906,0.06932092824484465,0.1584518808725237,21.77481525275811,16.310617332630038,0.0,0.682461060763714,2.926349401473999,39.25835898251479,4.28907322883606,worst_uncertainty_stratified_mhz
12034,250.0,10,27.435263601308527,-27.435263601308527,27.435263601308527,0.16917646327500982,0.0531413596663869,0.22231782294139674,22.22118163451865,14.192378514745252,0.0,0.35813216711640905,1.5266098976135254,42.19948903719096,6.123625636100769,worst_uncertainty_stratified_mhz
12056,265.0,10,32.792037824086165,-32.792037824086165,32.792037824086165,1.6894722445451216,1.032765753582767,2.7222379981278886,27.54949520296197,7.085615252622464,0.0,4.608677940908805,5.789942741394043,40.09169178271229,13.30454409122467,worst_uncertainty_stratified_mhz
11733,265.0,10,28.769285447539104,-28.769285447539104,28.769285447539104,1.7276544340502538,0.3529840801075938,2.0806385141578474,23.386489593478327,9.38221589505103,0.0,0.6507333346702211,2.679318428039551,42.79219408957666,10.971197962760925,worst_uncertainty_stratified_mhz
12274,265.0,10,28.483172989940968,-28.483172989940968,28.483172989940968,0.6803265108397291,0.5918301300658786,1.2721566409056075,24.371151598346152,8.002893692302287,0.0,3.45045612688682,5.089902877807617,36.75148806511105,11.952681541442871,worst_uncertainty_stratified_mhz
12043,265.0,10,27.313423153191422,-27.313423153191422,27.313423153191422,0.497861287077225,0.6056672087847581,1.103528495861983,24.49903214700727,4.768291011922073,0.0,5.628398027546481,6.4892683029174805,31.251999936004097,14.134815335273743,worst_uncertainty_stratified_mhz
11261,265.0,10,26.38880433190416,-26.38880433190416,26.38880433190416,1.5749076135489413,0.9905791279589552,2.5654867415078964,20.735961898834837,8.651952325876008,0.0,6.695781887957903,8.722302913665771,19.358057108088094,10.932554185390472,worst_uncertainty_stratified_mhz
12351,265.0,10,26.281440257312944,-26.281440257312944,26.281440257312944,0.6616094125577389,0.6519259295120194,1.3135353420697582,23.684561913846125,3.5609635936967248,0.0,4.8602245872450425,6.424685478210449,31.22398917499172,14.893577933311462,worst_uncertainty_stratified_mhz
12080,265.0,10,26.15042870204636,-26.15042870204636,26.15042870204636,0.7882673832237094,0.3441031097393864,1.1323704929630958,23.134331886957934,5.310961823528132,0.0,1.8244558439764518,4.345250129699707,38.27450195626326,13.567108750343323,worst_uncertainty_stratified_mhz
11245,265.0,10,25.77018882573644,-25.77018882573644,25.77018882573644,0.31314124195914234,0.18257685578754812,0.49571809774669046,22.216776593481335,8.683304595834144,0.0,0.6330859588939433,2.535074234008789,40.632307035165994,10.730490565299988,worst_uncertainty_stratified_mhz
12559,265.0,10,25.50241541716379,-25.50241541716379,25.50241541716379,0.7365331306009336,0.5257907987623575,1.262323929363291,22.789037356661083,4.030708666523944,0.0,5.4337100125134015,8.001866340637207,26.708788347658153,14.458308339118958,worst_uncertainty_stratified_mhz
11997,265.0,10,25.443183734428345,-25.443183734428345,25.443183734428345,1.0370625200166144,0.553998713369892,1.5910612333865064,21.00273447389201,7.96746706896774,0.0,7.488407652289865,7.69038200378418,19.338271639420107,11.256748795509338,worst_uncertainty_stratified_mhz
11588,265.0,10,25.438449843490186,-25.438449843490186,25.438449843490186,0.491569111678744,0.28227512171929114,0.7738442333980351,22.03214919079651,7.39490852133568,0.0,4.3187673520967,6.194129943847656,29.23263373355196,11.744110822677612,worst_uncertainty_stratified_mhz
11586,270.0,10,29.481845441695153,-29.481845441695153,29.481845441695153,0.028244349313606656,0.03142918426201804,0.059673533575624695,22.552441032884154,19.403193556135918,0.0,0.6429529544851352,2.6432855129241943,41.17569064387384,2.549966737627983,worst_uncertainty_stratified_mhz
12278,270.0,10,29.181682488797343,-29.181682488797343,29.181682488797343,0.03573158245181339,0.031355482388618086,0.06708706484043148,22.763329039963487,18.050887398025008,0.0,0.245820098716802,1.5242433547973633,43.51077452769601,3.7049073576927185,worst_uncertainty_stratified_mhz
11387,270.0,10,28.91286231265584,-28.91286231265584,28.91286231265584,0.273833892120071,0.14999749152449612,0.4238313836445671,23.848707701387802,13.163147140556587,0.0,1.1495966055783242,3.7555832862854004,41.642638905333555,8.06845760345459,worst_uncertainty_stratified_mhz
11996,270.0,10,28.743120582262,-28.743120582262,28.743120582262,0.11792638982797786,0.0420189905941891,0.15994538042216697,22.635837342440546,16.937139304815638,0.0,0.12303507963752836,0.9179592132568359,44.1076453123492,4.53438264131546,worst_uncertainty_stratified_mhz
11634,270.0,10,28.640027095617075,-28.640027095617075,28.640027095617075,0.024970770670539266,0.038186873929407714,0.06315764459994698,21.97781730681973,18.692912738588504,0.0,0.3760008761557003,1.9097168445587158,41.293916016769344,2.711657404899597,worst_uncertainty_stratified_mhz
11491,270.0,10,28.298322232546965,-28.298322232546965,28.298322232546965,0.1475130750658895,0.04418235099744353,0.19169542606333304,22.34624799420472,16.38961967288137,0.0,0.2138675730280255,1.5403532981872559,42.724407544166134,4.814880013465881,worst_uncertainty_stratified_mhz
11490,270.0,10,28.290103055934267,-28.290103055934267,28.290103055934267,0.014211590374795186,0.005808753081565011,0.020020343456360196,21.669050582192263,18.80270276769502,0.0,0.035841015278688104,0.4742250442504883,42.79219408957666,2.356314241886139,worst_uncertainty_stratified_mhz
12304,280.0,10,31.62759833477285,-31.62759833477285,31.62759833477285,0.25620235943699227,0.23662210022809213,0.49282445966508437,24.17626620526608,19.519682474389857,0.0,3.746550987807179,6.020963907241821,34.83846652767598,3.821709096431732,worst_uncertainty_stratified_mhz
12696,280.0,10,30.254825635124234,-30.254825635124234,30.254825635124234,0.31804768238604736,0.06465729620683672,0.3827049785928841,23.092970955395565,19.185491233296833,0.0,0.728567411145022,2.872281312942505,41.85652577555858,3.32240092754364,worst_uncertainty_stratified_mhz
11380,280.0,10,28.455765029402272,-28.455765029402272,28.455765029402272,0.01170589776112285,0.04310260699252637,0.05480850475364922,21.898637157048704,18.405843854966403,0.0,0.50367557023658,2.157616138458252,40.632307035165994,2.9436441361904144,worst_uncertainty_stratified_mhz
12121,280.0,10,28.306338176000743,-28.306338176000743,28.306338176000743,0.04673701030342226,0.042297485040450174,0.08903449534387244,21.643306352316543,18.621086083670374,0.0,0.3497303889157166,2.0270113945007324,40.56014053230092,2.611309289932251,worst_uncertainty_stratified_mhz
12724,280.0,10,27.730376998526673,-27.730376998526673,27.730376998526673,0.014949113565569098,0.09724793160614885,0.11219704517171794,21.33367892201261,17.716645037344446,0.0,1.1334720347389071,3.0360758304595947,37.36433794408781,3.1808874309062958,worst_uncertainty_stratified_mhz
11867,280.0,10,26.89005777048114,-26.89005777048114,26.89005777048114,0.020788534084341004,0.014988980233074095,0.0357775143174151,20.678876710208296,17.580676723959687,0.0,0.05874966705740903,0.6801135540008545,40.56014053230092,2.733643114566803,worst_uncertainty_stratified_mhz
12695,300.0,10,30.148439429087702,-30.148439429087702,30.148439429087702,0.046130863001235305,0.030129116801660485,0.07625997980289578,23.139975945351452,19.68258099292431,0.0,0.24664339314915562,1.5910770893096924,44.1955880150949,2.8673802316188812,worst_uncertainty_stratified_mhz
12088,300.0,10,29.517951530519014,-29.517951530519014,29.517951530519014,0.07176940223759255,0.10314483193087291,0.17491423416846547,23.101644149897776,17.64412385604007,0.0,1.441786770996572,3.7156193256378174,39.60409543216459,4.551735997200012,worst_uncertainty_stratified_mhz
12619,300.0,10,29.23031024048304,-29.23031024048304,29.23031024048304,0.023589516378254318,0.03244386482714794,0.05603338120540226,22.881147849711564,17.865100173906082,0.0,0.44819796831434555,2.0737056732177734,42.79219408957666,4.148552089929581,worst_uncertainty_stratified_mhz
12541,300.0,10,28.40818508334132,-28.40818508334132,28.40818508334132,0.009200892526830507,0.006611742751199836,0.015812635278030344,21.73129127060947,18.973944846989802,0.0,0.03737949899161208,0.5956294536590576,42.79219408957666,2.39273738861084,worst_uncertainty_stratified_mhz
12066,300.0,10,27.943311062649205,-27.943311062649205,27.943311062649205,0.04996601382987061,0.0742185000849204,0.12418451391479102,21.530979458234,17.789426086838635,0.0,0.6959333855168239,2.92130184173584,38.74879030369851,3.372084617614746,worst_uncertainty_stratified_mhz
12792,300.0,10,27.82695701312962,-27.82695701312962,27.82695701312962,0.15227635916275473,0.09613681893609254,0.24841317809884728,21.54419554370016,17.100640150748447,0.0,0.6324702029772133,2.4157261848449707,39.40772449660092,4.047288954257965,worst_uncertainty_stratified_mhz
