candidate_id,mhz,k,badness,quality_score,uncertainty,heatmap_mc_mse,p99_var,peak_loc_spread_px,pred_p99_mean,selected_reason
748,120.0,3,1.9105465018849894,-1.9105465018849894,1.9105465018849894,1.9105465018849894,3.434757953838447,23.47871376374779,3.428106188774109,worst_uncertainty_stratified_mhz
1479,150.0,3,0.11527075457316911,-0.11527075457316911,0.11527075457316911,0.11527075457316911,0.0776090632870263,23.47871376374779,4.660658200581868,worst_uncertainty_stratified_mhz
316,150.0,3,0.07396730672751914,-0.07396730672751914,0.07396730672751914,0.07396730672751914,0.06664113370589399,0.0,4.306427637736003,worst_uncertainty_stratified_mhz
1541,150.0,3,0.07185033552533795,-0.07185033552533795,0.07185033552533795,0.07185033552533795,0.2745520128723658,0.0,4.308951298395793,worst_uncertainty_stratified_mhz
1390,150.0,3,0.06853588969908433,-0.06853588969908433,0.06853588969908433,0.06853588969908433,0.5109143569024595,0.0,4.460264126459758,worst_uncertainty_stratified_mhz
298,150.0,3,0.06710747999478905,-0.06710747999478905,0.06710747999478905,0.06710747999478905,0.0359462232190266,0.0,4.323488314946492,worst_uncertainty_stratified_mhz
370,155.0,3,0.11110373881513812,-0.11110373881513812,0.11110373881513812,0.11110373881513812,0.5664759866949428,0.0,4.720929463704427,worst_uncertainty_stratified_mhz
536,155.0,3,0.07566924912695898,-0.07566924912695898,0.07566924912695898,0.07566924912695898,0.38804147180545573,0.0,4.5659884214401245,worst_uncertainty_stratified_mhz
735,155.0,3,0.07463697492097615,-0.07463697492097615,0.07463697492097615,0.07463697492097615,0.44537149740961807,0.0,4.878566066424052,worst_uncertainty_stratified_mhz
396,155.0,3,0.06939775616092733,-0.06939775616092733,0.06939775616092733,0.06939775616092733,0.46620778914178457,0.0,4.239201744397481,worst_uncertainty_stratified_mhz
1359,155.0,3,0.06523103710438362,-0.06523103710438362,0.06523103710438362,0.06523103710438362,0.3862843657377731,23.10603576749783,3.893020828564962,worst_uncertainty_stratified_mhz
247,155.0,3,0.062132721839212465,-0.062132721839212465,0.062132721839212465,0.062132721839212465,0.16075856391682444,23.47871376374779,4.303188920021057,worst_uncertainty_stratified_mhz
408,155.0,3,0.06147111042188351,-0.06147111042188351,0.06147111042188351,0.06147111042188351,0.08152233471133741,0.0,5.331166982650757,worst_uncertainty_stratified_mhz
1570,155.0,3,0.05412015409991946,-0.05412015409991946,0.05412015409991946,0.05412015409991946,0.09111341864786482,0.0,4.5640034675598145,worst_uncertainty_stratified_mhz
1337,170.0,3,0.14232137808637918,-0.14232137808637918,0.14232137808637918,0.14232137808637918,0.5403466235398611,0.0,5.120635390281677,worst_uncertainty_stratified_mhz
1355,170.0,3,0.1239006211319583,-0.1239006211319583,0.1239006211319583,0.1239006211319583,0.37823623853385396,0.0,6.22827410697937,worst_uncertainty_stratified_mhz
839,170.0,3,0.08854865887732218,-0.08854865887732218,0.08854865887732218,0.08854865887732218,0.47727082720397124,23.47871376374779,4.6810866594314575,worst_uncertainty_stratified_mhz
842,180.0,3,0.1451513823266434,-0.1451513823266434,0.1451513823266434,0.1451513823266434,0.3581351066067289,23.47871376374779,5.703022718429565,worst_uncertainty_stratified_mhz
956,180.0,3,0.12541471117463662,-0.12541471117463662,0.12541471117463662,0.12541471117463662,0.25998264398913307,0.0,4.46610689163208,worst_uncertainty_stratified_mhz
833,180.0,3,0.11904534219251965,-0.11904534219251965,0.11904534219251965,0.11904534219251965,0.43201422989195254,0.0,4.462083578109741,worst_uncertainty_stratified_mhz
1530,180.0,3,0.11252060860874265,-0.11252060860874265,0.11252060860874265,0.11252060860874265,0.3963651193998443,0.0,5.906030734380086,worst_uncertainty_stratified_mhz
1398,180.0,3,0.11037466693003097,-0.11037466693003097,0.11037466693003097,0.11037466693003097,0.15995654246879415,0.0,6.146386543909709,worst_uncertainty_stratified_mhz
296,200.0,3,0.27809239977349537,-0.27809239977349537,0.27809239977349537,0.27809239977349537,1.2277463604766392,0.0,5.93087363243103,worst_uncertainty_stratified_mhz
1587,200.0,3,0.2671804334667798,-0.2671804334667798,0.2671804334667798,0.2671804334667798,1.1341788393291317,23.47871376374779,5.296903689702352,worst_uncertainty_stratified_mhz
1502,200.0,3,0.2481638282244708,-0.2481638282244708,0.2481638282244708,0.2481638282244708,1.0704550307087985,0.0,7.265932401021321,worst_uncertainty_stratified_mhz
345,200.0,3,0.21445901531064843,-0.21445901531064843,0.21445901531064843,0.21445901531064843,0.6139238473468949,0.0,4.203076283137004,worst_uncertainty_stratified_mhz
1180,200.0,3,0.21022567709105874,-0.21022567709105874,0.21022567709105874,0.21022567709105874,0.8100218444655084,0.0,5.185564835866292,worst_uncertainty_stratified_mhz
861,200.0,3,0.20900356902558087,-0.20900356902558087,0.20900356902558087,0.20900356902558087,1.7359836873813048,23.47871376374779,5.633003791173299,worst_uncertainty_stratified_mhz
1226,200.0,3,0.18474319109283582,-0.18474319109283582,0.18474319109283582,0.18474319109283582,0.8751261402725466,29.698484809834994,5.567218065261841,worst_uncertainty_stratified_mhz
830,200.0,3,0.18304970586371747,-0.18304970586371747,0.18304970586371747,0.18304970586371747,1.104506046205693,0.0,5.923106829325358,worst_uncertainty_stratified_mhz
1503,230.0,3,0.21864052358941033,-0.21864052358941033,0.21864052358941033,0.21864052358941033,0.16485949685104137,23.47871376374779,3.8941850662231445,worst_uncertainty_stratified_mhz
1315,230.0,3,0.15400343064995858,-0.15400343064995858,0.15400343064995858,0.15400343064995858,0.3187350382528346,0.0,4.441434025764465,worst_uncertainty_stratified_mhz
1236,230.0,3,0.14081581173931293,-0.14081581173931293,0.14081581173931293,0.14081581173931293,0.30224850166171774,29.698484809834994,3.856913208961487,worst_uncertainty_stratified_mhz
1160,230.0,3,0.12391563697753648,-0.12391563697753648,0.12391563697753648,0.12391563697753648,0.18377443629728732,31.5,4.208463748296102,worst_uncertainty_stratified_mhz
1319,230.0,3,0.11795388855161895,-0.11795388855161895,0.11795388855161895,0.11795388855161895,0.07926915831127543,0.0,3.474257548650106,worst_uncertainty_stratified_mhz
1505,230.0,3,0.10640589169325805,-0.10640589169325805,0.10640589169325805,0.10640589169325805,0.2665203395930386,23.47871376374779,4.265848636627197,worst_uncertainty_stratified_mhz
697,230.0,3,0.09331675052086205,-0.09331675052086205,0.09331675052086205,0.09331675052086205,0.029621998603122143,37.489628195305194,3.310046354929606,worst_uncertainty_stratified_mhz
349,230.0,3,0.08504431867215478,-0.08504431867215478,0.08504431867215478,0.08504431867215478,0.23510006475204648,29.698484809834994,3.659486413002014,worst_uncertainty_stratified_mhz
477,250.0,3,0.1291203347730726,-0.1291203347730726,0.1291203347730726,0.1291203347730726,0.7358176067354409,32.941446369109066,4.149048368136088,worst_uncertainty_stratified_mhz
1396,250.0,3,0.1149078396648033,-0.1149078396648033,0.1149078396648033,0.1149078396648033,0.05076052229694344,31.5,4.535812060038249,worst_uncertainty_stratified_mhz
485,250.0,3,0.09561657224178349,-0.09561657224178349,0.09561657224178349,0.09561657224178349,0.22058172051458133,23.47871376374779,4.400362888971965,worst_uncertainty_stratified_mhz
838,250.0,3,0.08483297319401625,-0.08483297319401625,0.08483297319401625,0.08483297319401625,0.22619150634714438,0.0,4.048670291900635,worst_uncertainty_stratified_mhz
1318,250.0,3,0.08272621469004064,-0.08272621469004064,0.08272621469004064,0.08272621469004064,0.0931573548431983,39.06582763604131,4.793078978856404,worst_uncertainty_stratified_mhz
1205,250.0,3,0.08197164107990296,-0.08197164107990296,0.08197164107990296,0.08197164107990296,0.11699436829141363,0.0,4.337181289990743,worst_uncertainty_stratified_mhz
1454,250.0,3,0.07854732516457112,-0.07854732516457112,0.07854732516457112,0.07854732516457112,0.093184027317485,29.227080289043965,3.916854818662008,worst_uncertainty_stratified_mhz
271,250.0,3,0.07695416671992215,-0.07695416671992215,0.07695416671992215,0.07695416671992215,0.10617538414307622,31.5,4.414193391799927,worst_uncertainty_stratified_mhz
1573,250.0,3,0.07560809979710054,-0.07560809979710054,0.07560809979710054,0.07560809979710054,0.3175760418387515,38.88765871070152,3.5173789660135903,worst_uncertainty_stratified_mhz
689,250.0,3,0.0754869986920652,-0.0754869986920652,0.0754869986920652,0.0754869986920652,0.02800232307292087,23.47871376374779,4.423656463623047,worst_uncertainty_stratified_mhz
1346,250.0,3,0.07429716288533209,-0.07429716288533209,0.07429716288533209,0.07429716288533209,0.1258938538914928,0.0,5.0861427783966064,worst_uncertainty_stratified_mhz
1044,265.0,3,0.8652114299749994,-0.8652114299749994,0.8652114299749994,0.8652114299749994,0.7987515213378188,32.941446369109066,9.437897125879923,worst_uncertainty_stratified_mhz
443,265.0,3,0.5490193305887616,-0.5490193305887616,0.5490193305887616,0.5490193305887616,0.8842002093920011,44.1955880150949,9.152049779891968,worst_uncertainty_stratified_mhz
1458,265.0,3,0.5376711915961743,-0.5376711915961743,0.5376711915961743,0.5376711915961743,0.9030496690915962,32.941446369109066,9.172703981399536,worst_uncertainty_stratified_mhz
991,265.0,3,0.5296932901017655,-0.5296932901017655,0.5296932901017655,0.5296932901017655,1.0995876777246598,41.667999978667346,9.171268304189047,worst_uncertainty_stratified_mhz
385,265.0,3,0.48337393736036643,-0.48337393736036643,0.48337393736036643,0.48337393736036643,0.09989617382317799,0.0,9.484815120697021,worst_uncertainty_stratified_mhz
908,265.0,3,0.483341225372294,-0.483341225372294,0.483341225372294,0.483341225372294,0.5010432064132905,41.667999978667346,9.189159870147705,worst_uncertainty_stratified_mhz
48,265.0,3,0.46561119455143646,-0.46561119455143646,0.46561119455143646,0.46561119455143646,1.3095987908190334,23.127665011602204,9.25893259048462,worst_uncertainty_stratified_mhz
1576,265.0,3,0.4278752025055979,-0.4278752025055979,0.4278752025055979,0.4278752025055979,0.29952131876889454,37.489628195305194,8.841832240422567,worst_uncertainty_stratified_mhz
1385,265.0,3,0.41067999587552606,-0.41067999587552606,0.41067999587552606,0.41067999587552606,0.3221709154594363,23.10904103977008,10.074232419331869,worst_uncertainty_stratified_mhz
986,265.0,3,0.3881087923941865,-0.3881087923941865,0.3881087923941865,0.3881087923941865,0.2524024049997832,0.0,9.017304102579752,worst_uncertainty_stratified_mhz
111,265.0,3,0.3849346981646164,-0.3849346981646164,0.3849346981646164,0.3849346981646164,0.20340282944673363,23.47871376374779,10.210952123006185,worst_uncertainty_stratified_mhz
1199,270.0,3,0.10615626734778336,-0.10615626734778336,0.10615626734778336,0.10615626734778336,0.09732200529670365,29.698484809834994,3.6675750017166138,worst_uncertainty_stratified_mhz
307,270.0,3,0.09686120171185661,-0.09686120171185661,0.09686120171185661,0.09686120171185661,0.177546044735482,0.0,3.5895893971125283,worst_uncertainty_stratified_mhz
605,270.0,3,0.09173575045915426,-0.09173575045915426,0.09173575045915426,0.09173575045915426,0.25988302984472494,32.941446369109066,3.842197060585022,worst_uncertainty_stratified_mhz
666,270.0,3,0.0788930551139799,-0.0788930551139799,0.0788930551139799,0.0788930551139799,0.22981146320009635,0.0,4.312632401784261,worst_uncertainty_stratified_mhz
739,270.0,3,0.07501572138268292,-0.07501572138268292,0.07501572138268292,0.07501572138268292,0.1217972287363867,29.227080289043965,3.559299906094869,worst_uncertainty_stratified_mhz
1182,270.0,3,0.07403405579185059,-0.07403405579185059,0.07403405579185059,0.07403405579185059,0.059982632380423534,0.0,4.7594045003255205,worst_uncertainty_stratified_mhz
1080,270.0,3,0.0734483069246946,-0.0734483069246946,0.0734483069246946,0.0734483069246946,0.25951843520624607,0.372677996249965,4.370202541351318,worst_uncertainty_stratified_mhz
939,280.0,3,0.07898705701245173,-0.07898705701245173,0.07898705701245173,0.07898705701245173,0.19377685801017228,42.930175867331364,2.8792736530303955,worst_uncertainty_stratified_mhz
1049,280.0,3,0.07658301615903658,-0.07658301615903658,0.07658301615903658,0.07658301615903658,0.28821250755344213,32.941446369109066,3.162933071454366,worst_uncertainty_stratified_mhz
1246,280.0,3,0.06870225338197185,-0.06870225338197185,0.06870225338197185,0.06870225338197185,0.12256313369888815,41.667999978667346,4.2967045704523725,worst_uncertainty_stratified_mhz
576,280.0,3,0.06800672913220722,-0.06800672913220722,0.06800672913220722,0.06800672913220722,0.5855840879411368,23.47871376374779,3.7774900992711387,worst_uncertainty_stratified_mhz
1324,280.0,3,0.0651875166574868,-0.0651875166574868,0.0651875166574868,0.0651875166574868,0.38087799064831374,32.941446369109066,4.257545193036397,worst_uncertainty_stratified_mhz
284,280.0,3,0.06395983982865443,-0.06395983982865443,0.06395983982865443,0.06395983982865443,0.20225901410781766,23.47871376374779,3.5524965127309165,worst_uncertainty_stratified_mhz
919,280.0,3,0.059960458597565186,-0.059960458597565186,0.059960458597565186,0.059960458597565186,0.014786521485000828,0.0,4.313286383946736,worst_uncertainty_stratified_mhz
1132,300.0,3,0.05879425001577621,-0.05879425001577621,0.05879425001577621,0.05879425001577621,0.2805491919702076,0.0,2.796129663785299,worst_uncertainty_stratified_mhz
715,300.0,3,0.058744339973329146,-0.058744339973329146,0.058744339973329146,0.058744339973329146,0.48815858654873406,24.982771841588935,2.4741403460502625,worst_uncertainty_stratified_mhz
1444,300.0,3,0.05713169729369343,-0.05713169729369343,0.05713169729369343,0.05713169729369343,0.4889572955184589,0.0,4.80975874265035,worst_uncertainty_stratified_mhz
256,300.0,3,0.0551291505233455,-0.0551291505233455,0.0551291505233455,0.0551291505233455,0.29235152563877603,29.227080289043965,2.551872988541921,worst_uncertainty_stratified_mhz
658,300.0,3,0.054104893741221724,-0.054104893741221724,0.054104893741221724,0.054104893741221724,0.49583518583647884,32.941446369109066,2.731489062309265,worst_uncertainty_stratified_mhz
281,300.0,3,0.0507634549223961,-0.0507634549223961,0.0507634549223961,0.0507634549223961,0.48385496293823693,0.0,3.657665769259135,worst_uncertainty_stratified_mhz
2982,120.0,4,6.383249583765099,-6.383249583765099,6.383249583765099,6.383249583765099,18.970035150043454,0.0,8.379743138949076,worst_uncertainty_stratified_mhz
1601,150.0,4,0.3988831006578587,-0.3988831006578587,0.3988831006578587,0.3988831006578587,0.5249173592142601,0.0,3.7012977997461953,worst_uncertainty_stratified_mhz
2337,150.0,4,0.24694536649504814,-0.24694536649504814,0.24694536649504814,0.24694536649504814,0.21533983596310216,0.0,3.6340712308883667,worst_uncertainty_stratified_mhz
1839,150.0,4,0.13426803678999388,-0.13426803678999388,0.13426803678999388,0.13426803678999388,0.11228836005787297,0.0,3.8332199652989707,worst_uncertainty_stratified_mhz
3078,150.0,4,0.12283055725735838,-0.12283055725735838,0.12283055725735838,0.12283055725735838,0.0777905429700733,0.0,3.889375686645508,worst_uncertainty_stratified_mhz
1857,150.0,4,0.10578591034486319,-0.10578591034486319,0.10578591034486319,0.10578591034486319,0.0401375985153957,0.0,3.5743201971054077,worst_uncertainty_stratified_mhz
1831,155.0,4,1.4320953902595055,-1.4320953902595055,1.4320953902595055,1.4320953902595055,1.7336877309602936,23.47871376374779,4.163126826286316,worst_uncertainty_stratified_mhz
1840,155.0,4,0.21156352482977636,-0.21156352482977636,0.21156352482977636,0.21156352482977636,0.25432319045188007,29.698484809834994,3.4721440076828003,worst_uncertainty_stratified_mhz
2335,155.0,4,0.16547090330056785,-0.16547090330056785,0.16547090330056785,0.16547090330056785,0.07483247155806794,0.0,4.096288204193115,worst_uncertainty_stratified_mhz
2900,155.0,4,0.13145028896360272,-0.13145028896360272,0.13145028896360272,0.13145028896360272,0.09711736125016539,0.0,4.4995105266571045,worst_uncertainty_stratified_mhz
2876,155.0,4,0.1023192541842928,-0.1023192541842928,0.1023192541842928,0.1023192541842928,0.09175924726998454,0.0,3.7467839320500693,worst_uncertainty_stratified_mhz
1918,155.0,4,0.10110333022583652,-0.10110333022583652,0.10110333022583652,0.10110333022583652,0.37333627211884696,0.0,4.212623794873555,worst_uncertainty_stratified_mhz
2102,155.0,4,0.09088228917523394,-0.09088228917523394,0.09088228917523394,0.09088228917523394,0.05742359525399682,31.5,3.848301966985067,worst_uncertainty_stratified_mhz
2031,155.0,4,0.07879418207660333,-0.07879418207660333,0.07879418207660333,0.07879418207660333,0.0643047356730272,0.0,3.7093995412190757,worst_uncertainty_stratified_mhz
3176,170.0,4,0.09860818237423619,-0.09860818237423619,0.09860818237423619,0.09860818237423619,0.09141796577344823,23.47871376374779,4.801055034001668,worst_uncertainty_stratified_mhz
2173,170.0,4,0.09823758545131764,-0.09823758545131764,0.09823758545131764,0.09823758545131764,0.18881584399921145,23.47871376374779,5.185433069864909,worst_uncertainty_stratified_mhz
2603,170.0,4,0.07455909553272856,-0.07455909553272856,0.07455909553272856,0.07455909553272856,0.08268646972629136,29.698484809834994,4.636478106180827,worst_uncertainty_stratified_mhz
2724,180.0,4,0.06055354541498768,-0.06055354541498768,0.06055354541498768,0.06055354541498768,0.1449451051096844,0.0,4.82616114616394,worst_uncertainty_stratified_mhz
2613,180.0,4,0.05877124884023876,-0.05877124884023876,0.05877124884023876,0.05877124884023876,0.11821879825604735,0.0,4.756047964096069,worst_uncertainty_stratified_mhz
2355,180.0,4,0.05776889736167515,-0.05776889736167515,0.05776889736167515,0.05776889736167515,0.28247588563290393,0.0,5.516408363978068,worst_uncertainty_stratified_mhz
1681,180.0,4,0.05742584701414106,-0.05742584701414106,0.05742584701414106,0.05742584701414106,0.06092288773589871,0.0,5.20854926109314,worst_uncertainty_stratified_mhz
3109,180.0,4,0.05453328705533649,-0.05453328705533649,0.05453328705533649,0.05453328705533649,0.07416507418813328,0.0,4.538933912913005,worst_uncertainty_stratified_mhz
1810,200.0,4,0.2805567588946717,-0.2805567588946717,0.2805567588946717,0.2805567588946717,0.7441007937030264,37.62829904325851,4.08470618724823,worst_uncertainty_stratified_mhz
1907,200.0,4,0.25629174006186994,-0.25629174006186994,0.25629174006186994,0.25629174006186994,0.4505227716516818,29.698484809834994,4.7086851596832275,worst_uncertainty_stratified_mhz
2702,200.0,4,0.17456152271399594,-0.17456152271399594,0.17456152271399594,0.17456152271399594,0.7291634479493121,23.47871376374779,5.274168769518535,worst_uncertainty_stratified_mhz
2828,200.0,4,0.12588368562572547,-0.12588368562572547,0.12588368562572547,0.12588368562572547,0.8481098373060784,23.47871376374779,5.1891151666641235,worst_uncertainty_stratified_mhz
2766,200.0,4,0.11607610695344857,-0.11607610695344857,0.11607610695344857,0.11607610695344857,0.6618436501945489,0.0,6.644042412439982,worst_uncertainty_stratified_mhz
2281,200.0,4,0.10868911343752129,-0.10868911343752129,0.10868911343752129,0.10868911343752129,0.7219914510145867,31.5,4.5950355132420855,worst_uncertainty_stratified_mhz
2207,200.0,4,0.10843779398404035,-0.10843779398404035,0.10843779398404035,0.10843779398404035,0.393446577035882,23.47871376374779,4.938522259394328,worst_uncertainty_stratified_mhz
1733,200.0,4,0.1049274335164557,-0.1049274335164557,0.1049274335164557,0.1049274335164557,0.5189580266311332,23.47871376374779,4.639085133870442,worst_uncertainty_stratified_mhz
2017,230.0,4,0.19519475883085138,-0.19519475883085138,0.19519475883085138,0.19519475883085138,0.04366384372151167,23.47871376374779,3.6825976769129434,worst_uncertainty_stratified_mhz
2427,230.0,4,0.15352990853278492,-0.15352990853278492,0.15352990853278492,0.15352990853278492,0.3148353447655962,29.698484809834994,3.717698653539022,worst_uncertainty_stratified_mhz
1616,230.0,4,0.12900456346007125,-0.12900456346007125,0.12900456346007125,0.12900456346007125,0.15892957920363748,23.47871376374779,3.7411529620488486,worst_uncertainty_stratified_mhz
1802,230.0,4,0.11608110613673372,-0.11608110613673372,0.11608110613673372,0.11608110613673372,0.11776927561072152,33.51284994015148,3.0236467123031616,worst_uncertainty_stratified_mhz
2103,230.0,4,0.11346702893362541,-0.11346702893362541,0.11346702893362541,0.11346702893362541,0.0355012261351517,37.489628195305194,3.2514741023381553,worst_uncertainty_stratified_mhz
2264,230.0,4,0.10721755926402422,-0.10721755926402422,0.10721755926402422,0.10721755926402422,0.538854726085693,37.489628195305194,2.9927239418029785,worst_uncertainty_stratified_mhz
2232,230.0,4,0.09615956914985913,-0.09615956914985913,0.09615956914985913,0.09615956914985913,0.06150249126984244,0.0,3.135472575823466,worst_uncertainty_stratified_mhz
2274,230.0,4,0.09545467355463244,-0.09545467355463244,0.09545467355463244,0.09545467355463244,0.19317875630744494,0.0,3.6563952366511026,worst_uncertainty_stratified_mhz
2985,250.0,4,0.10846209494355284,-0.10846209494355284,0.10846209494355284,0.10846209494355284,0.33288698831413893,0.0,4.298366069793701,worst_uncertainty_stratified_mhz
3164,250.0,4,0.09470864984507837,-0.09470864984507837,0.09470864984507837,0.09470864984507837,0.09807130532051012,41.667999978667346,3.438532074292501,worst_uncertainty_stratified_mhz
2177,250.0,4,0.09403187001570495,-0.09403187001570495,0.09403187001570495,0.09403187001570495,0.33702529183563784,0.0,4.292606393496196,worst_uncertainty_stratified_mhz
3130,250.0,4,0.08612476377109639,-0.08612476377109639,0.08612476377109639,0.08612476377109639,0.02820762428637459,29.698484809834994,4.441763718922933,worst_uncertainty_stratified_mhz
2461,250.0,4,0.08166668899657588,-0.08166668899657588,0.08166668899657588,0.08166668899657588,0.19885900980575696,29.227080289043965,3.616528113683065,worst_uncertainty_stratified_mhz
2426,250.0,4,0.07889171959145597,-0.07889171959145597,0.07889171959145597,0.07889171959145597,0.36563896428530046,0.0,4.205884099006653,worst_uncertainty_stratified_mhz
2923,250.0,4,0.07881998707424502,-0.07881998707424502,0.07881998707424502,0.07881998707424502,0.1614870062890156,41.667999978667346,4.362930258115132,worst_uncertainty_stratified_mhz
2227,250.0,4,0.07702755594587411,-0.07702755594587411,0.07702755594587411,0.07702755594587411,0.08922601015090474,42.930175867331364,4.124748468399048,worst_uncertainty_stratified_mhz
2116,250.0,4,0.07696861426681582,-0.07696861426681582,0.07696861426681582,0.07696861426681582,0.13070882365670242,23.47871376374779,4.360641519228618,worst_uncertainty_stratified_mhz
3158,250.0,4,0.07612668946943864,-0.07612668946943864,0.07612668946943864,0.07612668946943864,0.03745849208667885,0.0,4.4057161410649615,worst_uncertainty_stratified_mhz
2994,250.0,4,0.07571138565529631,-0.07571138565529631,0.07571138565529631,0.07571138565529631,0.22592107998479427,0.0,4.309906641642253,worst_uncertainty_stratified_mhz
1716,265.0,4,0.6391750487616145,-0.6391750487616145,0.6391750487616145,0.6391750487616145,0.22918066989364483,37.27078092971908,9.427323977152506,worst_uncertainty_stratified_mhz
1738,265.0,4,0.6280376032810712,-0.6280376032810712,0.6280376032810712,0.6280376032810712,0.517761117707601,41.667999978667346,9.641665617624918,worst_uncertainty_stratified_mhz
2618,265.0,4,0.6162137705775287,-0.6162137705775287,0.6162137705775287,0.6162137705775287,0.2441638271869427,32.941446369109066,9.471424102783203,worst_uncertainty_stratified_mhz
3057,265.0,4,0.5264593194903429,-0.5264593194903429,0.5264593194903429,0.5264593194903429,0.20560348216483562,32.941446369109066,9.528962930043539,worst_uncertainty_stratified_mhz
2859,265.0,4,0.49014425916636895,-0.49014425916636895,0.49014425916636895,0.49014425916636895,0.14312729462138427,32.941446369109066,9.930830955505371,worst_uncertainty_stratified_mhz
3134,265.0,4,0.46496065381742324,-0.46496065381742324,0.46496065381742324,0.46496065381742324,0.1423649035024381,41.667999978667346,9.807222525278727,worst_uncertainty_stratified_mhz
2679,265.0,4,0.4146128225773344,-0.4146128225773344,0.4146128225773344,0.4146128225773344,0.071768872440695,32.941446369109066,10.331010341644287,worst_uncertainty_stratified_mhz
1755,265.0,4,0.41069292693922166,-0.41069292693922166,0.41069292693922166,0.41069292693922166,0.19930323354353477,32.941446369109066,9.996476332346598,worst_uncertainty_stratified_mhz
2944,265.0,4,0.39167364281129385,-0.39167364281129385,0.39167364281129385,0.39167364281129385,0.173197801834552,23.10603576749783,9.813193321228027,worst_uncertainty_stratified_mhz
3013,265.0,4,0.3794779788556321,-0.3794779788556321,0.3794779788556321,0.3794779788556321,0.23244898132300781,32.941446369109066,9.964971542358398,worst_uncertainty_stratified_mhz
1886,265.0,4,0.3733153018813881,-0.3733153018813881,0.3733153018813881,0.3733153018813881,0.3163546882189065,32.941446369109066,9.162732283274332,worst_uncertainty_stratified_mhz
1632,270.0,4,0.1367029097111933,-0.1367029097111933,0.1367029097111933,0.1367029097111933,0.39613389609897665,23.47871376374779,4.457392533620198,worst_uncertainty_stratified_mhz
2175,270.0,4,0.09196833505652716,-0.09196833505652716,0.09196833505652716,0.09196833505652716,0.13049826952367344,0.0,4.4279307921727495,worst_uncertainty_stratified_mhz
1990,270.0,4,0.09098567930549425,-0.09098567930549425,0.09098567930549425,0.09098567930549425,0.10166137943069803,31.0,3.882141868273417,worst_uncertainty_stratified_mhz
2440,270.0,4,0.09007368791237842,-0.09007368791237842,0.09007368791237842,0.09007368791237842,0.457355019432877,42.97059718251798,2.989079236984253,worst_uncertainty_stratified_mhz
1919,270.0,4,0.08788853861514362,-0.08788853861514362,0.08788853861514362,0.08788853861514362,0.0937372627082406,32.941446369109066,4.099306583404541,worst_uncertainty_stratified_mhz
2785,270.0,4,0.08413664324024298,-0.08413664324024298,0.08413664324024298,0.08413664324024298,0.17266726771132804,23.47871376374779,4.506056785583496,worst_uncertainty_stratified_mhz
1899,270.0,4,0.07867133553505189,-0.07867133553505189,0.07867133553505189,0.07867133553505189,0.07523595474107324,23.10603576749783,3.6434287230173745,worst_uncertainty_stratified_mhz
2634,280.0,4,0.10640849805131015,-0.10640849805131015,0.10640849805131015,0.10640849805131015,0.15164248122977933,31.0,3.7756383816401162,worst_uncertainty_stratified_mhz
2874,280.0,4,0.0953776130543768,-0.0953776130543768,0.0953776130543768,0.0953776130543768,0.09183528710572215,23.10603576749783,3.518702427546183,worst_uncertainty_stratified_mhz
2972,280.0,4,0.09461553769325631,-0.09461553769325631,0.09461553769325631,0.09461553769325631,0.21935640140460286,42.97059718251798,2.4340806206067405,worst_uncertainty_stratified_mhz
2384,280.0,4,0.09087116691170385,-0.09087116691170385,0.09087116691170385,0.09087116691170385,0.4928343999274682,0.0,3.3293020327885947,worst_uncertainty_stratified_mhz
1843,280.0,4,0.0878173033829383,-0.0878173033829383,0.0878173033829383,0.0878173033829383,0.4318248561486134,0.0,3.2615405321121216,worst_uncertainty_stratified_mhz
2609,280.0,4,0.0871316363780368,-0.0871316363780368,0.0871316363780368,0.0871316363780368,0.19463975667085107,0.0,3.9218430121739707,worst_uncertainty_stratified_mhz
2218,280.0,4,0.06910420678276827,-0.06910420678276827,0.06910420678276827,0.06910420678276827,0.4798807627347214,44.1955880150949,3.7590022484461465,worst_uncertainty_stratified_mhz
2628,300.0,4,0.11398555536234604,-0.11398555536234604,0.11398555536234604,0.11398555536234604,0.33357469607404594,32.941446369109066,3.581879814465841,worst_uncertainty_stratified_mhz
2289,300.0,4,0.06713424588136144,-0.06713424588136144,0.06713424588136144,0.06713424588136144,0.022245444844153264,29.227080289043965,2.4978776375452676,worst_uncertainty_stratified_mhz
2435,300.0,4,0.06096499228774047,-0.06096499228774047,0.06096499228774047,0.06096499228774047,0.2641041807103508,29.989349961463173,2.6223813692728677,worst_uncertainty_stratified_mhz
1723,300.0,4,0.05911007288391822,-0.05911007288391822,0.05911007288391822,0.05911007288391822,0.36309082816158406,24.166666666666668,2.256508708000183,worst_uncertainty_stratified_mhz
2606,300.0,4,0.05593304390646175,-0.05593304390646175,0.05593304390646175,0.05593304390646175,0.38214336802088966,22.326491489309785,2.022369662920634,worst_uncertainty_stratified_mhz
1611,300.0,4,0.04938349577421667,-0.04938349577421667,0.04938349577421667,0.04938349577421667,0.38370361602912184,0.0,3.9864023129145303,worst_uncertainty_stratified_mhz
3727,120.0,5,5.191182613636271,-5.191182613636271,5.191182613636271,5.191182613636271,27.22221344386999,23.47871376374779,12.486316601435343,worst_uncertainty_stratified_mhz
3300,150.0,5,0.9491004503004282,-0.9491004503004282,0.9491004503004282,0.9491004503004282,2.1902096795395667,0.0,4.171509226163228,worst_uncertainty_stratified_mhz
3651,150.0,5,0.8460903221503436,-0.8460903221503436,0.8460903221503436,0.8460903221503436,1.86688163763604,31.5,4.547709623972575,worst_uncertainty_stratified_mhz
4667,150.0,5,0.6269853866787383,-0.6269853866787383,0.6269853866787383,0.6269853866787383,0.6642347682024747,23.47871376374779,3.722453554471334,worst_uncertainty_stratified_mhz
3693,150.0,5,0.6223401053295181,-0.6223401053295181,0.6223401053295181,0.6223401053295181,0.9249845844089163,32.941446369109066,3.586041887601217,worst_uncertainty_stratified_mhz
3969,150.0,5,0.5463859824685329,-0.5463859824685329,0.5463859824685329,0.5463859824685329,0.8101618087652852,29.698484809834994,3.759668151537577,worst_uncertainty_stratified_mhz
4541,155.0,5,1.012672474272369,-1.012672474272369,1.012672474272369,1.012672474272369,1.8853302182276934,23.47871376374779,4.453534126281738,worst_uncertainty_stratified_mhz
3314,155.0,5,0.511350972829436,-0.511350972829436,0.511350972829436,0.511350972829436,0.6258819075404491,23.47871376374779,3.9545040925343833,worst_uncertainty_stratified_mhz
4479,155.0,5,0.380457274150145,-0.380457274150145,0.380457274150145,0.380457274150145,0.9422437336006766,23.47871376374779,3.1467515230178833,worst_uncertainty_stratified_mhz
4467,155.0,5,0.31899075799660664,-0.31899075799660664,0.31899075799660664,0.31899075799660664,0.4485931561460019,0.0,3.9825592835744223,worst_uncertainty_stratified_mhz
3591,155.0,5,0.2295766104104371,-0.2295766104104371,0.2295766104104371,0.2295766104104371,0.133490233340006,0.0,3.377361218134562,worst_uncertainty_stratified_mhz
3777,155.0,5,0.20190289056373217,-0.20190289056373217,0.20190289056373217,0.20190289056373217,0.44084964486504913,0.0,4.15459132194519,worst_uncertainty_stratified_mhz
4747,155.0,5,0.17203860635127613,-0.17203860635127613,0.17203860635127613,0.17203860635127613,0.06483705366331409,29.698484809834994,3.1383543411890664,worst_uncertainty_stratified_mhz
3366,155.0,5,0.1486071592828124,-0.1486071592828124,0.1486071592828124,0.1486071592828124,0.2453564480312167,29.698484809834994,3.5883437395095825,worst_uncertainty_stratified_mhz
3639,170.0,5,0.07364199592913878,-0.07364199592913878,0.07364199592913878,0.07364199592913878,0.08804304225269592,29.698484809834994,3.3587560256322226,worst_uncertainty_stratified_mhz
3437,170.0,5,0.06747744843133192,-0.06747744843133192,0.06747744843133192,0.06747744843133192,0.04722432416269207,0.0,3.792602856953939,worst_uncertainty_stratified_mhz
4757,170.0,5,0.05038759579582739,-0.05038759579582739,0.05038759579582739,0.05038759579582739,0.06960848608146207,29.698484809834994,3.6005632082621255,worst_uncertainty_stratified_mhz
3631,180.0,5,0.10966368893491031,-0.10966368893491031,0.10966368893491031,0.10966368893491031,0.08105309752611826,0.0,4.748529672622681,worst_uncertainty_stratified_mhz
4104,180.0,5,0.084198052798027,-0.084198052798027,0.084198052798027,0.084198052798027,0.10539323454749037,0.0,3.738203207651774,worst_uncertainty_stratified_mhz
3953,180.0,5,0.06599003321478879,-0.06599003321478879,0.06599003321478879,0.06599003321478879,0.019048367421621356,23.10603576749783,4.969617207845052,worst_uncertainty_stratified_mhz
3914,180.0,5,0.05878267322255031,-0.05878267322255031,0.05878267322255031,0.05878267322255031,0.15194744651194805,0.0,4.741019765535991,worst_uncertainty_stratified_mhz
3285,180.0,5,0.0563182014273627,-0.0563182014273627,0.0563182014273627,0.0563182014273627,0.030439649012249798,29.698484809834994,3.490832487742106,worst_uncertainty_stratified_mhz
4128,200.0,5,0.13982991802840636,-0.13982991802840636,0.13982991802840636,0.13982991802840636,0.14912305008500779,29.698484809834994,4.204397360483806,worst_uncertainty_stratified_mhz
4490,200.0,5,0.08216034420037611,-0.08216034420037611,0.08216034420037611,0.08216034420037611,0.14088947408601707,31.5,3.8127441008885703,worst_uncertainty_stratified_mhz
4608,200.0,5,0.07487035847860929,-0.07487035847860929,0.07487035847860929,0.07487035847860929,0.31759489221155307,32.941446369109066,3.313814719518026,worst_uncertainty_stratified_mhz
4708,200.0,5,0.07157822813295264,-0.07157822813295264,0.07157822813295264,0.07157822813295264,0.25585365766169665,0.0,5.072518030802409,worst_uncertainty_stratified_mhz
4230,200.0,5,0.07124261386141412,-0.07124261386141412,0.07124261386141412,0.07124261386141412,0.17020869967076002,23.47871376374779,4.108582695325215,worst_uncertainty_stratified_mhz
3965,200.0,5,0.07109528599367419,-0.07109528599367419,0.07109528599367419,0.07109528599367419,0.06892571110181539,23.47871376374779,4.150974710782369,worst_uncertainty_stratified_mhz
3546,200.0,5,0.0688350546868526,-0.0688350546868526,0.0688350546868526,0.0688350546868526,0.13345677053188215,37.489628195305194,3.941540519396464,worst_uncertainty_stratified_mhz
4322,200.0,5,0.06029238970564011,-0.06029238970564011,0.06029238970564011,0.06029238970564011,0.23493382806628915,0.0,5.336143255233765,worst_uncertainty_stratified_mhz
3264,230.0,5,0.1618861143597532,-0.1618861143597532,0.1618861143597532,0.1618861143597532,0.9664156331133363,22.0,3.0343383153279624,worst_uncertainty_stratified_mhz
3605,230.0,5,0.14033633267056264,-0.14033633267056264,0.14033633267056264,0.14033633267056264,0.09149998328677435,0.0,3.5422635873158774,worst_uncertainty_stratified_mhz
3714,230.0,5,0.12879023565485775,-0.12879023565485775,0.12879023565485775,0.12879023565485775,0.13672661466191333,0.0,4.550719102223714,worst_uncertainty_stratified_mhz
3408,230.0,5,0.1265927428763369,-0.1265927428763369,0.1265927428763369,0.1265927428763369,0.0821054880985091,32.941446369109066,3.0301028887430825,worst_uncertainty_stratified_mhz
3888,230.0,5,0.12368960570568813,-0.12368960570568813,0.12368960570568813,0.12368960570568813,0.11791094372346182,31.0,3.4955845276514688,worst_uncertainty_stratified_mhz
4080,230.0,5,0.11739016109316437,-0.11739016109316437,0.11739016109316437,0.11739016109316437,0.41709670619292977,29.698484809834994,3.978800098101298,worst_uncertainty_stratified_mhz
3229,230.0,5,0.11148993125684671,-0.11148993125684671,0.11148993125684671,0.11148993125684671,0.3179095571252648,23.47871376374779,3.886739810307821,worst_uncertainty_stratified_mhz
4002,230.0,5,0.10635305897172373,-0.10635305897172373,0.10635305897172373,0.10635305897172373,0.1605793875936696,29.227080289043965,3.331762711207072,worst_uncertainty_stratified_mhz
3884,250.0,5,0.12483184222658211,-0.12483184222658211,0.12483184222658211,0.12483184222658211,0.15219433888200562,0.0,3.9428449074427285,worst_uncertainty_stratified_mhz
4165,250.0,5,0.11194690077370696,-0.11194690077370696,0.11194690077370696,0.11194690077370696,0.08501863499575772,37.489628195305194,3.9452052116394043,worst_uncertainty_stratified_mhz
4387,250.0,5,0.09926538782139849,-0.09926538782139849,0.09926538782139849,0.09926538782139849,0.19884364816828615,29.227080289043965,3.7727351983388266,worst_uncertainty_stratified_mhz
3266,250.0,5,0.09917718668319248,-0.09917718668319248,0.09917718668319248,0.09917718668319248,0.14127339025518246,41.667999978667346,3.8541294733683267,worst_uncertainty_stratified_mhz
4791,250.0,5,0.08889908818332014,-0.08889908818332014,0.08889908818332014,0.08889908818332014,0.10296538610509742,0.0,4.071152448654175,worst_uncertainty_stratified_mhz
4484,250.0,5,0.08053880027359783,-0.08053880027359783,0.08053880027359783,0.08053880027359783,0.24733975047232568,0.0,3.7120338678359985,worst_uncertainty_stratified_mhz
4420,250.0,5,0.0752163418478873,-0.0752163418478873,0.0752163418478873,0.0752163418478873,0.05764510675570339,0.0,4.6425685087839765,worst_uncertainty_stratified_mhz
3327,250.0,5,0.07514305737618857,-0.07514305737618857,0.07514305737618857,0.07514305737618857,0.041597368694529756,23.10603576749783,3.6618237495422363,worst_uncertainty_stratified_mhz
4421,250.0,5,0.07277351038181527,-0.07277351038181527,0.07277351038181527,0.07277351038181527,0.13263163441241313,23.47871376374779,4.3506157000859575,worst_uncertainty_stratified_mhz
4051,250.0,5,0.07202693361955936,-0.07202693361955936,0.07202693361955936,0.07202693361955936,0.13413517577971687,23.10603576749783,3.4770485560099282,worst_uncertainty_stratified_mhz
3415,250.0,5,0.06604514239729581,-0.06604514239729581,0.06604514239729581,0.06604514239729581,0.24827777057486203,0.0,3.7414682308832803,worst_uncertainty_stratified_mhz
3899,265.0,5,0.4641660324946028,-0.4641660324946028,0.4641660324946028,0.4641660324946028,0.023226616966414645,37.62829904325851,9.725123564402262,worst_uncertainty_stratified_mhz
3521,265.0,5,0.4037890826644975,-0.4037890826644975,0.4037890826644975,0.4037890826644975,0.352757586779161,0.0,10.33321730295817,worst_uncertainty_stratified_mhz
4187,265.0,5,0.39718554637531517,-0.39718554637531517,0.39718554637531517,0.39718554637531517,1.2672159043928748,23.47871376374779,9.461225271224976,worst_uncertainty_stratified_mhz
4728,265.0,5,0.39617177900401435,-0.39617177900401435,0.39617177900401435,0.39617177900401435,0.13937690632501976,37.62829904325851,9.331315199534098,worst_uncertainty_stratified_mhz
3657,265.0,5,0.3800364654729585,-0.3800364654729585,0.3800364654729585,0.3800364654729585,0.24925796656548804,28.333333333333336,9.675622622172037,worst_uncertainty_stratified_mhz
3980,265.0,5,0.3758436695425536,-0.3758436695425536,0.3758436695425536,0.3758436695425536,0.08786548521271066,0.0,9.813308397928873,worst_uncertainty_stratified_mhz
3424,265.0,5,0.37516297451678665,-0.37516297451678665,0.37516297451678665,0.37516297451678665,0.34790553748755176,41.667999978667346,9.671463330586752,worst_uncertainty_stratified_mhz
3540,265.0,5,0.37435631307491857,-0.37435631307491857,0.37435631307491857,0.37435631307491857,0.40046941005233644,32.941446369109066,9.778213659922281,worst_uncertainty_stratified_mhz
4228,265.0,5,0.3541706930215774,-0.3541706930215774,0.3541706930215774,0.3541706930215774,0.27333130102298736,32.941446369109066,10.235780239105225,worst_uncertainty_stratified_mhz
3964,265.0,5,0.35006612933486786,-0.35006612933486786,0.35006612933486786,0.35006612933486786,0.0757295577694145,38.88765871070152,9.484431425730387,worst_uncertainty_stratified_mhz
4512,265.0,5,0.34856761717497103,-0.34856761717497103,0.34856761717497103,0.34856761717497103,0.11746938556666464,42.97059718251798,9.890690326690674,worst_uncertainty_stratified_mhz
4474,270.0,5,0.08865996635772079,-0.08865996635772079,0.08865996635772079,0.08865996635772079,0.5018792932225185,0.0,4.310360113779704,worst_uncertainty_stratified_mhz
4693,270.0,5,0.08638692280897296,-0.08638692280897296,0.08638692280897296,0.08638692280897296,0.6006750130784756,41.58558778123872,3.7544185320536294,worst_uncertainty_stratified_mhz
3431,270.0,5,0.0802270580169644,-0.0802270580169644,0.0802270580169644,0.0802270580169644,0.20230138865076222,0.0,3.8410450220108032,worst_uncertainty_stratified_mhz
4089,270.0,5,0.07225900107117217,-0.07225900107117217,0.07225900107117217,0.07225900107117217,0.1991674293309921,42.930175867331364,3.064078410466512,worst_uncertainty_stratified_mhz
3782,270.0,5,0.07118485086477658,-0.07118485086477658,0.07118485086477658,0.07118485086477658,0.08939988686608381,0.0,4.641234318415324,worst_uncertainty_stratified_mhz
4759,270.0,5,0.06854971363497775,-0.06854971363497775,0.06854971363497775,0.06854971363497775,0.19917812736374194,0.0,4.611783027648926,worst_uncertainty_stratified_mhz
3783,270.0,5,0.06638496024042768,-0.06638496024042768,0.06638496024042768,0.06638496024042768,0.09123932895909093,0.0,4.804400444030762,worst_uncertainty_stratified_mhz
3325,280.0,5,0.11214383598638364,-0.11214383598638364,0.11214383598638364,0.11214383598638364,0.0795476841792543,23.47871376374779,3.6630340417226157,worst_uncertainty_stratified_mhz
4281,280.0,5,0.10926702242259521,-0.10926702242259521,0.10926702242259521,0.10926702242259521,0.2770034471432991,41.667999978667346,4.0280611117680865,worst_uncertainty_stratified_mhz
4603,280.0,5,0.08491624123616412,-0.08491624123616412,0.08491624123616412,0.08491624123616412,0.2775818647408291,44.1955880150949,3.2772384881973267,worst_uncertainty_stratified_mhz
3361,280.0,5,0.08187052371314849,-0.08187052371314849,0.08187052371314849,0.08187052371314849,0.15593930823869093,37.489628195305194,3.4752777814865112,worst_uncertainty_stratified_mhz
3819,280.0,5,0.06601999885479967,-0.06601999885479967,0.06601999885479967,0.06601999885479967,0.04086599004778514,0.0,4.275712092717488,worst_uncertainty_stratified_mhz
4201,280.0,5,0.05898193023240817,-0.05898193023240817,0.05898193023240817,0.05898193023240817,0.1290216478344822,0.0,4.35853910446167,worst_uncertainty_stratified_mhz
4014,280.0,5,0.05052985351800521,-0.05052985351800521,0.05052985351800521,0.05052985351800521,0.14451668890554004,23.47871376374779,4.484895586967468,worst_uncertainty_stratified_mhz
4188,300.0,5,0.07981410163182638,-0.07981410163182638,0.07981410163182638,0.07981410163182638,0.3981987601652656,38.88765871070152,3.196448047955831,worst_uncertainty_stratified_mhz
3896,300.0,5,0.06753848501755282,-0.06753848501755282,0.06753848501755282,0.06753848501755282,0.3296529474507,40.17496456473581,3.2724562088648477,worst_uncertainty_stratified_mhz
4621,300.0,5,0.061673339569431024,-0.061673339569431024,0.061673339569431024,0.061673339569431024,0.08739112571337021,32.941446369109066,2.783789793650309,worst_uncertainty_stratified_mhz
4768,300.0,5,0.05168913578054906,-0.05168913578054906,0.05168913578054906,0.05168913578054906,0.17582695493823372,23.127665011602204,2.3223535219828286,worst_uncertainty_stratified_mhz
4663,300.0,5,0.04267788652544284,-0.04267788652544284,0.04267788652544284,0.04267788652544284,0.2512130587430129,0.0,4.767325321833293,worst_uncertainty_stratified_mhz
4447,300.0,5,0.04248853576507343,-0.04248853576507343,0.04248853576507343,0.04248853576507343,0.2776241144562053,0.0,3.9452841679255166,worst_uncertainty_stratified_mhz
5769,120.0,6,6.511267559836214,-6.511267559836214,6.511267559836214,6.511267559836214,24.62589246364757,0.0,10.943961222966513,worst_uncertainty_stratified_mhz
5547,150.0,6,1.6274715432259634,-1.6274715432259634,1.6274715432259634,1.6274715432259634,6.170204536569614,32.941446369109066,4.481837630271912,worst_uncertainty_stratified_mhz
5274,150.0,6,1.2349381286263472,-1.2349381286263472,1.2349381286263472,1.2349381286263472,3.324161894796862,29.698484809834994,5.398977478345235,worst_uncertainty_stratified_mhz
5021,150.0,6,1.1583323077990653,-1.1583323077990653,1.1583323077990653,1.1583323077990653,5.142514825742304,29.698484809834994,6.603955070177714,worst_uncertainty_stratified_mhz
5706,150.0,6,1.0598841121986373,-1.0598841121986373,1.0598841121986373,1.0598841121986373,3.7799145698458325,29.698484809834994,4.076699574788411,worst_uncertainty_stratified_mhz
5254,150.0,6,1.0048226790230226,-1.0048226790230226,1.0048226790230226,1.0048226790230226,2.395326855718971,31.5,4.483188112576802,worst_uncertainty_stratified_mhz
5336,155.0,6,1.3248558276184048,-1.3248558276184048,1.3248558276184048,1.3248558276184048,5.960321789355753,23.47871376374779,9.36814816792806,worst_uncertainty_stratified_mhz
5909,155.0,6,1.2394671136245068,-1.2394671136245068,1.2394671136245068,1.2394671136245068,3.989925833282365,0.0,5.611627419789632,worst_uncertainty_stratified_mhz
5385,155.0,6,1.044289785865692,-1.044289785865692,1.044289785865692,1.044289785865692,1.7296215231953935,23.47871376374779,3.7925519148508706,worst_uncertainty_stratified_mhz
5776,155.0,6,0.9570524169190874,-0.9570524169190874,0.9570524169190874,0.9570524169190874,1.6463252313135968,0.0,3.4163448810577393,worst_uncertainty_stratified_mhz
5934,155.0,6,0.9148614493988798,-0.9148614493988798,0.9148614493988798,0.9148614493988798,4.2634959929579415,44.1955880150949,5.540047486623128,worst_uncertainty_stratified_mhz
4949,155.0,6,0.8544228442262528,-0.8544228442262528,0.8544228442262528,0.8544228442262528,2.195271370956391,23.10603576749783,4.55605411529541,worst_uncertainty_stratified_mhz
6059,155.0,6,0.805331801753555,-0.805331801753555,0.805331801753555,0.805331801753555,3.219928036289439,31.0,5.6451230843861895,worst_uncertainty_stratified_mhz
5483,155.0,6,0.8002709887025163,-0.8002709887025163,0.8002709887025163,0.8002709887025163,3.845412548665493,29.698484809834994,6.011510968208313,worst_uncertainty_stratified_mhz
6102,170.0,6,0.2019094498805107,-0.2019094498805107,0.2019094498805107,0.2019094498805107,0.7621668389443322,29.698484809834994,2.6725322802861533,worst_uncertainty_stratified_mhz
6333,170.0,6,0.15188419118051394,-0.15188419118051394,0.15188419118051394,0.15188419118051394,0.24641291376890548,32.941446369109066,2.896347681681315,worst_uncertainty_stratified_mhz
6024,170.0,6,0.1348902341977512,-0.1348902341977512,0.1348902341977512,0.1348902341977512,0.05650658373737372,0.0,3.099081873893738,worst_uncertainty_stratified_mhz
5787,180.0,6,0.064761715569795,-0.064761715569795,0.064761715569795,0.064761715569795,0.06399388063483336,31.5,2.9702735344568887,worst_uncertainty_stratified_mhz
5954,180.0,6,0.06277655720399246,-0.06277655720399246,0.06277655720399246,0.06277655720399246,0.19307467317032787,23.47871376374779,3.5802164872487388,worst_uncertainty_stratified_mhz
5765,180.0,6,0.052809892217303395,-0.052809892217303395,0.052809892217303395,0.052809892217303395,0.030664188012255834,0.0,4.338059822718303,worst_uncertainty_stratified_mhz
5112,180.0,6,0.05079725744584963,-0.05079725744584963,0.05079725744584963,0.05079725744584963,0.056701047723772525,31.5,3.252281069755554,worst_uncertainty_stratified_mhz
5798,180.0,6,0.047995102835940696,-0.047995102835940696,0.047995102835940696,0.047995102835940696,0.13603606414160022,29.698484809834994,2.817581216494242,worst_uncertainty_stratified_mhz
5674,200.0,6,0.06992370806444845,-0.06992370806444845,0.06992370806444845,0.06992370806444845,0.03221591614978555,0.0,4.721960783004761,worst_uncertainty_stratified_mhz
6159,200.0,6,0.06655602569408485,-0.06655602569408485,0.06655602569408485,0.06655602569408485,0.12261623221725888,0.0,3.6758553981781006,worst_uncertainty_stratified_mhz
4952,200.0,6,0.06372858121979172,-0.06372858121979172,0.06372858121979172,0.06372858121979172,0.38890450972400004,0.0,6.040504217147827,worst_uncertainty_stratified_mhz
6303,200.0,6,0.05604883808314649,-0.05604883808314649,0.05604883808314649,0.05604883808314649,0.20453823552154263,0.0,4.874880154927571,worst_uncertainty_stratified_mhz
6371,200.0,6,0.05331257346316103,-0.05331257346316103,0.05331257346316103,0.05331257346316103,0.028739925393654494,23.47871376374779,3.457236568133036,worst_uncertainty_stratified_mhz
6347,200.0,6,0.05145851514821731,-0.05145851514821731,0.05145851514821731,0.05145851514821731,0.23228315948649778,0.0,5.110403458277385,worst_uncertainty_stratified_mhz
6181,200.0,6,0.05027353499927537,-0.05027353499927537,0.05027353499927537,0.05027353499927537,0.029798768819148336,23.47871376374779,4.113938570022583,worst_uncertainty_stratified_mhz
5399,200.0,6,0.04843905144064577,-0.04843905144064577,0.04843905144064577,0.04843905144064577,0.015758839946343528,0.0,3.7817169427871704,worst_uncertainty_stratified_mhz
5946,230.0,6,0.19563196212719475,-0.19563196212719475,0.19563196212719475,0.19563196212719475,0.6592317356527183,29.698484809834994,3.793901522954305,worst_uncertainty_stratified_mhz
6166,230.0,6,0.1316099809308816,-0.1316099809308816,0.1316099809308816,0.1316099809308816,0.7975385966990495,23.47871376374779,4.712145288785298,worst_uncertainty_stratified_mhz
6033,230.0,6,0.12523254396466668,-0.12523254396466668,0.12523254396466668,0.12523254396466668,0.3466368799823351,0.0,2.9890076716740928,worst_uncertainty_stratified_mhz
5258,230.0,6,0.12091130478016258,-0.12091130478016258,0.12091130478016258,0.12091130478016258,0.3845805960081776,37.6282990432585,3.3089128732681274,worst_uncertainty_stratified_mhz
5657,230.0,6,0.09258579428518805,-0.09258579428518805,0.09258579428518805,0.09258579428518805,0.5826121662069316,0.4714045207910317,4.00798503557841,worst_uncertainty_stratified_mhz
5477,230.0,6,0.09250310961902845,-0.09250310961902845,0.09250310961902845,0.09250310961902845,0.6274442631569868,0.0,6.2220997015635175,worst_uncertainty_stratified_mhz
5596,230.0,6,0.09129135348706119,-0.09129135348706119,0.09129135348706119,0.09129135348706119,0.4213817646793372,23.47871376374779,5.089509884516398,worst_uncertainty_stratified_mhz
5554,230.0,6,0.08912453853844379,-0.08912453853844379,0.08912453853844379,0.08912453853844379,0.522909597198855,31.5,4.048691908518474,worst_uncertainty_stratified_mhz
6129,250.0,6,0.12899628528020074,-0.12899628528020074,0.12899628528020074,0.12899628528020074,0.38151828392861215,7.080881928749334,3.6373102267583213,worst_uncertainty_stratified_mhz
5056,250.0,6,0.12103684140837677,-0.12103684140837677,0.12103684140837677,0.12103684140837677,0.09717724578501456,37.6282990432585,4.4979857206344604,worst_uncertainty_stratified_mhz
5100,250.0,6,0.10874057248282326,-0.10874057248282326,0.10874057248282326,0.10874057248282326,0.08159771006429947,31.0,3.859004775683085,worst_uncertainty_stratified_mhz
5509,250.0,6,0.10414263087118959,-0.10414263087118959,0.10414263087118959,0.10414263087118959,0.262646352117405,29.227080289043965,4.132430195808411,worst_uncertainty_stratified_mhz
5447,250.0,6,0.10354791860603935,-0.10354791860603935,0.10354791860603935,0.10354791860603935,0.14242073371950742,23.10603576749783,3.5059764782587686,worst_uncertainty_stratified_mhz
6109,250.0,6,0.10126253625719069,-0.10126253625719069,0.10126253625719069,0.10126253625719069,0.13016412503999042,23.10603576749783,4.102762500445048,worst_uncertainty_stratified_mhz
4992,250.0,6,0.09966503589713617,-0.09966503589713617,0.09966503589713617,0.09966503589713617,0.13657969860692118,41.667999978667346,2.760852257410685,worst_uncertainty_stratified_mhz
5803,250.0,6,0.09705530673825631,-0.09705530673825631,0.09705530673825631,0.09705530673825631,0.2800861324323907,0.0,4.176599105199178,worst_uncertainty_stratified_mhz
6399,250.0,6,0.09213317919848367,-0.09213317919848367,0.09213317919848367,0.09213317919848367,0.2547563215231021,23.47871376374779,3.4314252932866416,worst_uncertainty_stratified_mhz
6190,250.0,6,0.09145079201286731,-0.09145079201286731,0.09145079201286731,0.09145079201286731,0.09784067020211278,39.06582763604131,4.400853991508484,worst_uncertainty_stratified_mhz
5143,250.0,6,0.0877244056686596,-0.0877244056686596,0.0877244056686596,0.0877244056686596,0.32786136586828124,32.941446369109066,2.0888611674308777,worst_uncertainty_stratified_mhz
5333,265.0,6,0.6185152206315484,-0.6185152206315484,0.6185152206315484,0.6185152206315484,0.7545095160435014,28.25086036054674,9.929435888926188,worst_uncertainty_stratified_mhz
5120,265.0,6,0.59782384584757,-0.59782384584757,0.59782384584757,0.59782384584757,0.4109170335260741,41.667999978667346,9.43905242284139,worst_uncertainty_stratified_mhz
5685,265.0,6,0.45949465648131566,-0.45949465648131566,0.45949465648131566,0.45949465648131566,0.2238856374814683,29.227080289043965,10.099339008331299,worst_uncertainty_stratified_mhz
4827,265.0,6,0.4474704991795953,-0.4474704991795953,0.4474704991795953,0.4474704991795953,0.3795441398532502,35.772817116414586,10.16354242960612,worst_uncertainty_stratified_mhz
5827,265.0,6,0.41075782859283005,-0.41075782859283005,0.41075782859283005,0.41075782859283005,0.14579544034455064,28.333333333333336,9.67035992940267,worst_uncertainty_stratified_mhz
5337,265.0,6,0.3931311013608828,-0.3931311013608828,0.3931311013608828,0.3931311013608828,0.35876332513958503,41.667999978667346,9.644694964090982,worst_uncertainty_stratified_mhz
5710,265.0,6,0.36226863289697886,-0.36226863289697886,0.36226863289697886,0.36226863289697886,0.08509441163579368,0.0,6.842368841171265,worst_uncertainty_stratified_mhz
6185,265.0,6,0.33607114815429373,-0.33607114815429373,0.33607114815429373,0.33607114815429373,0.06945885679712976,0.0,9.090974648793539,worst_uncertainty_stratified_mhz
5568,265.0,6,0.32936692497708164,-0.32936692497708164,0.32936692497708164,0.32936692497708164,0.08501827556786641,31.0,9.426544189453125,worst_uncertainty_stratified_mhz
5236,265.0,6,0.32763256781420014,-0.32763256781420014,0.32763256781420014,0.32763256781420014,0.20660407696760152,41.667999978667346,9.944589455922445,worst_uncertainty_stratified_mhz
6151,265.0,6,0.3248808358188188,-0.3248808358188188,0.3248808358188188,0.3248808358188188,0.142285284727753,23.10603576749783,10.302340030670166,worst_uncertainty_stratified_mhz
5897,270.0,6,0.08396597008788191,-0.08396597008788191,0.08396597008788191,0.08396597008788191,0.4060557747144773,0.372677996249965,4.15909989674886,worst_uncertainty_stratified_mhz
5471,270.0,6,0.08228820638805676,-0.08228820638805676,0.08228820638805676,0.08228820638805676,0.47208743583606844,32.941446369109066,2.339226245880127,worst_uncertainty_stratified_mhz
4906,270.0,6,0.07956645994280534,-0.07956645994280534,0.07956645994280534,0.07956645994280534,0.11551370506899002,0.0,4.281504829724629,worst_uncertainty_stratified_mhz
6056,270.0,6,0.06722630521297575,-0.06722630521297575,0.06722630521297575,0.06722630521297575,0.21931178531706844,38.88765871070152,3.323216756184896,worst_uncertainty_stratified_mhz
5603,270.0,6,0.06361012861118567,-0.06361012861118567,0.06361012861118567,0.06361012861118567,0.05522956011310498,41.667999978667346,3.3829030990600586,worst_uncertainty_stratified_mhz
6280,270.0,6,0.06282377907709398,-0.06282377907709398,0.06282377907709398,0.06282377907709398,0.04476608218991234,23.47871376374779,4.5613218148549395,worst_uncertainty_stratified_mhz
5860,270.0,6,0.06089934096503382,-0.06089934096503382,0.06089934096503382,0.06089934096503382,0.0643180772297269,0.0,2.758466919263204,worst_uncertainty_stratified_mhz
5488,280.0,6,0.06797179033326338,-0.06797179033326338,0.06797179033326338,0.06797179033326338,0.07895078918214754,29.227080289043965,3.218589266141256,worst_uncertainty_stratified_mhz
5574,280.0,6,0.06646868638790447,-0.06646868638790447,0.06646868638790447,0.06646868638790447,0.523049882147436,32.941446369109066,3.9188310305277505,worst_uncertainty_stratified_mhz
5833,280.0,6,0.06371148180517996,-0.06371148180517996,0.06371148180517996,0.06371148180517996,0.5397059840635544,0.0,3.753150224685669,worst_uncertainty_stratified_mhz
5281,280.0,6,0.0606605638338874,-0.0606605638338874,0.0606605638338874,0.0606605638338874,0.2900347940547224,0.0,3.3899962107340493,worst_uncertainty_stratified_mhz
5880,280.0,6,0.05897757890118555,-0.05897757890118555,0.05897757890118555,0.05897757890118555,0.03872201208328205,23.10603576749783,3.4964017073313394,worst_uncertainty_stratified_mhz
5030,280.0,6,0.05675296118948747,-0.05675296118948747,0.05675296118948747,0.05675296118948747,0.4212329758831099,38.99180825649294,3.744654417037964,worst_uncertainty_stratified_mhz
5724,280.0,6,0.052795750083132524,-0.052795750083132524,0.052795750083132524,0.052795750083132524,0.3297846781763904,41.667999978667346,3.394147276878357,worst_uncertainty_stratified_mhz
5990,300.0,6,0.06716430949547979,-0.06716430949547979,0.06716430949547979,0.06716430949547979,0.11154422501752809,0.0,3.9325925509134927,worst_uncertainty_stratified_mhz
5715,300.0,6,0.054564268103055216,-0.054564268103055216,0.054564268103055216,0.054564268103055216,0.21175406267593644,23.10603576749783,3.5137128829956055,worst_uncertainty_stratified_mhz
5113,300.0,6,0.05212549177638719,-0.05212549177638719,0.05212549177638719,0.05212549177638719,0.1998242164606978,37.62829904325851,3.336280941963196,worst_uncertainty_stratified_mhz
5883,300.0,6,0.05160828831475451,-0.05160828831475451,0.05160828831475451,0.05160828831475451,0.30524376668554815,0.4714045207910317,2.742951194445292,worst_uncertainty_stratified_mhz
5148,300.0,6,0.0482594545245256,-0.0482594545245256,0.0482594545245256,0.0482594545245256,0.2603266414689441,22.326491489309785,2.300698220729828,worst_uncertainty_stratified_mhz
6293,300.0,6,0.04787234125883395,-0.04787234125883395,0.04787234125883395,0.04787234125883395,0.30544708749656496,38.88765871070152,3.1744741201400757,worst_uncertainty_stratified_mhz
7205,120.0,7,2.3528482612950854,-2.3528482612950854,2.3528482612950854,2.3528482612950854,10.857171381640732,23.47871376374779,10.235836823781332,worst_uncertainty_stratified_mhz
6689,150.0,7,2.1483438231934904,-2.1483438231934904,2.1483438231934904,2.1483438231934904,12.401503679555397,23.942639787625758,7.5561719338099165,worst_uncertainty_stratified_mhz
6736,150.0,7,2.0579405721592683,-2.0579405721592683,2.0579405721592683,2.0579405721592683,3.9588180453921304,42.97059718251798,3.946065902709961,worst_uncertainty_stratified_mhz
7667,150.0,7,1.669065488490025,-1.669065488490025,1.669065488490025,1.669065488490025,11.247854951364438,41.667999978667346,7.665955702463786,worst_uncertainty_stratified_mhz
6911,150.0,7,1.6371297740112236,-1.6371297740112236,1.6371297740112236,1.6371297740112236,5.229334974560036,29.698484809834994,9.838916937510172,worst_uncertainty_stratified_mhz
7411,150.0,7,1.417902604484463,-1.417902604484463,1.417902604484463,1.417902604484463,3.1785330000855017,32.941446369109066,3.4333388010660806,worst_uncertainty_stratified_mhz
7798,155.0,7,2.0746848105539017,-2.0746848105539017,2.0746848105539017,2.0746848105539017,5.574003675273116,23.47871376374779,5.564837535222371,worst_uncertainty_stratified_mhz
7885,155.0,7,1.4478997342726143,-1.4478997342726143,1.4478997342726143,1.4478997342726143,5.670425769245913,44.1955880150949,5.454039613405864,worst_uncertainty_stratified_mhz
7625,155.0,7,1.3928640113283544,-1.3928640113283544,1.3928640113283544,1.3928640113283544,8.07045419918442,23.47871376374779,8.509502410888672,worst_uncertainty_stratified_mhz
6717,155.0,7,1.1668417752221556,-1.1668417752221556,1.1668417752221556,1.1668417752221556,5.89949243363034,0.0,7.606172839800517,worst_uncertainty_stratified_mhz
7825,155.0,7,1.1666456200579418,-1.1666456200579418,1.1666456200579418,1.1666456200579418,7.603535850637179,41.667999978667346,6.577422420183818,worst_uncertainty_stratified_mhz
6807,155.0,7,1.1184137197455648,-1.1184137197455648,1.1184137197455648,1.1184137197455648,2.7546810849266197,0.0,5.274137457211812,worst_uncertainty_stratified_mhz
7152,155.0,7,1.071872027489588,-1.071872027489588,1.071872027489588,1.071872027489588,4.221636632315696,23.47871376374779,8.024752457936605,worst_uncertainty_stratified_mhz
7819,155.0,7,1.0548749826592454,-1.0548749826592454,1.0548749826592454,1.0548749826592454,8.330725312420023,0.0,10.435949325561523,worst_uncertainty_stratified_mhz
7274,170.0,7,1.4960426357300087,-1.4960426357300087,1.4960426357300087,1.4960426357300087,8.422769488426008,23.127665011602208,6.2409383455912275,worst_uncertainty_stratified_mhz
7212,170.0,7,1.115691176775839,-1.115691176775839,1.115691176775839,1.115691176775839,4.368699325004475,32.941446369109066,4.0453221797943115,worst_uncertainty_stratified_mhz
7080,170.0,7,0.9845281500409037,-0.9845281500409037,0.9845281500409037,0.9845281500409037,3.243976858945208,31.5,4.412474632263184,worst_uncertainty_stratified_mhz
6662,180.0,7,0.3285148413021795,-0.3285148413021795,0.3285148413021795,0.3285148413021795,0.6156310585230674,0.0,3.920112212498983,worst_uncertainty_stratified_mhz
6440,180.0,7,0.21835018249481794,-0.21835018249481794,0.21835018249481794,0.21835018249481794,0.5572181757610729,23.47871376374779,3.4224358399709067,worst_uncertainty_stratified_mhz
7794,180.0,7,0.21202643299491492,-0.21202643299491492,0.21202643299491492,0.21202643299491492,0.2153784128909406,0.0,3.9024932781855264,worst_uncertainty_stratified_mhz
7822,180.0,7,0.194335348037738,-0.194335348037738,0.194335348037738,0.194335348037738,0.1349918752925687,0.0,3.3144486347834268,worst_uncertainty_stratified_mhz
7912,180.0,7,0.18360505677311856,-0.18360505677311856,0.18360505677311856,0.18360505677311856,0.16987798011481758,0.0,2.793317119280497,worst_uncertainty_stratified_mhz
7980,200.0,7,0.08455617910582151,-0.08455617910582151,0.08455617910582151,0.08455617910582151,0.6293720047384505,0.0,5.316112597783406,worst_uncertainty_stratified_mhz
7973,200.0,7,0.0842796080680795,-0.0842796080680795,0.0842796080680795,0.0842796080680795,0.1804389337359377,23.47871376374779,3.8307793140411377,worst_uncertainty_stratified_mhz
7688,200.0,7,0.05836308125027948,-0.05836308125027948,0.05836308125027948,0.05836308125027948,0.12099734480380657,0.0,3.4195629358291626,worst_uncertainty_stratified_mhz
7476,200.0,7,0.05698268625617188,-0.05698268625617188,0.05698268625617188,0.05698268625617188,0.08486452527027193,0.0,3.911613941192627,worst_uncertainty_stratified_mhz
7369,200.0,7,0.05619155188247201,-0.05619155188247201,0.05619155188247201,0.05619155188247201,0.15120513626018647,0.0,2.945572098096212,worst_uncertainty_stratified_mhz
7565,200.0,7,0.055456194317193015,-0.055456194317193015,0.055456194317193015,0.055456194317193015,0.020785150206639475,0.0,2.3116650581359863,worst_uncertainty_stratified_mhz
7335,200.0,7,0.053291325106244854,-0.053291325106244854,0.053291325106244854,0.053291325106244854,0.02042503274394707,0.0,3.6654496590296426,worst_uncertainty_stratified_mhz
6627,200.0,7,0.04822870497393598,-0.04822870497393598,0.04822870497393598,0.04822870497393598,0.054355120138078895,29.698484809834994,2.8412089347839355,worst_uncertainty_stratified_mhz
7370,230.0,7,0.13653494206406722,-0.13653494206406722,0.13653494206406722,0.13653494206406722,0.3660259851447197,42.97059718251798,4.187326272328694,worst_uncertainty_stratified_mhz
7322,230.0,7,0.11903676604138626,-0.11903676604138626,0.11903676604138626,0.11903676604138626,0.25497200701902833,29.698484809834994,3.4865732987721763,worst_uncertainty_stratified_mhz
7589,230.0,7,0.10265368580960323,-0.10265368580960323,0.10265368580960323,0.10265368580960323,0.3431072615497976,29.698484809834994,4.504463632901509,worst_uncertainty_stratified_mhz
7246,230.0,7,0.09193765175327054,-0.09193765175327054,0.09193765175327054,0.09193765175327054,0.1982926367874032,0.0,3.054524620374044,worst_uncertainty_stratified_mhz
7890,230.0,7,0.08875746706983426,-0.08875746706983426,0.08875746706983426,0.08875746706983426,0.5741319580677179,29.582746473052307,4.789541999499003,worst_uncertainty_stratified_mhz
7494,230.0,7,0.08135558974857396,-0.08135558974857396,0.08135558974857396,0.08135558974857396,0.45101432353705206,41.667999978667346,3.050016760826111,worst_uncertainty_stratified_mhz
6987,230.0,7,0.06902526036790255,-0.06902526036790255,0.06902526036790255,0.06902526036790255,0.4031782845079637,38.88765871070152,4.5705262422561646,worst_uncertainty_stratified_mhz
7801,230.0,7,0.06306211205636117,-0.06306211205636117,0.06306211205636117,0.06306211205636117,0.06787837353481842,31.0,3.842126448949178,worst_uncertainty_stratified_mhz
7921,250.0,7,0.13778551416147417,-0.13778551416147417,0.13778551416147417,0.13778551416147417,0.16972928796725106,0.0,4.315185825030009,worst_uncertainty_stratified_mhz
7054,250.0,7,0.11821036208350463,-0.11821036208350463,0.11821036208350463,0.11821036208350463,0.5500590399114537,23.47871376374779,3.019768993059794,worst_uncertainty_stratified_mhz
7366,250.0,7,0.1065883616607149,-0.1065883616607149,0.1065883616607149,0.1065883616607149,0.07227479852020559,41.667999978667346,4.1434928973515825,worst_uncertainty_stratified_mhz
6675,250.0,7,0.10255539045373983,-0.10255539045373983,0.10255539045373983,0.10255539045373983,0.06041537542102383,0.0,2.1492273012797036,worst_uncertainty_stratified_mhz
6739,250.0,7,0.0922765910838905,-0.0922765910838905,0.0922765910838905,0.0922765910838905,0.42858119929728705,0.0,3.7539995114008584,worst_uncertainty_stratified_mhz
7438,250.0,7,0.08738815317371289,-0.08738815317371289,0.08738815317371289,0.08738815317371289,0.025344673113933267,29.227080289043965,3.8331931432088218,worst_uncertainty_stratified_mhz
7653,250.0,7,0.08599440294939134,-0.08599440294939134,0.08599440294939134,0.08599440294939134,0.037113518165079365,0.0,3.144579807917277,worst_uncertainty_stratified_mhz
6604,250.0,7,0.08546032378264291,-0.08546032378264291,0.08546032378264291,0.08546032378264291,0.28534755423903213,0.0,4.338195602099101,worst_uncertainty_stratified_mhz
6794,250.0,7,0.08154988548199399,-0.08154988548199399,0.08154988548199399,0.08154988548199399,0.17871713388187835,23.47871376374779,4.035080631573995,worst_uncertainty_stratified_mhz
7646,250.0,7,0.08073685069194671,-0.08073685069194671,0.08073685069194671,0.08073685069194671,0.07729888894588062,0.0,2.647786498069763,worst_uncertainty_stratified_mhz
7495,250.0,7,0.07800797864783984,-0.07800797864783984,0.07800797864783984,0.07800797864783984,0.15913537697661517,29.698484809834994,5.049811204274495,worst_uncertainty_stratified_mhz
6667,265.0,7,0.7287654002363231,-0.7287654002363231,0.7287654002363231,0.7287654002363231,0.04899767085316853,0.0,10.359495162963867,worst_uncertainty_stratified_mhz
6550,265.0,7,0.6616241477631609,-0.6616241477631609,0.6616241477631609,0.6616241477631609,0.04541521760125356,0.0,10.297630627950033,worst_uncertainty_stratified_mhz
7942,265.0,7,0.5732775359708858,-0.5732775359708858,0.5732775359708858,0.5732775359708858,0.6937641756033676,29.698484809834994,9.560440063476562,worst_uncertainty_stratified_mhz
6805,265.0,7,0.5331385687750719,-0.5331385687750719,0.5331385687750719,0.5331385687750719,0.470768216112194,32.941446369109066,8.513712088267008,worst_uncertainty_stratified_mhz
7262,265.0,7,0.5279394092295923,-0.5279394092295923,0.5279394092295923,0.5279394092295923,0.4043252579570738,37.62829904325851,9.764900207519531,worst_uncertainty_stratified_mhz
7519,265.0,7,0.4917945679262864,-0.4917945679262864,0.4917945679262864,0.4917945679262864,0.10870811702281773,0.0,10.381278355916342,worst_uncertainty_stratified_mhz
7352,265.0,7,0.45939646985530413,-0.45939646985530413,0.45939646985530413,0.45939646985530413,0.6394110158993208,16.397831834998456,8.490928729375204,worst_uncertainty_stratified_mhz
7473,265.0,7,0.44752867005965935,-0.44752867005965935,0.44752867005965935,0.44752867005965935,0.23385262053956365,29.229456223322238,10.284574667612711,worst_uncertainty_stratified_mhz
7876,265.0,7,0.4218471454831433,-0.4218471454831433,0.4218471454831433,0.4218471454831433,0.21992838961193054,37.489628195305194,8.259673992792765,worst_uncertainty_stratified_mhz
6676,265.0,7,0.40985843301094355,-0.40985843301094355,0.40985843301094355,0.40985843301094355,0.19168345627160002,23.106035767497826,9.841017246246338,worst_uncertainty_stratified_mhz
6749,265.0,7,0.39207091371387226,-0.39207091371387226,0.39207091371387226,0.39207091371387226,0.10875513827040902,23.47871376374779,8.3568487962087,worst_uncertainty_stratified_mhz
7813,270.0,7,0.138973482904726,-0.138973482904726,0.138973482904726,0.138973482904726,0.03966706578957099,29.698484809834994,4.493136723836263,worst_uncertainty_stratified_mhz
7121,270.0,7,0.10473633279425512,-0.10473633279425512,0.10473633279425512,0.10473633279425512,0.5884614934598823,39.06582763604131,2.4852168957392373,worst_uncertainty_stratified_mhz
7232,270.0,7,0.0853151187794365,-0.0853151187794365,0.0853151187794365,0.0853151187794365,0.313254233002594,0.0,3.041370908419291,worst_uncertainty_stratified_mhz
6566,270.0,7,0.08333808559413687,-0.08333808559413687,0.08333808559413687,0.08333808559413687,0.40374113563227665,32.941446369109066,4.110777656237285,worst_uncertainty_stratified_mhz
7962,270.0,7,0.07615475041346488,-0.07615475041346488,0.07615475041346488,0.07615475041346488,0.5369023284468363,0.0,4.908949454625447,worst_uncertainty_stratified_mhz
6981,270.0,7,0.07535015202827719,-0.07535015202827719,0.07535015202827719,0.07535015202827719,0.07826157716656705,32.941446369109066,4.185683012008667,worst_uncertainty_stratified_mhz
7219,270.0,7,0.06671436436669119,-0.06671436436669119,0.06671436436669119,0.06671436436669119,0.057327819058244245,0.0,4.157407879829407,worst_uncertainty_stratified_mhz
7500,280.0,7,0.07381810229595849,-0.07381810229595849,0.07381810229595849,0.07381810229595849,0.3519299159801032,29.698484809834994,3.170165777206421,worst_uncertainty_stratified_mhz
6410,280.0,7,0.07289064903335496,-0.07289064903335496,0.07289064903335496,0.07289064903335496,0.09575565510055462,32.941446369109066,4.279992659886678,worst_uncertainty_stratified_mhz
7095,280.0,7,0.06918981991677148,-0.06918981991677148,0.06918981991677148,0.06918981991677148,0.31469170890853465,41.667999978667346,2.410066783428192,worst_uncertainty_stratified_mhz
7155,280.0,7,0.06774232026311926,-0.06774232026311926,0.06774232026311926,0.06774232026311926,0.1254494494700301,0.0,4.596297025680542,worst_uncertainty_stratified_mhz
7137,280.0,7,0.06470927233247604,-0.06470927233247604,0.06470927233247604,0.06470927233247604,0.06786896680526251,37.62829904325851,3.5124550263086953,worst_uncertainty_stratified_mhz
6886,280.0,7,0.05783250699136493,-0.05783250699136493,0.05783250699136493,0.05783250699136493,0.37555816111784507,41.667999978667346,4.466919740041097,worst_uncertainty_stratified_mhz
6888,280.0,7,0.05195450071693463,-0.05195450071693463,0.05195450071693463,0.05195450071693463,0.16830965555004065,32.941446369109066,2.2077284256617227,worst_uncertainty_stratified_mhz
6772,300.0,7,0.08217229139603469,-0.08217229139603469,0.08217229139603469,0.08217229139603469,0.6873807519870149,23.47871376374779,3.620663603146871,worst_uncertainty_stratified_mhz
6907,300.0,7,0.07887509317097252,-0.07887509317097252,0.07887509317097252,0.07887509317097252,0.09449135882796451,32.941446369109066,3.339675029118856,worst_uncertainty_stratified_mhz
6447,300.0,7,0.06721777586655962,-0.06721777586655962,0.06721777586655962,0.06721777586655962,0.6130372659027898,0.372677996249965,3.5783607959747314,worst_uncertainty_stratified_mhz
7914,300.0,7,0.05228554782544651,-0.05228554782544651,0.05228554782544651,0.05228554782544651,0.08233106339705247,23.106035767497826,3.7488953272501626,worst_uncertainty_stratified_mhz
7222,300.0,7,0.049082981390743054,-0.049082981390743054,0.049082981390743054,0.049082981390743054,0.1675640228166044,32.89039035611736,3.38619593779246,worst_uncertainty_stratified_mhz
7785,300.0,7,0.04753137075957104,-0.04753137075957104,0.04753137075957104,0.04753137075957104,0.22354952470834158,28.333333333333336,4.0561288595199585,worst_uncertainty_stratified_mhz
9293,120.0,8,1.072233774362235,-1.072233774362235,1.072233774362235,1.072233774362235,3.1169933496949263,23.10603576749783,8.788256724675497,worst_uncertainty_stratified_mhz
8927,150.0,8,3.4522132283775315,-3.4522132283775315,3.4522132283775315,3.4522132283775315,6.7241365035614855,39.06582763604131,5.9221564928690595,worst_uncertainty_stratified_mhz
9444,150.0,8,3.0161824138800037,-3.0161824138800037,3.0161824138800037,3.0161824138800037,8.626285171651459,39.06582763604131,4.968380252520244,worst_uncertainty_stratified_mhz
8722,150.0,8,2.4432311345782254,-2.4432311345782254,2.4432311345782254,2.4432311345782254,10.21494668647638,23.407026485414352,9.871725161870321,worst_uncertainty_stratified_mhz
9122,150.0,8,2.258672456410982,-2.258672456410982,2.258672456410982,2.258672456410982,14.117300727784114,0.37267799624996495,12.879452387491861,worst_uncertainty_stratified_mhz
9018,150.0,8,1.391160944946323,-1.391160944946323,1.391160944946323,1.391160944946323,5.451303698968029,7.080881928749334,10.93982219696045,worst_uncertainty_stratified_mhz
9478,155.0,8,4.277380781972694,-4.277380781972694,4.277380781972694,4.277380781972694,23.096372379084382,23.47871376374779,11.734252254168192,worst_uncertainty_stratified_mhz
8708,155.0,8,2.1296270248842215,-2.1296270248842215,2.1296270248842215,2.1296270248842215,9.604297740582657,42.930175867331364,7.122807264328003,worst_uncertainty_stratified_mhz
9510,155.0,8,1.5618665462082497,-1.5618665462082497,1.5618665462082497,1.5618665462082497,5.760301985366046,23.47871376374779,7.410632848739624,worst_uncertainty_stratified_mhz
9438,155.0,8,1.5397970182893383,-1.5397970182893383,1.5397970182893383,1.5397970182893383,7.017084845997488,0.0,10.793524742126465,worst_uncertainty_stratified_mhz
8444,155.0,8,1.4783598706278007,-1.4783598706278007,1.4783598706278007,1.4783598706278007,8.39325954895071,0.0,12.529441356658936,worst_uncertainty_stratified_mhz
8254,155.0,8,1.476219145748108,-1.476219145748108,1.476219145748108,1.476219145748108,9.60495506815745,0.0,12.577624162038168,worst_uncertainty_stratified_mhz
9241,155.0,8,1.4064042625571418,-1.4064042625571418,1.4064042625571418,1.4064042625571418,3.210359209695912,23.47871376374779,5.127381523450215,worst_uncertainty_stratified_mhz
9405,155.0,8,1.3023082984965433,-1.3023082984965433,1.3023082984965433,1.3023082984965433,5.395902115361873,32.941446369109066,7.553051590919495,worst_uncertainty_stratified_mhz
9538,170.0,8,2.9910950308894098,-2.9910950308894098,2.9910950308894098,2.9910950308894098,11.436000724786929,29.698484809834994,8.063798586527506,worst_uncertainty_stratified_mhz
8056,170.0,8,1.782123328226356,-1.782123328226356,1.782123328226356,1.782123328226356,5.443523858997722,28.269044711289574,6.486669182777405,worst_uncertainty_stratified_mhz
9031,170.0,8,1.7378661917821427,-1.7378661917821427,1.7378661917821427,1.7378661917821427,6.498531531300951,23.47871376374779,7.067984223365784,worst_uncertainty_stratified_mhz
9537,180.0,8,1.9033688153924302,-1.9033688153924302,1.9033688153924302,1.9033688153924302,4.877372866230583,37.62829904325851,4.935228228569031,worst_uncertainty_stratified_mhz
8014,180.0,8,1.0320203091204652,-1.0320203091204652,1.0320203091204652,1.0320203091204652,1.8420206891069535,0.0,6.115582625071208,worst_uncertainty_stratified_mhz
8490,180.0,8,0.9390086012918653,-0.9390086012918653,0.9390086012918653,0.9390086012918653,2.7702720137441226,37.40060902653265,5.315587600072225,worst_uncertainty_stratified_mhz
8372,180.0,8,0.8063331300298476,-0.8063331300298476,0.8063331300298476,0.8063331300298476,4.911492863765787,40.84557639587316,5.312195420265198,worst_uncertainty_stratified_mhz
9206,180.0,8,0.7965921535530569,-0.7965921535530569,0.7965921535530569,0.7965921535530569,2.3692132332131783,23.47871376374779,4.499441981315613,worst_uncertainty_stratified_mhz
8573,200.0,8,0.17205191188569496,-0.17205191188569496,0.17205191188569496,0.17205191188569496,0.3773418438512534,29.698484809834994,3.4909845987955728,worst_uncertainty_stratified_mhz
8739,200.0,8,0.14723332638127662,-0.14723332638127662,0.14723332638127662,0.14723332638127662,0.38900479793314463,16.39783183499846,2.9882748126983643,worst_uncertainty_stratified_mhz
8048,200.0,8,0.14348031181259585,-0.14348031181259585,0.14348031181259585,0.14348031181259585,0.1909572056939813,28.333333333333336,2.53739333152771,worst_uncertainty_stratified_mhz
9217,200.0,8,0.11122724221082889,-0.11122724221082889,0.11122724221082889,0.11122724221082889,0.2925420506847524,29.698484809834994,3.534764568010966,worst_uncertainty_stratified_mhz
8734,200.0,8,0.10622777087512748,-0.10622777087512748,0.10622777087512748,0.10622777087512748,0.06641353641535691,44.1955880150949,3.0800718466440835,worst_uncertainty_stratified_mhz
8031,200.0,8,0.09444468916153936,-0.09444468916153936,0.09444468916153936,0.09444468916153936,0.14898526037871643,0.0,4.228371659914653,worst_uncertainty_stratified_mhz
9063,200.0,8,0.08692619699581815,-0.08692619699581815,0.08692619699581815,0.08692619699581815,0.06636054594902419,0.0,3.8616057634353638,worst_uncertainty_stratified_mhz
8261,200.0,8,0.0867018897636242,-0.0867018897636242,0.0867018897636242,0.0867018897636242,0.05394295946642874,0.0,3.5615985790888467,worst_uncertainty_stratified_mhz
9323,230.0,8,0.1728950177697003,-0.1728950177697003,0.1728950177697003,0.1728950177697003,0.2870968871378905,23.10603576749783,3.3108076651891074,worst_uncertainty_stratified_mhz
8678,230.0,8,0.12672617439952694,-0.12672617439952694,0.12672617439952694,0.12672617439952694,0.3820887152393324,31.5,4.10127838452657,worst_uncertainty_stratified_mhz
8608,230.0,8,0.1201842005861297,-0.1201842005861297,0.1201842005861297,0.1201842005861297,0.14773443171428685,0.0,4.242547472318013,worst_uncertainty_stratified_mhz
8360,230.0,8,0.11591488789003185,-0.11591488789003185,0.11591488789003185,0.11591488789003185,0.3081826995223654,37.489628195305194,2.676093856493632,worst_uncertainty_stratified_mhz
8042,230.0,8,0.11378860864449887,-0.11378860864449887,0.11378860864449887,0.11378860864449887,0.11760939147102868,7.080881928749334,3.61363951365153,worst_uncertainty_stratified_mhz
8161,230.0,8,0.09518552143634125,-0.09518552143634125,0.09518552143634125,0.09518552143634125,0.11802924654764822,23.47871376374779,3.4818697373072305,worst_uncertainty_stratified_mhz
8115,230.0,8,0.08820145216283747,-0.08820145216283747,0.08820145216283747,0.08820145216283747,0.29672361584982176,0.0,4.846267779668172,worst_uncertainty_stratified_mhz
8306,230.0,8,0.07300307634771258,-0.07300307634771258,0.07300307634771258,0.07300307634771258,0.17089190811592267,29.698484809834994,2.9664762814839682,worst_uncertainty_stratified_mhz
8590,250.0,8,0.19308282253599293,-0.19308282253599293,0.19308282253599293,0.19308282253599293,0.7196186430695776,32.941446369109066,3.0544460813204446,worst_uncertainty_stratified_mhz
8617,250.0,8,0.14415137950340343,-0.14415137950340343,0.14415137950340343,0.14415137950340343,0.193169080722435,0.0,4.941510279973348,worst_uncertainty_stratified_mhz
9318,250.0,8,0.12490507418655057,-0.12490507418655057,0.12490507418655057,0.12490507418655057,0.12585531514323142,32.941446369109066,3.186363935470581,worst_uncertainty_stratified_mhz
8745,250.0,8,0.12140208571180768,-0.12140208571180768,0.12140208571180768,0.12140208571180768,0.07446158956790168,32.941446369109066,3.4000835021336875,worst_uncertainty_stratified_mhz
8850,250.0,8,0.1192141394461124,-0.1192141394461124,0.1192141394461124,0.1192141394461124,0.7973148839566195,29.698484809834994,2.972030679384867,worst_uncertainty_stratified_mhz
8650,250.0,8,0.10125417964069648,-0.10125417964069648,0.10125417964069648,0.10125417964069648,0.1385453390017359,23.47871376374779,3.7979461352030435,worst_uncertainty_stratified_mhz
8731,250.0,8,0.0997945571878275,-0.0997945571878275,0.0997945571878275,0.0997945571878275,0.5363146216926806,29.698484809834994,4.7030870119730634,worst_uncertainty_stratified_mhz
8271,250.0,8,0.09901279050743209,-0.09901279050743209,0.09901279050743209,0.09901279050743209,0.6396187155003127,16.397831834998456,3.720343907674154,worst_uncertainty_stratified_mhz
8934,250.0,8,0.09324263821933967,-0.09324263821933967,0.09324263821933967,0.09324263821933967,0.35761797433898185,31.0,3.032603661219279,worst_uncertainty_stratified_mhz
8568,250.0,8,0.08601552965487488,-0.08601552965487488,0.08601552965487488,0.08601552965487488,0.19732423414236974,42.97059718251798,3.147122343381246,worst_uncertainty_stratified_mhz
8240,250.0,8,0.08412563791490363,-0.08412563791490363,0.08412563791490363,0.08412563791490363,0.47987597887003614,29.227080289043965,2.7899123430252075,worst_uncertainty_stratified_mhz
9312,265.0,8,0.7911548298064001,-0.7911548298064001,0.7911548298064001,0.7911548298064001,0.1873336664871709,23.10603576749783,9.43647543589274,worst_uncertainty_stratified_mhz
9166,265.0,8,0.7246647757366272,-0.7246647757366272,0.7246647757366272,0.7246647757366272,0.6158639108291482,29.698484809834994,10.052484035491943,worst_uncertainty_stratified_mhz
8355,265.0,8,0.5616205392053792,-0.5616205392053792,0.5616205392053792,0.5616205392053792,0.05959887152423309,41.667999978667346,8.147515932718912,worst_uncertainty_stratified_mhz
8448,265.0,8,0.4876825989495354,-0.4876825989495354,0.4876825989495354,0.4876825989495354,0.2032438680272561,29.227080289043965,10.007408936818441,worst_uncertainty_stratified_mhz
9513,265.0,8,0.48593154336457645,-0.48593154336457645,0.48593154336457645,0.48593154336457645,0.0702987989795487,38.991808256492945,8.257794300715128,worst_uncertainty_stratified_mhz
8127,265.0,8,0.45647980573007224,-0.45647980573007224,0.45647980573007224,0.45647980573007224,0.3587623978900309,0.0,9.455539385477701,worst_uncertainty_stratified_mhz
9120,265.0,8,0.44689857972591335,-0.44689857972591335,0.44689857972591335,0.44689857972591335,1.923687454036326,29.698484809834994,8.004965782165527,worst_uncertainty_stratified_mhz
8402,265.0,8,0.44044362203623166,-0.44044362203623166,0.44044362203623166,0.44044362203623166,2.060810220717763,42.930175867331364,9.053849856058756,worst_uncertainty_stratified_mhz
8543,265.0,8,0.3815596832598382,-0.3815596832598382,0.3815596832598382,0.3815596832598382,0.2233838373170632,32.941446369109066,10.523014068603516,worst_uncertainty_stratified_mhz
8536,265.0,8,0.3701311579063431,-0.3701311579063431,0.3701311579063431,0.3701311579063431,0.038882040096243346,32.941446369109066,8.434563795725504,worst_uncertainty_stratified_mhz
9565,265.0,8,0.3294453267721748,-0.3294453267721748,0.3294453267721748,0.3294453267721748,0.09619245052810281,32.941446369109066,9.670897006988525,worst_uncertainty_stratified_mhz
9050,270.0,8,0.16076563306999866,-0.16076563306999866,0.16076563306999866,0.16076563306999866,0.8613051355941491,41.667999978667346,3.013627370198568,worst_uncertainty_stratified_mhz
8520,270.0,8,0.15422819166595036,-0.15422819166595036,0.15422819166595036,0.15422819166595036,0.6712294710351266,23.127665011602208,4.351096312204997,worst_uncertainty_stratified_mhz
8904,270.0,8,0.10055006116469874,-0.10055006116469874,0.10055006116469874,0.10055006116469874,0.12154857026012028,30.072597345608695,3.4831350247065225,worst_uncertainty_stratified_mhz
8228,270.0,8,0.08809480392827825,-0.08809480392827825,0.08809480392827825,0.08809480392827825,0.20310609151561546,0.0,4.978828112284343,worst_uncertainty_stratified_mhz
9046,270.0,8,0.08019196753075844,-0.08019196753075844,0.08019196753075844,0.08019196753075844,0.20186484344194847,0.0,3.575808525085449,worst_uncertainty_stratified_mhz
8083,270.0,8,0.07217805526325348,-0.07217805526325348,0.07217805526325348,0.07217805526325348,0.32770014882340903,32.941446369109066,2.6918830076853433,worst_uncertainty_stratified_mhz
8392,270.0,8,0.07149974366284546,-0.07149974366284546,0.07149974366284546,0.07149974366284546,0.1103002634377314,37.62829904325851,4.046667814254761,worst_uncertainty_stratified_mhz
8715,280.0,8,0.0980394577951301,-0.0980394577951301,0.0980394577951301,0.0980394577951301,0.0041242953032754786,29.227080289043965,3.947150707244873,worst_uncertainty_stratified_mhz
9303,280.0,8,0.09362312341720512,-0.09362312341720512,0.09362312341720512,0.09362312341720512,0.5654059595211104,0.4714045207910317,3.176749587059021,worst_uncertainty_stratified_mhz
8521,280.0,8,0.0665707499497163,-0.0665707499497163,0.0665707499497163,0.0665707499497163,0.19488379793175958,0.0,4.946222861607869,worst_uncertainty_stratified_mhz
8486,280.0,8,0.06087319647502324,-0.06087319647502324,0.06087319647502324,0.06087319647502324,0.35937775785523246,32.941446369109066,4.297821760177612,worst_uncertainty_stratified_mhz
9375,280.0,8,0.05986684906983811,-0.05986684906983811,0.05986684906983811,0.05986684906983811,0.09269034520874996,0.0,3.234594782193502,worst_uncertainty_stratified_mhz
8644,280.0,8,0.053585242361338374,-0.053585242361338374,0.053585242361338374,0.053585242361338374,0.2593632845717985,0.0,4.8587197462717695,worst_uncertainty_stratified_mhz
8698,280.0,8,0.05247747335029441,-0.05247747335029441,0.05247747335029441,0.05247747335029441,0.1818372911312104,35.839146815241634,3.6361358960469565,worst_uncertainty_stratified_mhz
9414,300.0,8,0.18197989209275478,-0.18197989209275478,0.18197989209275478,0.18197989209275478,0.666373807619411,32.941446369109066,3.3642305533091226,worst_uncertainty_stratified_mhz
9304,300.0,8,0.07887538370521403,-0.07887538370521403,0.07887538370521403,0.07887538370521403,0.3871022067665169,0.0,4.389856735865275,worst_uncertainty_stratified_mhz
8837,300.0,8,0.06851257475948211,-0.06851257475948211,0.06851257475948211,0.06851257475948211,0.25552337891624194,0.0,2.308065891265869,worst_uncertainty_stratified_mhz
8906,300.0,8,0.06786900287247533,-0.06786900287247533,0.06786900287247533,0.06786900287247533,0.10654038874735111,23.47871376374779,2.762924631436666,worst_uncertainty_stratified_mhz
8493,300.0,8,0.05793393226172017,-0.05793393226172017,0.05793393226172017,0.05793393226172017,0.1342233678000642,32.941446369109066,4.187926967938741,worst_uncertainty_stratified_mhz
8609,300.0,8,0.053737869719038954,-0.053737869719038954,0.053737869719038954,0.053737869719038954,0.06445748298812583,0.0,3.120371182759603,worst_uncertainty_stratified_mhz
9853,120.0,9,0.6078080707091597,-0.6078080707091597,0.6078080707091597,0.6078080707091597,1.670867745711323,0.0,9.74835697809855,worst_uncertainty_stratified_mhz
10335,150.0,9,2.0970256531685028,-2.0970256531685028,2.0970256531685028,2.0970256531685028,11.56492087342115,0.0,10.824113885561625,worst_uncertainty_stratified_mhz
10682,150.0,9,1.3625784698775674,-1.3625784698775674,1.3625784698775674,1.3625784698775674,6.0647507693989455,0.0,10.974421977996826,worst_uncertainty_stratified_mhz
10292,150.0,9,1.300566554321962,-1.300566554321962,1.300566554321962,1.300566554321962,6.478442355275547,0.0,10.491589546203613,worst_uncertainty_stratified_mhz
10727,150.0,9,0.8193714977278612,-0.8193714977278612,0.8193714977278612,0.8193714977278612,3.8139797880736714,0.0,9.960845708847046,worst_uncertainty_stratified_mhz
10434,150.0,9,0.723044723288425,-0.723044723288425,0.723044723288425,0.723044723288425,3.628329318319326,0.0,14.93793773651123,worst_uncertainty_stratified_mhz
9684,155.0,9,2.8433268720843543,-2.8433268720843543,2.8433268720843543,2.8433268720843543,17.831898827648324,0.372677996249965,16.54908021291097,worst_uncertainty_stratified_mhz
10422,155.0,9,1.6923545449951367,-1.6923545449951367,1.6923545449951367,1.6923545449951367,6.28570279569049,23.10603576749783,11.025829156239828,worst_uncertainty_stratified_mhz
9822,155.0,9,1.5209989502587462,-1.5209989502587462,1.5209989502587462,1.5209989502587462,8.427215576608862,0.0,12.25717274347941,worst_uncertainty_stratified_mhz
10463,155.0,9,1.3462736586631516,-1.3462736586631516,1.3462736586631516,1.3462736586631516,7.668439281812709,0.0,8.052606344223022,worst_uncertainty_stratified_mhz
11122,155.0,9,1.2273254275195518,-1.2273254275195518,1.2273254275195518,1.2273254275195518,7.982659329068963,0.37267799624996495,14.23482354482015,worst_uncertainty_stratified_mhz
9981,155.0,9,1.2035490620973919,-1.2035490620973919,1.2035490620973919,1.2035490620973919,7.743564010094335,0.372677996249965,11.965157667795816,worst_uncertainty_stratified_mhz
9923,155.0,9,1.186705498625743,-1.186705498625743,1.186705498625743,1.186705498625743,4.326582611471754,0.0,10.147746324539185,worst_uncertainty_stratified_mhz
9929,155.0,9,1.0529864292497453,-1.0529864292497453,1.0529864292497453,1.0529864292497453,7.057579929557235,0.0,11.773038943608602,worst_uncertainty_stratified_mhz
10733,170.0,9,1.8511853863229526,-1.8511853863229526,1.8511853863229526,1.8511853863229526,10.038632544052817,6.946221994724902,10.04747740427653,worst_uncertainty_stratified_mhz
10628,170.0,9,1.223995364275051,-1.223995364275051,1.223995364275051,1.223995364275051,7.687705587164601,0.0,10.760093688964844,worst_uncertainty_stratified_mhz
11143,170.0,9,1.2063714005866948,-1.2063714005866948,1.2063714005866948,1.2063714005866948,6.0428092723732645,7.080881928749334,7.377273162206014,worst_uncertainty_stratified_mhz
10675,180.0,9,3.188377048088921,-3.188377048088921,3.188377048088921,3.188377048088921,19.15166074011589,23.259406699226016,10.04773767789205,worst_uncertainty_stratified_mhz
10798,180.0,9,2.0045146977742236,-2.0045146977742236,2.0045146977742236,2.0045146977742236,12.896702116193163,0.4714045207910317,9.167074918746948,worst_uncertainty_stratified_mhz
10699,180.0,9,1.0802168068209321,-1.0802168068209321,1.0802168068209321,1.0802168068209321,8.63529111572232,0.0,11.295239686965942,worst_uncertainty_stratified_mhz
9740,180.0,9,1.0760711294499032,-1.0760711294499032,1.0760711294499032,1.0760711294499032,6.3509177176702325,29.698484809834994,5.829582333564758,worst_uncertainty_stratified_mhz
10315,180.0,9,1.002053340642092,-1.002053340642092,1.002053340642092,1.002053340642092,7.165608222483602,44.1955880150949,7.25448473294576,worst_uncertainty_stratified_mhz
9930,200.0,9,0.5261938825307634,-0.5261938825307634,0.5261938825307634,0.5261938825307634,1.7968200881639962,23.47871376374779,2.5046144127845764,worst_uncertainty_stratified_mhz
10084,200.0,9,0.4383739260713384,-0.4383739260713384,0.4383739260713384,0.4383739260713384,0.7460031504550796,0.0,4.078803936640422,worst_uncertainty_stratified_mhz
9649,200.0,9,0.42046650015257564,-0.42046650015257564,0.42046650015257564,0.42046650015257564,2.5533612634040357,31.5,4.9149547417958575,worst_uncertainty_stratified_mhz
9762,200.0,9,0.41781391668116163,-0.41781391668116163,0.41781391668116163,0.41781391668116163,1.5039503673559773,29.698484809834994,3.3988833824793496,worst_uncertainty_stratified_mhz
10295,200.0,9,0.394722103068009,-0.394722103068009,0.394722103068009,0.394722103068009,1.2820962710561885,23.10603576749783,3.688496152559916,worst_uncertainty_stratified_mhz
9804,200.0,9,0.37711398258059453,-0.37711398258059453,0.37711398258059453,0.37711398258059453,1.2295060219078364,29.698484809834994,3.237658699353536,worst_uncertainty_stratified_mhz
9646,200.0,9,0.3746758668472468,-0.3746758668472468,0.3746758668472468,0.3746758668472468,1.5070171789439668,37.62829904325851,3.7061761220296225,worst_uncertainty_stratified_mhz
9974,200.0,9,0.3474128027017716,-0.3474128027017716,0.3474128027017716,0.3474128027017716,1.576262061716908,29.698484809834994,4.854793906211853,worst_uncertainty_stratified_mhz
10548,230.0,9,0.23175696934255968,-0.23175696934255968,0.23175696934255968,0.23175696934255968,0.7038207155795185,31.5,4.1357630888621015,worst_uncertainty_stratified_mhz
9896,230.0,9,0.0844522169678034,-0.0844522169678034,0.0844522169678034,0.0844522169678034,0.11943432408229486,0.0,3.7708385388056436,worst_uncertainty_stratified_mhz
10778,230.0,9,0.08009309011531425,-0.08009309011531425,0.08009309011531425,0.08009309011531425,0.316504448629159,23.10603576749783,4.123051365216573,worst_uncertainty_stratified_mhz
11019,230.0,9,0.06615066647490932,-0.06615066647490932,0.06615066647490932,0.06615066647490932,0.06053144430834815,0.0,3.3885300159454346,worst_uncertainty_stratified_mhz
11102,230.0,9,0.06277914568622747,-0.06277914568622747,0.06277914568622747,0.06277914568622747,0.030594415420005645,0.0,4.25226624806722,worst_uncertainty_stratified_mhz
10676,230.0,9,0.05996305778373604,-0.05996305778373604,0.05996305778373604,0.05996305778373604,0.14595644012339745,0.0,4.393676241238912,worst_uncertainty_stratified_mhz
11035,230.0,9,0.059273771158380645,-0.059273771158380645,0.059273771158380645,0.059273771158380645,0.1177158919880491,0.0,3.9363784392674765,worst_uncertainty_stratified_mhz
10486,230.0,9,0.058552837524709404,-0.058552837524709404,0.058552837524709404,0.058552837524709404,0.010943004543411424,23.10603576749783,3.3680418729782104,worst_uncertainty_stratified_mhz
9751,250.0,9,0.24019483679825654,-0.24019483679825654,0.24019483679825654,0.24019483679825654,0.54123982912436,0.0,5.909269094467163,worst_uncertainty_stratified_mhz
9773,250.0,9,0.12690557995329474,-0.12690557995329474,0.12690557995329474,0.12690557995329474,0.10845778528134058,29.227080289043965,3.579421281814575,worst_uncertainty_stratified_mhz
10773,250.0,9,0.10678003192600084,-0.10678003192600084,0.10678003192600084,0.10678003192600084,0.018235509461282124,0.0,3.596711754798889,worst_uncertainty_stratified_mhz
9867,250.0,9,0.10630118907926463,-0.10630118907926463,0.10630118907926463,0.10630118907926463,0.17125987075196117,0.0,3.4869330326716104,worst_uncertainty_stratified_mhz
10894,250.0,9,0.10430757929339379,-0.10430757929339379,0.10430757929339379,0.10430757929339379,0.28512828904599985,29.227080289043965,3.380059599876404,worst_uncertainty_stratified_mhz
10922,250.0,9,0.10134323801466381,-0.10134323801466381,0.10134323801466381,0.10134323801466381,0.05547352179540136,0.0,3.721693754196167,worst_uncertainty_stratified_mhz
9952,250.0,9,0.08927582335660005,-0.08927582335660005,0.08927582335660005,0.08927582335660005,0.28179888127386554,0.0,4.069841583569844,worst_uncertainty_stratified_mhz
10197,250.0,9,0.08823755018834233,-0.08823755018834233,0.08823755018834233,0.08823755018834233,0.4827746384936076,29.698484809834994,4.383557160695394,worst_uncertainty_stratified_mhz
10539,250.0,9,0.08729778045708654,-0.08729778045708654,0.08729778045708654,0.08729778045708654,0.009757473825111952,0.0,3.353905995686849,worst_uncertainty_stratified_mhz
10022,250.0,9,0.08533864995884734,-0.08533864995884734,0.08533864995884734,0.08533864995884734,0.23879624431344204,23.47871376374779,3.363555590311686,worst_uncertainty_stratified_mhz
10206,250.0,9,0.08113348958007477,-0.08113348958007477,0.08113348958007477,0.08113348958007477,0.008482558848142061,31.0,2.997675816218058,worst_uncertainty_stratified_mhz
10161,265.0,9,0.7905316450258637,-0.7905316450258637,0.7905316450258637,0.7905316450258637,2.1885177701609693,29.698484809834994,7.101312478383382,worst_uncertainty_stratified_mhz
9790,265.0,9,0.6146487854253526,-0.6146487854253526,0.6146487854253526,0.6146487854253526,1.037765856564906,37.44366138317376,9.524223725001017,worst_uncertainty_stratified_mhz
11030,265.0,9,0.5968414971500413,-0.5968414971500413,0.5968414971500413,0.5968414971500413,0.22964098020063126,38.88765871070152,9.702953497568766,worst_uncertainty_stratified_mhz
10540,265.0,9,0.580183221207982,-0.580183221207982,0.580183221207982,0.580183221207982,0.793094950289363,25.951343360647485,8.355154514312744,worst_uncertainty_stratified_mhz
10331,265.0,9,0.5634690536750272,-0.5634690536750272,0.5634690536750272,0.5634690536750272,0.07721340388606121,41.667999978667346,8.507224718729654,worst_uncertainty_stratified_mhz
10959,265.0,9,0.5622982994333753,-0.5622982994333753,0.5622982994333753,0.5622982994333753,0.04462991237627042,42.930175867331364,9.144201278686523,worst_uncertainty_stratified_mhz
9847,265.0,9,0.5387271415894784,-0.5387271415894784,0.5387271415894784,0.5387271415894784,1.5217756480508655,0.0,7.607363144556682,worst_uncertainty_stratified_mhz
9778,265.0,9,0.49837505180727143,-0.49837505180727143,0.49837505180727143,0.49837505180727143,0.9795745376440866,23.47871376374779,7.37329896291097,worst_uncertainty_stratified_mhz
10425,265.0,9,0.49475657399324013,-0.49475657399324013,0.49475657399324013,0.49475657399324013,0.2752977918367239,0.0,8.089058955510458,worst_uncertainty_stratified_mhz
11075,265.0,9,0.46370401109793086,-0.46370401109793086,0.46370401109793086,0.46370401109793086,0.38432267172551193,7.080881928749334,7.09594742457072,worst_uncertainty_stratified_mhz
11041,265.0,9,0.44810035026699924,-0.44810035026699924,0.44810035026699924,0.44810035026699924,0.7717326162310959,0.0,6.383157253265381,worst_uncertainty_stratified_mhz
10070,270.0,9,0.12861302704617258,-0.12861302704617258,0.12861302704617258,0.12861302704617258,0.07447273790533397,23.10603576749783,3.0540616512298584,worst_uncertainty_stratified_mhz
9663,270.0,9,0.10086569731893559,-0.10086569731893559,0.10086569731893559,0.10086569731893559,0.10119536943097607,42.97059718251798,3.4480967919031777,worst_uncertainty_stratified_mhz
11066,270.0,9,0.08600042207606765,-0.08600042207606765,0.08600042207606765,0.08600042207606765,0.8518594648435408,31.5,4.26899250348409,worst_uncertainty_stratified_mhz
10475,270.0,9,0.0752548762188181,-0.0752548762188181,0.0752548762188181,0.0752548762188181,0.07143201985960938,23.10603576749783,4.194674015045166,worst_uncertainty_stratified_mhz
9796,270.0,9,0.07095494140832562,-0.07095494140832562,0.07095494140832562,0.07095494140832562,0.19105503579548924,0.372677996249965,4.3885981639226275,worst_uncertainty_stratified_mhz
10310,270.0,9,0.07087560160309618,-0.07087560160309618,0.07087560160309618,0.07087560160309618,0.3291456353580205,23.47871376374779,2.9065115054448447,worst_uncertainty_stratified_mhz
11036,270.0,9,0.0676920103116755,-0.0676920103116755,0.0676920103116755,0.0676920103116755,0.3668087799463709,0.0,2.8430885871251426,worst_uncertainty_stratified_mhz
9964,280.0,9,0.07806315210892363,-0.07806315210892363,0.07806315210892363,0.07806315210892363,0.09978271588299807,0.0,3.9856953223546348,worst_uncertainty_stratified_mhz
10767,280.0,9,0.07649948700245966,-0.07649948700245966,0.07649948700245966,0.07649948700245966,0.17215885227702662,0.0,3.6914912462234497,worst_uncertainty_stratified_mhz
9771,280.0,9,0.06986594111047059,-0.06986594111047059,0.06986594111047059,0.06986594111047059,0.37933408893632586,23.47871376374779,4.184459368387858,worst_uncertainty_stratified_mhz
10462,280.0,9,0.06541584277536688,-0.06541584277536688,0.06541584277536688,0.06541584277536688,0.032555906642048486,32.941446369109066,3.0728984673817954,worst_uncertainty_stratified_mhz
10972,280.0,9,0.06505322455729905,-0.06505322455729905,0.06505322455729905,0.06505322455729905,0.2876157593672512,0.0,5.0037713050842285,worst_uncertainty_stratified_mhz
10392,280.0,9,0.06093685194371257,-0.06093685194371257,0.06093685194371257,0.06093685194371257,0.1110810029764606,23.259406699226016,4.310939470926921,worst_uncertainty_stratified_mhz
11060,280.0,9,0.05966252538102516,-0.05966252538102516,0.05966252538102516,0.05966252538102516,0.12041593094527375,0.0,3.9333643515904746,worst_uncertainty_stratified_mhz
10029,300.0,9,0.06407139237439495,-0.06407139237439495,0.06407139237439495,0.06407139237439495,0.14917528671164562,29.698484809834994,2.4363053838411965,worst_uncertainty_stratified_mhz
9988,300.0,9,0.06312956217275498,-0.06312956217275498,0.06312956217275498,0.06312956217275498,0.04631504425258331,0.0,3.5560230811436973,worst_uncertainty_stratified_mhz
10569,300.0,9,0.06180030861424036,-0.06180030861424036,0.06180030861424036,0.06180030861424036,0.4229387968244475,38.01315561749642,3.523272474606832,worst_uncertainty_stratified_mhz
9641,300.0,9,0.05792606818754748,-0.05792606818754748,0.05792606818754748,0.05792606818754748,0.42066205056935263,29.698484809834994,2.820613980293274,worst_uncertainty_stratified_mhz
10837,300.0,9,0.05681752260842728,-0.05681752260842728,0.05681752260842728,0.05681752260842728,0.2232228952331149,23.47871376374779,3.505535880724589,worst_uncertainty_stratified_mhz
10776,300.0,9,0.0533922637351805,-0.0533922637351805,0.0533922637351805,0.0533922637351805,0.09454261870887452,0.0,2.6083829005559287,worst_uncertainty_stratified_mhz
11421,120.0,10,0.1599651466171567,-0.1599651466171567,0.1599651466171567,0.1599651466171567,0.9005947730824019,0.0,7.41779883702596,worst_uncertainty_stratified_mhz
12676,150.0,10,1.203265789316627,-1.203265789316627,1.203265789316627,1.203265789316627,4.402821821842937,0.0,10.877952257792154,worst_uncertainty_stratified_mhz
12038,150.0,10,0.7157495453784762,-0.7157495453784762,0.7157495453784762,0.7157495453784762,3.2962831230823326,0.0,10.385017156600952,worst_uncertainty_stratified_mhz
12274,150.0,10,0.48951735194881063,-0.48951735194881063,0.48951735194881063,0.48951735194881063,2.4496137447352644,0.0,10.199629783630371,worst_uncertainty_stratified_mhz
11773,150.0,10,0.4196704779535273,-0.4196704779535273,0.4196704779535273,0.4196704779535273,2.1754059051657655,0.0,11.821124076843262,worst_uncertainty_stratified_mhz
11592,150.0,10,0.39199613513783416,-0.39199613513783416,0.39199613513783416,0.39199613513783416,1.3737994158381197,0.0,12.518352826436361,worst_uncertainty_stratified_mhz
12768,155.0,10,0.9142809556665532,-0.9142809556665532,0.9142809556665532,0.9142809556665532,4.346892898708094,0.0,12.391884009043375,worst_uncertainty_stratified_mhz
12454,155.0,10,0.8338233058360033,-0.8338233058360033,0.8338233058360033,0.8338233058360033,5.128490178051259,0.0,12.153954903284708,worst_uncertainty_stratified_mhz
11599,155.0,10,0.6917637655788405,-0.6917637655788405,0.6917637655788405,0.6917637655788405,1.816170647395792,0.0,10.64513603846232,worst_uncertainty_stratified_mhz
11304,155.0,10,0.5999915006245669,-0.5999915006245669,0.5999915006245669,0.5999915006245669,1.842903184997845,29.698484809834994,9.971639315287272,worst_uncertainty_stratified_mhz
11636,155.0,10,0.5832796804343957,-0.5832796804343957,0.5832796804343957,0.5832796804343957,4.2109369615270245,0.0,11.62583057085673,worst_uncertainty_stratified_mhz
12522,155.0,10,0.44918428756296486,-0.44918428756296486,0.44918428756296486,0.44918428756296486,1.8187045497080716,0.0,11.305912812550863,worst_uncertainty_stratified_mhz
12401,155.0,10,0.351935243522388,-0.351935243522388,0.351935243522388,0.351935243522388,2.138301248778185,0.0,11.65548292795817,worst_uncertainty_stratified_mhz
12104,155.0,10,0.3129456518079469,-0.3129456518079469,0.3129456518079469,0.3129456518079469,1.522231461110449,0.0,8.063857237497965,worst_uncertainty_stratified_mhz
11733,170.0,10,1.607265468615247,-1.607265468615247,1.607265468615247,1.607265468615247,10.420412902871753,0.0,13.102710088094076,worst_uncertainty_stratified_mhz
11318,170.0,10,1.068334656647841,-1.068334656647841,1.068334656647841,1.068334656647841,6.936546473622002,0.0,14.552118301391602,worst_uncertainty_stratified_mhz
11732,170.0,10,0.877589014963022,-0.877589014963022,0.877589014963022,0.877589014963022,2.816553135460607,7.080881928749334,8.644267876942953,worst_uncertainty_stratified_mhz
11660,180.0,10,2.4060521833453263,-2.4060521833453263,2.4060521833453263,2.4060521833453263,15.224166912742506,2.773886162848873,10.658487240473429,worst_uncertainty_stratified_mhz
11685,180.0,10,2.0516726508501124,-2.0516726508501124,2.0516726508501124,2.0516726508501124,11.768181408835266,31.39754059724353,6.851350625356038,worst_uncertainty_stratified_mhz
12446,180.0,10,1.5887828749440376,-1.5887828749440376,1.5887828749440376,1.5887828749440376,9.6365129605363,28.994252303976847,7.584423144658406,worst_uncertainty_stratified_mhz
12707,180.0,10,0.9133905379726467,-0.9133905379726467,0.9133905379726467,0.9133905379726467,3.1051687662501006,32.941446369109066,6.359753648440043,worst_uncertainty_stratified_mhz
12756,180.0,10,0.8843961215618248,-0.8843961215618248,0.8843961215618248,0.8843961215618248,4.637463313120684,0.0,9.704374154408773,worst_uncertainty_stratified_mhz
11924,200.0,10,0.7937708343468813,-0.7937708343468813,0.7937708343468813,0.7937708343468813,3.7769527466185338,37.62829904325851,5.559106945991516,worst_uncertainty_stratified_mhz
12474,200.0,10,0.6399695570682765,-0.6399695570682765,0.6399695570682765,0.6399695570682765,4.10446063463838,20.741798914805397,4.401000062624614,worst_uncertainty_stratified_mhz
11215,200.0,10,0.5940732221380741,-0.5940732221380741,0.5940732221380741,0.5940732221380741,0.9579210944334164,23.47871376374779,4.683308720588684,worst_uncertainty_stratified_mhz
12278,200.0,10,0.5889968130683728,-0.5889968130683728,0.5889968130683728,0.5889968130683728,1.6821431610969295,23.47871376374779,4.155829111735026,worst_uncertainty_stratified_mhz
12511,200.0,10,0.5702934419880898,-0.5702934419880898,0.5702934419880898,0.5702934419880898,3.0859573815382455,0.0,7.10159707069397,worst_uncertainty_stratified_mhz
12343,200.0,10,0.5674640881792998,-0.5674640881792998,0.5674640881792998,0.5674640881792998,2.1535914561211755,23.47871376374779,4.186686078707377,worst_uncertainty_stratified_mhz
11311,200.0,10,0.5526776019085246,-0.5526776019085246,0.5526776019085246,0.5526776019085246,2.70183312993283,20.741798914805393,3.437646428743998,worst_uncertainty_stratified_mhz
11460,200.0,10,0.5238280488708585,-0.5238280488708585,0.5238280488708585,0.5238280488708585,1.3042907479389783,32.676869155073256,4.98864483833313,worst_uncertainty_stratified_mhz
12744,230.0,10,0.3039153575173029,-0.3039153575173029,0.3039153575173029,0.3039153575173029,0.07262266267589566,0.0,5.18355409304301,worst_uncertainty_stratified_mhz
11718,230.0,10,0.13101756477409626,-0.13101756477409626,0.13101756477409626,0.13101756477409626,0.21630041090563643,41.667999978667346,3.89032518863678,worst_uncertainty_stratified_mhz
11255,230.0,10,0.12754046521977974,-0.12754046521977974,0.12754046521977974,0.12754046521977974,0.21226741749534817,31.5,5.004521290461223,worst_uncertainty_stratified_mhz
12529,230.0,10,0.11334093830106645,-0.11334093830106645,0.11334093830106645,0.11334093830106645,0.15593373739550348,32.941446369109066,2.9908568461736045,worst_uncertainty_stratified_mhz
11628,230.0,10,0.1088988891224056,-0.1088988891224056,0.1088988891224056,0.1088988891224056,0.47879015525591084,29.698484809834994,4.286149541536967,worst_uncertainty_stratified_mhz
12313,230.0,10,0.09178840180885535,-0.09178840180885535,0.09178840180885535,0.09178840180885535,0.5191111619675138,23.47871376374779,4.771336754163106,worst_uncertainty_stratified_mhz
12787,230.0,10,0.08937329182312431,-0.08937329182312431,0.08937329182312431,0.08937329182312431,0.33529326498004747,23.47871376374779,3.489158868789673,worst_uncertainty_stratified_mhz
11536,230.0,10,0.0845515894772087,-0.0845515894772087,0.0845515894772087,0.0845515894772087,0.09322451919085811,32.941446369109066,4.15643576780955,worst_uncertainty_stratified_mhz
11439,250.0,10,0.11866862687603555,-0.11866862687603555,0.11866862687603555,0.11866862687603555,0.26357586455173354,23.47871376374779,4.009255250295003,worst_uncertainty_stratified_mhz
12037,250.0,10,0.11493129983519511,-0.11493129983519511,0.11493129983519511,0.11493129983519511,0.14117027073935004,0.0,3.845921595891317,worst_uncertainty_stratified_mhz
12524,250.0,10,0.10434692395583126,-0.10434692395583126,0.10434692395583126,0.10434692395583126,0.20420960843709204,38.88765871070152,2.3442296981811523,worst_uncertainty_stratified_mhz
11205,250.0,10,0.09891594670797584,-0.09891594670797584,0.09891594670797584,0.09891594670797584,0.10320944439056252,0.0,3.4144140481948853,worst_uncertainty_stratified_mhz
11817,250.0,10,0.0782243849118154,-0.0782243849118154,0.0782243849118154,0.0782243849118154,0.043402367542335514,0.0,2.8986310164133706,worst_uncertainty_stratified_mhz
11557,250.0,10,0.07397417114279344,-0.07397417114279344,0.07397417114279344,0.07397417114279344,0.037521372960359005,0.0,4.204736312230428,worst_uncertainty_stratified_mhz
11747,250.0,10,0.07346134600289952,-0.07346134600289952,0.07346134600289952,0.07346134600289952,0.20864521805027259,32.941446369109066,3.761157234509786,worst_uncertainty_stratified_mhz
12705,250.0,10,0.0709884526353526,-0.0709884526353526,0.0709884526353526,0.0709884526353526,0.00645918749666742,23.10603576749783,3.290789564450582,worst_uncertainty_stratified_mhz
12444,250.0,10,0.06922737170324367,-0.06922737170324367,0.06922737170324367,0.06922737170324367,0.2714804951520667,29.698484809834994,4.72566556930542,worst_uncertainty_stratified_mhz
11665,250.0,10,0.06844959356792248,-0.06844959356792248,0.06844959356792248,0.06844959356792248,0.4933448702669428,44.1955880150949,4.164454698562622,worst_uncertainty_stratified_mhz
12257,250.0,10,0.06602347280213733,-0.06602347280213733,0.06602347280213733,0.06602347280213733,0.42793438138464834,0.0,4.18826178709666,worst_uncertainty_stratified_mhz
11475,265.0,10,0.7435643729704638,-0.7435643729704638,0.7435643729704638,0.7435643729704638,1.4032892225754505,0.0,7.80283538500468,worst_uncertainty_stratified_mhz
12373,265.0,10,0.7231852276298713,-0.7231852276298713,0.7231852276298713,0.7231852276298713,0.07671177394404873,29.227080289043965,9.967436949412027,worst_uncertainty_stratified_mhz
11967,265.0,10,0.6718861354410632,-0.6718861354410632,0.6718861354410632,0.6718861354410632,0.05033861179994877,0.0,8.115322828292847,worst_uncertainty_stratified_mhz
11493,265.0,10,0.5324696376287158,-0.5324696376287158,0.5324696376287158,0.5324696376287158,0.5785383986260829,0.0,8.522899071375528,worst_uncertainty_stratified_mhz
12001,265.0,10,0.5129275527759642,-0.5129275527759642,0.5129275527759642,0.5129275527759642,1.4986559530466683,32.89039035611736,9.975513855616251,worst_uncertainty_stratified_mhz
12266,265.0,10,0.49922732699663896,-0.49922732699663896,0.49922732699663896,0.49922732699663896,0.07872685806513698,23.47871376374779,9.888230005900065,worst_uncertainty_stratified_mhz
12005,265.0,10,0.4752956108452878,-0.4752956108452878,0.4752956108452878,0.4752956108452878,0.6728184207740165,20.741798914805397,9.247049808502197,worst_uncertainty_stratified_mhz
11841,265.0,10,0.46756887224499927,-0.46756887224499927,0.46756887224499927,0.46756887224499927,0.0739121501690584,37.489628195305194,9.470295747121176,worst_uncertainty_stratified_mhz
11786,265.0,10,0.4370190792166022,-0.4370190792166022,0.4370190792166022,0.4370190792166022,0.029816916002245206,0.0,9.77136484781901,worst_uncertainty_stratified_mhz
12355,265.0,10,0.4301754744730836,-0.4301754744730836,0.4301754744730836,0.4301754744730836,0.04528158353347559,0.0,6.59032678604126,worst_uncertainty_stratified_mhz
11528,265.0,10,0.421271686088267,-0.421271686088267,0.421271686088267,0.421271686088267,1.3074917325048179,23.10603576749783,7.640096267064412,worst_uncertainty_stratified_mhz
11554,270.0,10,0.15934879610911976,-0.15934879610911976,0.15934879610911976,0.15934879610911976,1.1561990448757802,42.769407550517016,3.7106478611628213,worst_uncertainty_stratified_mhz
11674,270.0,10,0.15880470406711703,-0.15880470406711703,0.15880470406711703,0.15880470406711703,0.8431854602441717,31.5,3.4469778537750244,worst_uncertainty_stratified_mhz
12341,270.0,10,0.09930794640203813,-0.09930794640203813,0.09930794640203813,0.09930794640203813,0.265100546909374,16.397831834998456,4.447764913241069,worst_uncertainty_stratified_mhz
12209,270.0,10,0.09929702070754284,-0.09929702070754284,0.09929702070754284,0.09929702070754284,0.09345922639107111,0.0,3.270792841911316,worst_uncertainty_stratified_mhz
11697,270.0,10,0.09068930594473577,-0.09068930594473577,0.09068930594473577,0.09068930594473577,0.10722899857693197,0.0,3.9430191119511924,worst_uncertainty_stratified_mhz
11496,270.0,10,0.08666117328146772,-0.08666117328146772,0.08666117328146772,0.08666117328146772,0.13981086636189685,39.06582763604131,3.2072775761286416,worst_uncertainty_stratified_mhz
12387,270.0,10,0.08643344039194036,-0.08643344039194036,0.08643344039194036,0.08643344039194036,0.14084338990814002,0.0,3.7482849756876626,worst_uncertainty_stratified_mhz
11619,280.0,10,0.14468478621693864,-0.14468478621693864,0.14468478621693864,0.14468478621693864,0.317894045940774,32.941446369109066,3.642662684122721,worst_uncertainty_stratified_mhz
11757,280.0,10,0.13090038456287412,-0.13090038456287412,0.13090038456287412,0.13090038456287412,0.7142990700221882,29.698484809834994,5.112330198287964,worst_uncertainty_stratified_mhz
11252,280.0,10,0.09247772280507822,-0.09247772280507822,0.09247772280507822,0.09247772280507822,0.03330935205185881,0.0,3.8547381162643433,worst_uncertainty_stratified_mhz
11670,280.0,10,0.09055092220622478,-0.09055092220622478,0.09055092220622478,0.09055092220622478,0.3410770830950128,29.698484809834994,2.299119015534719,worst_uncertainty_stratified_mhz
11507,280.0,10,0.0894002903206206,-0.0894002903206206,0.0894002903206206,0.0894002903206206,0.4719348476688386,0.37267799624996495,3.524944543838501,worst_uncertainty_stratified_mhz
11598,280.0,10,0.08697853645900352,-0.08697853645900352,0.08697853645900352,0.08697853645900352,0.5558462748569736,41.33669341181298,3.8047380844751992,worst_uncertainty_stratified_mhz
11977,280.0,10,0.08658839355757583,-0.08658839355757583,0.08658839355757583,0.08658839355757583,0.3119204490013519,44.1955880150949,3.1144818464914956,worst_uncertainty_stratified_mhz
11795,300.0,10,0.08898059967889771,-0.08898059967889771,0.08898059967889771,0.08898059967889771,0.42999691080029834,20.741798914805393,3.534367561340332,worst_uncertainty_stratified_mhz
12011,300.0,10,0.08108680368853148,-0.08108680368853148,0.08108680368853148,0.08108680368853148,0.5459617995339983,29.698484809834994,3.80628764629364,worst_uncertainty_stratified_mhz
11595,300.0,10,0.07717534506339742,-0.07717534506339742,0.07717534506339742,0.07717534506339742,0.3392579981255308,41.667999978667346,3.659814794858297,worst_uncertainty_stratified_mhz
11910,300.0,10,0.06884645250211019,-0.06884645250211019,0.06884645250211019,0.06884645250211019,0.4976984450604773,29.698484809834994,3.340685804684957,worst_uncertainty_stratified_mhz
11860,300.0,10,0.06850348490916955,-0.06850348490916955,0.06850348490916955,0.06850348490916955,0.5287717821960646,32.941446369109066,4.890135884284973,worst_uncertainty_stratified_mhz
11429,300.0,10,0.06836622676506718,-0.06836622676506718,0.06836622676506718,0.06836622676506718,0.18879633166537088,21.83587771433875,2.684775630633036,worst_uncertainty_stratified_mhz
