candidate_id,mhz,k,badness,quality_score,uncertainty,heatmap_mc_mse,decoder_mc_rce,epistemic_score,disagreement_score,prior_tension_score,peak_bias_score,p99_var,p99_mc_range,peak_loc_spread_px,pred_p99_mean,selected_reason
1420,120.0,3,55.80772430453255,-55.80772430453255,55.80772430453255,0.012045643763542764,2.368460176603088,2.3805058203666305,47.13523543395171,17.34907146350876,0.0,24.018361021077393,15.734004974365234,30.499743851383407,5.574014872312546,worst_uncertainty_stratified_mhz
460,120.0,3,53.38488092095741,-53.38488092095741,53.38488092095741,0.7839179739504059,3.59266964644187,4.376587620392276,46.54435267515746,6.577924912521945,0.0,23.25788302073651,16.073195457458496,30.499743851383407,7.4576839208602905,worst_uncertainty_stratified_mhz
1289,120.0,3,46.12148487658589,-46.12148487658589,46.12148487658589,0.29578477195330677,4.121698100758983,4.41748287271229,41.548856919855076,0.0,0.0,28.300761746053716,17.297854900360107,9.198335447242615,8.572372853755951,worst_uncertainty_stratified_mhz
1553,150.0,3,25.019673153190745,-25.019673153190745,25.019673153190745,0.0012799013148679856,0.007550614224017985,0.008830515538885971,20.78442830807214,12.03418207004225,0.0,0.06625385924524707,0.804041862487793,40.632307035165994,4.4530704617500305,worst_uncertainty_stratified_mhz
439,150.0,3,23.564364465588955,-23.564364465588955,23.564364465588955,0.0059620671991518935,0.015256327347687124,0.021218394546839017,19.826161267263224,10.567824360841378,0.0,0.13014988454480303,1.117520809173584,38.27450195626326,4.942966043949127,worst_uncertainty_stratified_mhz
1005,150.0,3,19.59940746145559,-19.59940746145559,19.59940746145559,0.007864674745313539,0.006813785695230586,0.014678460440544125,16.103373379844967,9.911636341667078,0.0,0.04001781477386057,0.6267111301422119,31.5,4.071605771780014,worst_uncertainty_stratified_mhz
1302,150.0,3,19.171023669993037,-19.171023669993037,19.171023669993037,0.0029455424916547627,0.00609035221720801,0.009035894708862773,16.028123586058395,8.932584008271432,0.0,0.019512860655563458,0.5172214508056641,31.5,4.681382119655609,worst_uncertainty_stratified_mhz
901,155.0,3,26.888903511947163,-26.888903511947163,26.888903511947163,0.00624388085066744,0.011842926897478914,0.018086807748146354,22.77038176193365,11.666592136397792,0.0,0.13377964701010114,1.0776162147521973,44.1955880150949,5.338707447052002,worst_uncertainty_stratified_mhz
1154,155.0,3,25.089536693136928,-25.089536693136928,25.089536693136928,0.012015444770241813,0.009481852028918193,0.021497296799160008,21.717101195416213,9.551839861430777,0.0,0.036516426323682794,0.5689754486083984,42.79219408957666,6.129285395145416,worst_uncertainty_stratified_mhz
885,155.0,3,25.058042514446697,-25.058042514446697,25.058042514446697,0.005084558317796088,0.01321410575578654,0.01829866407358263,21.410623602590643,10.305282085433028,0.0,0.255982489882566,1.7491416931152344,40.56014053230092,5.67930668592453,worst_uncertainty_stratified_mhz
1356,155.0,3,24.34596022664513,-24.34596022664513,24.34596022664513,0.022128458079196667,0.010875041646635672,0.03300349972583234,20.998411948650467,9.430596117327918,0.0,0.11145934874451413,1.2137646675109863,40.56014053230092,6.032306492328644,worst_uncertainty_stratified_mhz
1115,155.0,3,24.058534161241553,-24.058534161241553,24.058534161241553,0.0035648681402676986,0.007817187445755045,0.011382055586022745,20.8696876764984,9.04414587966217,0.0,0.0887290627222086,1.0017766952514648,40.56014053230092,6.198806166648865,worst_uncertainty_stratified_mhz
166,155.0,3,23.688316679318916,-23.688316679318916,23.688316679318916,0.006712383282723464,0.02183635758927538,0.028548740871998844,20.2628134855137,9.636960464671409,0.0,0.3046706502348542,1.6417837142944336,38.27450195626326,5.745306849479675,worst_uncertainty_stratified_mhz
394,155.0,3,23.6212201013461,-23.6212201013461,23.6212201013461,0.021280586644777846,0.026518280607698928,0.04779886725247677,20.27439575868888,9.367248564719851,0.0,0.23357627431640537,1.8071370124816895,38.27450195626326,5.8971840143203735,worst_uncertainty_stratified_mhz
1538,155.0,3,23.304038590580014,-23.304038590580014,23.304038590580014,0.016692380389697958,0.013048398440903964,0.029740778830601923,19.85947659218028,9.709400192675245,0.0,0.13706321284930922,1.1703248023986816,38.27450195626326,5.598830759525299,worst_uncertainty_stratified_mhz
37,170.0,3,27.486478420426074,-27.486478420426074,27.486478420426074,0.056254932064565194,0.02607754093473407,0.08233247299929927,23.193197163942386,11.960237336680684,0.0,0.3357695966962204,2.2265305519104004,43.48832458258193,5.825855791568756,worst_uncertainty_stratified_mhz
1143,170.0,3,27.27728255606562,-27.27728255606562,27.27728255606562,0.04487629894123748,0.024537620293465713,0.06941391923470319,22.70727077693411,12.815508651032204,0.0,0.10108181279791495,1.0167899131774902,44.1955880150949,5.239571213722229,worst_uncertainty_stratified_mhz
752,170.0,3,26.683928201530946,-26.683928201530946,26.683928201530946,0.02040222200192494,0.012181689551074916,0.032583911552999854,22.01273259890777,13.207476793352972,0.0,0.09446834830889372,1.0443344116210938,42.79219408957666,4.804010987281799,worst_uncertainty_stratified_mhz
958,180.0,3,26.516770744930064,-26.516770744930064,26.516770744930064,0.11730233335351337,0.032044172053518415,0.1493465054070318,22.334987906115625,11.466731100180763,0.0,0.22293012028420378,1.4319214820861816,42.79219408957666,6.186368823051453,worst_uncertainty_stratified_mhz
187,180.0,3,25.464537015848034,-25.464537015848034,25.464537015848034,0.010545138030078715,0.008302096640171336,0.01884723467025005,20.792887671923992,13.251267030490062,0.0,0.07435943992270211,0.8769159317016602,40.56014053230092,4.588056445121765,worst_uncertainty_stratified_mhz
686,180.0,3,24.697564015286492,-24.697564015286492,24.697564015286492,0.023788456860394474,0.025645550353235732,0.049434007213630206,20.775247695941093,11.037076478647954,0.0,0.05523694721795991,0.8077144622802734,40.632307035165994,5.93166321516037,worst_uncertainty_stratified_mhz
750,180.0,3,24.1662680285036,-24.1662680285036,24.1662680285036,0.008231190724744432,0.018697735322243475,0.026928926046987905,19.698250496298535,12.6433081603347,0.0,0.08351958347452282,0.9549598693847656,38.27450195626326,4.535215675830841,worst_uncertainty_stratified_mhz
993,200.0,3,32.856192163392095,-32.856192163392095,32.856192163392095,0.21433373335808523,0.18202887449944638,0.39636260785753163,27.708950062737472,13.400053876880866,0.0,3.1019028076832136,6.489686965942383,42.724407544166134,7.234651505947113,worst_uncertainty_stratified_mhz
40,200.0,3,30.745359905572002,-30.745359905572002,30.745359905572002,0.47008539593835197,0.10531523220628278,0.5754006281446348,25.71148879289471,12.615460613830422,0.0,1.5327476246264347,4.16189432144165,44.1955880150949,7.188010036945343,worst_uncertainty_stratified_mhz
594,200.0,3,27.778193560242986,-27.778193560242986,27.778193560242986,0.06083754382146588,0.02061256059871604,0.08145010442018193,22.764050325086913,14.049656978677724,0.0,0.10614312593484954,1.1202263832092285,44.1955880150949,5.318881630897522,worst_uncertainty_stratified_mhz
46,200.0,3,27.493628778919113,-27.493628778919113,27.493628778919113,0.02830193380435835,0.017041110357187413,0.04534304416154576,22.212457376826503,14.897849955422505,0.0,0.1557768359444225,1.3211669921875,42.79219408957666,4.572170615196228,worst_uncertainty_stratified_mhz
1004,200.0,3,27.233666673247104,-27.233666673247104,27.233666673247104,0.13431324307749173,0.05376555067326811,0.18807879375075984,22.361436974012374,13.3214696221641,0.0,0.23955205118754463,1.451575756072998,42.79219408957666,5.65525496006012,worst_uncertainty_stratified_mhz
1502,200.0,3,27.224329177704348,-27.224329177704348,27.224329177704348,0.03312526627765956,0.024037184612350992,0.057162450890010555,22.1533117464359,14.273310249439684,0.0,0.12922350215416145,1.2559823989868164,42.79219408957666,4.938845634460449,worst_uncertainty_stratified_mhz
1265,200.0,3,27.149535535234804,-27.149535535234804,27.149535535234804,0.34918735923023964,0.028220738415689797,0.3774080976459294,22.133699108902857,13.204978253239483,0.0,0.14529020498366663,1.1846237182617188,42.79219408957666,5.7109386920928955,worst_uncertainty_stratified_mhz
94,200.0,3,25.4326189327197,-25.4326189327197,25.4326189327197,0.1439696064166859,0.051254288367226154,0.19522389478391206,21.217196199679645,11.389909966640891,0.0,0.7622412592219661,2.6354079246520996,38.27450195626326,6.470910429954529,worst_uncertainty_stratified_mhz
421,230.0,3,28.552092437922955,-28.552092437922955,28.552092437922955,0.12555534699295842,0.1533543321567856,0.278909679149744,23.581976676160824,13.30772473676631,0.0,0.8545931680852021,2.575758457183838,42.879008558967406,6.898322224617004,worst_uncertainty_stratified_mhz
1572,230.0,3,28.17183264681818,-28.17183264681818,28.17183264681818,0.0038841991279392214,0.004025944119406023,0.007910143247345245,21.9308012740321,17.742933430873844,0.0,0.0763405770144594,0.9167273044586182,42.79219408957666,2.990946352481842,worst_uncertainty_stratified_mhz
1571,230.0,3,27.73820049271107,-27.73820049271107,27.73820049271107,0.08130319128473047,0.06027135351477477,0.14157454479950524,22.34755002166165,14.921371982865772,0.0,0.31211436906454537,1.426997184753418,42.64387412044079,5.251518964767456,worst_uncertainty_stratified_mhz
1557,230.0,3,27.716157015566594,-27.716157015566594,27.716157015566594,0.13630324681015424,0.10280578316815019,0.2391090299783044,22.343510693868417,14.542285485452926,0.0,0.9471459785725074,2.799175262451172,39.99355416814065,5.562829971313477,worst_uncertainty_stratified_mhz
184,230.0,3,27.6373125266695,-27.6373125266695,27.6373125266695,0.017054649133797815,0.048448944225524,0.06550359335932182,22.06928708698069,15.666510894656062,0.0,0.1231628571417751,0.9607987403869629,42.93144971929087,4.55938595533371,worst_uncertainty_stratified_mhz
1277,230.0,3,27.412151438488166,-27.412151438488166,27.412151438488166,0.10929349378395596,0.12703634110048814,0.2363298348844441,22.594805350088578,12.962184444268123,0.0,1.426367579577029,3.6815476417541504,38.65532789926895,6.747234404087067,worst_uncertainty_stratified_mhz
1549,230.0,3,26.404062559234365,-26.404062559234365,26.404062559234365,0.030154011347727157,0.04957561319039813,0.0797296245381253,21.191624527767463,14.59977120451913,0.0,0.19907225606459278,1.352797508239746,40.632307035165994,4.894743263721466,worst_uncertainty_stratified_mhz
397,230.0,3,25.77938103050956,-25.77938103050956,25.77938103050956,0.020501311333276807,0.06310815329190592,0.08360946462518272,20.732702821570495,14.081938287524546,0.0,0.48342705935073127,2.2240495681762695,38.27450195626326,5.054392576217651,worst_uncertainty_stratified_mhz
597,250.0,3,29.852652702192252,-29.852652702192252,29.852652702192252,0.059800481498589714,0.10653504602559893,0.16633552752418865,24.071835122435733,15.866940500126354,0.0,1.9851221559364234,4.5306854248046875,39.64274050819393,5.769358038902283,worst_uncertainty_stratified_mhz
1540,250.0,3,29.03752649725072,-29.03752649725072,29.03752649725072,0.005812630292819354,0.004348692344203986,0.01016132263702334,22.38863023237759,18.918658051869347,0.0,0.03186536816357588,0.5179417133331299,44.1955880150949,2.593906342983246,worst_uncertainty_stratified_mhz
146,250.0,3,29.01434778977628,-29.01434778977628,29.01434778977628,0.6860830637843819,0.47194689790683475,1.1580299616912166,24.466305472073483,9.55828365485105,0.0,3.4674046631129727,5.881020545959473,36.11678107196155,10.43470311164856,worst_uncertainty_stratified_mhz
106,250.0,3,28.64882758904581,-28.64882758904581,28.64882758904581,0.013995197872900303,0.12589885720048472,0.139894055073385,22.952147507906517,15.693461410641646,0.0,1.8857996633477363,4.381040096282959,37.7516555928346,5.357995450496674,worst_uncertainty_stratified_mhz
200,250.0,3,28.591718502928877,-28.591718502928877,28.591718502928877,0.26510034116275033,0.3670680551420303,0.6321683963047806,24.64350049726353,9.392972781032048,0.0,1.4212131147079958,3.946413040161133,42.49816172494994,10.454073667526245,worst_uncertainty_stratified_mhz
251,250.0,3,28.386810362421773,-28.386810362421773,28.386810362421773,0.0029147068422714466,0.010084557677152793,0.01299926451942424,21.973677764882797,18.21108129657141,0.0,0.0909334718263386,0.9732944965362549,42.79219408957666,2.871387928724289,worst_uncertainty_stratified_mhz
1027,250.0,3,27.695557963872613,-27.695557963872613,27.695557963872613,0.08669279874343598,0.03417068466683974,0.12086348341027572,22.089068893983587,15.573428807851512,0.0,0.4852139077988795,2.2880096435546875,40.91970032881473,4.986134052276611,worst_uncertainty_stratified_mhz
1000,250.0,3,27.609671637565206,-27.609671637565206,27.609671637565206,0.0474788472365773,0.07485234613849832,0.12233119337507561,22.796058346863898,13.317741999295901,0.0,0.7043943393799736,2.79813289642334,41.38519511854451,6.977179288864136,worst_uncertainty_stratified_mhz
822,250.0,3,27.223341380588984,-27.223341380588984,27.223341380588984,0.21204174522211805,0.14624376069934336,0.3582855059214614,22.945938868483022,11.137418980556651,0.0,0.5335189939678884,2.2588982582092285,42.56594149082104,8.687098383903503,worst_uncertainty_stratified_mhz
1111,250.0,3,26.98323104186082,-26.98323104186082,26.98323104186082,0.3389801995795642,0.16670568515672904,0.5056858847362933,22.132225251582003,12.306607722126898,0.0,1.3358916145014028,4.0880842208862305,37.50458305327497,7.602557480335236,worst_uncertainty_stratified_mhz
571,250.0,3,26.701881162203257,-26.701881162203257,26.701881162203257,0.2110270760374365,0.14679873009418434,0.35782580613162085,21.986632562319055,12.352851057131028,0.0,1.0215617599686766,3.6556396484375,38.27450195626326,7.4482362270355225,worst_uncertainty_stratified_mhz
826,250.0,3,26.57766785629452,-26.57766785629452,26.57766785629452,0.18344307611180485,0.14505036998506118,0.32849344609686604,22.515962727251566,10.609572315851132,0.0,0.501164158656124,1.9155406951904297,42.114056442000454,8.91088330745697,worst_uncertainty_stratified_mhz
259,265.0,3,30.58570803700578,-30.58570803700578,30.58570803700578,0.4312070867572475,0.43272135912214993,0.8639284458793974,27.728636437092607,5.592592058915752,0.0,3.988481395798871,5.579571723937988,41.900738358649484,13.971359372138977,worst_uncertainty_stratified_mhz
300,265.0,3,29.24909849806028,-29.24909849806028,29.24909849806028,0.4778932631715396,0.46034571550006925,0.9382389786716088,26.30550537650108,5.620639622903349,0.0,4.421230715601723,7.005796432495117,36.7627528893036,13.786107540130615,worst_uncertainty_stratified_mhz
1355,265.0,3,27.984405806139627,-27.984405806139627,27.984405806139627,0.3224954854854242,0.3673922844768432,0.6898877699622674,25.96043447429521,3.745725751232695,0.0,1.89846759915973,4.443632125854492,43.680301624416465,14.924998164176941,worst_uncertainty_stratified_mhz
578,265.0,3,27.52873194576285,-27.52873194576285,27.52873194576285,0.2396732928270561,0.21425814235754295,0.45393143518459905,25.515180685029215,4.389724803614733,0.0,1.7959213170699826,3.857595443725586,43.58092329219288,14.430904984474182,worst_uncertainty_stratified_mhz
1155,265.0,3,27.111139479202482,-27.111139479202482,27.111139479202482,0.5012447723523394,0.2914879335053713,0.7927327058577107,24.6756764589631,4.632382641113906,0.0,1.4786131204827484,3.89780330657959,42.49632337038111,14.20779824256897,worst_uncertainty_stratified_mhz
256,265.0,3,26.676364711030086,-26.676364711030086,26.676364711030086,0.6366718940551415,0.3359447001266723,0.9726165941818138,24.63692452431945,2.991358479288859,0.0,1.48260355348485,3.6655006408691406,42.64314130080006,15.336739659309387,worst_uncertainty_stratified_mhz
563,265.0,3,26.461057194115586,-26.461057194115586,26.461057194115586,0.6879215573383825,0.30253823507942046,0.9904597924178029,24.039976608737078,4.026598097618202,0.0,1.543170048076206,3.4289045333862305,41.56470858793551,14.57248854637146,worst_uncertainty_stratified_mhz
1054,265.0,3,26.389001290866545,-26.389001290866545,26.389001290866545,0.2885026986890844,0.34953586653275587,0.6380385652218403,23.87569510668726,5.274737328285591,0.0,2.5193279408715057,4.591423034667969,38.12131129696354,13.631599187850952,worst_uncertainty_stratified_mhz
52,265.0,3,26.318136239758573,-26.318136239758573,26.318136239758573,0.533232585979512,0.2690755845586123,0.8023081705381243,24.334976464360775,3.3161740724030633,0.0,1.482211143324534,3.010573387145996,42.694957254926486,15.074541449546814,worst_uncertainty_stratified_mhz
625,265.0,3,26.24152493061153,-26.24152493061153,26.24152493061153,0.7353817050496336,0.44338842165432135,1.178770126703955,23.647949830585002,3.98029249068601,0.0,1.6024272200405534,4.235250473022461,39.85579474806644,14.582009196281433,worst_uncertainty_stratified_mhz
759,265.0,3,26.01245403140903,-26.01245403140903,26.01245403140903,0.3323018028893023,0.18405115047410342,0.5163529533634057,24.29521126213204,3.378411337968334,0.0,1.2250337878096502,2.6908512115478516,43.449503737096926,15.000834703445435,worst_uncertainty_stratified_mhz
376,270.0,3,30.985176036770028,-30.985176036770028,30.985176036770028,0.11960124070582652,0.15844165099041996,0.27804289169624646,25.442468695982278,14.912455200619911,0.0,1.805014814553303,4.290172100067139,42.98473566279081,7.413666129112244,worst_uncertainty_stratified_mhz
956,270.0,3,30.359848629211307,-30.359848629211307,30.359848629211307,0.15538994575214252,0.16649732866560443,0.32188727441774695,25.339424035035975,13.317340349122869,0.0,1.615058213433656,3.517144203186035,43.9315874400186,8.479520559310913,worst_uncertainty_stratified_mhz
924,270.0,3,29.819153965920666,-29.819153965920666,29.819153965920666,0.23005157341807578,0.2790746176182856,0.5091261910363614,23.954672238630742,15.168683790525334,0.0,1.5443561443755662,3.7142534255981445,41.10637876291221,6.707809627056122,worst_uncertainty_stratified_mhz
1057,270.0,3,29.59327845542638,-29.59327845542638,29.59327845542638,0.23436607464360248,0.24805544100275367,0.48242151564635616,24.047412331004963,14.348285601545433,0.0,1.480747680401791,3.929567337036133,41.20376196417021,7.322602391242981,worst_uncertainty_stratified_mhz
1548,270.0,3,29.264933221924117,-29.264933221924117,29.264933221924117,0.012713958904214518,0.060521268109499496,0.07323522701371402,22.742767527379776,18.240689604047642,0.0,0.8529148914358728,3.018970489501953,40.76073478238585,3.5691245794296265,worst_uncertainty_stratified_mhz
155,270.0,3,28.806913384133,-28.806913384133,28.806913384133,0.0026752843479795883,0.006353442892071699,0.009028727240051286,22.202817586847488,18.82696022351713,0.0,0.0036598011857194024,0.2027275562286377,44.1955880150949,2.6858630180358887,worst_uncertainty_stratified_mhz
457,270.0,3,28.52810791101465,-28.52810791101465,28.52810791101465,0.05666321105330117,0.12592155637811622,0.18258476743141738,23.63036633913455,13.382301208422389,0.0,0.9378188899606492,2.8424692153930664,42.542625682954736,7.722231447696686,worst_uncertainty_stratified_mhz
636,280.0,3,29.02744859525389,-29.02744859525389,29.02744859525389,0.04305936426609542,0.044371641836315784,0.0874310061024112,22.34816231447355,18.649149782826523,0.0,0.6320390189784888,2.726365566253662,40.70588102473646,3.07414448261261,worst_uncertainty_stratified_mhz
238,280.0,3,28.382009190524997,-28.382009190524997,28.382009190524997,0.020151829952218796,0.028842405934881663,0.04899423588710046,21.918586082294848,18.184772523690093,0.0,0.38722051826520865,1.8654162883758545,41.19731483968342,3.1264537274837494,worst_uncertainty_stratified_mhz
1397,280.0,3,28.33364499737487,-28.33364499737487,28.33364499737487,0.01232178736118692,0.006747397296551977,0.019069184657738898,21.65047450408701,18.994511213219713,0.0,0.020404790650913718,0.4679453372955322,42.79219408957666,2.228840261697769,worst_uncertainty_stratified_mhz
1106,280.0,3,28.23201011050093,-28.23201011050093,28.23201011050093,0.029332967728557594,0.02477774983578341,0.05411071756434101,22.08993386891402,17.285445845273237,0.0,0.3643292678165153,1.6709058284759521,41.78030337371906,3.9648267030715942,worst_uncertainty_stratified_mhz
639,280.0,3,27.642953764187283,-27.642953764187283,27.642953764187283,0.08170823490026403,0.024893260396352482,0.10660149529661651,21.38802263419351,17.47952838357155,0.0,0.1695492031503072,1.1545732021331787,41.28237365995323,3.375697433948517,worst_uncertainty_stratified_mhz
1098,280.0,3,26.2041602626678,-26.2041602626678,26.2041602626678,0.0984335252059898,0.023072889888942856,0.12150641509493265,20.401183547908673,16.184902260894464,0.0,0.06512463390100365,0.879098653793335,39.793019174222,3.80785995721817,worst_uncertainty_stratified_mhz
309,300.0,3,29.068130153881704,-29.068130153881704,29.068130153881704,0.023485752957298545,0.018820549241142927,0.042306302198441476,22.739629806281894,17.855531532978297,0.0,0.35555358783328384,1.9759583473205566,42.79219408957666,4.055464118719101,worst_uncertainty_stratified_mhz
790,300.0,3,28.81871806283034,-28.81871806283034,28.81871806283034,0.015273406232989594,0.01631919221850577,0.03159259845149536,22.387273297575188,18.19262193128051,0.0,0.21054578346465203,1.5612609386444092,42.79219408957666,3.5367649495601654,worst_uncertainty_stratified_mhz
870,300.0,3,28.50331121947568,-28.50331121947568,28.50331121947568,0.037448706945606335,0.016790147737886542,0.054238854683492876,22.35858205465564,17.295411172529942,0.0,0.4035281484718318,2.2247161865234375,41.685391625844176,4.2809993624687195,worst_uncertainty_stratified_mhz
443,300.0,3,27.61342423270907,-27.61342423270907,27.61342423270907,0.00916876745682531,0.009572005511555294,0.018740772968380604,21.146991316137786,18.370144673695282,0.0,0.03229729836065953,0.5342519283294678,41.69513610722478,2.476564973592758,worst_uncertainty_stratified_mhz
73,300.0,3,27.329223005016644,-27.329223005016644,27.329223005016644,0.034962444396368524,0.007463771298117879,0.0424262156944864,21.06012171045599,17.753984891541393,0.0,0.023024086436286062,0.5809729099273682,41.49322233811204,2.9681639969348907,worst_uncertainty_stratified_mhz
872,300.0,3,27.218483824576705,-27.218483824576705,27.218483824576705,0.02581319228676086,0.01603254185848003,0.04184573414524089,20.907718664257317,17.823432541716944,0.0,0.11883319877545429,0.9454638957977295,40.632307035165994,2.8055334389209747,worst_uncertainty_stratified_mhz
2134,120.0,4,43.45903067777731,-43.45903067777731,43.45903067777731,0.3076634653074372,1.1405538475212322,1.4482173128286695,39.074444291704786,8.02490160176683,0.0,12.305871742041274,10.744951009750366,42.79219408957666,6.870105892419815,worst_uncertainty_stratified_mhz
1776,120.0,4,38.40279291091425,-38.40279291091425,38.40279291091425,2.058832787189493,1.3999195488412668,3.4587523360307597,34.851243711669085,0.0,0.0,11.020659351226618,11.122875452041626,36.538293268843304,8.9435615837574,worst_uncertainty_stratified_mhz
1822,120.0,4,35.5617971175713,-35.5617971175713,35.5617971175713,3.0901987832784674,0.65347913001888,3.7436779132973474,29.982666611395178,4.961967560131071,0.0,8.32661118323233,9.328888893127441,33.983221963198254,7.304251432418823,worst_uncertainty_stratified_mhz
2850,150.0,4,26.511810716157942,-26.511810716157942,26.511810716157942,0.0240024926444572,0.007521402848639823,0.031523895493097025,21.86021093418365,13.160338884202474,0.0,0.05540913170489148,0.8174095153808594,42.79219408957666,4.216285228729248,worst_uncertainty_stratified_mhz
1825,150.0,4,23.294970667028707,-23.294970667028707,23.294970667028707,0.016992570934648763,0.008820907866634947,0.02581347880128371,18.80693534733785,12.693072188435718,0.0,0.0735268234584936,0.9285237789154053,36.538293268843304,3.4504525661468506,worst_uncertainty_stratified_mhz
2374,150.0,4,23.284737970962194,-23.284737970962194,23.284737970962194,0.0025849373667642408,0.03321386200176878,0.03579879936853302,19.11280000460795,11.669707587840932,0.0,0.7349579582123758,2.7724621295928955,33.983221963198254,4.1422103345394135,worst_uncertainty_stratified_mhz
2035,150.0,4,19.983281225139496,-19.983281225139496,19.983281225139496,0.01515240981349883,0.00472995865864804,0.019882368472146868,15.986442422013255,11.334687408534467,0.0,0.014690612893076604,0.44350361824035645,31.5,3.086970090866089,worst_uncertainty_stratified_mhz
3173,155.0,4,26.753055206073448,-26.753055206073448,26.753055206073448,0.13508858467810483,0.022450427068126392,0.15753901174623122,22.871736377910697,10.574961615648006,0.0,0.2845872644914351,1.6859736442565918,43.48832458258193,5.916041254997253,worst_uncertainty_stratified_mhz
2702,155.0,4,25.51074483893826,-25.51074483893826,25.51074483893826,0.02199036928964351,0.0049728566757414275,0.02696322596538494,22.09979404719124,9.643697495844611,0.0,0.0460082760571332,0.6192469596862793,43.48832458258193,6.168310344219208,worst_uncertainty_stratified_mhz
1827,155.0,4,25.452533345793675,-25.452533345793675,25.452533345793675,0.012254863915308478,0.007412926159265441,0.01966779007457392,21.934604919724656,9.963754869440347,0.0,0.06837933871196,0.9402570724487305,42.79219408957666,5.972138702869415,worst_uncertainty_stratified_mhz
1718,155.0,4,25.415516723274127,-25.415516723274127,25.415516723274127,0.02406738907410701,0.020230168591836763,0.044297557665943774,22.073298706302076,9.383206348853323,0.0,0.12075606291145036,1.1128911972045898,42.79219408957666,6.296089231967926,worst_uncertainty_stratified_mhz
1979,155.0,4,25.143646180991926,-25.143646180991926,25.143646180991926,0.005127949904113243,0.01811748304665385,0.023245432950767093,21.55745999767246,10.113353807744542,0.0,0.29273837439183126,1.8971362113952637,40.632307035165994,5.813544273376465,worst_uncertainty_stratified_mhz
3109,155.0,4,24.475386909779534,-24.475386909779534,24.475386909779534,0.010583994403707676,0.025207812014343856,0.03579180641805153,20.971680515186996,9.819874503235269,0.0,0.5209424841378869,2.626974105834961,38.27450195626326,5.828473389148712,worst_uncertainty_stratified_mhz
1862,155.0,4,24.384466117087527,-24.384466117087527,24.384466117087527,0.025835721697195932,0.015072632866726823,0.04090835456392276,20.980140406093007,9.571422327298938,0.0,0.10223385391833517,1.1235060691833496,40.632307035165994,5.956617116928101,worst_uncertainty_stratified_mhz
2717,155.0,4,22.942358882409955,-22.942358882409955,22.942358882409955,0.025451135682626705,0.023493959698462914,0.04894509538108962,19.975697387221494,8.293740837569688,0.0,0.1459348505571505,1.3850231170654297,38.27450195626326,6.406578600406647,worst_uncertainty_stratified_mhz
1868,170.0,4,27.28667303599515,-27.28667303599515,27.28667303599515,0.002071012237453961,0.004439152108397575,0.0065101643458515355,21.729740737349267,15.818230010637997,0.0,0.033623593874718694,0.6000401973724365,42.79219408957666,3.2647094130516052,worst_uncertainty_stratified_mhz
2218,170.0,4,24.067916903880924,-24.067916903880924,24.067916903880924,0.0066834178448177545,0.007321527630886557,0.01400494547570431,19.56721331746648,12.776466363076896,0.0,0.0619369172385964,0.7360508441925049,38.27450195626326,4.165791600942612,worst_uncertainty_stratified_mhz
1725,170.0,4,23.403337722729706,-23.403337722729706,23.403337722729706,0.007568319475081839,0.012743040311986805,0.020311359787068644,18.956853474320624,12.594252636237288,0.0,0.08608809853389854,0.9900426864624023,36.75148806511105,4.03376892209053,worst_uncertainty_stratified_mhz
2731,180.0,4,28.420731530752587,-28.420731530752587,28.420731530752587,0.01427635516735721,0.030370785501477444,0.044647140668834656,23.281482739054177,14.475628759959017,0.0,0.2911786750110599,1.785020112991333,44.1955880150949,4.79540827870369,worst_uncertainty_stratified_mhz
1709,180.0,4,27.455878022991456,-27.455878022991456,27.455878022991456,0.009358550212810242,0.009998078164554239,0.01935662837736448,22.406025853424453,14.345404284165397,0.0,0.030529514334034502,0.5554046630859375,44.1955880150949,4.548266649246216,worst_uncertainty_stratified_mhz
3140,180.0,4,27.398026554375317,-27.398026554375317,27.398026554375317,0.00576257906396993,0.011689447247874997,0.017452026311844927,22.452851554136355,14.050607960600532,0.0,0.035868713352211756,0.6383776664733887,44.1955880150949,4.729940593242645,worst_uncertainty_stratified_mhz
2340,180.0,4,27.36938956600302,-27.36938956600302,27.36938956600302,0.014688547291529104,0.00768425011165376,0.022372797403182865,22.37939459371695,14.166797245159382,0.0,0.02943240761115007,0.5043363571166992,44.1955880150949,4.640164911746979,worst_uncertainty_stratified_mhz
2842,200.0,4,28.553878595365394,-28.553878595365394,28.553878595365394,0.013872509954767125,0.016928088150726127,0.03080059810549325,22.721652459760676,16.512140843327387,0.0,0.11330401934426959,1.021108865737915,44.1955880150949,3.7946760654449463,worst_uncertainty_stratified_mhz
2146,200.0,4,28.373075233272875,-28.373075233272875,28.373075233272875,0.006107301316131165,0.0033893965634831423,0.009496697879614307,22.335958653261766,17.189072897430673,0.0,0.021323305649314506,0.4336826801300049,44.1955880150949,3.1898881793022156,worst_uncertainty_stratified_mhz
2500,200.0,4,28.0754089088335,-28.0754089088335,28.0754089088335,0.005908077319782438,0.022542216777779085,0.028450294097561522,22.69832097648567,15.23162475934237,0.0,0.10261670778404763,0.9958205223083496,44.1955880150949,4.558297693729401,worst_uncertainty_stratified_mhz
2434,200.0,4,27.91078315794049,-27.91078315794049,27.91078315794049,0.03219923364624793,0.028488231831843087,0.06068746547809102,22.32238483739055,15.712400465196941,0.0,0.21913101522032363,1.414313554763794,42.79219408957666,4.124981462955475,worst_uncertainty_stratified_mhz
2580,200.0,4,27.61752231949054,-27.61752231949054,27.61752231949054,0.02194641803315581,0.05138215762327365,0.07332857565642946,22.424053279062356,14.55690438782848,0.0,0.24250148421299045,1.5709095001220703,42.79219408957666,4.880726516246796,worst_uncertainty_stratified_mhz
2747,200.0,4,27.193228576454015,-27.193228576454015,27.193228576454015,0.035900220466010185,0.013468555239304488,0.04936877570531467,21.755969719359463,15.361694018876161,0.0,0.03404293023214322,0.6516594886779785,42.79219408957666,4.083039939403534,worst_uncertainty_stratified_mhz
1636,200.0,4,24.51875820351966,-24.51875820351966,24.51875820351966,0.030103299034347285,0.030911171689224304,0.06101447072357159,19.9201035776459,12.907688215418665,0.0,0.15252203692271848,1.2606611251831055,38.27450195626326,4.89417040348053,worst_uncertainty_stratified_mhz
3069,200.0,4,24.476908353534597,-24.476908353534597,24.476908353534597,0.03665283461500974,0.01225149069259811,0.04890432530760785,19.411373643024643,14.299657113752113,0.0,0.0296852087620314,0.4888749122619629,38.27450195626326,3.665705591440201,worst_uncertainty_stratified_mhz
1913,230.0,4,29.21312839294523,-29.21312839294523,29.21312839294523,0.16889791612931318,0.03729716922370006,0.20619508535301323,23.746517671588446,14.9476414116797,0.0,0.45465260958237863,2.3881421089172363,44.1955880150949,5.86510556936264,worst_uncertainty_stratified_mhz
2041,230.0,4,29.042455451369733,-29.042455451369733,29.042455451369733,0.10633110953647756,0.06194799299646201,0.16827910253293957,23.7864327446267,14.42789833656775,0.0,0.8891295402466959,3.0024123191833496,42.79219408957666,6.206930339336395,worst_uncertainty_stratified_mhz
2760,230.0,4,28.72233858503333,-28.72233858503333,28.72233858503333,0.032944451384675784,0.03078459278085021,0.063729044165526,23.04025429465683,15.943095646129445,0.0,0.5497811626797784,2.1887521743774414,42.79219408957666,4.843467473983765,worst_uncertainty_stratified_mhz
2817,230.0,4,28.70550675129206,-28.70550675129206,28.70550675129206,0.05243951878119368,0.031031227032943948,0.08347074581413763,22.477004684394526,17.477830495182538,0.0,0.15333027381034636,1.1590242385864258,43.48832458258193,3.522534817457199,worst_uncertainty_stratified_mhz
3142,230.0,4,28.454602865276932,-28.454602865276932,28.454602865276932,0.062444732548028715,0.07934872996868077,0.1417934625167095,22.90837387285965,15.349768990409695,0.0,0.4461712238995652,2.132211208343506,42.79219408957666,5.215771019458771,worst_uncertainty_stratified_mhz
1817,230.0,4,28.071205772692117,-28.071205772692117,28.071205772692117,0.03157620915996563,0.021538689603551008,0.05311489876351664,22.17667160679247,16.61810803496653,0.0,0.15652907078557288,1.2480909824371338,42.79219408957666,3.943526715040207,worst_uncertainty_stratified_mhz
1751,230.0,4,27.88708502182529,-27.88708502182529,27.88708502182529,0.0536252801017102,0.028690084659377325,0.08231536476108753,21.815240320207526,17.055901112364197,0.0,0.07605929771991438,0.6861679553985596,42.79219408957666,3.453581780195236,worst_uncertainty_stratified_mhz
1981,230.0,4,27.777288461248006,-27.777288461248006,27.777288461248006,0.021807785944878203,0.07019724531251756,0.09200503125739576,22.091902607135445,15.916517513087017,0.0,0.15893699011200724,1.0737371444702148,42.79219408957666,4.410115420818329,worst_uncertainty_stratified_mhz
1809,250.0,4,30.010190783507802,-30.010190783507802,30.010190783507802,0.03196227518542479,0.022863247711841783,0.054825522897266575,23.19244775312283,19.183320174519523,0.0,0.3276481827930944,1.5340111255645752,44.1955880150949,2.9350854754447937,worst_uncertainty_stratified_mhz
2086,250.0,4,29.10795421125586,-29.10795421125586,29.10795421125586,0.006220856783623517,0.006892373420109131,0.013113230203732649,22.56540819707586,18.601900237432506,0.0,0.04869641437429717,0.8378355503082275,44.1955880150949,2.9395268261432648,worst_uncertainty_stratified_mhz
1602,250.0,4,28.77063524991342,-28.77063524991342,28.77063524991342,0.054045360870059476,0.05612197107520448,0.11016733194526396,23.810016082790707,13.780752449121385,0.0,0.5892188308432331,2.246006488800049,44.1955880150949,7.058191239833832,worst_uncertainty_stratified_mhz
1752,250.0,4,28.06855209633997,-28.06855209633997,28.06855209633997,0.09122287000318118,0.13607055706961027,0.22729342707279143,23.80624635965073,11.448757126111573,0.0,0.9491238105317592,3.171619415283203,42.542625682954736,8.714878678321838,worst_uncertainty_stratified_mhz
2706,250.0,4,27.066887670631115,-27.066887670631115,27.066887670631115,0.070648273490694,0.4122230709082841,0.48287134439897805,23.042321914412884,9.988431397816305,0.0,3.072789446669102,6.327311038970947,33.61175389651662,9.580270111560822,worst_uncertainty_stratified_mhz
1982,250.0,4,26.58801010916244,-26.58801010916244,26.58801010916244,0.03468741324651662,0.07033752247174266,0.10502493571825927,21.23771426524668,14.909275469735482,0.0,0.295199611879152,1.4197664260864258,40.46526288064863,5.02620655298233,worst_uncertainty_stratified_mhz
1771,250.0,4,26.399581903514694,-26.399581903514694,26.399581903514694,0.053876907947272935,0.15807868969469108,0.211955597641964,22.3493420547971,10.866963169710363,0.0,1.4470064086160583,4.142521858215332,37.66214943414675,8.629945933818817,worst_uncertainty_stratified_mhz
3185,250.0,4,26.02766452629803,-26.02766452629803,26.02766452629803,0.12145274762381826,0.07241500065086885,0.1938677482746871,23.003711581498873,8.028150945404583,0.0,0.7748476441218912,3.179896354675293,41.27783152007867,10.876809000968933,worst_uncertainty_stratified_mhz
3101,250.0,4,25.979592516922963,-25.979592516922963,25.979592516922963,0.4025583855745429,0.22639899731989027,0.6289573828944331,21.495056141886774,10.917938337773009,0.0,1.3389378302517798,3.400390625,36.91184599826999,8.43371319770813,worst_uncertainty_stratified_mhz
2741,250.0,4,25.184939624939442,-25.184939624939442,25.184939624939442,0.0029708893226589907,0.0073391503723311356,0.010310039694990126,19.482999460389617,16.20829395989437,0.0,0.04446559956755891,0.6025657653808594,38.27450195626326,2.814999580383301,worst_uncertainty_stratified_mhz
2776,250.0,4,25.1503601070818,-25.1503601070818,25.1503601070818,0.38480805118253575,0.1393210508171592,0.524129101999695,21.177744466364604,9.771402256117028,0.0,1.0876337815509167,3.246581554412842,36.93363981521453,9.14958244562149,worst_uncertainty_stratified_mhz
2494,250.0,4,25.081248269662588,-25.081248269662588,25.081248269662588,0.0020981950136066494,0.0051270777877342865,0.007225272801340936,19.272584844645433,16.510507690851036,0.0,0.047934873719319704,0.6391243934631348,37.81017554838909,2.4048320949077606,worst_uncertainty_stratified_mhz
1705,265.0,4,29.620120750113422,-29.620120750113422,29.620120750113422,0.2865077308558519,0.2568448207683228,0.5433525516241747,27.27054594545952,5.06917805395017,0.0,3.3068526043358446,6.061716079711914,41.86567060253544,14.20242965221405,worst_uncertainty_stratified_mhz
2206,265.0,4,27.763157346925496,-27.763157346925496,27.763157346925496,1.6735922581402078,0.3065037257327122,1.98009598387292,24.54070512180051,3.4918425338529624,0.0,1.4861126756410954,3.3878860473632812,42.72129884495555,15.078927755355835,worst_uncertainty_stratified_mhz
2844,265.0,4,27.03692762748235,-27.03692762748235,27.03692762748235,1.6819101864516481,0.21737206500828088,1.899282251459929,23.91055095114512,3.453958466267412,0.0,1.2002264778425342,3.033482551574707,42.38716639503046,15.04133653640747,worst_uncertainty_stratified_mhz
3007,265.0,4,25.520766146479406,-25.520766146479406,25.520766146479406,0.37363545196933057,0.3834959829614784,0.7571314349308089,23.813245924028838,2.6654783727641758,0.0,1.1705029973665972,3.430453300476074,41.85503255284841,15.481022238731384,worst_uncertainty_stratified_mhz
2934,265.0,4,24.956745108391193,-24.956745108391193,24.956745108391193,0.2115443129477328,0.569957202654574,0.7815015156023067,22.95128054035045,3.4268598804127497,0.0,2.131158516257514,3.5979156494140625,38.04232839877181,14.858757376670837,worst_uncertainty_stratified_mhz
2725,265.0,4,24.929822878847315,-24.929822878847315,24.929822878847315,0.7238177585283189,0.4043812153740281,1.128198973902347,22.855061132131453,2.662498839740856,0.0,0.8225770132506653,2.5260181427001953,41.53895009506138,15.436908841133118,worst_uncertainty_stratified_mhz
3131,265.0,4,24.723841496079874,-24.723841496079874,24.723841496079874,0.8335353130870654,0.5731713091345483,1.4067066222216136,22.294198065144844,2.8943206566546342,0.0,0.36621132133359424,1.861368179321289,41.99460530830121,15.24381971359253,worst_uncertainty_stratified_mhz
1648,265.0,4,24.686281660905074,-24.686281660905074,24.686281660905074,0.1768321090723269,0.44191391258032814,0.618746021652655,22.47560136314401,4.483753944122976,0.0,1.6036127139924332,3.7244510650634766,38.019526233239674,13.99553668498993,worst_uncertainty_stratified_mhz
2421,265.0,4,24.61303981031479,-24.61303981031479,24.61303981031479,0.19295612794207662,0.2277850687135848,0.42074119665566145,23.033691428117017,3.2839166118263567,0.0,0.30438825505137856,1.9647130966186523,43.493893249512624,14.933189153671265,worst_uncertainty_stratified_mhz
2125,265.0,4,24.27102464181144,-24.27102464181144,24.27102464181144,0.20654599417626773,0.5499478017690944,0.7564937959453621,22.62121137817538,2.487348288504554,0.0,1.993625977164811,4.338457107543945,36.916713694477195,15.517683982849121,worst_uncertainty_stratified_mhz
2852,265.0,4,24.19110189774479,-24.19110189774479,24.19110189774479,0.12705121793242566,0.7266256355151247,0.8536768534475504,22.5975966421609,2.031437709630024,0.0,3.344495389691872,5.915224075317383,32.59097842962068,15.861086130142212,worst_uncertainty_stratified_mhz
2399,270.0,4,31.518950025168373,-31.518950025168373,31.518950025168373,0.46333930999776046,0.21838696458037155,0.6817262745781321,27.247312115963457,10.147129910862443,0.0,2.9696050569914263,6.219886779785156,42.335527338158904,11.21438181400299,worst_uncertainty_stratified_mhz
2948,270.0,4,30.728419229350663,-30.728419229350663,30.728419229350663,0.07709900438270466,0.2218991377275463,0.29899814211025094,25.378556203164084,14.285522693955972,0.0,2.5431638245429973,5.399827480316162,40.27095727692601,7.827750027179718,worst_uncertainty_stratified_mhz
3071,270.0,4,28.984587786776956,-28.984587786776956,28.984587786776956,0.03764017525730206,0.0659988804810709,0.10363905573837295,23.152600239627898,16.240736008202127,0.0,0.8844602958831018,3.213805675506592,41.322474211983,5.332493424415588,worst_uncertainty_stratified_mhz
3112,270.0,4,28.765015928163184,-28.765015928163184,28.765015928163184,0.06385193473761668,0.06176582344188444,0.1256177581795011,22.705596088060446,16.825332679242557,0.0,0.7001473029993894,2.9058492183685303,41.10504835175358,4.655257910490036,worst_uncertainty_stratified_mhz
3053,270.0,4,28.75007138162127,-28.75007138162127,28.75007138162127,0.0678961314410068,0.04382717399425072,0.11172330543525752,22.595870911516922,17.171292539022655,0.0,0.3144241162097927,1.7706995010375977,42.79219408957666,4.310063004493713,worst_uncertainty_stratified_mhz
2422,270.0,4,28.43118462683333,-28.43118462683333,28.43118462683333,0.025410262408844305,0.10241631171868774,0.12782657412753204,22.82202765153228,15.490541679709779,0.0,1.882491562069666,4.768805742263794,37.11026643666143,5.751259595155716,worst_uncertainty_stratified_mhz
2502,270.0,4,28.338877538755234,-28.338877538755234,28.338877538755234,0.014798861750076671,0.012522370808927432,0.0273212325590041,21.82502241094893,18.468872452165623,0.0,0.06043991541596849,0.7369709014892578,42.79219408957666,2.740318149328232,worst_uncertainty_stratified_mhz
2318,280.0,4,28.497553707500465,-28.497553707500465,28.497553707500465,0.009130504783555154,0.03809338029732322,0.047223885080878374,22.207556122379884,17.682104789418666,0.0,0.64825971287949,2.125643730163574,40.992949088837214,3.7249727845191956,worst_uncertainty_stratified_mhz
2846,280.0,4,28.457314631553466,-28.457314631553466,28.457314631553466,0.05850601486139159,0.1311972729489104,0.189703287810302,22.31806340456361,16.819720309607447,0.0,1.3149822666561795,3.8848509788513184,38.12131129696354,4.576229363679886,worst_uncertainty_stratified_mhz
1857,280.0,4,27.99043158822964,-27.99043158822964,27.99043158822964,0.15037939276329715,0.07536418047627792,0.22574357323957506,22.705344311908423,14.372460290139689,0.0,0.6065229505311436,2.5443115234375,41.65333119931706,6.717787504196167,worst_uncertainty_stratified_mhz
2882,280.0,4,27.95799176615749,-27.95799176615749,27.95799176615749,0.057176521394932706,0.01631754883512945,0.07349407023006216,21.81727682206085,17.238307101588365,0.0,0.2696155204302215,1.540013074874878,41.55530952838638,3.8390499353408813,worst_uncertainty_stratified_mhz
2834,280.0,4,27.495812871044606,-27.495812871044606,27.495812871044606,0.031264216927242,0.006372694524360025,0.03763691145160203,21.14737796510397,17.96369131530479,0.0,0.0667568822160689,0.8538956642150879,41.307346501560716,2.747949004173279,worst_uncertainty_stratified_mhz
2974,280.0,4,27.492422734634495,-27.492422734634495,27.492422734634495,0.05147642793701595,0.012588326150665468,0.06406475408768142,21.66685650359202,16.39491161019237,0.0,0.16980823846461135,1.3362641334533691,41.657832396801446,4.424777030944824,worst_uncertainty_stratified_mhz
2288,300.0,4,28.94125579284413,-28.94125579284413,28.94125579284413,0.07222871521460866,0.04516780746116106,0.11739652267576972,22.794499448673005,17.11949758421536,0.0,0.5057517215140841,1.8269472122192383,42.7505482420986,4.736576497554779,worst_uncertainty_stratified_mhz
2405,300.0,4,28.71783211828273,-28.71783211828273,28.71783211828273,0.00463569338971359,0.010442471972061372,0.015078165361774962,22.151156341753577,18.637067397176583,0.0,0.11710707437177348,1.22025728225708,42.84784125250653,2.98882794380188,worst_uncertainty_stratified_mhz
2389,300.0,4,28.636437704420324,-28.636437704420324,28.636437704420324,0.013980160116527555,0.011523195605060129,0.025503355721587684,22.074412507927303,18.588259787438876,0.0,0.1337115193142031,1.0892078876495361,42.79219408957666,2.9844509661197662,worst_uncertainty_stratified_mhz
2255,300.0,4,28.30483388854643,-28.30483388854643,28.30483388854643,0.00952590147466342,0.005575540742614617,0.015101442217278035,21.694698565518816,18.787884173185475,0.0,0.03786100216053878,0.5214810371398926,42.79219408957666,2.523798853158951,worst_uncertainty_stratified_mhz
2537,300.0,4,27.871217795836557,-27.871217795836557,27.871217795836557,0.015371068214169026,0.013661001762161212,0.02903206997633024,21.334156328411083,18.54921068215542,0.0,0.024345725778835536,0.3934814929962158,42.22613971226828,2.4679637253284454,worst_uncertainty_stratified_mhz
2649,300.0,4,27.628253709815056,-27.628253709815056,27.628253709815056,0.031830760123668804,0.02165956635576353,0.05349032647943233,21.28422804941492,17.834229379188127,0.0,0.3617603511510401,1.6440725326538086,40.20086286387395,3.0968208014965057,worst_uncertainty_stratified_mhz
4074,120.0,5,58.465278898818234,-58.465278898818234,58.465278898818234,0.3179364388819783,3.6784659948710643,3.9964024337530426,54.3691618627084,0.0,0.0,43.82175653659395,20.508508682250977,0.5863019699779287,16.5968679189682,worst_uncertainty_stratified_mhz
4072,120.0,5,43.8634811901551,-43.8634811901551,43.8634811901551,2.832976304510368,1.4909731874733312,4.323949491983699,39.44240206391193,0.0,0.0,15.846157870223264,13.209266424179077,33.983221963198254,10.245903104543686,worst_uncertainty_stratified_mhz
4169,120.0,5,39.51755062348615,-39.51755062348615,39.51755062348615,0.35626918550942693,0.8254639254701456,1.1817331109795726,38.25098944241024,0.0,0.0,10.978809648806271,10.348771572113037,44.1955880150949,9.765130460262299,worst_uncertainty_stratified_mhz
3579,150.0,5,27.441280936276417,-27.441280936276417,27.441280936276417,0.03535234058796908,0.3835599363940228,0.4189122769819919,21.969731165611652,14.15107437090134,0.0,2.441189861365429,5.0738606452941895,33.983221963198254,3.915416568517685,worst_uncertainty_stratified_mhz
4101,150.0,5,24.552605435145885,-24.552605435145885,24.552605435145885,0.009496627255657482,0.004359222667320759,0.01385584992297824,19.600948851283714,14.052163480486287,0.0,0.0550959930785373,0.8172037601470947,38.27450195626326,3.002598911523819,worst_uncertainty_stratified_mhz
4054,150.0,5,22.97406478257171,-22.97406478257171,22.97406478257171,0.006231157565697753,0.08910826907985991,0.09533942664555767,18.283330971868697,12.994645084945406,0.0,0.3464432530564352,1.8905534744262695,33.983221963198254,3.1130298376083374,worst_uncertainty_stratified_mhz
4470,150.0,5,22.672166802660584,-22.672166802660584,22.672166802660584,0.05966207370619724,0.009948006678977704,0.06961008038517495,18.829432254087415,10.731975515247939,0.0,0.09578173535027101,0.9290077686309814,36.538293268843304,4.5692664086818695,worst_uncertainty_stratified_mhz
4214,155.0,5,26.080055981054915,-26.080055981054915,26.080055981054915,0.10933526284817463,0.011068384132684628,0.12040364698085926,22.770644365904907,9.04266932613289,0.0,0.4060040300246577,1.937086582183838,42.79219408957666,6.617017209529877,worst_uncertainty_stratified_mhz
4283,155.0,5,24.95857237084207,-24.95857237084207,24.95857237084207,0.023643389260821643,0.01147628122825329,0.03511967048907493,21.760110014833668,9.015342593772624,0.0,0.0417981282026858,0.6444296836853027,42.79219408957666,6.4107489585876465,worst_uncertainty_stratified_mhz
3877,155.0,5,22.69305694679296,-22.69305694679296,22.69305694679296,0.057882311995950314,0.04492802266470173,0.10281033466065204,19.633133318237984,8.394552434824147,0.0,0.2286843038308426,1.4577350616455078,37.351162967168776,6.285632789134979,worst_uncertainty_stratified_mhz
4203,155.0,5,22.27903661846483,-22.27903661846483,22.27903661846483,0.21397867947487412,0.5182870532152819,0.732265732690156,18.498379697454332,8.572174180403469,0.0,1.3657226898992256,3.7655701637268066,30.499743851383407,6.070205271244049,worst_uncertainty_stratified_mhz
4164,155.0,5,22.197676610795696,-22.197676610795696,22.197676610795696,0.06557207650942125,0.03738426266106285,0.1029563391704841,19.160170739451463,8.334977405292856,0.0,0.18453647480975732,1.1997804641723633,36.75148806511105,6.20509272813797,worst_uncertainty_stratified_mhz
3408,155.0,5,20.484838131246637,-20.484838131246637,20.484838131246637,0.14126414451026256,0.4877208892377366,0.6289850337479992,16.836659651124233,8.468220589554205,0.0,1.561463912017981,3.2705912590026855,27.279800219209818,5.64746218919754,worst_uncertainty_stratified_mhz
3858,155.0,5,20.29505485814416,-20.29505485814416,20.29505485814416,0.0039049078597014945,0.00868897061572453,0.012593878475426024,17.764578162032127,7.154767763748128,0.0,0.12849557440810244,1.1455626487731934,34.126602526474855,6.534566342830658,worst_uncertainty_stratified_mhz
3539,155.0,5,20.152583542488163,-20.152583542488163,20.152583542488163,0.416619342257533,0.13001802535784965,0.5466373676153826,16.310817203134715,9.342314243005253,0.0,0.24444604419716143,1.6329984664916992,30.499743851383407,4.881858587265015,worst_uncertainty_stratified_mhz
3832,170.0,5,27.128379680735783,-27.128379680735783,27.128379680735783,0.0020938852219772367,0.005488876148948011,0.0075827613709252475,21.93171085658123,14.777769928107864,0.0,0.06971458274321574,0.9317984580993652,42.79219408957666,3.913583368062973,worst_uncertainty_stratified_mhz
3353,170.0,5,25.77348412755843,-25.77348412755843,25.77348412755843,0.008382916709746892,0.0076136565826876845,0.015996573292434577,20.76532314697941,14.214207479928058,0.0,0.067908668296905,0.8346884250640869,40.56014053230092,3.7894967198371887,worst_uncertainty_stratified_mhz
4659,170.0,5,25.6340824998767,-25.6340824998767,25.6340824998767,0.002528284828773923,0.0014636720451937193,0.003991956873967643,20.1021171705381,15.757451337018063,0.0,0.017833615275957726,0.4413723945617676,39.72719471596252,2.5949934124946594,worst_uncertainty_stratified_mhz
4607,180.0,5,27.97187888608744,-27.97187888608744,27.97187888608744,0.01819721810352037,0.0278338483080668,0.04603106641158717,22.35204315368754,15.82634920549172,0.0,0.26404549797544163,1.3838012218475342,42.79219408957666,3.714699685573578,worst_uncertainty_stratified_mhz
3765,180.0,5,27.640813407643485,-27.640813407643485,27.640813407643485,0.008429657519676012,0.010281283944457898,0.01871094146413391,21.91502145679437,16.245449207530672,0.0,0.07718532966961433,0.8834781646728516,42.79219408957666,3.280264437198639,worst_uncertainty_stratified_mhz
3611,180.0,5,27.230173057105493,-27.230173057105493,27.230173057105493,0.02064964178358045,0.03940697495447228,0.06005661673805274,22.317073405592744,13.802148124179674,0.0,0.18634839869198672,1.4692559242248535,42.79219408957666,4.8413843512535095,worst_uncertainty_stratified_mhz
3511,180.0,5,26.260946094136607,-26.260946094136607,26.260946094136607,0.012718542993402119,0.012999172737328065,0.025717715730730183,20.973348426129856,14.965707644212548,0.0,0.12053832042556323,1.145479679107666,40.56014053230092,3.634350836277008,worst_uncertainty_stratified_mhz
3315,200.0,5,29.00716037063621,-29.00716037063621,29.00716037063621,0.016195147031188073,0.023425806415156486,0.03962095344634456,22.813362449453663,17.46829154167068,0.0,0.27754068378983376,1.5833189487457275,43.48832458258193,3.270156681537628,worst_uncertainty_stratified_mhz
4616,200.0,5,28.48159500707699,-28.48159500707699,28.48159500707699,0.0017533220081510637,0.007296465149427584,0.009049787157578648,22.443035580372452,17.1866489325849,0.0,0.03384759661345438,0.6227879524230957,44.1955880150949,3.2430282533168793,worst_uncertainty_stratified_mhz
3232,200.0,5,27.731096917794545,-27.731096917794545,27.731096917794545,0.00937559024719945,0.009632119841703061,0.01900771008890251,21.994139190482986,16.28035926308101,0.0,0.08163131805793622,1.0328216552734375,42.79219408957666,3.603056699037552,worst_uncertainty_stratified_mhz
4451,200.0,5,27.604145998051504,-27.604145998051504,27.604145998051504,0.048052358170191045,0.035332369590284594,0.08338472776047565,22.599326422609217,13.990461965075962,0.0,0.27557463462630594,1.8553094863891602,42.79219408957666,5.297588527202606,worst_uncertainty_stratified_mhz
4790,200.0,5,27.4179389110218,-27.4179389110218,27.4179389110218,0.003053376966510001,0.008167378679697484,0.011220755646207484,21.793543670620725,15.99650625530701,0.0,0.044978612068965695,0.7049360275268555,42.79219408957666,3.6826641857624054,worst_uncertainty_stratified_mhz
4577,200.0,5,27.410463610257064,-27.410463610257064,27.410463610257064,0.04716711889387363,0.011903798555603634,0.05907091744947726,21.77850749175887,15.876160133237574,0.0,0.06004492458589539,0.6447310447692871,42.79219408957666,3.774698495864868,worst_uncertainty_stratified_mhz
3504,200.0,5,27.26547078910438,-27.26547078910438,27.26547078910438,0.04365723745092848,0.011535334122893816,0.05519257157382229,21.6521746438649,15.85097002760243,0.0,0.023424696473418827,0.46530580520629883,42.79219408957666,3.727843254804611,worst_uncertainty_stratified_mhz
4580,200.0,5,26.744042387266255,-26.744042387266255,26.744042387266255,0.0103030495126986,0.015043324763246194,0.025346374275944793,21.024029174495006,16.2091757469971,0.0,0.07467124748778176,0.8667161464691162,41.03199970754533,3.184062421321869,worst_uncertainty_stratified_mhz
4383,230.0,5,30.436720335482573,-30.436720335482573,30.436720335482573,0.08206896455114081,0.04487950680174663,0.12694847135288745,23.61761469522282,18.941055004175507,0.0,0.63886278017166,2.446729302406311,43.51077452769601,3.182494953274727,worst_uncertainty_stratified_mhz
3866,230.0,5,29.700753649756475,-29.700753649756475,29.700753649756475,0.036682266735698306,0.06721367058092986,0.10389593731662816,24.05610297591798,15.718853752750592,0.0,0.7302937839680652,2.4560303688049316,44.1955880150949,5.456213355064392,worst_uncertainty_stratified_mhz
4709,230.0,5,29.076962930418727,-29.076962930418727,29.076962930418727,0.0178067334986057,0.07049492865800074,0.08830166215660644,23.468856441839993,15.65148896533304,0.0,0.7680065703609875,2.6095056533813477,42.79219408957666,5.243432730436325,worst_uncertainty_stratified_mhz
3658,230.0,5,28.781718594532784,-28.781718594532784,28.781718594532784,0.016813452388237404,0.010211117205114079,0.027024569593351484,22.407104645778205,18.092204914975422,0.0,0.03428288630814702,0.5500555038452148,44.1955880150949,3.0219432413578033,worst_uncertainty_stratified_mhz
3427,230.0,5,28.761140699921533,-28.761140699921533,28.761140699921533,0.04044720788903571,0.08037516370291059,0.12082237159194631,22.78431272454356,16.616444828425614,0.0,0.47805924124219157,1.9323740005493164,42.68013296605342,4.294532686471939,worst_uncertainty_stratified_mhz
3481,230.0,5,28.472382379912744,-28.472382379912744,28.472382379912744,0.003936835519133776,0.007131561402828204,0.01106839692196198,21.708706475734477,19.24306645270322,0.0,0.015700760910209333,0.454561710357666,42.93144971929087,1.7865418493747711,worst_uncertainty_stratified_mhz
3917,230.0,5,28.237786571059786,-28.237786571059786,28.237786571059786,0.013890590073414198,0.010121200119649704,0.024011790193063903,21.67347621328664,18.637541273843926,0.0,0.022932423579486994,0.5088934898376465,42.79219408957666,2.206327259540558,worst_uncertainty_stratified_mhz
3931,230.0,5,28.114776463564752,-28.114776463564752,28.114776463564752,0.022890680919739392,0.017324210353431985,0.04021489127317138,21.655676562070663,18.29185470521975,0.0,0.02696500007041802,0.4652290344238281,42.79219408957666,2.4529692232608795,worst_uncertainty_stratified_mhz
3417,250.0,5,28.820895031178793,-28.820895031178793,28.820895031178793,0.052736201073949836,0.06482629233001291,0.11756249340396274,22.51318219726713,17.577837787539004,0.0,0.32050436575309416,1.7414815425872803,42.64387412044079,3.7336727678775787,worst_uncertainty_stratified_mhz
3656,250.0,5,28.79365584266705,-28.79365584266705,28.79365584266705,0.03580545830794522,0.010918399067010774,0.046723857374956,21.834630663389586,19.64602678634275,0.0,0.062221779974393376,0.7526236772537231,42.79219408957666,1.7230555564165115,worst_uncertainty_stratified_mhz
3979,250.0,5,28.093234052372893,-28.093234052372893,28.093234052372893,0.6314908638924625,0.06166849677365442,0.6931593606661168,22.755576733587954,13.208766072026377,0.0,0.3882289163234276,1.9425015449523926,42.79219408957666,7.268840909004211,worst_uncertainty_stratified_mhz
4347,250.0,5,27.618694276485186,-27.618694276485186,27.618694276485186,0.2355492476659274,0.31191628114449454,0.547465528810422,23.82215089974851,9.200585614379015,0.0,1.430511025370592,4.260523796081543,40.522755952674295,10.35608160495758,worst_uncertainty_stratified_mhz
3473,250.0,5,27.555194910503268,-27.555194910503268,27.555194910503268,0.11692118206674963,0.14693609969725063,0.26385728176400025,23.237214701295095,11.515071767113742,0.0,0.6555187166896275,2.9180150032043457,42.24537696600659,8.487583756446838,worst_uncertainty_stratified_mhz
3677,250.0,5,27.508168532307998,-27.508168532307998,27.508168532307998,0.021432472538402334,0.005246942827274509,0.026679415365676844,21.643340728537932,16.64980019747692,0.0,0.027357261592313442,0.4397728443145752,42.79219408957666,3.8578881323337555,worst_uncertainty_stratified_mhz
3981,250.0,5,27.45551840681979,-27.45551840681979,27.45551840681979,0.10789842178598223,0.2991237106290333,0.40702213241501556,23.051953009702114,11.3273115047171,0.0,1.213018981648517,3.597090244293213,40.08077781181398,8.608704447746277,worst_uncertainty_stratified_mhz
4132,250.0,5,27.14443103802825,-27.14443103802825,27.14443103802825,0.2082801076139422,0.20017883573385412,0.4084589433477963,22.71972506879492,11.36306509899461,0.0,1.7619660599392795,3.792567253112793,38.122950764598485,8.471068322658539,worst_uncertainty_stratified_mhz
4543,250.0,5,26.227509813871855,-26.227509813871855,26.227509813871855,0.23926915865814638,0.24813547930821997,0.48740463796636635,20.988943770524934,13.448527163391896,0.0,1.2142726607868184,3.2237744331359863,36.325567786340244,6.2359539270401,worst_uncertainty_stratified_mhz
4375,250.0,5,25.998667772266614,-25.998667772266614,25.998667772266614,0.10679623349956084,0.05979411951962036,0.1665903530191812,20.32789415319946,15.564173282580203,0.0,0.8378994149085166,2.904547691345215,36.07544178523667,4.034406840801239,worst_uncertainty_stratified_mhz
4505,250.0,5,25.81321747181998,-25.81321747181998,25.81321747181998,0.01580727656534102,0.030745577063707546,0.04655285362904857,20.643591441038684,14.53055809811606,0.0,0.5522822062111992,2.422272205352783,37.760346264302186,4.970571219921112,worst_uncertainty_stratified_mhz
3399,250.0,5,25.380407772960304,-25.380407772960304,25.380407772960304,0.31330624641197147,0.11978416076728401,0.4330904071792555,20.5967325076833,12.333663758942729,0.0,0.8680136825558975,2.952301025390625,36.50513662486418,6.89055061340332,worst_uncertainty_stratified_mhz
3465,265.0,5,28.647670344219634,-28.647670344219634,28.647670344219634,0.5548561273485728,0.5213671629813175,1.0762232903298903,25.96576644124597,4.511236723229988,0.0,2.3966580626592418,5.276278495788574,41.861938261384886,14.469570398330688,worst_uncertainty_stratified_mhz
4252,265.0,5,28.30769417859998,-28.30769417859998,28.30769417859998,0.5754113909900221,0.1845893999516912,0.7600007909417134,24.783473904882126,7.829030007648924,0.0,1.3439899239060509,4.086773872375488,42.79219408957666,12.046497702598572,worst_uncertainty_stratified_mhz
4586,265.0,5,27.102544015442692,-27.102544015442692,27.102544015442692,0.20413914409561984,0.2930188258552643,0.4971579699508841,25.445098931815245,3.2480831070232132,0.0,2.031859971750009,4.190299034118652,42.63617888601182,15.191317081451416,worst_uncertainty_stratified_mhz
4452,265.0,5,27.023966679842548,-27.023966679842548,27.023966679842548,0.5372877915096529,0.5382956967539356,1.0755834882635886,24.523333737062742,3.97319755008308,0.0,4.083000938968311,5.900760650634766,34.9799049455541,14.671982169151306,worst_uncertainty_stratified_mhz
3705,265.0,5,26.271913969021085,-26.271913969021085,26.271913969021085,0.11511486908040096,0.2717032721326941,0.38681814121309505,24.945807775602603,2.6261054156191985,0.0,1.5740040944751712,3.9915971755981445,42.75201018665672,15.564778923988342,worst_uncertainty_stratified_mhz
3775,265.0,5,25.051175463008242,-25.051175463008242,25.051175463008242,0.7253106712053724,0.27822710299114717,1.0035377741965195,22.97520134505729,2.9948426253501252,0.0,2.1714326150902252,5.01113224029541,36.59640521963872,15.196901321411133,worst_uncertainty_stratified_mhz
4481,265.0,5,24.78422895586276,-24.78422895586276,24.78422895586276,0.35196916256824995,0.20229219662214817,0.5542613591903981,22.934712225845242,3.660145022653775,0.0,0.6937564470178899,2.437664031982422,42.04424752567228,14.659330010414124,worst_uncertainty_stratified_mhz
3748,265.0,5,24.423507809915943,-24.423507809915943,24.423507809915943,1.0735567531339438,0.1823159584801254,1.2558727116140693,22.343797256502942,2.326483778021302,0.0,0.3588942568858329,1.883584976196289,42.08622102303793,15.652312755584717,worst_uncertainty_stratified_mhz
4565,265.0,5,24.365233696383733,-24.365233696383733,24.365233696383733,0.36842209589343433,0.44947046790546147,0.8178925637988959,22.159755819906362,3.9227352080852063,0.0,0.7100209141227509,2.8091421127319336,40.09032769883529,14.400942921638489,worst_uncertainty_stratified_mhz
4037,265.0,5,24.221932939046155,-24.221932939046155,24.221932939046155,0.09198250278904517,0.12684449129756611,0.21882699408661127,21.19401508578649,7.9435124069599405,0.0,1.592414674698091,3.7639923095703125,35.439208512606484,10.930724382400513,worst_uncertainty_stratified_mhz
3352,265.0,5,23.8120760628895,-23.8120760628895,23.8120760628895,0.24486900256462107,0.8486353769326992,1.0935043794973203,19.976488181759635,7.681118431966456,0.0,5.631580446480655,7.30677604675293,21.383039423805027,11.049564599990845,worst_uncertainty_stratified_mhz
3830,270.0,5,29.092513520577082,-29.092513520577082,29.092513520577082,0.014435693666136737,0.004862791322489548,0.019298484988626286,22.507301235350496,18.707606690327857,0.0,0.04782826986389832,0.7233579158782959,44.1955880150949,2.9956065118312836,worst_uncertainty_stratified_mhz
3546,270.0,5,28.363382653593664,-28.363382653593664,28.363382653593664,0.09387822133534933,0.09657370443667924,0.19045192577202857,23.69094396482678,12.701978306918226,0.0,1.435617409657766,3.3268046379089355,41.18384847242909,8.253160238265991,worst_uncertainty_stratified_mhz
3278,270.0,5,27.239155666309422,-27.239155666309422,27.239155666309422,0.16694966031716732,0.08537335368029834,0.25232301399746565,22.672639632207257,12.26337437390252,0.0,0.5205330279987237,2.012998104095459,42.29121510432161,8.194167971611023,worst_uncertainty_stratified_mhz
4707,270.0,5,26.9893558023821,-26.9893558023821,26.9893558023821,0.09083887116575044,0.11757703138010737,0.20841590254585782,22.04157965627808,13.461771869671676,0.0,0.5972532556552288,2.5907387733459473,40.29791402789976,6.9648444056510925,worst_uncertainty_stratified_mhz
4247,270.0,5,25.885801097499424,-25.885801097499424,25.885801097499424,0.2643719549359661,0.11542452364160687,0.379796478577573,22.165901230576786,9.459640681444371,0.0,1.4291589208653335,4.237958908081055,37.23552571134185,10.22501814365387,worst_uncertainty_stratified_mhz
3887,270.0,5,24.833527559026567,-24.833527559026567,24.833527559026567,0.12477417266358487,0.03563782328649773,0.1604119959500826,19.376669502266537,15.067194724425033,0.0,0.13745895661352492,1.2227587699890137,37.25566232131701,4.0426124930381775,worst_uncertainty_stratified_mhz
3365,270.0,5,24.429444909356974,-24.429444909356974,24.429444909356974,0.060404697261819955,0.05967465283965779,0.12007935010147774,19.5008671324214,13.65327379792489,0.0,0.4114274985619737,2.1897315979003906,35.989147669818465,5.3716108202934265,worst_uncertainty_stratified_mhz
3743,280.0,5,31.304377786922302,-31.304377786922302,31.304377786922302,0.03003465090476895,0.11279470044645915,0.1428293513512281,24.70120209851079,18.260873724102332,0.0,1.7541162699788575,4.210841655731201,41.68333000133266,4.795844107866287,worst_uncertainty_stratified_mhz
3883,280.0,5,29.594116024385627,-29.594116024385627,29.594116024385627,0.06877165975393518,0.01681140712749622,0.0855830668814314,22.580056045707238,19.709429518868095,0.0,0.08137943642181256,0.8017652034759521,44.1955880150949,2.3633460998535156,worst_uncertainty_stratified_mhz
3204,280.0,5,28.719277013764984,-28.719277013764984,28.719277013764984,0.0812621895627131,0.07705281019244288,0.15831499975515598,22.54174998090639,17.061568868945393,0.0,0.7326519410556607,2.717592477798462,40.90060360190299,4.489605009555817,worst_uncertainty_stratified_mhz
3964,280.0,5,28.387485076555542,-28.387485076555542,28.387485076555542,0.14542998435517582,0.21455670402566984,0.3599866883808457,23.64975871697656,12.380279041826297,0.0,2.422816638158835,4.739704132080078,37.71418002555537,8.716789841651917,worst_uncertainty_stratified_mhz
3500,280.0,5,28.320931597350338,-28.320931597350338,28.320931597350338,0.03491078663842495,0.006923129847568938,0.04183391648599389,21.698911515700264,18.749730299579095,0.0,0.03120266118140247,0.5432236194610596,42.79219408957666,2.4836499392986298,worst_uncertainty_stratified_mhz
3675,280.0,5,28.14661528440694,-28.14661528440694,28.14661528440694,0.006950321010634343,0.03356342251752746,0.040513743528161804,21.746470622355268,18.006043135023596,0.0,0.5272032669584341,2.2135813236236572,40.22495338717001,3.1560344099998474,worst_uncertainty_stratified_mhz
3335,300.0,5,30.736463119299636,-30.736463119299636,30.736463119299636,0.013310525226857016,0.03875244428914689,0.05206296951600391,24.07991664464995,18.719067241305716,0.0,0.792333532922199,2.8132035732269287,43.76196265022857,4.213840574026108,worst_uncertainty_stratified_mhz
4126,300.0,5,28.46215352842799,-28.46215352842799,28.46215352842799,0.002455140028567595,0.006308697008758656,0.008763837037326251,21.631559744633794,19.44278075098431,0.0,0.016524110749393195,0.43787717819213867,42.79219408957666,1.9064565598964691,worst_uncertainty_stratified_mhz
4329,300.0,5,27.941915810722165,-27.941915810722165,27.941915810722165,0.003904637653552236,0.010494248449120346,0.014398886102672582,21.38427459872153,18.625992734076615,0.0,0.05527044380995161,0.724280834197998,41.933727475625155,2.4342301189899445,worst_uncertainty_stratified_mhz
4724,300.0,5,27.564997656600195,-27.564997656600195,27.564997656600195,0.0610075532362311,0.04467460093427687,0.10568215417050797,22.525846259217825,14.021337474551226,0.0,0.5463481820400347,2.197770118713379,41.7612260356422,7.10693895816803,worst_uncertainty_stratified_mhz
3453,300.0,5,27.51178414421659,-27.51178414421659,27.51178414421659,0.03780061119092395,0.026025835968595108,0.06382644715951906,21.67770202393333,16.40368585876686,0.0,0.28361356324918674,1.8257322311401367,40.962444690228146,4.596429884433746,worst_uncertainty_stratified_mhz
3386,300.0,5,27.27337763710303,-27.27337763710303,27.27337763710303,0.00408956953747881,0.019708339601203165,0.023797909138681975,20.833662897917222,18.168845652538007,0.0,0.3094695342505458,1.7832622528076172,39.265124474525734,2.4476043730974197,worst_uncertainty_stratified_mhz
5616,120.0,6,69.831531001123,-69.831531001123,69.831531001123,6.32497099631937,3.931445345026515,10.256416341345885,59.51309182730172,0.0,0.0,47.73058024640566,23.132010459899902,0.4330127018922193,27.847535729408264,worst_uncertainty_stratified_mhz
5031,120.0,6,61.999386225116126,-61.999386225116126,61.999386225116126,1.6523039103792012,3.358161567717076,5.010465478096277,56.90833297469532,0.0,0.0,36.53196544596038,20.122432708740234,20.630302348729646,18.750263571739197,worst_uncertainty_stratified_mhz
5385,120.0,6,55.610735205946646,-55.610735205946646,55.610735205946646,0.9588290726209091,2.649355674212982,3.608184746833891,51.9024104986023,0.0,0.0,29.00212232884666,16.730080127716064,29.070496211795216,13.444587528705597,worst_uncertainty_stratified_mhz
5806,150.0,6,456.1859588401206,-456.1859588401206,456.1859588401206,0.9936737565044513,32.89843602256155,33.892109779066,422.07049310363857,0.0,0.0,382.36588832281535,50.45666217803955,28.952547383606852,21.886788368225098,worst_uncertainty_stratified_mhz
5607,150.0,6,254.30407401169782,-254.30407401169782,254.30407401169782,10.142951382956726,14.01558259664306,24.158533979599788,230.02396494031805,0.0,0.0,205.70584257537362,46.94990253448486,1.6863421954040052,29.49298405647278,worst_uncertainty_stratified_mhz
5163,150.0,6,144.72813849806604,-144.72813849806604,144.72813849806604,14.137333402627595,8.481875491750419,22.619208894378012,121.89291854536235,0.0,0.0,103.0254587244151,33.1677131652832,4.567206476611277,11.747252464294434,worst_uncertainty_stratified_mhz
6364,150.0,6,119.38652099232304,-119.38652099232304,119.38652099232304,0.1606572403325551,7.003977266173382,7.164634506505937,105.60486641390182,18.193344049395854,0.0,78.10976095685375,28.113176107406616,26.877034806689522,8.86102357506752,worst_uncertainty_stratified_mhz
5656,155.0,6,234.1098100269805,-234.1098100269805,234.1098100269805,1.7412453357018485,14.504566080966601,16.24581141666845,217.74980940672643,0.0,0.0,192.53307923312445,48.38712215423584,2.0463381929681126,30.378592133522034,worst_uncertainty_stratified_mhz
6180,155.0,6,169.08443281027968,-169.08443281027968,169.08443281027968,15.727201972639746,12.565266028523126,28.292468001162874,140.65583702001965,0.0,0.0,113.66811032625651,33.918113708496094,20.057339679030218,19.57999324798584,worst_uncertainty_stratified_mhz
4959,155.0,6,98.7892730265851,-98.7892730265851,98.7892730265851,2.2694943664917138,6.391528745327011,8.661023111818725,89.95974703127516,0.0,0.0,64.10180190189243,23.500203132629395,28.215687126136057,11.878669261932373,worst_uncertainty_stratified_mhz
4986,155.0,6,79.78395668560623,-79.78395668560623,79.78395668560623,8.713764050289734,3.834098702624424,12.547862752914158,67.1260736467126,0.0,0.0,44.050790430143415,17.012961864471436,29.13760456866693,15.081484496593475,worst_uncertainty_stratified_mhz
5222,155.0,6,76.09632962482716,-76.09632962482716,76.09632962482716,2.0173064174399986,4.80833973145894,6.825646148898938,65.06338060564411,11.518096557416722,0.0,41.7820887439839,17.901307582855225,28.661276140465205,9.183299124240875,worst_uncertainty_stratified_mhz
5527,155.0,6,67.7869106385787,-67.7869106385787,67.7869106385787,1.9292712367936737,2.6650902677600574,4.594361504553731,63.078336380039445,0.0,0.0,39.112538410564866,19.36506175994873,28.566534179000435,13.68936824798584,worst_uncertainty_stratified_mhz
6237,155.0,6,60.93135136092995,-60.93135136092995,60.93135136092995,0.9221477761561837,2.7457628208441704,3.667910597000354,57.162999009156515,0.0,0.0,34.10116879942341,21.128973484039307,24.9946869354269,14.534843146800995,worst_uncertainty_stratified_mhz
6117,155.0,6,57.83106400824286,-57.83106400824286,57.83106400824286,1.5520639801982998,1.9984228926147711,3.550486872813071,54.18933788731576,0.0,0.0,30.665023723775164,17.418618202209473,29.63001012487171,15.17329716682434,worst_uncertainty_stratified_mhz
4803,170.0,6,27.64979330291632,-27.64979330291632,27.64979330291632,0.005488434869121044,0.0056160018354373545,0.011104436704558398,21.975542001979942,16.111608437089274,0.0,0.09551854174819141,0.9678528308868408,42.79219408957666,3.208166003227234,worst_uncertainty_stratified_mhz
5157,170.0,6,23.938534218347826,-23.938534218347826,23.938534218347826,0.05748827551842468,0.008417168851158709,0.06590544436958339,19.302176119691115,13.006590369113821,0.0,0.08175158429747853,0.8551137447357178,37.585735326051555,3.939186930656433,worst_uncertainty_stratified_mhz
4920,170.0,6,22.9837676379309,-22.9837676379309,22.9837676379309,0.24651641756476617,0.09809193700957955,0.3446083545743457,17.575791426772508,14.215132509697973,0.0,0.7890198748257689,3.073799252510071,30.499743851383407,2.521440327167511,worst_uncertainty_stratified_mhz
5314,180.0,6,23.256406558854707,-23.256406558854707,23.256406558854707,0.007431984427810516,0.004419121602943353,0.011851106030753868,18.412208125759093,13.762855509936891,0.0,0.0385715113088656,0.5887680053710938,36.15850522352936,3.1990749537944794,worst_uncertainty_stratified_mhz
4944,180.0,6,20.09272899746239,-20.09272899746239,20.09272899746239,0.022212401159449644,0.0036622710221975623,0.025874672181647206,15.621179053163996,12.636001763435912,0.0,0.05081640958441369,0.6409814357757568,30.499743851383407,2.4423437118530273,worst_uncertainty_stratified_mhz
5021,180.0,6,20.052773499044623,-20.052773499044623,20.052773499044623,0.0036492969396607704,0.004341761252911598,0.007991058192572368,15.847954118277961,11.949073353012006,0.0,0.03337081673377096,0.6291666030883789,31.0,3.1167881190776825,worst_uncertainty_stratified_mhz
6133,180.0,6,19.823755082523665,-19.823755082523665,19.823755082523665,0.00843118030187259,0.004918195851316017,0.013349376153188607,15.524252997152711,12.202235690416062,0.0,0.02791419638471382,0.4929337501525879,30.499743851383407,2.7175188064575195,worst_uncertainty_stratified_mhz
5360,200.0,6,27.821972478177564,-27.821972478177564,27.821972478177564,0.018442729751807507,0.09211678817286596,0.11055951792467347,23.136924485884244,12.917748731842794,0.0,1.7173336964275414,4.5646796226501465,38.27450195626326,6.14939421415329,worst_uncertainty_stratified_mhz
5750,200.0,6,27.582616996175794,-27.582616996175794,27.582616996175794,0.09791515976158276,0.015563278694031483,0.11347843845561424,22.368379971542318,14.505310339698994,0.0,0.21994499416731728,1.5046758651733398,42.79219408957666,4.9056859612464905,worst_uncertainty_stratified_mhz
5050,200.0,6,27.39285439363166,-27.39285439363166,27.39285439363166,0.01641065791192639,0.00745668086570542,0.02386733877763181,21.82409086800192,15.797980780317914,0.0,0.05709426514626781,0.7417991161346436,42.79219408957666,3.8285166919231415,worst_uncertainty_stratified_mhz
6110,200.0,6,26.46828092955643,-26.46828092955643,26.46828092955643,0.06894901061867935,0.04527056854079741,0.11421957915947675,21.779745965938535,12.985300889191329,0.0,0.43956367027936594,2.0480575561523438,40.632307035165994,5.6262248158454895,worst_uncertainty_stratified_mhz
5208,200.0,6,26.351197712952235,-26.351197712952235,26.351197712952235,0.002096713450958561,0.0014996765425290169,0.003596389993487578,20.48779399950645,16.71464992261395,0.0,0.009739127133719272,0.3238027095794678,40.632307035165994,2.5487742722034454,worst_uncertainty_stratified_mhz
6321,200.0,6,26.236383752694685,-26.236383752694685,26.236383752694685,0.01386005016887761,0.004276740273175887,0.018136790442053498,20.50764112916511,16.279080949479656,0.0,0.021903009659240524,0.41133570671081543,40.56014053230092,2.862050771713257,worst_uncertainty_stratified_mhz
5717,200.0,6,25.152111021733138,-25.152111021733138,25.152111021733138,0.2169846406118676,0.05545617512781319,0.27244081573968076,20.734155976964693,11.751252320807424,0.0,0.6301603870112871,2.856828212738037,37.351162967168776,6.092126488685608,worst_uncertainty_stratified_mhz
6146,200.0,6,24.728454587361284,-24.728454587361284,24.728454587361284,0.020159062778155375,0.03033949646944912,0.05049855924760449,20.244250000325486,12.601496780344526,0.0,0.23618922872156745,1.74161958694458,38.27450195626326,5.241025269031525,worst_uncertainty_stratified_mhz
5728,230.0,6,33.72636446977657,-33.72636446977657,33.72636446977657,0.38874466149923076,0.12911837178519336,0.5178630332844241,26.661594411137806,18.46902398635316,0.0,2.7629453256322014,4.387369871139526,43.40992829987168,5.0218685567379,worst_uncertainty_stratified_mhz
5801,230.0,6,29.480065416978324,-29.480065416978324,29.480065416978324,0.016127394523715425,0.0398976715068771,0.05602506603059253,23.615276850298876,16.497627484266758,0.0,0.4291689055642314,2.1766278743743896,44.1955880150949,4.734289854764938,worst_uncertainty_stratified_mhz
5761,230.0,6,28.91697805661309,-28.91697805661309,28.91697805661309,0.11489583926281256,0.08272225436943136,0.19761809363224392,23.407626704103876,15.106312048520088,0.0,0.30351293528018175,2.0126395225524902,44.1955880150949,5.616122364997864,worst_uncertainty_stratified_mhz
4906,230.0,6,27.96869848673869,-27.96869848673869,27.96869848673869,0.03420239004706034,0.045320428776903184,0.07952281882396353,22.04002957952272,16.654412864044858,0.0,0.09620351938404781,1.0954580307006836,42.79219408957666,3.8574931621551514,worst_uncertainty_stratified_mhz
6203,230.0,6,27.45715487905138,-27.45715487905138,27.45715487905138,0.09561373428540944,0.040929299179958925,0.13654303346536836,22.265463215818993,14.348876399682094,0.0,0.5501006952653391,2.6604080200195312,40.77031702108778,5.611723005771637,worst_uncertainty_stratified_mhz
6085,230.0,6,27.298897231621023,-27.298897231621023,27.298897231621023,0.15864252114468236,0.03157844134063411,0.19022096248531647,22.261578583162457,13.7946892805485,0.0,0.2077803059373622,1.5416550636291504,42.56594149082104,6.011536240577698,worst_uncertainty_stratified_mhz
6200,230.0,6,26.966275266714025,-26.966275266714025,26.966275266714025,0.03603216559851951,0.060759424784698264,0.09679159038321777,21.977399833404753,13.884868764946757,0.0,0.5624823731032507,2.1975278854370117,40.632307035165994,5.790560960769653,worst_uncertainty_stratified_mhz
4934,230.0,6,26.919639128921993,-26.919639128921993,26.919639128921993,0.018876517501437956,0.03320452866695754,0.0520810461683955,20.402327130887283,18.3424041881733,0.0,0.08850149903746285,0.9004565477371216,39.72719471596252,1.6385513544082642,worst_uncertainty_stratified_mhz
5053,250.0,6,34.59975826267234,-34.59975826267234,34.59975826267234,0.3908191005532688,0.2859369486722854,0.6767560492255542,27.942598800963133,16.904799063401637,0.0,3.0281969239969726,6.16317081451416,43.66563293941816,6.827014207839966,worst_uncertainty_stratified_mhz
4813,250.0,6,29.67103971225409,-29.67103971225409,29.67103971225409,0.20118169636246344,0.10912995992105974,0.3103116562835232,22.56574483430392,19.15352045201179,0.0,1.0154019569638506,2.658790707588196,40.44189504709195,2.7607118040323257,worst_uncertainty_stratified_mhz
5575,250.0,6,28.901352278799564,-28.901352278799564,28.901352278799564,0.03407299078971357,0.0362869219236302,0.07035991271334377,22.7075006826934,17.442197319385063,0.0,0.085522924993362,1.0483675003051758,44.1955880150949,3.9049423038959503,worst_uncertainty_stratified_mhz
5240,250.0,6,28.413160347863435,-28.413160347863435,28.413160347863435,0.20468338587696264,0.13315701430400098,0.3378404001809636,23.04338422476472,14.309635945158316,0.0,0.3708056169246241,2.0787224769592285,43.26643473872096,6.4607056975364685,worst_uncertainty_stratified_mhz
5267,250.0,6,27.66314482733061,-27.66314482733061,27.66314482733061,0.3758675182059202,0.043861265928825756,0.41972878413474596,21.204751198748724,17.08248588887643,0.0,0.7121304854037902,2.6128880977630615,38.372353328926806,3.528226852416992,worst_uncertainty_stratified_mhz
4994,250.0,6,26.81115422283586,-26.81115422283586,26.81115422283586,0.06923888314041012,0.026186805342606555,0.09542568848301666,20.367851709255635,18.03635346488113,0.0,0.07884225392742095,0.8398131132125854,39.73820579744385,1.996897354722023,worst_uncertainty_stratified_mhz
4975,250.0,6,26.285917303003597,-26.285917303003597,26.285917303003597,0.036314730136950434,0.031232811256991292,0.06754754139394173,20.64766948575012,15.798284582227707,0.0,0.43045577721077777,2.1599254608154297,38.27450195626326,3.9714322686195374,worst_uncertainty_stratified_mhz
5264,250.0,6,26.212394132185235,-26.212394132185235,26.212394132185235,0.3938852167425087,0.13479947649715068,0.5286846932396594,22.34077883331566,9.505916887378996,0.0,0.3802057306021993,2.009967803955078,41.911178401471844,9.719736814498901,worst_uncertainty_stratified_mhz
5913,250.0,6,26.179213854076018,-26.179213854076018,26.179213854076018,0.04719113174304712,0.07988632986954469,0.1270774616125918,20.573523390939677,15.503442004423043,0.0,0.7772386478153441,2.4038615226745605,37.1887079635741,4.205495089292526,worst_uncertainty_stratified_mhz
4849,250.0,6,25.909722986965495,-25.909722986965495,25.909722986965495,0.055067124842999686,0.08567360603740454,0.14074073088040423,21.43226341368363,12.293392951353011,0.0,0.9516461304971813,2.787290573120117,38.17394399325278,7.166367769241333,worst_uncertainty_stratified_mhz
5727,250.0,6,25.83756750654588,-25.83756750654588,25.83756750654588,0.09633966791605514,0.2519746103853973,0.34831427830145245,20.681221320328817,13.61992077624274,0.0,0.9322602569467193,3.1979565620422363,36.29996556472196,5.878865122795105,worst_uncertainty_stratified_mhz
5907,250.0,6,25.722957784539748,-25.722957784539748,25.722957784539748,0.01383900224260392,0.031762036220917556,0.045601038463521475,19.558694659066386,17.36162186625189,0.0,0.1059833251180855,1.025884985923767,37.879537681972835,1.9334551692008972,worst_uncertainty_stratified_mhz
6196,265.0,6,30.063650244350928,-30.063650244350928,30.063650244350928,0.8285230563471027,0.5757430730936204,1.404266129440723,25.88823784503993,7.755243777652366,0.0,7.9910863034287445,6.56166934967041,29.23263373355196,12.439728021621704,worst_uncertainty_stratified_mhz
5060,265.0,6,27.722211611729453,-27.722211611729453,27.722211611729453,0.3699226075999716,0.43394036977989886,0.8038629773798704,25.37471516137757,4.331947318832763,0.0,2.532723055566464,4.776313781738281,40.90767042988393,14.493099451065063,worst_uncertainty_stratified_mhz
5800,265.0,6,27.045418101626687,-27.045418101626687,27.045418101626687,0.3708608116764142,0.5571065244374539,0.9279673361138681,24.83864579995239,3.5818347412880533,0.0,2.2648307935669294,4.439062118530273,40.708567894240645,14.95198380947113,worst_uncertainty_stratified_mhz
5284,265.0,6,26.216842130981007,-26.216842130981007,26.216842130981007,0.2124977726892385,0.3366015642832354,0.5490993369724739,23.445911793456258,6.26992414629698,0.0,1.971625159349287,4.674071311950684,38.27450195626326,12.831428050994873,worst_uncertainty_stratified_mhz
5574,265.0,6,25.597749765297408,-25.597749765297408,25.597749765297408,0.0794608283805622,0.05721084217362284,0.13667167055418505,22.495888397895865,8.43647407971803,0.0,0.29311973369225086,1.6133432388305664,42.79219408957666,10.894546866416931,worst_uncertainty_stratified_mhz
4894,265.0,6,25.23781612095403,-25.23781612095403,25.23781612095403,0.38296176305310187,0.540474379013137,0.9234361420662389,23.3578690718423,2.6752299653713845,0.0,1.555760277349691,4.186978340148926,39.41723924883629,15.451874256134033,worst_uncertainty_stratified_mhz
6070,265.0,6,25.005042551255276,-25.005042551255276,25.005042551255276,0.21139290139091257,0.20298152058843572,0.41437442197934826,21.75458591015794,8.03756598872682,0.0,1.032141774830265,3.17038631439209,38.27450195626326,11.074587225914001,worst_uncertainty_stratified_mhz
5096,265.0,6,24.3437838511291,-24.3437838511291,24.3437838511291,0.4158013524133685,0.31434910933553306,0.7301504617489016,22.169896352968795,4.062808537967484,0.0,1.5452720981461425,3.66351318359375,37.585735326051555,14.285728931427002,worst_uncertainty_stratified_mhz
6260,265.0,6,24.313742856876793,-24.313742856876793,24.313742856876793,0.15619002808301014,0.3186224187469335,0.4748124468299436,21.656796692005162,6.194179298048339,0.0,0.5025863017588108,2.4463539123535156,39.86206686813919,12.506792545318604,worst_uncertainty_stratified_mhz
5885,265.0,6,24.280544419048212,-24.280544419048212,24.280544419048212,0.20634864154962315,0.3062803912606852,0.5126290328103084,21.019934075749884,7.813155957936101,0.0,0.350647859736398,1.6113777160644531,39.72719471596252,11.066895246505737,worst_uncertainty_stratified_mhz
5502,265.0,6,24.130767160609565,-24.130767160609565,24.130767160609565,0.24120079748617676,0.40566497783405603,0.6468657753202328,22.58908701449533,2.4939353489971388,0.0,1.8502023615788943,4.111340522766113,37.36642878306676,15.501453280448914,worst_uncertainty_stratified_mhz
5308,270.0,6,30.060917241308072,-30.060917241308072,30.060917241308072,0.024588685463158705,0.04057005647746207,0.06515874194062077,23.46260922161335,18.548601346108686,0.0,0.3805660990756641,1.9684982299804688,44.1955880150949,3.7488957941532135,worst_uncertainty_stratified_mhz
5408,270.0,6,28.649804531913382,-28.649804531913382,28.649804531913382,0.11107113341559244,0.2804115262101924,0.3914826596257848,22.577933002968315,16.111517133735443,0.0,0.7620857350919437,2.309976577758789,41.321717957993954,5.276959180831909,worst_uncertainty_stratified_mhz
6040,270.0,6,25.486932307152095,-25.486932307152095,25.486932307152095,0.03631964985603297,0.03430523686264264,0.07062488671867562,20.18757554064593,14.858407932390257,0.0,0.2839635643606151,1.532721996307373,38.27450195626326,4.709254205226898,worst_uncertainty_stratified_mhz
5335,270.0,6,25.33028241012912,-25.33028241012912,25.33028241012912,0.0036519290286086982,0.003995495895331339,0.007647424923940037,19.36651221200747,16.973997531901336,0.0,0.01782490260371694,0.4228726625442505,38.27450195626326,2.1924776285886765,worst_uncertainty_stratified_mhz
6068,270.0,6,24.040530863305722,-24.040530863305722,24.040530863305722,0.18280560248925992,0.3290902377022144,0.5118958401914744,20.80698486365858,7.650549682565498,0.0,3.945650586315409,5.292930603027344,28.429737951659,11.297013878822327,worst_uncertainty_stratified_mhz
5455,270.0,6,23.903770109447088,-23.903770109447088,23.903770109447088,0.0056333257108960475,0.00794080466335925,0.013574130374255297,18.515630010098846,15.314869372589923,0.0,0.030990191603186723,0.567227840423584,36.40205179656773,3.0644083321094513,worst_uncertainty_stratified_mhz
5199,270.0,6,23.477716820745044,-23.477716820745044,23.477716820745044,0.07615397817733811,0.06050411951540019,0.1366580976927383,19.390978572082034,11.223664028492475,0.0,0.42711886935761356,2.312150478363037,35.6155689270858,7.495539546012878,worst_uncertainty_stratified_mhz
4840,280.0,6,29.842263497413853,-29.842263497413853,29.842263497413853,0.06728604511666252,0.07396277817856806,0.14124882329523059,23.387126806021104,17.90963134304914,0.0,0.6173672009385163,2.624086380004883,42.91543283016029,4.315579563379288,worst_uncertainty_stratified_mhz
5799,280.0,6,29.142898427852273,-29.142898427852273,29.142898427852273,0.11189354254007879,0.15140402801544808,0.2632975705555269,23.837215718093134,14.256179527766989,0.0,2.408931723268065,5.374072074890137,37.48249591476,7.3596619963645935,worst_uncertainty_stratified_mhz
5164,280.0,6,27.48316922542593,-27.48316922542593,27.48316922542593,0.019227612956235488,0.05966226409546499,0.07888987705170047,21.737650689218892,16.100249866597768,0.0,0.3553958669645132,2.187422513961792,40.577087130546964,4.725175052881241,worst_uncertainty_stratified_mhz
5171,280.0,6,25.164757334621427,-25.164757334621427,25.164757334621427,0.08985868056887995,0.019025667585516128,0.10888434815439609,19.65245988232635,15.357981453043758,0.0,0.20465503444795896,1.3664543628692627,37.52915533288752,4.022000819444656,worst_uncertainty_stratified_mhz
5305,280.0,6,24.845999716414234,-24.845999716414234,24.845999716414234,0.26810964297586587,0.02244693089645352,0.29055657387231937,20.01609640487243,12.920917552591813,0.0,0.19850053314280558,1.410731315612793,38.22446042784646,6.542120933532715,worst_uncertainty_stratified_mhz
5100,280.0,6,24.769269345300184,-24.769269345300184,24.769269345300184,0.03244229060683699,0.009792467834385261,0.04223475844122225,19.21233531991472,15.702176917202562,0.0,0.06355520094393707,0.9332222938537598,37.36433794408781,3.3281005918979645,worst_uncertainty_stratified_mhz
5432,300.0,6,29.313278256591325,-29.313278256591325,29.313278256591325,0.06541543031042689,0.07175167032031744,0.13716710063074433,23.837847764507206,15.151621724458902,0.0,0.9379597878339041,3.172393321990967,42.62738263135564,6.879255294799805,worst_uncertainty_stratified_mhz
5578,300.0,6,29.2844463700513,-29.2844463700513,29.2844463700513,0.0512510258408869,0.02447898374146594,0.07573000958235285,22.822081589817515,18.125970004776853,0.0,0.4434553075873531,2.0328450202941895,42.724407544166134,3.9130343794822693,worst_uncertainty_stratified_mhz
5861,300.0,6,28.965409331847443,-28.965409331847443,28.965409331847443,0.019376309375489658,0.01451449143913701,0.03389080081462667,22.575489724177807,18.074306279317085,0.0,0.203846615144065,1.5840606689453125,43.15922554912217,3.7597398459911346,worst_uncertainty_stratified_mhz
5273,300.0,6,28.84597178538637,-28.84597178538637,28.84597178538637,0.027946777946015893,0.023409069150232772,0.051355847096248665,22.663481317822974,17.407298837363573,0.0,0.4570614785767608,2.0575714111328125,42.35526826735961,4.380914598703384,worst_uncertainty_stratified_mhz
5373,300.0,6,28.658610909759982,-28.658610909759982,28.658610909759982,0.042511058184389244,0.02497714867522028,0.06748820685960952,22.64226270474763,16.92512657134934,0.0,0.2282171640254056,1.513291358947754,43.314799722496694,4.764686763286591,worst_uncertainty_stratified_mhz
5963,300.0,6,28.624890589811823,-28.624890589811823,28.624890589811823,0.05259293141072006,0.04240824114697157,0.09500117255769164,22.65253542764943,16.685185423851795,0.0,0.5617929463472677,2.3322391510009766,41.849245811603346,4.991653084754944,worst_uncertainty_stratified_mhz
7886,120.0,7,76.30180320209107,-76.30180320209107,76.30180320209107,1.8342611034698229,4.272510030975328,6.10677113444515,70.13508076564943,0.0,0.0,55.53533663535857,28.65462589263916,0.5448623679425842,31.076070189476013,worst_uncertainty_stratified_mhz
6734,120.0,7,34.987913827036984,-34.987913827036984,34.987913827036984,2.217378497991527,1.1649635162307674,3.382342014222295,31.559737149069694,0.0,0.0,10.666856526270507,10.778705596923828,31.007055648674545,17.814112305641174,worst_uncertainty_stratified_mhz
6998,120.0,7,26.05503436120471,-26.05503436120471,26.05503436120471,1.4890577801909768,0.666477613918828,2.1555353941098048,23.85996193372277,0.0,0.0,4.9656304406157545,6.910373687744141,30.878289298469888,14.090393662452698,worst_uncertainty_stratified_mhz
7887,150.0,7,289.2882479529944,-289.2882479529944,289.2882479529944,57.53891620534386,13.952839757368134,71.49175596271199,217.75094135839595,0.0,0.0,195.41547568065812,44.203224182128906,0.46770717334674267,76.72291231155396,worst_uncertainty_stratified_mhz
6860,150.0,7,249.001362419292,-249.001362419292,249.001362419292,27.987414760822432,16.997597071470363,44.9850118322928,203.83697459426915,0.0,0.0,171.2637576191748,40.64452075958252,24.501913190606157,18.23931086063385,worst_uncertainty_stratified_mhz
7191,150.0,7,240.37280897709437,-240.37280897709437,240.37280897709437,34.965969901155,12.873288781401579,47.839258682556576,192.48677443893303,0.0,0.0,171.27568816573967,42.42217254638672,0.0,69.94652271270752,worst_uncertainty_stratified_mhz
7916,150.0,7,225.69183004037794,-225.69183004037794,225.69183004037794,74.5510301738242,10.076253570082129,84.62728374390633,140.9651460857081,0.0,0.0,111.45684230751894,32.881442070007324,26.13516548637104,26.552539944648743,worst_uncertainty_stratified_mhz
7293,155.0,7,935.9668340600957,-935.9668340600957,935.9668340600957,22.63090385157365,55.39191313749525,78.0228169890689,857.8372222878639,0.0,0.0,807.640470638732,96.62894821166992,3.7645550865938993,66.5271635055542,worst_uncertainty_stratified_mhz
7126,155.0,7,450.2978781841154,-450.2978781841154,450.2978781841154,41.94331746013096,28.00764223918868,69.95095969931964,380.23984724472314,0.0,0.0,352.3378190464297,54.24781894683838,1.5562374497485916,43.827510952949524,worst_uncertainty_stratified_mhz
7248,155.0,7,432.08362997182365,-432.08362997182365,432.08362997182365,74.02329250221258,20.84039583283292,94.86368833504551,337.141316718039,0.0,0.0,310.94670040028996,52.38923263549805,0.0,56.06899547576904,worst_uncertainty_stratified_mhz
6785,155.0,7,215.81669782624817,-215.81669782624817,215.81669782624817,16.318000624118888,13.428003606400805,29.746004230519695,185.98520762691945,0.0,0.0,163.11818441308128,43.11202430725098,2.622022120425379,37.35049486160278,worst_uncertainty_stratified_mhz
7597,155.0,7,201.37598317522736,-201.37598317522736,201.37598317522736,32.65933029807489,11.896627955196168,44.55595825327106,156.76652510054208,0.0,0.0,137.97945789820278,34.18758010864258,3.3865542960360164,54.89021015167236,worst_uncertainty_stratified_mhz
7941,155.0,7,191.04190302339597,-191.04190302339597,191.04190302339597,13.176009159551663,11.353883397091515,24.529892556643176,166.45287008722153,0.0,0.0,147.92410726983871,37.057525634765625,0.0,51.41328811645508,worst_uncertainty_stratified_mhz
6782,155.0,7,176.8534875201161,-176.8534875201161,176.8534875201161,12.556665433446787,9.970676644964556,22.527342078411344,154.24245732918865,0.0,0.0,136.43653677227343,32.23915672302246,3.3726843908080104,34.8932626247406,worst_uncertainty_stratified_mhz
6783,155.0,7,124.3212635549554,-124.3212635549554,124.3212635549554,0.2346472683689443,9.414002182414468,9.648649450783411,114.50059105575247,0.0,0.0,89.18511320498689,30.16833734512329,20.462618356407862,13.724595487117767,worst_uncertainty_stratified_mhz
7913,170.0,7,67.71943313397975,-67.71943313397975,67.71943313397975,0.8770507342984527,2.8997400762579573,3.77679081055641,59.86403898101524,11.235538716814997,0.0,33.2444060054231,16.113213777542114,37.126052173642165,9.861807614564896,worst_uncertainty_stratified_mhz
7573,170.0,7,67.22753788306996,-67.22753788306996,67.22753788306996,0.7032988723607191,2.052615384974214,2.755914257334933,57.44536103773404,19.610336862637094,0.0,27.64294412442313,17.219141960144043,42.38569186647777,8.081505596637726,worst_uncertainty_stratified_mhz
7569,170.0,7,46.78455808216976,-46.78455808216976,46.78455808216976,0.21970583549408973,1.2480454247794532,1.467751260273543,42.83483085740376,6.810940781419115,0.0,15.828461006392615,12.314793109893799,41.69794659212849,10.1340651512146,worst_uncertainty_stratified_mhz
7145,180.0,7,27.742861028646097,-27.742861028646097,27.742861028646097,0.007805007743962596,0.011878111270183364,0.01968311901414596,21.866510415126417,16.665464346394234,0.0,0.0823082163006097,0.7762103080749512,42.79219408957666,3.019305497407913,worst_uncertainty_stratified_mhz
7715,180.0,7,26.65009477807652,-26.65009477807652,26.65009477807652,0.01786808039673372,0.013593575638186927,0.03146165603492065,20.964302392549158,16.11690563482775,0.0,0.024837921559608844,0.4905247688293457,41.38840417314975,2.937292456626892,worst_uncertainty_stratified_mhz
7214,180.0,7,22.520245812163516,-22.520245812163516,22.520245812163516,0.010891391744303994,0.00932746000635837,0.02021885175066236,17.93511457620419,12.951646472368678,0.0,0.2022157671133007,1.4825756549835205,33.983221963198254,3.531241327524185,worst_uncertainty_stratified_mhz
7970,180.0,7,21.239939458061745,-21.239939458061745,21.239939458061745,0.014978600682282135,0.020265054267483387,0.03524365494976552,16.443833444430606,13.491939883885653,0.0,0.12783345968939486,1.1319999694824219,31.5,2.3106685280799866,worst_uncertainty_stratified_mhz
7042,200.0,7,28.78867206260324,-28.78867206260324,28.78867206260324,0.005844822338713485,0.010819929171452379,0.016664751510165863,22.54231901567705,17.735307241146007,0.0,0.0699769305462894,0.749096155166626,44.1955880150949,2.961514949798584,worst_uncertainty_stratified_mhz
6821,200.0,7,28.75148746157418,-28.75148746157418,28.75148746157418,0.008304231626978478,0.010926264943524156,0.019230496570502634,22.461105567023353,17.858440828798113,0.0,0.055566579617504,0.6154899597167969,44.1955880150949,2.8473258912563324,worst_uncertainty_stratified_mhz
7842,200.0,7,27.80220749016665,-27.80220749016665,27.80220749016665,0.010159498885356001,0.012615123482553349,0.02277462236790935,21.786202383514286,17.045260068940276,0.0,0.11004136851326418,1.1261823177337646,42.22613971226828,3.0278511941432953,worst_uncertainty_stratified_mhz
7070,200.0,7,27.692944952134443,-27.692944952134443,27.692944952134443,0.006482113741348016,0.004083529397877761,0.010565643139225776,21.64119143252775,17.218814039734006,0.0,0.02737972516685261,0.5837492942810059,42.64387412044079,2.8327847719192505,worst_uncertainty_stratified_mhz
7705,200.0,7,27.570060043469883,-27.570060043469883,27.570060043469883,0.007260191234310045,0.008716491069772027,0.01597668230408207,21.812481455241073,16.35761389073773,0.0,0.05194456536759784,0.7288796901702881,42.79219408957666,3.4664612114429474,worst_uncertainty_stratified_mhz
6601,200.0,7,27.3394106355172,-27.3394106355172,27.3394106355172,0.015320209719857493,0.013725175251524726,0.029045384971382218,21.63050923648847,16.201511423772164,0.0,0.016875146221320136,0.4350740909576416,42.79219408957666,3.4819383025169373,worst_uncertainty_stratified_mhz
7814,200.0,7,26.305436577182938,-26.305436577182938,26.305436577182938,0.007506026661913767,0.0227759864377335,0.030282013099647266,20.940730481765996,15.17325475568294,0.0,0.13253612160613581,1.0562481880187988,40.56014053230092,3.826533168554306,worst_uncertainty_stratified_mhz
7745,200.0,7,25.94902992021903,-25.94902992021903,25.94902992021903,0.043672572702041786,0.0919670361270992,0.13563960882914097,20.923526756634057,13.83845710981917,0.0,0.7778762481111476,2.7055656909942627,37.585735326051555,4.751644104719162,worst_uncertainty_stratified_mhz
7960,230.0,7,29.098261171231158,-29.098261171231158,29.098261171231158,0.04387293401873596,0.02074481405538443,0.06461774807412039,22.193431445279945,19.45848121001321,0.0,0.05529599484365355,0.7654963731765747,43.51077452769601,1.976487085223198,worst_uncertainty_stratified_mhz
6494,230.0,7,28.4560201395047,-28.4560201395047,28.4560201395047,0.146037355900433,0.08595250275497027,0.23198985865540328,22.24248038798393,16.934747465294855,0.0,0.7074161447282279,2.5092175006866455,40.56091098582476,3.8660918474197388,worst_uncertainty_stratified_mhz
7511,230.0,7,28.16030902566196,-28.16030902566196,28.16030902566196,0.0029103331847221393,0.009215776048533216,0.012126109233255356,21.738548564409616,18.25711915774449,0.0,0.038972324980171,0.6069583892822266,42.79219408957666,2.512569934129715,worst_uncertainty_stratified_mhz
7530,230.0,7,27.976228864176605,-27.976228864176605,27.976228864176605,0.03452582338007492,0.010996909572767987,0.045522732952842905,21.83498350307719,17.362225408365642,0.0,0.059748346220683146,0.7582762241363525,42.79219408957666,3.225799262523651,worst_uncertainty_stratified_mhz
6709,230.0,7,27.79240421059025,-27.79240421059025,27.79240421059025,0.08128650850269817,0.07202505717608039,0.15331156567877857,22.70035586953332,13.960082085721796,0.0,1.643644420077507,4.434267520904541,37.67915537800708,6.080888390541077,worst_uncertainty_stratified_mhz
7948,230.0,7,27.767198527715507,-27.767198527715507,27.767198527715507,0.03894096734094265,0.04095832291778828,0.07989929025873094,22.736163569888063,14.06208842835539,0.0,0.4957214480158392,1.8916397094726562,42.58924453427179,5.986070811748505,worst_uncertainty_stratified_mhz
6904,230.0,7,27.661992029333692,-27.661992029333692,27.661992029333692,0.050144900723465724,0.0503689221941922,0.10051382291765792,22.463501873525924,14.505375365111778,0.0,0.22089584894023062,1.6930179595947266,42.79219408957666,5.569999814033508,worst_uncertainty_stratified_mhz
6713,230.0,7,27.51266286851751,-27.51266286851751,27.51266286851751,0.16105848368256195,0.0453203967383566,0.20637888042091856,22.2419051839126,14.414178109335557,0.0,0.18787776497876152,1.3158607482910156,42.79219408957666,5.580942094326019,worst_uncertainty_stratified_mhz
6718,250.0,7,33.306733897358214,-33.306733897358214,33.306733897358214,0.1996545770212368,0.5538370536305041,0.7534916306517409,28.472886118777083,11.512674104796972,0.0,4.2218213177735,6.256012916564941,42.246116685442225,10.08787602186203,worst_uncertainty_stratified_mhz
7061,250.0,7,29.278925059957004,-29.278925059957004,29.278925059957004,0.22055272034835074,0.11832135119046963,0.3388740715388204,22.96869949649363,16.93479201490353,0.0,0.6516701296807916,2.513880968093872,42.12017776553181,4.568612992763519,worst_uncertainty_stratified_mhz
7217,250.0,7,28.62457524355684,-28.62457524355684,28.62457524355684,0.010789190554515752,0.010509536069281762,0.021298726623797514,21.69337304740596,19.672890404294677,0.0,0.023768943997175107,0.5470141172409058,42.79219408957666,1.5801583230495453,worst_uncertainty_stratified_mhz
7802,250.0,7,28.37115713304363,-28.37115713304363,28.37115713304363,0.1579097254565084,0.08010199550628795,0.23801172096279632,23.021013146570024,14.510615854186016,0.0,0.7019991019501468,2.780569076538086,41.85745901270167,6.268224060535431,worst_uncertainty_stratified_mhz
7026,250.0,7,28.362736186247258,-28.362736186247258,28.362736186247258,0.17406759286811688,0.06322216431163018,0.23728975717974704,22.298787674158117,16.574564397904798,0.0,0.20347938955502798,1.3984224796295166,42.79219408957666,4.411829471588135,worst_uncertainty_stratified_mhz
7608,250.0,7,28.31081881271169,-28.31081881271169,28.31081881271169,0.12619927804244205,0.05445002004734283,0.1806492980897849,22.792199541937375,15.179098740820699,0.0,0.32683660159386463,1.5200777053833008,43.41064817530372,5.652431309223175,worst_uncertainty_stratified_mhz
7421,250.0,7,28.04208697554084,-28.04208697554084,28.04208697554084,0.0561480151863722,0.011328301885545828,0.06747631707191802,21.67942593133397,17.938373168801416,0.0,0.03835094024351715,0.6382758617401123,42.64387412044079,2.9221765100955963,worst_uncertainty_stratified_mhz
7459,250.0,7,27.88405000800741,-27.88405000800741,27.88405000800741,0.03673556118919802,0.0433285732288015,0.08006413441799952,21.41550894539754,18.094782573804572,0.0,0.34786307671564654,1.5751512050628662,40.56014053230092,2.666215628385544,worst_uncertainty_stratified_mhz
6427,250.0,7,26.938643070364478,-26.938643070364478,26.938643070364478,0.03768780415281844,0.05938636025517531,0.09707416440799374,22.19409646307137,13.223506483634647,0.0,0.27172533555826917,1.9566845893859863,41.88805766564022,6.7714744210243225,worst_uncertainty_stratified_mhz
7243,250.0,7,25.707710802127064,-25.707710802127064,25.707710802127064,0.019865795715506947,0.029202010232802743,0.04906780594830969,20.614813030787314,14.31645843281884,0.0,0.45964298908756973,2.0358381271362305,38.27450195626326,5.125338077545166,worst_uncertainty_stratified_mhz
7522,250.0,7,25.48708714841682,-25.48708714841682,25.48708714841682,0.05224919446380999,0.02616085115291088,0.07841004561672087,19.64299764774706,16.40117114178357,0.0,0.08105880721918979,0.8493757247924805,38.27450195626326,2.816712439060211,worst_uncertainty_stratified_mhz
7773,250.0,7,24.969253080043586,-24.969253080043586,24.969253080043586,0.02466434097297362,0.013969201387255999,0.03863354236022962,19.435332508798734,15.66708686414009,0.0,0.0236762896545315,0.5488104820251465,38.27450195626326,3.25814950466156,worst_uncertainty_stratified_mhz
7493,265.0,7,30.99823365053373,-30.99823365053373,30.99823365053373,0.5494767477002654,0.5662316298909107,1.1157083775911762,26.28133237063099,10.158395608041017,0.0,4.005933003389373,6.380948066711426,38.16985066777181,10.936002731323242,worst_uncertainty_stratified_mhz
7827,265.0,7,29.913541950765513,-29.913541950765513,29.913541950765513,0.6835439760588082,0.3693370524857834,1.0528810285445918,26.329124653847842,7.14600104027095,0.0,2.4424024930805786,5.209705352783203,42.56373896875132,12.836966753005981,worst_uncertainty_stratified_mhz
6809,265.0,7,29.023838308614202,-29.023838308614202,29.023838308614202,0.518767634976971,0.637120582136201,1.155888217113172,25.10956857702029,7.757891544933923,0.0,4.459204569600942,5.946272850036621,35.354455164802076,12.243208765983582,worst_uncertainty_stratified_mhz
7897,265.0,7,27.95957002825084,-27.95957002825084,27.95957002825084,1.5555368144876278,0.3126391825718256,1.8681759970594534,22.870279751081153,9.158468857620502,0.0,0.4689599088990235,2.0104455947875977,42.79219408957666,10.939274787902832,worst_uncertainty_stratified_mhz
7873,265.0,7,27.848886110304704,-27.848886110304704,27.848886110304704,0.5819854150129143,0.9444174726927465,1.5264028877056608,24.350628249168146,5.491681643367712,0.0,7.421884214559213,7.507084846496582,26.35040322272128,13.685506820678711,worst_uncertainty_stratified_mhz
7618,265.0,7,27.54678762430261,-27.54678762430261,27.54678762430261,0.5067154102258782,0.3767005233308988,0.883415933556777,25.00958787089351,4.654009538573235,0.0,2.00996534766567,4.018594741821289,41.980650304634395,14.245428442955017,worst_uncertainty_stratified_mhz
7285,265.0,7,27.28905877189199,-27.28905877189199,27.28905877189199,0.09294937664947585,0.08281877227796387,0.17576814892743972,23.699440337815002,9.691371439260582,0.0,0.8153238266265248,2.976038932800293,42.79219408957666,10.321687459945679,worst_uncertainty_stratified_mhz
6688,265.0,7,27.2620867779102,-27.2620867779102,27.2620867779102,0.1700729216601321,0.16800242518253997,0.33807534684267204,24.6969596717944,6.300404118988259,0.0,1.2975733082149503,3.2879981994628906,43.51077452769601,12.997424006462097,worst_uncertainty_stratified_mhz
6786,265.0,7,27.201946524697963,-27.201946524697963,27.201946524697963,0.34627352787248783,0.4308403655502287,0.7771138934227165,25.07128257841007,3.7953366577969945,0.0,2.227354738487165,4.915047645568848,40.77280803427696,14.816330075263977,worst_uncertainty_stratified_mhz
6831,265.0,7,26.918941516731454,-26.918941516731454,26.918941516731454,1.4592445125693754,0.415932989051439,1.8751775016208143,22.4618454498066,7.2590910511029305,0.0,4.04494843485098,6.334050178527832,30.499743851383407,12.193057656288147,worst_uncertainty_stratified_mhz
6829,265.0,7,26.791480006661036,-26.791480006661036,26.791480006661036,0.5962642055485855,0.5515321170205961,1.1477963225691816,24.323588350458287,3.7127061926931435,0.0,1.5011643030456412,3.664383888244629,41.98046420658066,14.834490537643433,worst_uncertainty_stratified_mhz
6879,270.0,7,26.97729437491501,-26.97729437491501,26.97729437491501,0.10547463845451445,0.05369072659227988,0.15916536504679432,21.834892701266366,14.167187770089164,0.0,0.38511623044352916,1.8675532341003418,41.03199970754533,6.275915741920471,worst_uncertainty_stratified_mhz
7297,270.0,7,26.652313662995752,-26.652313662995752,26.652313662995752,0.03168701694060255,0.009747451997865152,0.04143446893846771,20.519865497002197,17.360936682564258,0.0,0.026097439752188478,0.4273955821990967,40.56014053230092,2.7500439286231995,worst_uncertainty_stratified_mhz
6815,270.0,7,26.41584372683534,-26.41584372683534,26.41584372683534,0.143757811556186,0.12653956535194866,0.27029737690813466,22.75315977401454,9.597831478941202,0.0,1.855308715978353,4.509855270385742,37.285846845686635,10.273602604866028,worst_uncertainty_stratified_mhz
7260,270.0,7,25.598704085897907,-25.598704085897907,25.598704085897907,0.03182989127669838,0.07108500736064581,0.10291489863734418,19.7984234881989,16.12874674495089,0.0,0.49821364440372573,2.1402530670166016,36.460166620573744,3.3737283051013947,worst_uncertainty_stratified_mhz
7110,270.0,7,25.572399832325054,-25.572399832325054,25.572399832325054,0.0023601918729513976,0.0019044343180591107,0.004264626191010508,19.367597463058782,17.653499999258983,0.0,0.018985911158539315,0.42272114753723145,38.27450195626326,1.5792302042245865,worst_uncertainty_stratified_mhz
6424,270.0,7,25.52270314866856,-25.52270314866856,25.52270314866856,0.02637758847998582,0.014843663045071186,0.041221251525057005,19.49228447329498,17.05451887755634,0.0,0.032759287094503264,0.6445484161376953,38.27450195626326,2.24941486120224,worst_uncertainty_stratified_mhz
7911,270.0,7,24.97138940660127,-24.97138940660127,24.97138940660127,0.06409293897589047,0.04819051140296118,0.11228345037885165,19.050502612931165,16.397963861419896,0.0,0.5171311958793012,2.380650520324707,34.68609231377902,2.5936235189437866,worst_uncertainty_stratified_mhz
7417,280.0,7,29.327468309201468,-29.327468309201468,29.327468309201468,0.16752465345588088,0.11618083662426013,0.283705490080141,23.32112187039582,16.246546954224193,0.0,0.6672156634675979,2.515618324279785,42.79219408957666,5.6179065108299255,worst_uncertainty_stratified_mhz
7390,280.0,7,28.67322112302045,-28.67322112302045,28.67322112302045,0.13345385257968495,0.07168153554555698,0.20513538812524193,23.248518403687875,14.83852003218777,0.0,0.47569668867265236,2.211188316345215,43.33445511368523,6.610113322734833,worst_uncertainty_stratified_mhz
7510,280.0,7,27.82695532239896,-27.82695532239896,27.82695532239896,0.04027473781296482,0.026008325084212164,0.06628306289717698,21.465452292589934,17.877323575417382,0.0,0.22023048706024095,1.7274088859558105,40.76303472510357,3.0747353732585907,worst_uncertainty_stratified_mhz
6850,280.0,7,27.533174815048255,-27.533174815048255,27.533174815048255,0.09540098935244051,0.11161812273854932,0.20701911209098983,21.66312271314456,16.089600172799898,0.0,0.3646479994829468,2.0123541355133057,40.58459529180992,4.766380339860916,worst_uncertainty_stratified_mhz
6539,280.0,7,27.376667391105627,-27.376667391105627,27.376667391105627,0.015665944916050206,0.022009536730355814,0.03767548164640602,21.05878985200846,17.84699145325303,0.0,0.14198617311538442,1.2734668254852295,40.56014053230092,2.7907716035842896,worst_uncertainty_stratified_mhz
7189,280.0,7,27.366400436311334,-27.366400436311334,27.366400436311334,0.037626801913963816,0.1793582346556839,0.2169850365696477,22.108565301709454,14.261350485789764,0.0,1.6547511603786091,4.402705669403076,36.504922613258614,6.512952208518982,worst_uncertainty_stratified_mhz
6781,300.0,7,29.417973149936604,-29.417973149936604,29.417973149936604,0.02797390846151011,0.02791604658134189,0.055889955042852005,23.06144960078434,17.9209452582547,0.0,0.22704231961628452,1.473226547241211,44.1955880150949,4.208862364292145,worst_uncertainty_stratified_mhz
6479,300.0,7,28.58544006590217,-28.58544006590217,28.58544006590217,0.01350928559743457,0.014206369753588384,0.027715655351022953,22.01349329165438,18.61196516677621,0.0,0.12333334632283677,0.9881258010864258,42.79219408957666,2.922351688146591,worst_uncertainty_stratified_mhz
7353,300.0,7,28.474587275510938,-28.474587275510938,28.474587275510938,0.028972540002412325,0.03143710561447146,0.060409645616883785,22.431654292514462,17.003671900074277,0.0,0.3259813496395898,1.5551989078521729,42.65614697789757,4.5693115293979645,worst_uncertainty_stratified_mhz
6886,300.0,7,28.296621921758184,-28.296621921758184,28.296621921758184,0.017431549897282444,0.04359030667571331,0.06102185657299575,22.164163403389395,17.20409721812473,0.0,0.7207945077893987,2.3653314113616943,40.5214063798383,4.244757145643234,worst_uncertainty_stratified_mhz
7165,300.0,7,27.814776612043804,-27.814776612043804,27.814776612043804,0.009469552166875504,0.012413356154951719,0.021882908321827224,21.701841738184232,17.342284205435153,0.0,0.10299220362838835,1.0951457023620605,42.102553366749625,3.7751332819461823,worst_uncertainty_stratified_mhz
6533,300.0,7,27.69019557258493,-27.69019557258493,27.69019557258493,0.09803264182433562,0.058829947070211185,0.1568625888945468,22.373505440559935,14.645800970544249,0.0,0.7824554508690333,2.702359676361084,40.47974030302072,6.543182790279388,worst_uncertainty_stratified_mhz
8849,120.0,8,108.68503246273609,-108.68503246273609,108.68503246273609,19.02999096749181,5.269951769391073,24.299942736882883,84.33103068174238,0.0,0.0,69.43282221943059,29.312294006347656,0.4841229182759271,38.534883975982666,worst_uncertainty_stratified_mhz
9093,120.0,8,50.74583017901137,-50.74583017901137,50.74583017901137,4.7676949575788266,1.9787322059015897,6.7464271634804165,43.92563543955496,0.0,0.0,25.427794228186656,16.899818420410156,20.095864002326447,17.089479684829712,worst_uncertainty_stratified_mhz
8453,120.0,8,26.494234356489535,-26.494234356489535,26.494234356489535,0.05760434382547816,0.03239219973273382,0.08999654355821199,21.921319981421767,12.75635073425497,0.0,0.0687727127107074,0.912900447845459,42.79219408957666,3.6032487750053406,worst_uncertainty_stratified_mhz
9488,150.0,8,544.1803671327734,-544.1803671327734,544.1803671327734,66.15469287637892,34.4842866963054,100.63897957268432,443.47901457888037,0.0,0.0,408.25861832029113,68.10894775390625,2.331844763272204,80.98623085021973,worst_uncertainty_stratified_mhz
8592,150.0,8,189.416257610161,-189.416257610161,189.416257610161,12.711913904867451,11.49875308767136,24.210666992538812,165.10937891059675,0.0,0.0,147.3676583900269,34.99931812286377,0.4841229182759271,31.543739676475525,worst_uncertainty_stratified_mhz
9114,150.0,8,176.9560154194452,-176.9560154194452,176.9560154194452,5.4511885335494705,8.54927549546014,14.00046402900961,162.8920939359436,0.0,0.0,143.9634437870754,37.38959312438965,0.46770717334674267,47.269768476486206,worst_uncertainty_stratified_mhz
9135,150.0,8,161.9078102922285,-161.9078102922285,161.9078102922285,6.18619866941743,7.5285640307418555,13.714762700159286,148.10618414020578,0.0,0.0,128.91065415937987,37.74154090881348,0.649519052838329,32.677387714385986,worst_uncertainty_stratified_mhz
9412,155.0,8,1135.3777312630777,-1135.3777312630777,1135.3777312630777,77.95800740599078,68.49947521600063,146.4574826219914,988.8206962857687,0.0,0.0,936.8413784060313,100.15074920654297,3.8078865529319543,76.86373805999756,worst_uncertainty_stratified_mhz
8838,155.0,8,397.96588321557226,-397.96588321557226,397.96588321557226,5.7729300208526615,26.88823073804351,32.66116075889617,365.1827614935003,0.0,0.0,326.6208627615523,58.57150650024414,18.552290963651902,37.04598307609558,worst_uncertainty_stratified_mhz
9528,155.0,8,211.4654704492778,-211.4654704492778,211.4654704492778,7.26349096418632,12.900376348978005,20.163867313164324,191.21174165491243,0.0,0.0,170.376015792164,40.03209209442139,1.6393596310755,36.31371366977692,worst_uncertainty_stratified_mhz
9060,155.0,8,180.58437446480244,-180.58437446480244,180.58437446480244,26.553402255369637,8.904267027309361,35.457669282679,145.08015232562946,0.0,0.0,123.9405871302697,39.55195236206055,2.7271780286589284,59.78613090515137,worst_uncertainty_stratified_mhz
8868,155.0,8,165.3431041888143,-165.3431041888143,165.3431041888143,43.60678978687766,5.435514827118832,49.04230461399649,116.25654525971527,0.0,0.0,101.4612705252182,29.59054946899414,0.0,56.90291738510132,worst_uncertainty_stratified_mhz
8322,155.0,8,143.57234673506812,-143.57234673506812,143.57234673506812,24.153990928006976,5.817123792056589,29.971114720063564,113.53700664213852,0.0,0.0,93.18123187610945,32.15384101867676,8.557708513381371,37.57487964630127,worst_uncertainty_stratified_mhz
9378,155.0,8,135.80992725009034,-135.80992725009034,135.80992725009034,4.377087236167015,8.515404894951795,12.89249213111881,122.82637800025549,0.0,0.0,105.24412402520011,32.133419036865234,3.031088913245535,28.165990829467773,worst_uncertainty_stratified_mhz
8653,155.0,8,133.46790749635994,-133.46790749635994,133.46790749635994,39.27658259629886,6.951856359053842,46.2284389553527,87.16220419585197,0.0,0.0,70.61400511133701,30.363496780395508,2.732901388634431,27.189818143844604,worst_uncertainty_stratified_mhz
8848,170.0,8,233.4397029516838,-233.4397029516838,233.4397029516838,12.351924912029801,14.06421253613026,26.41613744816006,206.8865145969153,0.0,0.0,176.79051325203062,41.71947240829468,18.472530281474707,24.254234611988068,worst_uncertainty_stratified_mhz
9453,170.0,8,85.67945006635017,-85.67945006635017,85.67945006635017,2.4296028840423234,4.474204479270345,6.9038073633126675,78.6634937271442,0.0,0.0,63.785379407705456,24.746862411499023,5.00936622737847,17.803495049476624,worst_uncertainty_stratified_mhz
8116,170.0,8,77.97754029567754,-77.97754029567754,77.97754029567754,5.918220769747104,3.8505139057018307,9.768734675448934,68.10948924648837,0.0,0.0,54.41422782519538,24.437769889831543,2.952752952754429,18.56843876838684,worst_uncertainty_stratified_mhz
9130,180.0,8,74.13122901422649,-74.13122901422649,74.13122901422649,7.264637699190775,3.3935266394656693,10.658164338656444,63.359282995288275,0.0,0.0,41.059678901706114,17.622655868530273,26.97655231863405,14.079117715358734,worst_uncertainty_stratified_mhz
8832,180.0,8,54.39215684562078,-54.39215684562078,54.39215684562078,3.553406554142441,1.5004416811606134,5.053848235303055,44.305933594904666,14.002023432140017,0.0,22.69350144093113,14.52626895904541,28.69859534890166,9.045122146606445,worst_uncertainty_stratified_mhz
8085,180.0,8,51.99713713266311,-51.99713713266311,51.99713713266311,0.11842843147497417,1.1583346026840688,1.276763034159043,44.77280917733442,16.63285219353562,0.0,16.561085344944182,13.900843381881714,42.52260428289876,8.070197850465775,worst_uncertainty_stratified_mhz
9196,180.0,8,44.813991868803505,-44.813991868803505,44.813991868803505,0.5056547748046292,1.5341582598433374,2.039813034647967,36.214906526173316,18.368550382841665,0.0,11.749396816247764,8.539381980895996,40.39163743895511,6.577655613422394,worst_uncertainty_stratified_mhz
8386,200.0,8,29.214830833649003,-29.214830833649003,29.214830833649003,0.0098958033514023,0.035228209141480296,0.045124012492882594,23.3618488902908,16.486180026796795,0.0,0.3814041497492715,1.7653014659881592,44.1955880150949,4.095904976129532,worst_uncertainty_stratified_mhz
9339,200.0,8,28.213643703107405,-28.213643703107405,28.213643703107405,0.009258628628756678,0.04360299201717864,0.05286162064593532,22.79101713795749,15.245811654566923,0.0,0.3858029667043148,2.0182342529296875,42.79219408957666,4.603575885295868,worst_uncertainty_stratified_mhz
8234,200.0,8,28.014808573404125,-28.014808573404125,28.014808573404125,0.070728378378124,0.011607450350500087,0.08233582872862409,22.072951663472,16.66881587084763,0.0,0.12173403133473126,1.110241174697876,42.79219408957666,3.4292984306812286,worst_uncertainty_stratified_mhz
8047,200.0,8,27.67564369936662,-27.67564369936662,27.67564369936662,0.06655911604309432,0.026655038461875058,0.09321415450496938,21.94106628262738,16.057162565581763,0.0,0.10279575685149833,0.8843469619750977,42.79219408957666,3.7531876862049103,worst_uncertainty_stratified_mhz
8516,200.0,8,26.51310928126833,-26.51310928126833,26.51310928126833,0.013143871127425018,0.00670365928731192,0.019847530414736938,20.57622650935574,16.866707669851465,0.0,0.018829390927407985,0.48248720169067383,40.632307035165994,2.506295084953308,worst_uncertainty_stratified_mhz
9146,200.0,8,25.313569214216663,-25.313569214216663,25.313569214216663,0.0014550513584738302,0.0019107874182325445,0.003365838776706375,19.376564327837038,16.903934841518982,0.0,0.015000627022455637,0.44862544536590576,38.27450195626326,1.7738108187913895,worst_uncertainty_stratified_mhz
8309,200.0,8,25.29315667355609,-25.29315667355609,25.29315667355609,0.10323648487088387,0.0191687877796353,0.12240527265051918,19.935591139870077,14.882459868784421,0.0,0.14137311786180007,1.313934087753296,38.27450195626326,3.574202239513397,worst_uncertainty_stratified_mhz
8844,200.0,8,24.68870528492211,-24.68870528492211,24.68870528492211,0.039774227445057674,0.029809040001935332,0.069583267446993,19.51763585926055,14.486016430964305,0.0,0.20536729617467042,1.4358291625976562,37.1887079635741,3.6103314459323883,worst_uncertainty_stratified_mhz
8546,230.0,8,32.359689713828175,-32.359689713828175,32.359689713828175,0.13140623142925437,0.20812569418782714,0.3395319256170815,26.473851054659917,15.674824318373668,0.0,2.434320218515083,5.273177146911621,42.80588452537805,6.48817765712738,worst_uncertainty_stratified_mhz
8828,230.0,8,29.534350743755763,-29.534350743755763,29.534350743755763,0.20601365841944708,0.07107509040321991,0.277088748822667,23.854612439219874,15.349091419383937,0.0,0.4790040433972784,2.555628776550293,44.1955880150949,5.679000914096832,worst_uncertainty_stratified_mhz
8902,230.0,8,28.892788833677766,-28.892788833677766,28.892788833677766,0.021881957371599384,0.020037343869409825,0.041919301241009205,22.60043825112415,17.771554872046643,0.0,0.1673605879383464,1.3778307437896729,43.48832458258193,3.365717738866806,worst_uncertainty_stratified_mhz
8760,230.0,8,28.571915149462505,-28.571915149462505,28.571915149462505,0.037055764153233924,0.03455847311551078,0.0716142372687447,22.833109015786,16.095783696712477,0.0,0.39122106027684467,2.0915818214416504,42.79219408957666,4.644499599933624,worst_uncertainty_stratified_mhz
8989,230.0,8,28.01750550436706,-28.01750550436706,28.01750550436706,0.0022035242583825277,0.009998275593928296,0.012201799852310824,21.663421939845893,18.081471104474087,0.0,0.0191725198363093,0.4963047504425049,42.79219408957666,2.5897009670734406,worst_uncertainty_stratified_mhz
9308,230.0,8,25.932610048729742,-25.932610048729742,25.932610048729742,0.0660346717487728,0.07235677318896472,0.13839144493773753,20.15352234656305,15.91118069389011,0.0,0.9554801360095118,3.114405393600464,35.28167902750661,3.4043103754520416,worst_uncertainty_stratified_mhz
9290,230.0,8,25.5546693158729,-25.5546693158729,25.5546693158729,0.8806306969154921,0.056253542798875705,0.9368842397143679,20.69465090807415,11.130592822503885,0.0,0.6894042147822539,2.4865427017211914,37.5239506848626,7.5683940052986145,worst_uncertainty_stratified_mhz
8994,230.0,8,25.550592211716108,-25.550592211716108,25.550592211716108,0.042401365555854637,0.29079136332034017,0.3331927288761948,20.311280290844003,13.755925680579908,0.0,3.6831834089006854,5.848678827285767,27.407514936600872,5.241023242473602,worst_uncertainty_stratified_mhz
8587,250.0,8,33.70455632537907,-33.70455632537907,33.70455632537907,0.0466420822119347,0.2796640039436214,0.3263060861555561,28.302653735959026,14.29924871399663,0.0,5.590698582828736,8.101832389831543,37.32207791642904,8.342097282409668,worst_uncertainty_stratified_mhz
8230,250.0,8,31.20094425180566,-31.20094425180566,31.20094425180566,0.03348985413813802,0.06268093609442374,0.09617079023256175,23.886630318543872,20.360285994055044,0.0,0.8919463252660726,3.0055410861968994,42.9838269003587,2.5651832222938538,worst_uncertainty_stratified_mhz
9416,250.0,8,31.07655398358508,-31.07655398358508,31.07655398358508,0.5762781550856514,0.09684932633123641,0.6731274814168878,23.467462743107497,19.56082886102989,0.0,1.3207224544221248,3.791165828704834,40.50231474866591,3.2039144039154053,worst_uncertainty_stratified_mhz
9487,250.0,8,28.882869853299166,-28.882869853299166,28.882869853299166,0.0592871532556512,0.06928141623606263,0.12856856949171383,22.936292727973022,16.511290977386416,0.0,0.5492961433931747,2.7325329780578613,42.041460191101834,4.744031727313995,worst_uncertainty_stratified_mhz
8779,250.0,8,28.82836533929169,-28.82836533929169,28.82836533929169,0.06582835860706326,0.06806620943871784,0.1338945680457811,23.51976003482956,14.715801130762483,0.0,0.37044472601257894,2.1030426025390625,44.1955880150949,6.2927329540252686,worst_uncertainty_stratified_mhz
9383,250.0,8,28.81858956324304,-28.81858956324304,28.81858956324304,0.131650776654032,0.058585653860083006,0.19023643051411498,22.802596066604096,16.52855952326758,0.0,0.5860569184005442,2.1485140323638916,42.28456426404321,4.695291876792908,worst_uncertainty_stratified_mhz
8378,250.0,8,27.771953508953477,-27.771953508953477,27.771953508953477,0.1187524865543807,0.15514681757059282,0.27389930412497354,22.673805714612936,13.677391561874668,0.0,1.0014616834635035,3.563450336456299,39.781237725842566,6.732317686080933,worst_uncertainty_stratified_mhz
8984,250.0,8,27.170448664967676,-27.170448664967676,27.170448664967676,0.017483147280188214,0.020253208422516964,0.03773635570270518,21.113132996611885,17.131870059493913,0.0,0.08844774194105298,0.9125940799713135,41.13677642937035,3.1740052700042725,worst_uncertainty_stratified_mhz
9305,250.0,8,27.10987278361253,-27.10987278361253,27.10987278361253,0.05492420022393441,0.03285395373467405,0.08777815395860847,21.120058976460676,16.77760839288738,0.0,0.17405757469951766,1.2596957683563232,40.632307035165994,3.491497755050659,worst_uncertainty_stratified_mhz
8953,250.0,8,27.091234638363442,-27.091234638363442,27.091234638363442,0.028157269856075844,0.026005730239053396,0.05416300009512924,21.085572280489984,16.90887991059651,0.0,0.2000106145745093,1.2109827995300293,40.56014053230092,3.348359227180481,worst_uncertainty_stratified_mhz
8327,250.0,8,26.823218034313605,-26.823218034313605,26.823218034313605,0.22082577344569942,0.041230017242139066,0.26205579068783846,20.854359486589473,16.141353792882843,0.0,0.8210515044270315,2.8010990619659424,37.26551690235894,3.951403468847275,worst_uncertainty_stratified_mhz
9067,250.0,8,26.778012953783175,-26.778012953783175,26.778012953783175,0.0782702672772221,0.06848818158648506,0.14675844886370715,20.34671187235092,17.737285220038856,0.0,0.49072473825199103,2.1262389421463013,37.585735326051555,2.28948812186718,worst_uncertainty_stratified_mhz
9391,265.0,8,32.33529409189172,-32.33529409189172,32.33529409189172,2.0744918863942217,1.7299563752792997,3.8044482616735213,26.220790250286832,6.490848263476876,0.0,4.340934300516892,5.746556282043457,38.01315561749642,13.614495277404785,worst_uncertainty_stratified_mhz
9229,265.0,8,28.106838193838776,-28.106838193838776,28.106838193838776,1.1551797525795902,0.49427909398350695,1.649458846563097,22.81869168061939,10.25042064021617,0.0,4.2557389672689965,6.626161575317383,30.499743851383407,10.104459047317505,worst_uncertainty_stratified_mhz
8776,265.0,8,27.805780206512274,-27.805780206512274,27.805780206512274,1.7288256987520823,0.40428831039365437,2.1331140091457366,23.84529470508115,5.1362818359452,0.0,2.735312628391952,5.080236434936523,37.139727718441875,13.93427050113678,worst_uncertainty_stratified_mhz
9445,265.0,8,27.74397134827213,-27.74397134827213,27.74397134827213,0.4061387130992067,0.4651137917805174,0.8712525048797242,25.817240648192065,2.9393254307528522,0.0,2.726646801025481,4.339409828186035,41.84177786614713,15.452926635742188,worst_uncertainty_stratified_mhz
8841,265.0,8,26.892561253347697,-26.892561253347697,26.892561253347697,0.8458998661420662,0.14054202268129742,0.9864418888233637,23.365246982028538,7.225370676245173,0.0,0.3432934476561371,1.8483190536499023,44.1955880150949,12.213995575904846,worst_uncertainty_stratified_mhz
8997,265.0,8,26.75138324606172,-26.75138324606172,26.75138324606172,0.6192326476619066,0.5072664184835062,1.1264990661454126,23.177397915036835,6.961765159542774,0.0,0.2902219265933894,1.5787639617919922,44.1955880150949,12.391878485679626,worst_uncertainty_stratified_mhz
8205,265.0,8,25.86300427785819,-25.86300427785819,25.86300427785819,0.9741411312001316,0.5736966038772159,1.5478377350773473,21.16974730619277,8.932820441174671,0.0,0.6372722336702736,2.7904481887817383,38.27450195626326,10.541541576385498,worst_uncertainty_stratified_mhz
9490,265.0,8,25.666082032380714,-25.666082032380714,25.666082032380714,0.4760982360791381,0.3723680740080023,0.8484663100871404,22.499781811314644,6.511660169203749,0.0,3.771800096128061,5.382804870605469,32.0731585597677,12.528834581375122,worst_uncertainty_stratified_mhz
8876,265.0,8,25.54960824521059,-25.54960824521059,25.54960824521059,0.9787844418642003,0.43242340292551834,1.4112078447897187,22.4434567677041,4.737507204218955,0.0,4.202355168219114,6.608772277832031,29.873430921137935,13.9202960729599,worst_uncertainty_stratified_mhz
9591,265.0,8,24.71654455444843,-24.71654455444843,24.71654455444843,0.7994338923026744,0.4332324681630287,1.232666360465703,20.644454761061848,8.06867513232227,0.0,0.45537253750785567,2.1036624908447266,38.27450195626326,10.963913917541504,worst_uncertainty_stratified_mhz
8270,265.0,8,24.24284872095365,-24.24284872095365,24.24284872095365,0.7086412249264921,0.4509646327256782,1.1596058576521702,21.2483104073422,5.1954371658926615,0.0,0.7779991646231679,2.6661205291748047,38.27450195626326,13.340472936630249,worst_uncertainty_stratified_mhz
8521,270.0,8,31.719809831457205,-31.719809831457205,31.719809831457205,0.012505896733375176,0.05487604010450401,0.06738193683787919,24.380882685777078,20.535940283412106,0.0,0.9272426308282015,2.7116920948028564,44.1955880150949,2.8670328706502914,worst_uncertainty_stratified_mhz
9029,270.0,8,30.183634824598723,-30.183634824598723,30.183634824598723,0.05135649891564428,0.06685000366453554,0.11820650258017983,23.742224290688664,17.89588636219884,0.0,1.1182734217165082,3.17356276512146,42.07433897282285,4.432499259710312,worst_uncertainty_stratified_mhz
8042,270.0,8,29.9387484967602,-29.9387484967602,29.9387484967602,0.03941104860185704,0.06742598679364312,0.10683703539550016,23.255894375379583,18.683124170191835,0.0,0.2745240939139819,1.7671525478363037,44.1955880150949,3.5475285053253174,worst_uncertainty_stratified_mhz
8175,270.0,8,28.535311349585534,-28.535311349585534,28.535311349585534,0.02081772859363647,0.024025079140932177,0.04484280773456865,21.85613076437367,18.875996818537896,0.0,0.07390434031287807,0.7722587585449219,42.79219408957666,2.4501117169857025,worst_uncertainty_stratified_mhz
8948,270.0,8,28.456311573453032,-28.456311573453032,28.456311573453032,0.03444925667350778,0.005012611259647512,0.039461867933155294,21.725708376229342,19.05637592015814,0.0,0.03567639014920232,0.5878698825836182,42.79219408957666,2.205559194087982,worst_uncertainty_stratified_mhz
8088,270.0,8,27.392776386408674,-27.392776386408674,27.392776386408674,0.00955549503173996,0.023645722279961114,0.03320121731170107,20.900499494749344,18.277387855544873,0.0,0.3192440912407635,1.5513144731521606,39.611196333865,2.278664216399193,worst_uncertainty_stratified_mhz
8584,270.0,8,27.30798762222065,-27.30798762222065,27.30798762222065,0.20952169469236182,0.11846352542047629,0.3279852201128381,21.74431860009263,14.812088474568524,0.0,1.4331087703310423,3.9196438789367676,36.70277578058641,5.816614329814911,worst_uncertainty_stratified_mhz
8304,280.0,8,29.454234891133297,-29.454234891133297,29.454234891133297,0.009198078397666766,0.012551669924240911,0.021749748321907677,22.50991792061496,19.703836170208618,0.0,0.05682229449146248,0.7106032371520996,44.1955880150949,2.272433266043663,worst_uncertainty_stratified_mhz
9214,280.0,8,28.645375271205868,-28.645375271205868,28.645375271205868,0.009762539881969979,0.00740417142101288,0.01716671130298286,21.790485396996512,19.451204822680193,0.0,0.05473652916435845,0.6793036460876465,42.79219408957666,1.9626410454511642,worst_uncertainty_stratified_mhz
9058,280.0,8,28.54128075701594,-28.54128075701594,28.54128075701594,0.23033954620157024,0.029596878055703494,0.25993642425727376,22.04658257229465,17.748773731977735,0.0,0.11182702778860598,1.0773169994354248,42.79219408957666,3.6843479573726654,worst_uncertainty_stratified_mhz
8740,280.0,8,27.7483548022771,-27.7483548022771,27.7483548022771,0.03680548109036275,0.03603834383675476,0.07284382492711752,21.41328550180058,17.780557681150867,0.0,0.23795582531255377,1.7183523178100586,40.632307035165994,3.124542474746704,worst_uncertainty_stratified_mhz
9452,280.0,8,26.612993890607953,-26.612993890607953,26.612993890607953,0.2414016572269697,0.11072575425699185,0.35212741148396154,21.73389923286514,12.83912202081634,0.0,1.0059312641764073,3.3844571113586426,38.071478826018826,7.535500705242157,worst_uncertainty_stratified_mhz
9261,280.0,8,26.58248584551563,-26.58248584551563,26.58248584551563,0.276023538929085,0.07179231118754752,0.3478158501166325,21.151067830827486,14.4695863789543,0.0,0.20515735752870512,1.4499258995056152,40.44189504709195,5.883314251899719,worst_uncertainty_stratified_mhz
8913,300.0,8,28.996854883311787,-28.996854883311787,28.996854883311787,0.013964400067371874,0.011981814086058905,0.025946214153430777,22.52133467138454,18.324672764747334,0.0,0.25546853022169724,1.7395381927490234,42.79219408957666,3.5159962475299835,worst_uncertainty_stratified_mhz
8156,300.0,8,28.552190995745047,-28.552190995745047,28.552190995745047,0.02533967340212975,0.021604234562388133,0.04694390796451788,22.577817398854908,16.851242730060758,0.0,0.3175134687401089,1.7993090152740479,42.72129884495555,4.776135176420212,worst_uncertainty_stratified_mhz
9594,300.0,8,28.43397959074818,-28.43397959074818,28.43397959074818,0.050222371543119544,0.08072060458658456,0.1309429761297041,22.550733860056383,16.32164779232501,0.0,0.6964218249121208,2.757624387741089,40.95099968254743,5.251713901758194,worst_uncertainty_stratified_mhz
8312,300.0,8,28.13028618392101,-28.13028618392101,28.13028618392101,0.02517191865627989,0.00883651357606798,0.03400843223234787,21.708338223655897,18.203538028438878,0.0,0.04142723691199901,0.5416278839111328,42.79219408957666,3.0467361509799957,worst_uncertainty_stratified_mhz
9377,300.0,8,27.325216283263895,-27.325216283263895,27.325216283263895,0.044926677205628075,0.032321157059102025,0.0772478342647301,21.771402883250715,15.58441584039841,0.0,0.22282346806087716,1.2314882278442383,41.86567060253544,5.359234154224396,worst_uncertainty_stratified_mhz
8235,300.0,8,27.133592032860854,-27.133592032860854,27.133592032860854,0.052221332168109556,0.030725226086819067,0.08294655825492862,21.222276782566656,16.560785783066848,0.0,0.2871111191080322,1.597046136856079,40.273285190061166,4.173934787511826,worst_uncertainty_stratified_mhz
10153,120.0,9,30.36706326360071,-30.36706326360071,30.36706326360071,2.558686623770674,1.7969324058814395,4.355619029652114,25.959511873372527,0.0,0.0,19.963679585987492,11.50754165649414,0.4841229182759271,21.509100079536438,worst_uncertainty_stratified_mhz
10534,120.0,9,25.058375001219176,-25.058375001219176,25.058375001219176,0.06978630195442326,0.021906850607933497,0.09169315256235676,22.249191005771713,7.709449748386727,0.0,0.18521700213633707,1.3357539176940918,42.79219408957666,5.608595907688141,worst_uncertainty_stratified_mhz
9993,120.0,9,23.746851033753526,-23.746851033753526,23.746851033753526,0.23394816234167906,0.3827610333288175,0.6167091956704965,23.086380719628494,0.0,0.0,4.1338536734248805,6.905054092407227,31.0,11.615265607833862,worst_uncertainty_stratified_mhz
10149,150.0,9,595.178747861085,-595.178747861085,595.178747861085,5.0957473331137075,37.69746013011581,42.793207463229514,552.3010779034154,0.0,0.0,514.48773614986,72.2079849243164,3.418698582794336,67.13726091384888,worst_uncertainty_stratified_mhz
11085,150.0,9,169.03549942700317,-169.03549942700317,169.03549942700317,33.950896630384726,9.315678327393963,43.26657495777869,125.69703921874154,0.0,0.0,97.22993518635758,30.515701293945312,26.41850677082261,34.29258441925049,worst_uncertainty_stratified_mhz
10538,150.0,9,142.2845747799158,-142.2845747799158,142.2845747799158,38.27683403088135,6.935708374144062,45.21254240502542,97.01749780590777,0.0,0.0,83.96590230766645,25.55832862854004,0.5448623679425842,42.006800413131714,worst_uncertainty_stratified_mhz
10773,150.0,9,101.04566453501208,-101.04566453501208,101.04566453501208,6.236289977782872,6.155495867820543,12.391785845603415,88.60533966133634,0.0,0.0,73.92839966523911,26.201499938964844,3.152380053229623,44.28478956222534,worst_uncertainty_stratified_mhz
10827,155.0,9,426.2356405329281,-426.2356405329281,426.2356405329281,19.498136791297913,26.220370989874652,45.71850778117256,380.44878567948757,0.0,0.0,348.80749605531435,60.24633979797363,3.0362394503727796,68.31451630592346,worst_uncertainty_stratified_mhz
9631,155.0,9,307.8437760971396,-307.8437760971396,307.8437760971396,66.64476577121663,15.866662713961931,82.51142848517856,225.27937671937352,0.0,0.0,199.5054834441105,48.9079475402832,2.6398390102428593,66.66227579116821,worst_uncertainty_stratified_mhz
9626,155.0,9,265.8549353596567,-265.8549353596567,265.8549353596567,114.52104559795123,8.818177819809929,123.33922341776116,142.46958010433377,0.0,0.0,121.3997845322699,40.10858154296875,2.03100960115899,59.71015691757202,worst_uncertainty_stratified_mhz
10098,155.0,9,183.81707149396482,-183.81707149396482,183.81707149396482,3.395602582268529,17.394555265059825,20.790157847328356,162.87827468919113,0.0,0.0,129.32431735281506,37.74195861816406,29.365956054588107,19.127026319503784,worst_uncertainty_stratified_mhz
10972,155.0,9,151.58657398213626,-151.58657398213626,151.58657398213626,12.637058888426209,7.844054446134917,20.481113334561126,131.03879156103127,0.0,0.0,114.54414243243667,32.24978828430176,0.739509972887452,40.13302969932556,worst_uncertainty_stratified_mhz
11184,155.0,9,147.27763449998724,-147.27763449998724,147.27763449998724,5.7170680481873575,8.710388723273029,14.427456771460387,132.81353488911952,0.0,0.0,114.30876317555862,34.6181526184082,2.391390808713624,72.94418096542358,worst_uncertainty_stratified_mhz
10299,155.0,9,118.11150911196424,-118.11150911196424,118.11150911196424,12.545249887282623,6.5452996392131695,19.090549526495792,98.96229833123681,0.0,0.0,85.03171611090056,26.50331687927246,1.357847561400027,39.29878616333008,worst_uncertainty_stratified_mhz
9950,155.0,9,114.41579216386634,-114.41579216386634,114.41579216386634,9.555740348999345,6.17348767800568,15.729228027005025,98.6212787484001,0.0,0.0,82.0876117034872,32.382680892944336,0.6846531968814576,34.69467520713806,worst_uncertainty_stratified_mhz
9812,170.0,9,515.8561789831915,-515.8561789831915,515.8561789831915,2.1804085128794672,34.842107223415965,37.02251573629543,478.5847165150498,0.0,0.0,447.76987183916356,60.1401424407959,1.489546910976623,21.25010174512863,worst_uncertainty_stratified_mhz
10952,170.0,9,288.9722880501331,-288.9722880501331,288.9722880501331,7.276117805277413,19.080200736965047,26.35631854224246,262.43003907101337,0.0,0.0,238.09508489451764,47.300601959228516,1.3693063937629153,20.747450351715088,worst_uncertainty_stratified_mhz
10537,170.0,9,273.32310539792576,-273.32310539792576,273.32310539792576,9.728402263089588,16.144542969323105,25.872945232412693,247.35089006742064,0.0,0.0,223.46737368692257,46.225929260253906,1.541103500742244,37.64684796333313,worst_uncertainty_stratified_mhz
10419,180.0,9,178.86981452695827,-178.86981452695827,178.86981452695827,13.164767172356369,8.473396829843564,21.638164002199932,157.1364434021585,0.0,0.0,135.69181796800325,40.12791061401367,2.7613402542968153,30.587740659713745,worst_uncertainty_stratified_mhz
10521,180.0,9,94.82665296172479,-94.82665296172479,94.82665296172479,0.14261985620718662,4.88033458963425,5.022954445841437,89.69511616296397,0.0,0.0,76.34877470745923,23.937006950378418,2.7556759606310752,20.117860674858093,worst_uncertainty_stratified_mhz
9639,180.0,9,61.595229978267575,-61.595229978267575,61.595229978267575,2.4782841906015625,3.2012948067715055,5.679578997373068,55.81794584014276,0.0,0.0,44.75335156785825,18.569430828094482,3.5597577164745355,17.117304503917694,worst_uncertainty_stratified_mhz
11128,180.0,9,54.71007258368233,-54.71007258368233,54.71007258368233,1.099832775013166,2.373513296056613,3.4733460710697788,48.82269973526989,6.587081311988667,0.0,22.928822374882145,15.91231918334961,35.875435537425886,11.028280019760132,worst_uncertainty_stratified_mhz
9871,200.0,9,29.372399449491972,-29.372399449491972,29.372399449491972,0.1523387336971976,0.040239746556781225,0.19257848025397883,22.82435051990503,18.032662486340467,0.0,0.2809525270530875,1.5984714031219482,43.48832458258193,3.0090068876743317,worst_uncertainty_stratified_mhz
10190,200.0,9,29.295442837588674,-29.295442837588674,29.295442837588674,0.08837674947917736,0.0686467135339914,0.15702346301316877,22.72715311962538,18.167888072576634,0.0,0.36311359856446757,1.935884952545166,42.79219408957666,2.86917507648468,worst_uncertainty_stratified_mhz
10235,200.0,9,28.931578734345315,-28.931578734345315,28.931578734345315,0.16678821348521525,0.1196145723882487,0.28640278587346396,23.13965795841096,15.530290278786056,0.0,1.7119678965876366,3.5801095962524414,39.275270527394206,4.678523391485214,worst_uncertainty_stratified_mhz
9897,200.0,9,28.638557382028164,-28.638557382028164,28.638557382028164,0.1763634519869557,0.010372232738303209,0.1867356847252589,22.459810373944947,17.075900081802924,0.0,0.044171975528357166,0.6356887817382812,44.1955880150949,3.4016458988189697,worst_uncertainty_stratified_mhz
10815,200.0,9,28.048592210387252,-28.048592210387252,28.048592210387252,0.04219535022880331,0.05899682631812139,0.1011921765469247,21.854215506022815,17.23898683796034,0.0,0.5083575368788438,2.0594089031219482,40.632307035165994,2.9937954545021057,worst_uncertainty_stratified_mhz
10472,200.0,9,27.90753526831724,-27.90753526831724,27.90753526831724,0.007756761777926825,0.0031362207651965384,0.010892982543123365,21.540085184745813,18.131049898227417,0.0,0.00881422314077085,0.27034783363342285,42.79219408957666,2.1956802010536194,worst_uncertainty_stratified_mhz
11104,200.0,9,27.87067783300845,-27.87067783300845,27.87067783300845,0.01935980118229419,0.0038951358997579236,0.02325493708205211,21.741863240488026,17.398099897948597,0.0,0.03248275224876718,0.6265668869018555,42.79219408957666,2.777090162038803,worst_uncertainty_stratified_mhz
10456,200.0,9,27.805008464606956,-27.805008464606956,27.805008464606956,0.021603108835085715,0.07594961656760905,0.09755272540269477,22.0438240882903,15.964329714429478,0.0,1.3984352872191401,3.4756433963775635,37.81513420576476,3.8840410113334656,worst_uncertainty_stratified_mhz
10223,230.0,9,29.67481075482414,-29.67481075482414,29.67481075482414,0.10332435387973599,0.13067094483462463,0.23399529871436062,24.412960395221397,14.254687521612071,0.0,1.0379748374559625,3.4842586517333984,43.26571246379747,6.579010367393494,worst_uncertainty_stratified_mhz
10195,230.0,9,28.8924355376939,-28.8924355376939,28.8924355376939,0.242975555601911,0.041295797933433874,0.2842713535353449,23.20828261206871,15.3496943549237,0.0,0.3536625242634237,1.68829345703125,44.020946718579324,5.4085734486579895,worst_uncertainty_stratified_mhz
10998,230.0,9,28.86851881977826,-28.86851881977826,28.86851881977826,0.006605805690080475,0.009435544158400313,0.01604134984848079,22.61509784140138,17.76437714353282,0.0,0.07111133087846522,0.8923850059509277,44.1955880150949,3.358928769826889,worst_uncertainty_stratified_mhz
9896,230.0,9,28.73362836307788,-28.73362836307788,28.73362836307788,0.047005997293255025,0.07568453838678817,0.12269053568004319,22.72151451800452,16.651483464815175,0.0,1.0902465884464476,2.9853711128234863,40.277164746292655,4.251136302947998,worst_uncertainty_stratified_mhz
11175,230.0,9,24.903709672538344,-24.903709672538344,24.903709672538344,0.04000579704231003,0.06258013896332414,0.10258593600563418,19.79918138315812,14.190288086588438,0.0,0.40251492819353896,2.0418448448181152,36.75148806511105,4.487926572561264,worst_uncertainty_stratified_mhz
10878,230.0,9,24.720150444347023,-24.720150444347023,24.720150444347023,0.006060751249827675,0.004538514151723704,0.010599265401551379,19.375567387149925,15.209432433838614,0.0,0.020627729323166477,0.4353773593902588,38.27450195626326,3.3612070083618164,worst_uncertainty_stratified_mhz
10863,230.0,9,24.616427890971124,-24.616427890971124,24.616427890971124,0.003402825886441868,0.006058748729097726,0.009461574615539594,19.217987723429733,15.359289918751822,0.0,0.027614953202473203,0.5705699920654297,37.81017554838909,3.140847325325012,worst_uncertainty_stratified_mhz
10626,230.0,9,24.38825741000898,-24.38825741000898,24.38825741000898,0.01814568317356111,0.015812951514152636,0.03395863468771375,19.38782490970637,14.136425096125663,0.0,0.10123564233336335,0.987443208694458,37.585735326051555,4.247985273599625,worst_uncertainty_stratified_mhz
9760,250.0,9,32.18448576365893,-32.18448576365893,32.18448576365893,0.10911879623013067,0.3022215089412309,0.41134030517136155,26.967310831842237,13.586128998156912,0.0,2.8943297860146764,5.6489033699035645,42.49705872175156,8.390661537647247,worst_uncertainty_stratified_mhz
9668,250.0,9,30.966963850962266,-30.966963850962266,30.966963850962266,0.03185047760169405,0.29801221213143886,0.32986268973313293,25.167401541982407,15.416154085539036,0.0,3.8241612933107376,6.242173671722412,36.44430682562093,6.602498769760132,worst_uncertainty_stratified_mhz
9938,250.0,9,30.38069134715493,-30.38069134715493,30.38069134715493,0.028602154689447105,0.12335273191200481,0.15195488660145193,24.5978965748919,15.944630145559596,0.0,1.4220858994273016,3.559427261352539,42.79219408957666,5.936520457267761,worst_uncertainty_stratified_mhz
11141,250.0,9,29.50185067256635,-29.50185067256635,29.50185067256635,0.2488326768127865,0.19611246783520642,0.44494514464799295,23.699204450883997,15.203697600577533,0.0,0.807892220939916,2.598787784576416,43.183836675311746,6.172098100185394,worst_uncertainty_stratified_mhz
9674,250.0,9,29.364213922583723,-29.364213922583723,29.364213922583723,0.03330001791689734,0.020093882365966015,0.05339390028286335,22.92415781133967,18.165442629284282,0.0,0.16192639057658198,1.3288748264312744,44.1955880150949,3.498250126838684,worst_uncertainty_stratified_mhz
10934,250.0,9,28.69092974565862,-28.69092974565862,28.69092974565862,0.3748432286112424,0.2040799667993889,0.5789231954106313,22.328761562058492,16.309134548928622,0.0,2.1002124022773465,3.6578116416931152,36.799286677869176,4.827620208263397,worst_uncertainty_stratified_mhz
10081,250.0,9,28.381976049631028,-28.381976049631028,28.381976049631028,0.026880658492532513,0.028669331154106133,0.055549989646638646,22.091959154587585,17.676210166401923,0.0,0.41877870858081323,1.7517774105072021,41.59458348150634,3.38504821062088,worst_uncertainty_stratified_mhz
9795,250.0,9,28.376079548237485,-28.376079548237485,28.376079548237485,0.010248235650409056,0.023503762540670176,0.033751998191079234,22.02876412486685,17.96399862309852,0.0,0.10556401363412249,1.054206132888794,42.79219408957666,3.104526400566101,worst_uncertainty_stratified_mhz
11031,250.0,9,28.33733769819333,-28.33733769819333,28.33733769819333,0.18822812958579838,0.050998528570371224,0.2392266581561696,21.994268577998863,17.267956139404923,0.0,0.8106346477582411,2.889821767807007,39.477446092674235,3.747857540845871,worst_uncertainty_stratified_mhz
10612,250.0,9,28.289195173036873,-28.289195173036873,28.289195173036873,0.08226355134420915,0.05987407129440707,0.14213762263861623,22.422878917457833,16.280527502490525,0.0,0.23316843883161198,1.5872268676757812,42.79219408957666,4.644101023674011,worst_uncertainty_stratified_mhz
10864,250.0,9,28.23926798689129,-28.23926798689129,28.23926798689129,0.07181231553818777,0.06592357761160642,0.13773589314979418,23.16500663639063,14.02091859480633,0.0,0.6006837549396344,2.034453868865967,43.09419189403602,6.634701192378998,worst_uncertainty_stratified_mhz
10275,250.0,9,27.974223057542666,-27.974223057542666,27.974223057542666,0.009003254819240556,0.006899103653538567,0.015902358472779123,21.686740725193395,17.87519731225585,0.0,0.03224550516550195,0.516796350479126,42.79219408957666,2.941670596599579,worst_uncertainty_stratified_mhz
10689,265.0,9,33.05002894678564,-33.05002894678564,33.05002894678564,1.6707020377028714,0.7893323023285587,2.46003434003143,26.69970364219793,10.918292623537749,0.0,8.98369603060938,8.152215003967285,27.279800219209818,10.877285122871399,worst_uncertainty_stratified_mhz
11041,265.0,9,32.805085570177184,-32.805085570177184,32.805085570177184,1.851490107088349,0.8717669142040279,2.723257021292377,27.03795352831166,8.572309497990464,0.0,4.646476419027508,5.877017974853516,38.90593624371479,12.369360566139221,worst_uncertainty_stratified_mhz
9844,265.0,9,32.79452837313542,-32.79452837313542,32.79452837313542,0.4023283528075927,0.927094131074848,1.3294224838824407,28.807976336034724,7.421694640995121,0.0,9.726376355305078,8.194726943969727,29.968473017489565,13.095821976661682,worst_uncertainty_stratified_mhz
9995,265.0,9,30.74295785804034,-30.74295785804034,30.74295785804034,2.98040769576228,0.628797458113024,3.609205153875304,24.169771381438103,8.355180602744603,0.0,3.7156662085264998,6.941314697265625,33.96689564855758,12.14833688735962,worst_uncertainty_stratified_mhz
10292,265.0,9,30.32339083176458,-30.32339083176458,30.32339083176458,1.220940714188294,0.8734374362527297,2.094378150441024,25.80170120473587,6.824304385925873,0.0,4.14825968492174,6.08059024810791,37.22629279152035,13.12157428264618,worst_uncertainty_stratified_mhz
10513,265.0,9,29.64309194672101,-29.64309194672101,29.64309194672101,0.5166601579375822,0.8356577935667276,1.3523179515043098,25.515868413570043,7.75152155096871,0.0,9.365792977733221,7.989659309387207,24.310491562286437,12.36547601222992,worst_uncertainty_stratified_mhz
10466,265.0,9,28.83426632914926,-28.83426632914926,28.83426632914926,0.2621304547349309,1.131562701190996,1.3936931559259267,25.592762654228,5.14839242664672,0.0,6.65252875460186,8.195138931274414,29.685328867977866,14.056417226791382,worst_uncertainty_stratified_mhz
9659,265.0,9,28.79740985289377,-28.79740985289377,28.79740985289377,0.42258482745862747,0.48885782805228506,0.9114426555109125,25.98974304897295,5.315315447900687,0.0,3.9973988562621656,5.06831169128418,38.91637669413739,13.937123656272888,worst_uncertainty_stratified_mhz
10165,265.0,9,28.290015404587287,-28.290015404587287,28.290015404587287,1.5447224172099503,0.6704831870992509,2.215205604309201,23.73494257987135,6.54868708070136,0.0,6.175260178329253,8.272577285766602,26.846787517317598,12.98963177204132,worst_uncertainty_stratified_mhz
10535,265.0,9,26.597315268207375,-26.597315268207375,26.597315268207375,1.2957905443234659,0.38831006495030185,1.6841006092737678,21.643956776001676,9.29441027640776,0.0,0.45937185877778575,2.5071029663085938,39.86206686813919,10.450194358825684,worst_uncertainty_stratified_mhz
10475,265.0,9,26.54877532979935,-26.54877532979935,26.54877532979935,0.24093723540583564,0.18422222314378262,0.42515945854961823,24.314601118842102,5.111557441379975,0.0,1.21137507243634,3.4142580032348633,42.79219408957666,13.778721332550049,worst_uncertainty_stratified_mhz
9854,270.0,9,31.069967330719074,-31.069967330719074,31.069967330719074,0.15592847720627354,0.17026879481482454,0.32619727202109805,24.4413079511812,17.844446011693993,0.0,1.2688494401586468,3.6150240898132324,42.72989293223188,4.948652625083923,worst_uncertainty_stratified_mhz
9823,270.0,9,29.68305060507008,-29.68305060507008,29.68305060507008,0.09308951162348816,0.08400273991409164,0.1770922515375798,23.403732314938342,17.31408287071287,0.0,0.6324365482643293,2.7503974437713623,42.79219408957666,4.700440675020218,worst_uncertainty_stratified_mhz
10731,270.0,9,29.527054252655397,-29.527054252655397,29.527054252655397,0.012239216043296489,0.023177363746520862,0.035416579789817354,22.893698548856932,18.75820276704455,0.0,0.17617418795407502,1.2394607067108154,44.1955880150949,3.221943974494934,worst_uncertainty_stratified_mhz
10655,270.0,9,29.233574786221137,-29.233574786221137,29.233574786221137,0.24742261118493966,0.10287151731356013,0.3502941284984998,22.91178042551239,16.98176939007079,0.0,0.2826389409709398,1.9918482303619385,43.26643473872096,4.767036825418472,worst_uncertainty_stratified_mhz
10651,270.0,9,28.79918352699296,-28.79918352699296,28.79918352699296,0.11316359930120594,0.0339291633799212,0.14709276268112714,21.97975823258269,18.964281626096064,0.0,0.12518156401350833,1.030850887298584,42.67830244983978,2.53926083445549,worst_uncertainty_stratified_mhz
10392,270.0,9,27.922731901500995,-27.922731901500995,27.922731901500995,0.327825787287502,0.15379989861682017,0.4816256859043222,23.69989940769943,10.60982384072026,0.0,1.20594843343423,3.1244707107543945,41.863431237776005,9.88672661781311,worst_uncertainty_stratified_mhz
10428,270.0,9,27.33481245762791,-27.33481245762791,27.33481245762791,0.016769294764112003,0.04535696056315559,0.06212625532726759,21.67781844068074,15.896402040995028,0.0,0.34964591489435204,2.0962045192718506,40.56014053230092,4.749154657125473,worst_uncertainty_stratified_mhz
10397,280.0,9,31.05930987426269,-31.05930987426269,31.05930987426269,0.045126714155701464,0.15649234134366954,0.201619055499371,25.275451117186492,15.803472594740464,0.0,1.9500104734071328,4.207536697387695,42.44334459017102,6.841974973678589,worst_uncertainty_stratified_mhz
10861,280.0,9,30.878273616794925,-30.878273616794925,30.878273616794925,0.092836995108395,0.09814295508987812,0.19097995019827313,24.609428540841883,17.196962706459345,0.0,1.7028168731412165,4.441433429718018,41.371789905683315,5.536062240600586,worst_uncertainty_stratified_mhz
9785,280.0,9,27.70570897789227,-27.70570897789227,27.70570897789227,0.15027637735716337,0.1443688747726082,0.29464525212977155,22.810987222760406,13.01632549850092,0.0,1.9464333137428547,4.489386081695557,37.23972173633955,7.862180173397064,worst_uncertainty_stratified_mhz
9603,280.0,9,27.5065971782877,-27.5065971782877,27.5065971782877,0.14470585798117355,0.028625569020762097,0.17333142700193566,20.87588632881027,18.274953171160604,0.0,0.34813538335914074,1.7792367935180664,39.2762650973842,2.412389174103737,worst_uncertainty_stratified_mhz
10555,280.0,9,27.47649422631503,-27.47649422631503,27.47649422631503,0.01465359369792913,0.014610675181430425,0.029264268879359553,20.912491064144906,18.54633194828814,0.0,0.13206299131185784,1.0007156133651733,40.56014053230092,2.087443023920059,worst_uncertainty_stratified_mhz
9992,280.0,9,26.786226426607662,-26.786226426607662,26.786226426607662,0.05322045656863256,0.17717231845714662,0.23039277502577918,21.507085685429555,14.321230583217051,0.0,0.7975240107139143,2.6816253662109375,38.737497983220344,6.147503614425659,worst_uncertainty_stratified_mhz
11135,300.0,9,29.300608242637814,-29.300608242637814,29.300608242637814,0.010970716258848523,0.006953816390318663,0.017924532649167185,22.679988443397647,18.798571218924067,0.0,0.08919535900693543,0.9859981536865234,44.1955880150949,3.218921571969986,worst_uncertainty_stratified_mhz
10430,300.0,9,28.212552109337405,-28.212552109337405,28.212552109337405,0.006713663357954313,0.028102388982341395,0.03481605234029571,22.127462193708226,17.16351139969759,0.0,0.5313339917339652,2.2204673290252686,40.97178907492325,4.233527392148972,worst_uncertainty_stratified_mhz
10256,300.0,9,27.962917463204654,-27.962917463204654,27.962917463204654,0.005397804902134987,0.029011540679750404,0.034409345581885395,21.774391510991194,17.44176525132521,0.0,0.5563972177298204,2.495603322982788,39.94038526353996,3.7673683762550354,worst_uncertainty_stratified_mhz
9819,300.0,9,27.64333740089543,-27.64333740089543,27.64333740089543,0.02557313845168908,0.02089011627614332,0.0464632547278324,21.68323167482686,16.80541896052291,0.0,0.2907570928970804,1.6829419136047363,41.10200725025482,4.246375650167465,worst_uncertainty_stratified_mhz
9829,300.0,9,27.61140518989332,-27.61140518989332,27.61140518989332,0.0034468888075668575,0.008002197955054604,0.011449086762621461,21.271482921053828,18.00636438973534,0.0,0.09204810684862164,1.090313196182251,41.26855643222816,2.88994899392128,worst_uncertainty_stratified_mhz
10361,300.0,9,27.283021136815208,-27.283021136815208,27.283021136815208,0.006864301643823632,0.009289126513045733,0.016153428156869366,20.695219947293616,18.72323849588011,0.0,0.017866056403860853,0.4350074529647827,40.91970032881473,1.804875910282135,worst_uncertainty_stratified_mhz
12078,120.0,10,33.26579235797121,-33.26579235797121,33.26579235797121,3.4600999398443455,1.258901473447687,4.719001413292032,28.49518788491658,0.0,0.0,20.968773143925304,14.619816780090332,0.4330127018922193,22.1845725774765,worst_uncertainty_stratified_mhz
11924,120.0,10,23.303086589684668,-23.303086589684668,23.303086589684668,0.40543902517279995,0.11583765996840605,0.521276685141206,21.391853643675617,3.8699195593350795,0.0,1.0015159355601178,3.1949400901794434,37.585735326051555,7.050684630870819,worst_uncertainty_stratified_mhz
12729,120.0,10,23.15322761265492,-23.15322761265492,23.15322761265492,0.005165178084344205,0.018426985363600726,0.02359216344794493,19.759900634983925,9.578774645264025,0.0,0.09204207571368439,1.0612151622772217,38.27450195626326,4.4189856350421906,worst_uncertainty_stratified_mhz
11849,150.0,10,144.69167832804612,-144.69167832804612,144.69167832804612,6.709850197356988,7.776780106441464,14.486630303798453,130.13768035960527,0.0,0.0,116.83474181510701,26.019575119018555,0.5863019699779287,40.11201858520508,worst_uncertainty_stratified_mhz
12035,150.0,10,98.94431949536768,-98.94431949536768,98.94431949536768,11.164854532529334,5.252201066385576,16.41705559891491,82.45093984476863,0.0,0.0,70.0171888943587,24.383378982543945,0.4841229182759271,27.408226013183594,worst_uncertainty_stratified_mhz
12363,150.0,10,98.66655772460606,-98.66655772460606,98.66655772460606,4.156234443751221,4.4696624744561335,8.625896918207355,89.97496873792765,0.0,0.0,77.2216653659479,25.022483825683594,0.4841229182759271,33.44233965873718,worst_uncertainty_stratified_mhz
11587,150.0,10,41.92480435762462,-41.92480435762462,41.92480435762462,1.0524286286368592,2.229079533075819,3.2815081617126785,38.58725572111547,0.0,0.0,30.50013947966039,15.674232482910156,0.5,24.637073278427124,worst_uncertainty_stratified_mhz
11701,155.0,10,547.1100141933586,-547.1100141933586,547.1100141933586,16.841600965611175,31.984991496276308,48.826592461887486,498.2035432994066,0.0,0.0,462.93251134528236,69.45233917236328,1.0897247358851685,67.33941173553467,worst_uncertainty_stratified_mhz
11261,155.0,10,503.4578598747476,-503.4578598747476,503.4578598747476,21.841886397413305,31.589472565148068,53.431358962561376,449.9389134666645,0.0,0.0,417.72619939651486,61.80937194824219,2.6160561920570435,58.33698844909668,worst_uncertainty_stratified_mhz
12455,155.0,10,379.6925973750354,-379.6925973750354,379.6925973750354,1.5804193027447238,20.902755094758383,22.483174397503106,357.13264764346326,0.0,0.0,326.38703378126934,60.94636535644531,0.5448623679425842,58.828089237213135,worst_uncertainty_stratified_mhz
11884,155.0,10,143.76890025604683,-143.76890025604683,143.76890025604683,11.48087096418982,9.648261369604093,21.129132333793912,122.595353759347,0.0,0.0,106.54787832377747,31.005226135253906,1.0897247358851685,58.10197973251343,worst_uncertainty_stratified_mhz
11702,155.0,10,138.9108719554294,-138.9108719554294,138.9108719554294,7.3820273140144534,7.706239051574361,15.088266365588815,123.77868960149613,0.0,0.0,106.25484926124022,33.96514892578125,1.0825317547305484,58.6802191734314,worst_uncertainty_stratified_mhz
11998,155.0,10,119.30456572548825,-119.30456572548825,119.30456572548825,10.621877815124279,6.064540837847163,16.68641865297144,102.55428421647092,0.0,0.0,84.29478078350343,33.62774848937988,2.8912583765550943,35.94115376472473,worst_uncertainty_stratified_mhz
11383,155.0,10,106.84716877737819,-106.84716877737819,106.84716877737819,16.127935000537892,5.420151416244893,21.548086416782787,85.24179715462935,0.0,0.0,70.27526745708195,28.13462257385254,1.79843682124227,36.58463978767395,worst_uncertainty_stratified_mhz
12481,155.0,10,92.59278513834937,-92.59278513834937,92.59278513834937,1.5760702065063548,5.322469268233374,6.898539474739729,85.65586790287398,0.0,0.0,70.76885160648726,29.774032592773438,0.0,54.8001127243042,worst_uncertainty_stratified_mhz
12007,170.0,10,159.63375437666673,-159.63375437666673,159.63375437666673,6.757519658077456,7.2187802031849815,13.976299861262437,145.61698691992936,0.0,0.0,127.37504599839212,33.68321228027344,2.80066956280101,69.72279453277588,worst_uncertainty_stratified_mhz
12398,170.0,10,152.18191240201176,-152.18191240201176,152.18191240201176,7.91409982686388,9.859294543936306,17.773394370800187,134.2851756882041,0.0,0.0,120.05193103414308,26.895263671875,1.571225636247067,22.208150386810303,worst_uncertainty_stratified_mhz
12790,170.0,10,67.97250432712028,-67.97250432712028,67.97250432712028,1.145053192566628,3.1422892963865205,4.287342488953149,63.60722400725806,0.0,0.0,53.38805502324827,19.954215049743652,0.4841229182759271,23.43763267993927,worst_uncertainty_stratified_mhz
11665,180.0,10,169.22107686116948,-169.22107686116948,169.22107686116948,7.850528009529337,8.859405862018328,16.709933871547666,152.40627374262155,0.0,0.0,132.4659086988389,37.28566265106201,2.595067436503337,27.437461018562317,worst_uncertainty_stratified_mhz
12244,180.0,10,112.0874667512224,-112.0874667512224,112.0874667512224,9.428873943131963,5.006095801083176,14.434969744215138,97.49891707282265,0.0,0.0,73.26080087152553,26.890646934509277,21.585585468084947,13.932894945144653,worst_uncertainty_stratified_mhz
12077,180.0,10,82.1084609710112,-82.1084609710112,82.1084609710112,6.330242568159676,3.46756829445125,9.797810862610927,72.22652322879449,0.0,0.0,59.400750900251296,25.002025604248047,0.649519052838329,22.903465270996094,worst_uncertainty_stratified_mhz
12693,180.0,10,74.170942760443,-74.170942760443,74.170942760443,18.38467249131235,3.0567082980187865,21.441380789331138,52.69049622221104,0.0,0.0,40.387840454085506,22.10843849182129,2.496873044429772,40.66953158378601,worst_uncertainty_stratified_mhz
12616,200.0,10,34.76538355806777,-34.76538355806777,34.76538355806777,0.6834990339718702,0.327250574346466,1.0107496083183363,27.667382129244753,17.15663611024883,0.0,3.3701966534034455,5.8699634075164795,42.724407544166134,5.56783863902092,worst_uncertainty_stratified_mhz
11419,200.0,10,34.35542341251466,-34.35542341251466,34.35542341251466,0.6853587159932261,0.6866513785001385,1.3720100944933646,28.06059036005797,13.747704609413647,0.0,10.75665220560345,7.908742427825928,26.69913388108311,7.378388911485672,worst_uncertainty_stratified_mhz
11237,200.0,10,32.89325491793564,-32.89325491793564,32.89325491793564,0.09635056874364772,0.30825867828256587,0.4046092470262136,27.046538517698057,15.336082186319377,0.0,3.3146615775451913,5.012679100036621,42.45107478026911,6.111239969730377,worst_uncertainty_stratified_mhz
12720,200.0,10,31.322494479133233,-31.322494479133233,31.322494479133233,0.08363687410317383,0.0989536658755441,0.18259053997871794,25.55074345666553,15.808714611755363,0.0,1.4368287768921277,4.032241344451904,44.1955880150949,5.340714931488037,worst_uncertainty_stratified_mhz
12404,200.0,10,29.813796058827332,-29.813796058827332,29.813796058827332,0.5515525900827277,0.10012343266587591,0.6516760227486036,23.522977522461353,15.942214945026064,0.0,1.2572446595771813,4.031851530075073,40.49961419569327,4.721747249364853,worst_uncertainty_stratified_mhz
11378,200.0,10,29.70784637888392,-29.70784637888392,29.70784637888392,0.41047270034188177,0.08110152428017048,0.49157422462205225,23.81316311892666,15.32096581456064,0.0,0.6959749128006365,2.812931537628174,43.42144487462387,5.115468740463257,worst_uncertainty_stratified_mhz
11252,200.0,10,29.574424503643083,-29.574424503643083,29.574424503643083,0.2957536709401498,0.08785497497428736,0.38360864591443716,24.11911230278767,14.382709639655118,0.0,0.7441521670816513,2.5543322563171387,44.1955880150949,5.712080597877502,worst_uncertainty_stratified_mhz
11350,200.0,10,29.569020168262927,-29.569020168262927,29.569020168262927,0.14095986884735157,0.14225978728002694,0.28321965612737854,23.56386572565849,16.162561448536398,0.0,1.3537369580759337,3.929903745651245,40.49035378951387,4.472373932600021,worst_uncertainty_stratified_mhz
11483,230.0,10,29.895592946562587,-29.895592946562587,29.895592946562587,0.09657350689000734,0.09646922467179235,0.19304273156179969,24.249641971765,15.472553425522493,0.0,0.7390478905938949,2.8256001472473145,44.1955880150949,5.728971004486084,worst_uncertainty_stratified_mhz
12318,230.0,10,29.50809849755009,-29.50809849755009,29.50809849755009,0.05823156716929238,0.0798152493489269,0.1380468165182193,24.444086221452324,13.973677806790013,0.0,0.8972779797285853,3.154916286468506,43.93870019697897,6.731774568557739,worst_uncertainty_stratified_mhz
12347,230.0,10,28.884162236869734,-28.884162236869734,28.884162236869734,0.14999753427804022,0.06509088985723682,0.21508842413527704,23.30980102842037,15.22631413717121,0.0,0.4382520527015821,2.159306526184082,43.583791425253494,5.505186498165131,worst_uncertainty_stratified_mhz
11774,230.0,10,28.629827536036174,-28.629827536036174,28.629827536036174,0.11541468830608281,0.10707311227982574,0.22248780058590856,23.682366073340834,13.419676605287343,0.0,0.5904316397123033,2.250858783721924,43.93301008353514,6.839459478855133,worst_uncertainty_stratified_mhz
11708,230.0,10,27.952011216166284,-27.952011216166284,27.952011216166284,0.03781452365584343,0.03825405482521309,0.07606857848105653,21.80423749286446,17.208869699202992,0.0,0.4244468678654272,2.1994407176971436,40.56014053230092,3.351264476776123,worst_uncertainty_stratified_mhz
11892,230.0,10,26.955323769391068,-26.955323769391068,26.955323769391068,0.002999352269544203,0.005674246404940034,0.008673598674484237,20.87790738334679,17.317710068943686,0.0,0.006467875667723888,0.24965667724609375,41.49322233811204,2.66504168510437,worst_uncertainty_stratified_mhz
11316,230.0,10,26.91350146646498,-26.91350146646498,26.91350146646498,0.04836399092842331,0.02979689799588248,0.0781608889243058,21.31820895702151,15.682252766010086,0.0,0.22384262791030718,1.6758103370666504,40.512922321155756,4.17314288020134,worst_uncertainty_stratified_mhz
12201,230.0,10,26.46817074738743,-26.46817074738743,26.46817074738743,0.036636178870661,0.15677012183098152,0.19340630070164253,21.433040623824837,13.710423320384496,0.0,0.9708979317645463,2.8013346195220947,38.122950764598485,5.718667536973953,worst_uncertainty_stratified_mhz
11365,250.0,10,31.351753357036447,-31.351753357036447,31.351753357036447,0.10030252621461,0.11281972491488655,0.21312225112949656,24.818937080340028,17.866867859656637,0.0,1.613367501741343,3.847400188446045,42.56373896875132,4.790235251188278,worst_uncertainty_stratified_mhz
12033,250.0,10,30.711208507586782,-30.711208507586782,30.711208507586782,0.12521348594064494,0.23539770757156953,0.3606111935122145,25.50157207333687,13.72364584924324,0.0,2.0472505334998345,4.251030921936035,42.657612157738036,7.818835258483887,worst_uncertainty_stratified_mhz
11679,250.0,10,30.177340855391414,-30.177340855391414,30.177340855391414,0.08530399665937684,0.021114217070832997,0.10641821373020983,23.233628510323207,19.393458078477757,0.0,0.3173882242036745,1.636892557144165,44.1955880150949,2.8405050933361053,worst_uncertainty_stratified_mhz
11452,250.0,10,30.078721425166027,-30.078721425166027,30.078721425166027,0.029766435209703332,0.040177222699078564,0.0699436579087819,23.45008049457531,18.60565645450115,0.0,0.427743225499845,1.8490865230560303,44.1955880150949,3.499869555234909,worst_uncertainty_stratified_mhz
12449,250.0,10,29.114230513886042,-29.114230513886042,29.114230513886042,0.05637205147765751,0.05798836240621088,0.11436041388386839,23.197069092721183,16.487627005805543,0.0,0.39385099622391806,2.1181116104125977,43.48832458258193,4.882859587669373,worst_uncertainty_stratified_mhz
12477,250.0,10,28.974091777645338,-28.974091777645338,28.974091777645338,0.047448135116452156,0.14061319238291978,0.18806132749937193,24.190073691966127,13.017486814687128,0.0,1.5298767712946386,3.7184858322143555,41.60190800912862,7.762264609336853,worst_uncertainty_stratified_mhz
11762,250.0,10,28.890678907606116,-28.890678907606116,28.890678907606116,0.008784208365267896,0.015044864373278132,0.02382907273854603,22.343511690558277,18.557422428839242,0.0,0.10359266649451282,0.9690635204315186,43.51077452769601,2.8492811024188995,worst_uncertainty_stratified_mhz
11476,250.0,10,28.430930725768153,-28.430930725768153,28.430930725768153,0.024649265235733006,0.026143594473396113,0.05079285970912912,22.67977969100365,16.191717436979403,0.0,0.4077150244120338,1.7519352436065674,42.79219408957666,4.799923926591873,worst_uncertainty_stratified_mhz
12091,250.0,10,28.304803588163985,-28.304803588163985,28.304803588163985,0.1479192524837534,0.06911888309638231,0.2170381355801357,22.858895463851656,14.848117034173782,0.0,0.5796654788619549,2.624732494354248,41.933727475625155,5.942716121673584,worst_uncertainty_stratified_mhz
12433,250.0,10,28.213083662930323,-28.213083662930323,28.213083662930323,0.013481088638140931,0.03804582307528493,0.05152691171342586,21.959268759612048,17.57643582106063,0.0,0.46677001288018616,2.3526904582977295,40.632307035165994,3.3798335194587708,worst_uncertainty_stratified_mhz
12069,250.0,10,28.109293100763587,-28.109293100763587,28.109293100763587,0.04385858236144654,0.008680386581535674,0.05253896894298221,21.742109832468184,17.9849178529116,0.0,0.0541011856595901,0.5838232040405273,42.79219408957666,2.9186872243881226,worst_uncertainty_stratified_mhz
11503,250.0,10,27.944712669655836,-27.944712669655836,27.944712669655836,0.23216057935444545,0.13381174443859964,0.3659723237930451,22.30824555849027,14.940444491737866,0.0,0.8854426856651543,2.9022865295410156,39.94331921610922,5.690599322319031,worst_uncertainty_stratified_mhz
12583,265.0,10,40.99478694264812,-40.99478694264812,40.99478694264812,0.22043062677009898,1.4923216200727318,1.712752246842831,36.235963271450956,8.489992212763449,0.0,16.184020561468444,9.66336965560913,30.440515764355897,13.486364960670471,worst_uncertainty_stratified_mhz
11667,265.0,10,37.623523572134594,-37.623523572134594,37.623523572134594,0.8614476771803975,0.7587312020749241,1.6201788792553216,32.692950876901506,9.299782766419668,0.0,7.896656460736253,7.9026994705200195,41.68988936181049,12.664984345436096,worst_uncertainty_stratified_mhz
12503,265.0,10,35.4352499610382,-35.4352499610382,35.4352499610382,0.9844967560803505,1.1614911306537188,2.145987886734069,29.777243235576385,9.86856359848017,0.0,7.763482256573525,7.625470161437988,36.40205179656773,12.005458354949951,worst_uncertainty_stratified_mhz
12361,265.0,10,35.10786784192584,-35.10786784192584,35.10786784192584,0.9968875460499053,0.6488185037043201,1.6457060497542253,30.581459529620826,8.086213522932077,0.0,6.917693426808782,6.391034126281738,40.93649807934235,13.013454556465149,worst_uncertainty_stratified_mhz
11615,265.0,10,33.03472056359527,-33.03472056359527,33.03472056359527,0.4743222191095242,1.2225147540126744,1.6968369731221986,26.87948282893838,12.530438076755058,0.0,8.080828620021403,8.74694013595581,28.850368281878136,9.769003689289093,worst_uncertainty_stratified_mhz
11824,265.0,10,31.792309540432143,-31.792309540432143,31.792309540432143,3.60609885002802,1.2897433822266788,4.895842232254699,24.283047018112814,7.295182330140376,0.0,9.815831770270265,8.628181457519531,20.306249038165568,13.031136870384216,worst_uncertainty_stratified_mhz
11672,265.0,10,30.13963438067061,-30.13963438067061,30.13963438067061,0.4408449628083859,0.5861337145043443,1.02697867731273,27.02866837666574,5.842846531198569,0.0,4.60042583661685,5.092336654663086,39.76414842543469,13.752263903617859,worst_uncertainty_stratified_mhz
12053,265.0,10,30.00423264869329,-30.00423264869329,30.00423264869329,1.7205643265851156,0.5568833207676982,2.2774476473528136,25.463152791068662,6.36159783145907,0.0,3.940833486332039,6.203976631164551,36.840661978308695,13.386797070503235,worst_uncertainty_stratified_mhz
11893,265.0,10,29.03353475393679,-29.03353475393679,29.03353475393679,0.9060638714290153,0.6080185521893053,1.5140824236183206,25.741161017761364,4.972133610252724,0.0,4.669729909706064,6.465488433837891,35.67737378227271,14.200166940689087,worst_uncertainty_stratified_mhz
11333,265.0,10,28.74598615973919,-28.74598615973919,28.74598615973919,0.6806821537966932,0.8301902515516649,1.510872405348358,24.811767037299653,6.766279597465939,0.0,8.109677729479571,8.470829963684082,24.933348651956077,12.909376978874207,worst_uncertainty_stratified_mhz
11265,265.0,10,28.636536492042318,-28.636536492042318,28.636536492042318,0.8477274612340325,0.7873966108826989,1.6351240721167315,24.63989240702495,6.620515766204467,0.0,5.31248325500286,6.120461463928223,32.534356840115954,12.995651483535767,worst_uncertainty_stratified_mhz
11763,270.0,10,30.40924539955707,-30.40924539955707,30.40924539955707,0.03095714815625113,0.08237431507504996,0.11333146323130108,23.888167213801548,18.13436758235156,0.0,1.1089302648763777,2.9008617401123047,42.657612157738036,4.335849285125732,worst_uncertainty_stratified_mhz
12393,270.0,10,29.514733045937145,-29.514733045937145,29.514733045937145,0.44115478577907785,0.1799684450259484,0.6211232308050263,23.817921059268194,14.398723570085881,0.0,1.0969263541088843,3.7648448944091797,41.67714451590944,7.245937764644623,worst_uncertainty_stratified_mhz
12764,270.0,10,28.484158022881957,-28.484158022881957,28.484158022881957,0.04017849371571795,0.0834239173363261,0.12360241105204406,22.089478588973936,17.803540665296097,0.0,0.31445641491181586,1.7306783199310303,41.81936602819321,3.5190464556217194,worst_uncertainty_stratified_mhz
11541,270.0,10,28.346508508223707,-28.346508508223707,28.346508508223707,0.06354539317071901,0.08745656157114433,0.15100195474186334,21.8888021047309,17.85706944647574,0.0,0.587146942486072,2.641805410385132,39.96150491410452,3.376754879951477,worst_uncertainty_stratified_mhz
11422,270.0,10,28.33215053897326,-28.33215053897326,28.33215053897326,0.13052402419057213,0.09761245605027476,0.22813648024084687,22.491991644039377,15.846986424270504,0.0,1.9764427577918644,3.950526714324951,37.08057105817007,5.359564274549484,worst_uncertainty_stratified_mhz
12090,270.0,10,28.167095323804478,-28.167095323804478,28.167095323804478,0.12138505954346675,0.028804644178644992,0.15018970372211174,22.111206047842114,16.81533399175334,0.0,0.12332142637836796,1.18357515335083,42.79219408957666,4.317822217941284,worst_uncertainty_stratified_mhz
11684,270.0,10,27.899627055270997,-27.899627055270997,27.899627055270997,0.033950148341533704,0.05710464253401236,0.09105479087554606,22.71564494680748,14.470726733440681,0.0,0.527784120764963,2.331845760345459,42.043875891739575,6.446673512458801,worst_uncertainty_stratified_mhz
12573,280.0,10,32.77248121088674,-32.77248121088674,32.77248121088674,0.12341560704038218,0.12062174529528735,0.24403735233566953,25.727312052391405,19.190142858845434,0.0,2.5638689548908347,5.340798616409302,40.986087578591835,4.732721716165543,worst_uncertainty_stratified_mhz
11808,280.0,10,28.331686000365853,-28.331686000365853,28.331686000365853,0.0024665956453185202,0.005374416089618847,0.007841011734937366,21.559838403576926,19.290223691169636,0.0,0.008976706536397705,0.30952930450439453,42.79219408957666,1.9058426171541214,worst_uncertainty_stratified_mhz
12420,280.0,10,27.95273693056294,-27.95273693056294,27.95273693056294,0.08094835460220222,0.02556294639916634,0.10651130100136856,21.634574384060453,17.71531450039412,0.0,0.022665729050260097,0.4316232204437256,42.79219408957666,3.3333882093429565,worst_uncertainty_stratified_mhz
12595,280.0,10,26.381161460897523,-26.381161460897523,26.381161460897523,0.9910639282117804,0.1740962293666884,1.1651601575784687,21.377302934399612,10.882460116761651,0.0,1.232422636322653,3.3827829360961914,36.90697766005773,9.301648259162903,worst_uncertainty_stratified_mhz
12643,280.0,10,26.19409037725405,-26.19409037725405,26.19409037725405,0.1043675163861828,0.07960774724061069,0.1839752636267935,20.700211672154722,15.040190265863918,0.0,0.8587571947982688,3.0890655517578125,36.593843402955095,5.05429345369339,worst_uncertainty_stratified_mhz
11410,280.0,10,25.86297422289823,-25.86297422289823,25.86297422289823,0.018180548116060583,0.0402852619083244,0.05846581002438498,19.893851247683486,16.70296290597962,0.0,0.5907628973055585,2.4558827877044678,36.150293913051385,2.9735734164714813,worst_uncertainty_stratified_mhz
12378,300.0,10,28.69847459612063,-28.69847459612063,28.69847459612063,0.015506489868912206,0.023228810114276237,0.03873529998318844,22.260975542701875,18.221700983596097,0.0,0.08406459728595816,0.932197093963623,43.42162479686821,3.424193948507309,worst_uncertainty_stratified_mhz
12362,300.0,10,28.659971545838033,-28.659971545838033,28.659971545838033,0.01393672274379274,0.00797555015834226,0.021912272902135002,21.99217249370759,18.90540768295075,0.0,0.09474471562000186,1.0026614665985107,42.79219408957666,2.6540434062480927,worst_uncertainty_stratified_mhz
11277,300.0,10,28.359540570327006,-28.359540570327006,28.359540570327006,0.026903129004312066,0.02033234438440317,0.04723547338871524,21.869649566423796,18.34825442803254,0.0,0.06421762364047012,0.8186697959899902,42.79219408957666,3.0507331490516663,worst_uncertainty_stratified_mhz
11768,300.0,10,28.129201415497054,-28.129201415497054,28.129201415497054,0.01585311945753604,0.015569356799216434,0.03142247625675247,21.92230751685703,17.587818325579242,0.0,0.0862999410246914,0.8798210620880127,42.79219408957666,3.7214136123657227,worst_uncertainty_stratified_mhz
11269,300.0,10,26.983881000035982,-26.983881000035982,26.983881000035982,0.02824954755036906,0.015648241609940067,0.04389778916030913,21.17967068001619,16.370307406106136,0.0,0.276907607113273,1.713639497756958,40.09188664804888,4.2844908237457275,worst_uncertainty_stratified_mhz
11304,300.0,10,26.071721499513792,-26.071721499513792,26.071721499513792,0.021832403154592284,0.0520498638850787,0.07388226703967099,20.346036965485354,16.079957165142506,0.0,0.14376535994110995,1.0235912799835205,39.38095193110497,3.979929268360138,worst_uncertainty_stratified_mhz
