candidate_id,mhz,k,badness,quality_score,uncertainty,heatmap_mc_mse,decoder_mc_rce,epistemic_score,disagreement_score,prior_tension_score,peak_bias_score,p99_var,p99_mc_range,peak_loc_spread_px,pred_p99_mean,selected_reason
886,120.0,3,28.09341189652857,-28.09341189652857,28.09341189652857,0.01857069506235424,0.016238474271397536,0.03480916933375178,21.846524827890025,17.637127108378266,0.0,0.06837619599689737,0.7641031742095947,42.79219408957666,1.6726305037736893,worst_uncertainty_stratified_mhz
531,120.0,3,26.61612683896925,-26.61612683896925,26.61612683896925,0.020738648510992042,0.025608853079115198,0.04634750159010724,20.688810409072634,16.71195016463824,0.0,0.045162687445294614,0.6549884080886841,40.632307035165994,1.6714329272508621,worst_uncertainty_stratified_mhz
483,120.0,3,24.6934525137308,-24.6934525137308,24.6934525137308,0.01912292622855706,0.03154721423801361,0.05067014046657067,19.271093064128298,15.184882289035956,0.0,0.17827571023030497,1.4341466426849365,36.75148806511105,1.8525066673755646,worst_uncertainty_stratified_mhz
331,150.0,3,27.744189835239023,-27.744189835239023,27.744189835239023,0.0014489228585947906,0.011567289513223689,0.01301621237181848,23.089652780953685,13.187982408620252,0.0,0.2181902458030862,1.5473370552062988,44.1955880150949,4.539087414741516,worst_uncertainty_stratified_mhz
143,150.0,3,26.273998129490572,-26.273998129490572,26.273998129490572,0.0023970325703608305,0.004659198044817798,0.007056230615178629,21.935293621317534,12.335417299065528,0.0,0.06960352843350037,0.9391860961914062,42.79219408957666,4.627783477306366,worst_uncertainty_stratified_mhz
1439,150.0,3,25.952518874900132,-25.952518874900132,25.952518874900132,0.0019822162576851976,0.003998933695939681,0.0059811499536248786,21.835679657051095,11.706557744275809,0.0,0.07078626369098728,0.7375926971435547,42.79219408957666,4.904145061969757,worst_uncertainty_stratified_mhz
424,150.0,3,21.095744219637854,-21.095744219637854,21.095744219637854,0.0014557403539703407,0.009529013020562934,0.010984753374533276,17.42706355475429,10.418051895373702,0.0,0.03751197680433904,0.6525006294250488,34.126602526474855,4.255677103996277,worst_uncertainty_stratified_mhz
1151,155.0,3,25.799982924683516,-25.799982924683516,25.799982924683516,0.0019193604645364477,0.021039879763786136,0.022959240228322582,22.354815770379453,9.724529521075626,0.0,0.21222037926238713,1.4929966926574707,42.79219408957666,6.1843443512916565,worst_uncertainty_stratified_mhz
1140,155.0,3,25.35300612097562,-25.35300612097562,25.35300612097562,0.0018847894588903495,0.02507050112715462,0.02695529058604497,21.939344481740534,9.608496550470859,0.0,0.3413254629951439,1.9021220207214355,41.293916016769344,6.154316663742065,worst_uncertainty_stratified_mhz
72,155.0,3,25.1247678364435,-25.1247678364435,25.1247678364435,0.003175371018432215,0.00860597698834853,0.011781348006780745,21.755885267687212,9.563772756788836,0.0,0.057518287290971415,0.6045398712158203,42.79219408957666,6.130142390727997,worst_uncertainty_stratified_mhz
947,155.0,3,23.747703822117415,-23.747703822117415,23.747703822117415,0.0028371416070800165,0.011979612428185252,0.014816754035265268,20.23298054866464,9.93659844592808,0.0,0.24256394400713077,1.7063312530517578,38.27450195626326,5.57209575176239,worst_uncertainty_stratified_mhz
920,155.0,3,23.45496276337701,-23.45496276337701,23.45496276337701,0.0014412143549896773,0.015092748131885296,0.016533962486874974,19.83212770793552,10.260389205756216,0.0,0.10275131400188897,1.184250831604004,38.27450195626326,5.284391462802887,worst_uncertainty_stratified_mhz
406,155.0,3,23.35409282489644,-23.35409282489644,23.35409282489644,0.0030263186863287313,0.010355673079731476,0.013381991766060208,20.022261947442043,9.434115472815837,0.0,0.14607049193919863,1.4778809547424316,38.27450195626326,5.787812113761902,worst_uncertainty_stratified_mhz
526,155.0,3,22.859786590285623,-22.859786590285623,22.859786590285623,0.00931775673344953,0.00835260900505163,0.01767036573850116,19.785490108895893,8.695507917365642,0.0,0.10486959913279392,1.0867390632629395,38.27450195626326,6.134022295475006,worst_uncertainty_stratified_mhz
1283,155.0,3,22.038330972003465,-22.038330972003465,22.038330972003465,0.0020940147187516437,0.013876319168761541,0.015970333887513184,19.18743960151153,8.046235990297903,0.0,0.2268879091827749,1.382810115814209,36.538293268843304,6.3549516797065735,worst_uncertainty_stratified_mhz
1002,170.0,3,27.729625172605882,-27.729625172605882,27.729625172605882,0.00409166860360594,0.02938456169444391,0.03347623029804985,23.158417988407223,12.886167532920245,0.0,0.3451817816346896,2.1381478309631348,43.48832458258193,5.327097833156586,worst_uncertainty_stratified_mhz
941,170.0,3,27.047461811686883,-27.047461811686883,27.047461811686883,0.002483488698608351,0.02960007074838083,0.03208355944698918,22.31755162364848,13.349129514738515,0.0,0.24509611748014493,1.3527169227600098,42.79219408957666,4.8287822008132935,worst_uncertainty_stratified_mhz
1285,170.0,3,26.48563551855149,-26.48563551855149,26.48563551855149,0.01350479279100309,0.025742700992730638,0.039247493783733725,22.46905585628,11.296968671162634,0.0,0.3119190776049514,1.5220794677734375,42.79219408957666,5.968601405620575,worst_uncertainty_stratified_mhz
1046,180.0,3,26.472105289498597,-26.472105289498597,26.472105289498597,0.0025151233857136717,0.011955235218494672,0.014470358604208344,22.110759190075704,12.372816124751242,0.0,0.1331184612816365,1.1630873680114746,42.79219408957666,5.565159618854523,worst_uncertainty_stratified_mhz
412,180.0,3,26.316453135671104,-26.316453135671104,26.316453135671104,0.004316801202932184,0.0179405183607471,0.022257319563679285,21.955775744453586,12.353271921816393,0.0,0.10676064699191556,0.9058361053466797,42.79219408957666,5.528675317764282,worst_uncertainty_stratified_mhz
187,180.0,3,24.108972953324713,-24.108972953324713,24.108972953324713,0.003535045971515579,0.009964217862187671,0.01349926383370325,19.703312558767575,12.501651666169789,0.0,0.09402045057002795,0.9440822601318359,38.27450195626326,4.6226054430007935,worst_uncertainty_stratified_mhz
343,180.0,3,24.04334408243478,-24.04334408243478,24.04334408243478,0.0010130431247449498,0.008449382829274566,0.009462425954019516,19.676215198370738,12.399141793751452,0.0,0.11293859119552963,0.8520512580871582,38.27450195626326,4.676163911819458,worst_uncertainty_stratified_mhz
494,200.0,3,28.907694315535807,-28.907694315535807,28.907694315535807,0.032639760144495426,0.07348640795841417,0.10612616810290959,23.896347262636663,13.926858069986672,0.0,0.5118334560474658,2.573439598083496,44.1955880150949,5.803150236606598,worst_uncertainty_stratified_mhz
305,200.0,3,28.839962258434824,-28.839962258434824,28.839962258434824,0.2569180622420451,0.2110805346265382,0.4679985968685833,24.404705414413403,11.207633628249871,0.0,1.833732641821225,4.222245216369629,40.91970032881473,7.592850625514984,worst_uncertainty_stratified_mhz
1218,200.0,3,28.289353814742302,-28.289353814742302,28.289353814742302,0.004047949130884708,0.022449381126501116,0.026497330257385824,22.921975964725533,15.194232799860876,0.0,0.1831380557346023,1.282087802886963,44.1955880150949,4.672098994255066,worst_uncertainty_stratified_mhz
1155,200.0,3,28.272951911689383,-28.272951911689383,28.272951911689383,0.026694275588938835,0.029648322976902713,0.05634259856584155,23.240035822493308,14.146128211844152,0.0,0.3049829991804778,1.6745176315307617,44.1955880150949,5.429440677165985,worst_uncertainty_stratified_mhz
342,200.0,3,28.021289730131983,-28.021289730131983,28.021289730131983,0.007520341046304933,0.0099277892273631,0.017448130273668032,22.874229213678788,14.604728253848789,0.0,0.12912280340611915,1.2946248054504395,44.1955880150949,5.002598762512207,worst_uncertainty_stratified_mhz
495,200.0,3,27.08402185612182,-27.08402185612182,27.08402185612182,0.005863587367398473,0.012761008220464679,0.01862459558786315,22.21549398281675,13.802286655928242,0.0,0.16036244744309158,1.3180689811706543,42.79219408957666,5.24071991443634,worst_uncertainty_stratified_mhz
677,200.0,3,26.838750146349373,-26.838750146349373,26.838750146349373,0.0012668251769751334,0.018143568994148724,0.019410394171123856,22.412926593736977,12.550938373182715,0.0,0.10927864110723462,1.0965213775634766,43.51077452769601,6.0835447907447815,worst_uncertainty_stratified_mhz
368,200.0,3,25.934815467067853,-25.934815467067853,25.934815467067853,0.16886607787569505,0.03131383322233414,0.20017991109802918,21.33634340867818,12.510139882803063,0.0,0.20916594051839965,1.6220479011535645,40.632307035165994,5.791195213794708,worst_uncertainty_stratified_mhz
1049,230.0,3,28.943296742082175,-28.943296742082175,28.943296742082175,0.0012501806435807835,0.007141389289586727,0.00839156993316751,22.40617428382196,18.608466606386912,0.0,0.027995616507360488,0.5607693195343018,44.1955880150949,2.6528951823711395,worst_uncertainty_stratified_mhz
524,230.0,3,27.940955911812686,-27.940955911812686,27.940955911812686,0.018812167622042446,0.027901204778049398,0.046713372400091845,22.072608969985563,16.576823597328058,0.0,0.09545306537209708,1.1621177196502686,42.79219408957666,3.9117490351200104,worst_uncertainty_stratified_mhz
565,230.0,3,27.60393003565094,-27.60393003565094,27.60393003565094,0.004825159711059085,0.01442722809673643,0.019252387807795514,21.83784517108509,16.37755560496593,0.0,0.05280218914008028,0.7778918743133545,42.79219408957666,3.9111355245113373,worst_uncertainty_stratified_mhz
1586,230.0,3,27.502221649325556,-27.502221649325556,27.502221649325556,0.005668297813448852,0.011471157763491837,0.017139455576940688,21.739099484110437,16.379203716525062,0.0,0.04182040769063633,0.6023640632629395,42.79219408957666,3.8551783561706543,worst_uncertainty_stratified_mhz
237,230.0,3,26.98737415490827,-26.98737415490827,26.98737415490827,0.011034136436667027,0.014797320184930572,0.0258314566215976,21.65895224191957,15.093712482275595,0.0,0.14093975243835288,1.0801329612731934,41.955892017689244,4.74227899312973,worst_uncertainty_stratified_mhz
231,230.0,3,26.464761448858916,-26.464761448858916,26.464761448858916,0.05418490565695605,0.0350309823766958,0.08921588803365185,21.361737558392903,14.275563199399665,0.0,0.13122552054350933,1.1671080589294434,41.293916016769344,5.216477751731873,worst_uncertainty_stratified_mhz
969,230.0,3,26.323218832083384,-26.323218832083384,26.323218832083384,0.024372304328561346,0.024048919186373082,0.04842122351493443,21.015711002313218,14.964463090679248,0.0,0.1514417544445763,1.096231460571289,40.632307035165994,4.5199044942855835,worst_uncertainty_stratified_mhz
95,230.0,3,25.383922316499767,-25.383922316499767,25.383922316499767,0.011933900818021752,0.031611589995655574,0.043545490813677326,20.37052772740035,14.113408954915718,0.0,0.33822479309196396,1.7901039123535156,38.27450195626326,4.82135945558548,worst_uncertainty_stratified_mhz
746,250.0,3,29.789711670180964,-29.789711670180964,29.789711670180964,0.032829301349092184,0.13195649706874052,0.1647857984178327,25.029055084613475,13.034124125955445,0.0,1.189264550347886,3.4839930534362793,44.1955880150949,8.035805106163025,worst_uncertainty_stratified_mhz
781,250.0,3,29.736527279523322,-29.736527279523322,29.736527279523322,0.12751604571295086,0.11099664781529874,0.2385126935282496,24.596500153972357,13.912950775764047,0.0,0.8777559244095272,3.2419004440307617,44.1955880150949,7.323621392250061,worst_uncertainty_stratified_mhz
1485,250.0,3,28.21420756642213,-28.21420756642213,28.21420756642213,0.03833626391145658,0.16995279350029413,0.20828905741175072,24.192732289351518,10.814386349879218,0.0,1.0885818941145793,3.416106700897217,42.79219408957666,9.2656689286232,worst_uncertainty_stratified_mhz
43,250.0,3,28.107150715510183,-28.107150715510183,28.107150715510183,0.03854273458125651,0.07494917454834821,0.11349190912960472,23.973633461036037,11.422829225792857,0.0,0.5945768849727386,2.738941192626953,44.019171959499644,8.748400807380676,worst_uncertainty_stratified_mhz
1561,250.0,3,28.065414418349,-28.065414418349,28.065414418349,0.017176142029383903,0.07649633012770977,0.09367247215709368,23.03355577269603,14.034691159735127,0.0,0.46528975779966686,2.3443379402160645,42.79219408957666,6.547712564468384,worst_uncertainty_stratified_mhz
137,250.0,3,27.586747270195268,-27.586747270195268,27.586747270195268,0.030145469393653684,0.09498079640296393,0.12512626579661762,22.95027721561214,12.831142042967665,0.0,0.36511482354251257,1.7488799095153809,43.42144487462387,7.389027833938599,worst_uncertainty_stratified_mhz
849,250.0,3,27.57722005614579,-27.57722005614579,27.57722005614579,0.2376846217119203,0.1690784624865157,0.406763084198436,23.254265835275223,11.119439086891733,0.0,0.740342886919052,2.637730598449707,42.390115298262636,8.820434093475342,worst_uncertainty_stratified_mhz
717,250.0,3,27.574705740961086,-27.574705740961086,27.574705740961086,0.12456474439348668,0.16442451990959317,0.28898926430307986,23.42253239846585,10.960546597239412,0.0,0.9336428937331078,2.792177200317383,42.1856018091481,8.949174284934998,worst_uncertainty_stratified_mhz
478,250.0,3,27.438734436534993,-27.438734436534993,27.438734436534993,0.03269252009199226,0.13030798136356683,0.16300050145555908,23.523802782491448,10.64744501101899,0.0,0.8610704841022283,2.6010570526123047,42.724407544166134,9.160160183906555,worst_uncertainty_stratified_mhz
1340,250.0,3,27.3625453776015,-27.3625453776015,27.3625453776015,0.04499667273806437,0.14861153957586237,0.19360821231392675,22.632819113552646,12.863525342480115,0.0,0.9710015716166218,2.6913280487060547,40.632307035165994,7.270310699939728,worst_uncertainty_stratified_mhz
444,250.0,3,27.09635061531949,-27.09635061531949,27.09635061531949,0.023535894764644714,0.05453604199088745,0.07807193675553216,22.402761210516225,13.134895718807588,0.0,0.25666893409947633,1.499990463256836,42.79219408957666,6.91960734128952,worst_uncertainty_stratified_mhz
1138,250.0,3,27.05981520123763,-27.05981520123763,27.05981520123763,0.030295456872234405,0.11938904468594916,0.14968450155818355,22.19684642112405,13.343536086600258,0.0,1.3377453235013945,3.70175838470459,38.01644381054072,6.717186212539673,worst_uncertainty_stratified_mhz
1558,265.0,3,28.82782446778138,-28.82782446778138,28.82782446778138,0.07658348510664426,0.26784831344105153,0.3444317985476958,26.313249269605986,6.129741989687848,0.0,1.7508540350012112,5.017145156860352,44.1076453123492,13.374446988105774,worst_uncertainty_stratified_mhz
1279,265.0,3,27.869110095216467,-27.869110095216467,27.869110095216467,0.20383528607661494,0.24124532419376238,0.4450806102703773,25.4517526621481,5.566670307511052,0.0,1.7049906546706097,4.005199432373047,43.48832458258193,13.634420394897461,worst_uncertainty_stratified_mhz
1523,265.0,3,27.597163765309627,-27.597163765309627,27.597163765309627,0.05067156781984918,0.3638142979285247,0.41448586574837387,25.702090949917803,4.170729908557006,0.0,1.478527327197014,4.25153923034668,44.1955880150949,14.59266209602356,worst_uncertainty_stratified_mhz
371,265.0,3,27.569815715847447,-27.569815715847447,27.569815715847447,0.06843096975992265,0.24385184368850552,0.3122828134484282,24.799324507279135,6.9534713721015535,0.0,1.5142637631499838,3.7779273986816406,42.79219408957666,12.560051918029785,worst_uncertainty_stratified_mhz
828,265.0,3,27.250476091569688,-27.250476091569688,27.250476091569688,0.04002169016862832,0.3027850437599723,0.3428067339286006,25.803648273805358,3.0829793105531236,0.0,2.342322101678846,5.056235313415527,41.866417030837496,15.317927241325378,worst_uncertainty_stratified_mhz
1053,265.0,3,27.089059382158556,-27.089059382158556,27.089059382158556,0.13565041743438683,0.16920122596470968,0.30485164339909654,24.75527085188955,5.741711094979981,0.0,1.0724672694519626,3.1700191497802734,44.1955880150949,13.388144612312317,worst_uncertainty_stratified_mhz
1035,265.0,3,26.96123306680375,-26.96123306680375,26.96123306680375,0.3518674951193221,0.30814040723445124,0.6600079023537733,24.89626055467389,3.9338863649566314,0.0,2.7284697577565566,4.720440864562988,39.61514072927168,14.693509578704834,worst_uncertainty_stratified_mhz
109,265.0,3,26.73392051585829,-26.73392051585829,26.73392051585829,0.13516388958086784,0.2450915335144549,0.38025542309532273,24.078809053808495,6.4133637928113325,0.0,2.3935076720818955,5.096100807189941,38.27450195626326,12.81612479686737,worst_uncertainty_stratified_mhz
428,265.0,3,26.60494273225678,-26.60494273225678,26.60494273225678,0.0655043140225769,0.19021643405109032,0.25572074807366724,24.61374559389841,4.895822370657107,0.0,1.4982036715694989,3.574936866760254,42.65614697789757,13.948172450065613,worst_uncertainty_stratified_mhz
1128,265.0,3,26.360501723126884,-26.360501723126884,26.360501723126884,0.15590682704529188,0.17958862514662408,0.33549545219191595,23.54782803597567,7.013683285736737,0.0,1.2073084736359192,3.3871231079101562,41.293916016769344,12.269102334976196,worst_uncertainty_stratified_mhz
415,265.0,3,26.08753117587577,-26.08753117587577,26.08753117587577,0.5036779014731094,0.17696754002830228,0.6806454415014117,23.986443280310578,4.009957084049726,0.0,0.9730333273496399,3.234625816345215,42.79219408957666,14.54262113571167,worst_uncertainty_stratified_mhz
1000,270.0,3,28.75591625724419,-28.75591625724419,28.75591625724419,0.004995041362202665,0.018560929604154626,0.023555970966357292,22.389515550003683,18.026301399034526,0.0,0.2174990678069042,1.5518388748168945,42.79219408957666,3.465951234102249,worst_uncertainty_stratified_mhz
764,270.0,3,28.34766334223953,-28.34766334223953,28.34766334223953,0.020197573527039523,0.02529039632009935,0.045487969847138876,22.358115743812423,16.896098567779003,0.0,0.2795700335521749,1.431586742401123,42.72550467811937,4.344630807638168,worst_uncertainty_stratified_mhz
128,270.0,3,28.00551729536335,-28.00551729536335,28.00551729536335,0.012364787121728614,0.020149231234963337,0.03251401835669195,22.283313227403976,16.175816639313073,0.0,0.2993803660140619,1.6720325946807861,42.29583312809904,4.858565658330917,worst_uncertainty_stratified_mhz
348,270.0,3,27.80438594674672,-27.80438594674672,27.80438594674672,0.04022902268329178,0.0581575502841816,0.09838657296747338,22.49130351445344,14.829482276792174,0.0,0.3489969400967965,1.7098627090454102,42.57475043966787,6.058560490608215,worst_uncertainty_stratified_mhz
233,270.0,3,27.774617848270665,-27.774617848270665,27.774617848270665,0.014525503904181428,0.013423704154715633,0.02794920805889706,21.3666053905478,18.148659343720972,0.0,0.09096256216430376,0.9520068168640137,41.59927883990298,2.6897371411323547,worst_uncertainty_stratified_mhz
568,270.0,3,27.596374876632588,-27.596374876632588,27.596374876632588,0.005068458066382163,0.019705500319604604,0.02477395838598677,21.98202168282574,15.889342089849851,0.0,0.3089805974048394,1.9289963245391846,41.41708584630261,4.908777564764023,worst_uncertainty_stratified_mhz
1113,270.0,3,27.551253124418412,-27.551253124418412,27.551253124418412,0.005900237106135402,0.023745655880535423,0.029645892986670825,21.588026991469327,16.856947615899326,0.0,0.27515260621502957,1.6297504901885986,40.995998280319995,3.8972669541835785,worst_uncertainty_stratified_mhz
400,280.0,3,28.362974830744463,-28.362974830744463,28.362974830744463,0.025776187361144922,0.029080867916154447,0.054857055277299366,22.588518752035398,16.246314379409355,0.0,0.46270210213594964,2.251075267791748,42.00055803200715,5.093161582946777,worst_uncertainty_stratified_mhz
383,280.0,3,28.26444789926567,-28.26444789926567,28.26444789926567,0.0580473457674838,0.01988222294082434,0.07792956870830814,22.777893595304075,15.383509949196615,0.0,0.32979308404839003,2.1030941009521484,42.79310692155922,5.884880542755127,worst_uncertainty_stratified_mhz
1424,280.0,3,28.138005330867536,-28.138005330867536,28.138005330867536,0.003838789974183108,0.012997439875894464,0.016836229850077572,21.82263467495903,17.93574740502295,0.0,0.07352924069773792,0.7060167789459229,42.79219408957666,3.2246217727661133,worst_uncertainty_stratified_mhz
818,280.0,3,27.649751052184534,-27.649751052184534,27.649751052184534,0.01287799226804596,0.012108842407387523,0.024986834675433483,21.310214992068243,17.940567146018445,0.0,0.16615903849152058,1.122288703918457,41.165823203234986,2.8827280700206757,worst_uncertainty_stratified_mhz
1115,280.0,3,27.634266196652014,-27.634266196652014,27.634266196652014,0.021969053099269623,0.021159992020904402,0.04312904512017403,21.796318708777203,16.475805383288243,0.0,0.251081817192798,1.80507230758667,41.28540147558214,4.428610920906067,worst_uncertainty_stratified_mhz
1265,280.0,3,27.27255200209471,-27.27255200209471,27.27255200209471,0.012183587497637803,0.020824327199271478,0.03300791469690928,20.968533943037045,17.819737335129243,0.0,0.1402914454801012,1.1441411972045898,40.512343797909296,2.7458371222019196,worst_uncertainty_stratified_mhz
603,300.0,3,28.889033551331416,-28.889033551331416,28.889033551331416,0.1276033457396258,0.008999907865802289,0.1366032536054281,22.517287882060657,17.776257235346332,0.0,0.04686768909603245,0.7452523708343506,44.1955880150949,4.023254871368408,worst_uncertainty_stratified_mhz
540,300.0,3,27.506321488250236,-27.506321488250236,27.506321488250236,0.0009182814738274049,0.005332542093801615,0.00625082356762902,20.814391607448776,19.00499864818424,0.0,0.050368836097834935,0.6937768459320068,40.834268696769875,1.6536481827497482,worst_uncertainty_stratified_mhz
1459,300.0,3,27.467064239193206,-27.467064239193206,27.467064239193206,0.009256930070635187,0.00902260488484624,0.018279534955481427,20.771706079337328,18.92050629505382,0.0,0.14289458480173933,1.1104328632354736,40.14719012583571,1.7213306576013565,worst_uncertainty_stratified_mhz
617,300.0,3,26.686688974268947,-26.686688974268947,26.686688974268947,0.006843551759106599,0.012505751286106632,0.01934930304521323,20.71949921817453,16.950793328946915,0.0,0.04237952499159903,0.7940988540649414,40.56014053230092,3.416745960712433,worst_uncertainty_stratified_mhz
36,300.0,3,25.021259392520058,-25.021259392520058,25.021259392520058,0.005044566449202737,0.007383355068255154,0.01242792151745789,18.968643680830567,17.172669785702944,0.0,0.046036286332247434,0.6625995635986328,37.18261522539801,1.8028270155191422,worst_uncertainty_stratified_mhz
577,300.0,3,21.51836930606217,-21.51836930606217,21.51836930606217,0.003078549609127481,0.007039009797989579,0.01011755940711706,16.157527099038255,15.1554405654352,0.0,0.05086682238687462,0.7133205533027649,31.5,1.2172633484005928,worst_uncertainty_stratified_mhz
2981,120.0,4,150.35992470417938,-150.35992470417938,150.35992470417938,3.6113632693407656,11.953322214933237,15.564685484274003,134.67660171964368,0.0,0.0,118.56077912823434,30.57805061340332,1.653594569415369,22.94502544403076,worst_uncertainty_stratified_mhz
1765,120.0,4,110.13295646961159,-110.13295646961159,110.13295646961159,2.87858147918174,6.873053788782481,9.751635267964222,100.27880211797105,0.0,0.0,80.6617421701861,30.466280937194824,8.76783895837509,21.901259541511536,worst_uncertainty_stratified_mhz
2921,120.0,4,92.79826249504721,-92.79826249504721,92.79826249504721,12.997232393283298,5.420639018087589,18.417871411370886,74.30713490244035,0.0,0.0,59.93228685556935,26.821290016174316,1.928406077567689,26.41959512233734,worst_uncertainty_stratified_mhz
2335,150.0,4,26.788409396930085,-26.788409396930085,26.788409396930085,0.001381149707070907,0.002481264684322571,0.0038624143913934777,21.727799163726484,14.413309261961718,0.0,0.02964509112138103,0.6041140556335449,42.79219408957666,3.5604532957077026,worst_uncertainty_stratified_mhz
1850,150.0,4,26.41475726622377,-26.41475726622377,26.41475726622377,0.000753467250988816,0.00547640547296921,0.006229872723958026,21.88192774403984,12.895755208779217,0.0,0.05166367177805764,0.8683340549468994,42.79219408957666,4.342582553625107,worst_uncertainty_stratified_mhz
2517,150.0,4,26.090285816739367,-26.090285816739367,26.090285816739367,0.0037096249036555084,0.00670605553522221,0.010415680438877719,21.826891549949803,12.111491968110228,0.0,0.06906059173984147,0.7234678268432617,42.79219408957666,4.707407832145691,worst_uncertainty_stratified_mhz
2320,150.0,4,21.181226055963105,-21.181226055963105,21.181226055963105,0.007374091974837216,0.008093493134324755,0.01546758510916197,17.359209070634016,10.848182717900915,0.0,0.023665142105755876,0.544485330581665,34.126602526474855,3.9707707166671753,worst_uncertainty_stratified_mhz
3124,155.0,4,26.881712573998975,-26.881712573998975,26.881712573998975,0.003329990012003646,0.02295709184403023,0.026287081856033876,23.263268911770645,10.176201610756369,0.0,0.5643774105003807,2.605588912963867,42.79219408957666,6.160615980625153,worst_uncertainty_stratified_mhz
2715,155.0,4,25.900102671209055,-25.900102671209055,25.900102671209055,0.0030566911732697777,0.010711125314691617,0.013767816487961394,22.466433474959473,9.745570433635113,0.0,0.049185035878210215,0.638908863067627,44.1955880150949,6.193692326545715,worst_uncertainty_stratified_mhz
2442,155.0,4,25.336678772960884,-25.336678772960884,25.336678772960884,0.0019386617960113716,0.010240160834634028,0.0121788226306454,21.898933746191997,9.753702972866545,0.0,0.08159708691697176,0.8424792289733887,42.79219408957666,6.0672911405563354,worst_uncertainty_stratified_mhz
2017,155.0,4,25.2118072357879,-25.2118072357879,25.2118072357879,0.005151152477757405,0.017122687847319035,0.02227384032507644,21.837983746211883,9.547559660899013,0.0,0.05952290518942149,0.7647275924682617,42.79219408957666,6.15859454870224,worst_uncertainty_stratified_mhz
1755,155.0,4,24.970792937919352,-24.970792937919352,24.970792937919352,0.0024541446851468903,0.02534216112063272,0.02779630580577961,21.565807593064616,9.60195383411062,0.0,0.16079126889513518,1.421628475189209,41.38840417314975,6.073660671710968,worst_uncertainty_stratified_mhz
2679,155.0,4,23.948847499249112,-23.948847499249112,23.948847499249112,0.0017993482517513627,0.011013634203938543,0.012812982455689905,20.730915836274995,9.12911048109099,0.0,0.059135020336896105,0.7112545967102051,40.632307035165994,6.122271776199341,worst_uncertainty_stratified_mhz
3050,155.0,4,23.810078029996973,-23.810078029996973,23.810078029996973,0.0013016120179288333,0.007177847799638844,0.008479459817567677,20.70006605796223,8.832858887449266,0.0,0.0633111070583503,0.7133693695068359,40.56014053230092,6.270420968532562,worst_uncertainty_stratified_mhz
2997,155.0,4,23.34903077106952,-23.34903077106952,23.34903077106952,0.0029852399241490743,0.009564434554899427,0.0125496744790485,20.08143093584247,9.24347864681532,0.0,0.21960396131191473,1.4491519927978516,38.27450195626326,5.907172977924347,worst_uncertainty_stratified_mhz
1706,170.0,4,27.089061397109184,-27.089061397109184,27.089061397109184,0.00196386980983908,0.006646132097744419,0.008610001907583499,22.151063934071114,14.050921937228605,0.0,0.041130957752101516,0.7090914249420166,43.51077452769601,4.384165376424789,worst_uncertainty_stratified_mhz
2175,170.0,4,24.244112655222263,-24.244112655222263,24.244112655222263,0.0007716485864775061,0.003712367088991586,0.004484015675469092,19.566806278701268,13.306214372835107,0.0,0.05771577725420851,0.7436790466308594,38.27450195626326,3.8383717238903046,worst_uncertainty_stratified_mhz
2757,170.0,4,24.00468775714838,-24.00468775714838,24.00468775714838,0.0004571439281002667,0.006507321087267095,0.006964465015367362,19.42752049448033,13.02976033019031,0.0,0.02389695489392718,0.5327451229095459,38.27450195626326,3.948897033929825,worst_uncertainty_stratified_mhz
2925,180.0,4,27.340880680110786,-27.340880680110786,27.340880680110786,0.003130655878364351,0.02003581296454525,0.0231664688429096,22.93144499196016,12.480474492216622,0.0,0.17403284514574224,1.3192362785339355,44.1955880150949,5.76104861497879,worst_uncertainty_stratified_mhz
2960,180.0,4,26.845853775089395,-26.845853775089395,26.845853775089395,0.002549666339111254,0.00803864177661628,0.010588308115727535,21.842192384003948,14.229457417119624,0.0,0.05057512894950378,0.7910404205322266,42.79219408957666,4.405104160308838,worst_uncertainty_stratified_mhz
1760,180.0,4,26.203160365704377,-26.203160365704377,26.203160365704377,0.00983770315670209,0.017532562067431548,0.02737026522413364,21.985151579749136,11.936204598915298,0.0,0.08981604390245579,0.9984769821166992,42.79219408957666,5.778038561344147,worst_uncertainty_stratified_mhz
2636,180.0,4,23.207910358257518,-23.207910358257518,23.207910358257518,0.0014010109034927403,0.0065296061672214835,0.007930617070714224,18.76042845016122,12.648920131532304,0.0,0.0419236162903891,0.6855216026306152,36.75148806511105,4.118363052606583,worst_uncertainty_stratified_mhz
2857,200.0,4,28.543172128279068,-28.543172128279068,28.543172128279068,0.03758343395149316,0.03804506529636794,0.07562849924786111,23.232074404582004,14.884091335271236,0.0,0.2708801761635833,1.7268004417419434,44.1955880150949,4.997276604175568,worst_uncertainty_stratified_mhz
1671,200.0,4,28.383414472694287,-28.383414472694287,28.383414472694287,0.021914166635522977,0.07388473053196544,0.09579889716748842,23.38428035491358,13.90492610165464,0.0,0.6822714115122741,2.611823797225952,42.79219408957666,5.640349239110947,worst_uncertainty_stratified_mhz
3058,200.0,4,28.20229075904451,-28.20229075904451,28.20229075904451,0.01744506124482918,0.04376792639702969,0.06121298764185887,23.294770798394993,13.773979264077143,0.0,0.3322802881619964,1.7293930053710938,44.1955880150949,5.670421361923218,worst_uncertainty_stratified_mhz
1857,200.0,4,27.232223783229305,-27.232223783229305,27.232223783229305,0.003000078314886842,0.011974043085078854,0.014974121399965696,22.07810553137302,14.621526285356083,0.0,0.16336296160605102,1.0372910499572754,42.79219408957666,4.67588084936142,worst_uncertainty_stratified_mhz
2091,200.0,4,27.119513991175715,-27.119513991175715,27.119513991175715,0.022069896350989326,0.024116089233793103,0.04618598558478243,22.47620229741972,13.071307738873186,0.0,0.2643903766034441,1.6981191635131836,42.72550467811937,5.798775911331177,worst_uncertainty_stratified_mhz
2270,200.0,4,27.061600797570986,-27.061600797570986,27.061600797570986,0.0038744844997737754,0.028115524042356833,0.031990008542130605,22.647788673019438,12.467054490129248,0.0,0.20852440533381866,1.3902039527893066,43.48832458258193,6.220285773277283,worst_uncertainty_stratified_mhz
2552,200.0,4,26.806976519609982,-26.806976519609982,26.806976519609982,0.006688209511932208,0.024734282592807855,0.03142249210474006,21.903865010388724,13.87890063970026,0.0,0.08159308652629704,0.8523497581481934,42.79219408957666,5.0740591287612915,worst_uncertainty_stratified_mhz
2815,200.0,4,26.732928216082428,-26.732928216082428,26.732928216082428,0.0027767694442940153,0.02236803272595688,0.025144802170250898,22.16347145669065,12.940848869080947,0.0,0.1195515549992443,1.2956457138061523,42.79219408957666,5.757004082202911,worst_uncertainty_stratified_mhz
2693,230.0,4,28.948209848216774,-28.948209848216774,28.948209848216774,0.024552225857264704,0.030691604327029876,0.05524383018429458,23.038495400429312,16.625050617590166,0.0,0.3909944384077555,1.8066773414611816,43.48832458258193,4.378464043140411,worst_uncertainty_stratified_mhz
3147,230.0,4,28.393370324627625,-28.393370324627625,28.393370324627625,0.016043687060799682,0.019122392816306785,0.03516607987710647,22.96081167516701,15.359704316354266,0.0,0.1983752439081421,1.4158105850219727,44.10906227749577,5.179942071437836,worst_uncertainty_stratified_mhz
1699,230.0,4,28.274398916471075,-28.274398916471075,28.274398916471075,0.0018986987626960006,0.006384707784594923,0.008283406547290923,22.422979864511547,16.6553805120141,0.0,0.048809490348801,0.5527527332305908,44.1955880150949,4.016165107488632,worst_uncertainty_stratified_mhz
1610,230.0,4,27.840474292429974,-27.840474292429974,27.840474292429974,0.00108467274889024,0.007243642328289823,0.008328315077180064,21.63037133959659,17.684365409099073,0.0,0.01952543540274121,0.42949771881103516,42.79219408957666,2.8524609804153442,worst_uncertainty_stratified_mhz
2527,230.0,4,27.713741092582243,-27.713741092582243,27.713741092582243,0.0019351679098960246,0.010571454500379648,0.012506622410275673,21.810173186357613,16.790813165398983,0.0,0.04221527979102202,0.7437217235565186,42.79219408957666,3.597888857126236,worst_uncertainty_stratified_mhz
2669,230.0,4,27.63738350977369,-27.63738350977369,27.63738350977369,0.003388478913905181,0.008172533503750261,0.011561012417655442,21.93761975655688,16.203221728405918,0.0,0.0778393449930368,0.9273667335510254,42.79219408957666,4.084843546152115,worst_uncertainty_stratified_mhz
2361,230.0,4,27.31770189127903,-27.31770189127903,27.31770189127903,0.0019191754809476,0.005017103896570272,0.006936279377517872,21.6329275167604,16.197470355799897,0.0,0.018714188555321698,0.4362325668334961,42.79219408957666,3.92045259475708,worst_uncertainty_stratified_mhz
2798,230.0,4,27.28976560888605,-27.28976560888605,27.28976560888605,0.0015658341044008355,0.005563233334139273,0.007129067438540108,21.61612830305204,16.164955600473487,0.0,0.01907082063603127,0.4686102867126465,42.72550467811937,3.934939384460449,worst_uncertainty_stratified_mhz
2341,250.0,4,30.320374473635624,-30.320374473635624,30.320374473635624,0.01735790707918984,0.22655689014521768,0.2439147972244075,25.569065728377847,12.774387419739208,0.0,1.4957501563467552,3.951043128967285,44.1955880150949,8.40940672159195,worst_uncertainty_stratified_mhz
2041,250.0,4,28.696933769236427,-28.696933769236427,28.696933769236427,0.014360013422139275,0.006648303579851724,0.021008317001991,21.979337997556197,19.089822078019058,0.0,0.01792561011200089,0.4120502471923828,43.51077452769601,2.209388881921768,worst_uncertainty_stratified_mhz
2200,250.0,4,28.38229593653273,-28.38229593653273,28.38229593653273,0.00602685734098296,0.013285264907786845,0.019312122248769804,22.598325000572014,16.428466630282294,0.0,0.07176355032131809,0.8575348854064941,44.1955880150949,4.557301938533783,worst_uncertainty_stratified_mhz
2911,250.0,4,27.884878527418266,-27.884878527418266,27.884878527418266,0.013588805644816399,0.07745901580980916,0.09104782145462556,23.25068714766214,12.923529139441214,0.0,0.34992717094733905,1.692457675933838,44.10906227749577,7.428367257118225,worst_uncertainty_stratified_mhz
3145,250.0,4,27.67446278568669,-27.67446278568669,27.67446278568669,0.004761454410218854,0.02447102218321426,0.029232476593433115,21.97086405159271,16.167465543137368,0.0,0.07744873898211324,0.9946365356445312,42.79219408957666,4.4164687395095825,worst_uncertainty_stratified_mhz
2322,250.0,4,27.33256335929802,-27.33256335929802,27.33256335929802,0.027847657718795455,0.02739931327714219,0.055246970995937644,22.65667733715632,13.169817642115525,0.0,0.0981070005683442,0.9215526580810547,44.1955880150949,6.989731013774872,worst_uncertainty_stratified_mhz
2594,250.0,4,27.210579683044397,-27.210579683044397,27.210579683044397,0.06347835852286371,0.0618879788998807,0.12536633742274442,22.374577886485415,13.40083987237367,0.0,0.3000714148014616,1.6850576400756836,42.463955303292224,6.732389986515045,worst_uncertainty_stratified_mhz
3072,250.0,4,27.068000212479607,-27.068000212479607,27.068000212479607,0.016168979265534702,0.04311993102712158,0.05928891029265629,22.07671427859209,14.000409558852954,0.0,0.609135406887841,2.5087199211120605,40.426437822296435,6.125440776348114,worst_uncertainty_stratified_mhz
2229,250.0,4,26.95617436761904,-26.95617436761904,26.95617436761904,0.04567198798573213,0.0648831450716674,0.11055513305739953,22.55928641727112,12.194720182687666,0.0,0.31269737190295643,1.700984001159668,42.79219408957666,7.689360976219177,worst_uncertainty_stratified_mhz
2637,250.0,4,26.867948584843525,-26.867948584843525,26.867948584843525,0.003790769365434744,0.006482056858788737,0.01027282622422348,20.977523402959406,16.762057460738703,0.0,0.03251165311965476,0.5961074829101562,41.293916016769344,3.355914980173111,worst_uncertainty_stratified_mhz
2036,250.0,4,26.75898226364598,-26.75898226364598,26.75898226364598,0.0022505867511023844,0.003671920691419983,0.005922507442522367,20.76134367358504,17.082382505469067,0.0,0.023239747241571962,0.44420814514160156,41.03199970754533,2.9584584832191467,worst_uncertainty_stratified_mhz
3157,250.0,4,26.657011256942933,-26.657011256942933,26.657011256942933,0.0030135573420382185,0.0027496082349005363,0.005763165576938754,20.71292709632521,16.937846682204263,0.0,0.01501315144231441,0.363828182220459,41.03199970754533,3.0405048727989197,worst_uncertainty_stratified_mhz
2297,265.0,4,29.13048997189931,-29.13048997189931,29.13048997189931,0.2526718121627183,0.4124182720933744,0.6650900842560927,26.672211008837223,5.035196809291167,0.0,3.060976596570754,6.0448808670043945,41.177587957528544,14.168812274932861,worst_uncertainty_stratified_mhz
2049,265.0,4,28.56492654802012,-28.56492654802012,28.56492654802012,0.01424274327674291,0.2360583256776321,0.25030106895437504,26.35732468825373,5.51119304843295,0.0,2.4443101022668543,5.101621627807617,42.724407544166134,13.770713329315186,worst_uncertainty_stratified_mhz
1900,265.0,4,27.670141731186135,-27.670141731186135,27.670141731186135,0.14906791876119627,0.3382576476592362,0.48732556642043245,25.12328959106171,5.8240108788552085,0.0,1.285286818833356,3.824337959289551,43.85166758516716,13.418045043945312,worst_uncertainty_stratified_mhz
1715,265.0,4,27.492505913126458,-27.492505913126458,27.492505913126458,0.06827179149164368,0.14733916357367907,0.21561095506532274,25.045725590027114,6.303400941442267,0.0,1.6962560667536764,3.906744956970215,42.79219408957666,13.034968852996826,worst_uncertainty_stratified_mhz
2183,265.0,4,26.738371037084416,-26.738371037084416,26.738371037084416,0.1406826165866039,0.15287112425241423,0.2935537408390181,24.719125297672846,4.879807169621588,0.0,0.9860220707650456,3.270618438720703,44.1955880150949,13.978251695632935,worst_uncertainty_stratified_mhz
1913,265.0,4,26.655246921939835,-26.655246921939835,26.655246921939835,0.18649448233973887,0.19359267881739714,0.38008716115713603,24.848383493298268,4.020727070730644,0.0,1.29944854206677,3.420787811279297,43.6770820911837,14.598218321800232,worst_uncertainty_stratified_mhz
3167,265.0,4,26.631963896415815,-26.631963896415815,26.631963896415815,0.04483881103210564,0.18861648201314637,0.233455293045252,24.14023180775902,6.364387504973093,0.0,2.490943075568552,5.024075508117676,38.27450195626326,12.835167288780212,worst_uncertainty_stratified_mhz
2891,265.0,4,26.246241051632456,-26.246241051632456,26.246241051632456,0.023899962327112712,0.20590336898024283,0.22980333130735556,24.668766098440795,3.7914975213047577,0.0,1.478278498477664,3.213423728942871,43.16755147098339,14.721460103988647,worst_uncertainty_stratified_mhz
3183,265.0,4,25.556757058433348,-25.556757058433348,25.556757058433348,0.10662865363294126,0.28771117149103187,0.39433982512397314,23.081506683018656,5.870847971090738,0.0,1.8512939167095368,4.1859235763549805,38.27450195626326,13.02591621875763,worst_uncertainty_stratified_mhz
1704,265.0,4,25.54962317224659,-25.54962317224659,25.54962317224659,0.034586618302129536,0.08370147423847231,0.11828809254060185,22.38872183179683,8.639522714769356,0.0,0.6465486756317205,2.924205780029297,40.56014053230092,10.703804016113281,worst_uncertainty_stratified_mhz
3163,265.0,4,25.53946971837384,-25.53946971837384,25.53946971837384,0.0235536832434597,0.2937804704559365,0.3173341536993962,23.510943866011665,4.857571261218758,0.0,0.37286051667177844,2.254155158996582,44.02201153968319,13.825314283370972,worst_uncertainty_stratified_mhz
2080,270.0,4,28.56567693080823,-28.56567693080823,28.56567693080823,0.01119712808314295,0.024620295124829113,0.035817423207972064,22.91893918690317,15.964958748673578,0.0,0.24816113607755597,1.6644740104675293,43.6770820911837,5.371608018875122,worst_uncertainty_stratified_mhz
1776,270.0,4,28.111018684972038,-28.111018684972038,28.111018684972038,0.009813501433399726,0.023830760417251864,0.03364426185065159,22.077907791734944,17.044199861230812,0.0,0.30395933834033073,1.998227834701538,41.54966907208769,4.054256737232208,worst_uncertainty_stratified_mhz
1868,270.0,4,28.03693899270967,-28.03693899270967,28.03693899270967,0.018599379266076608,0.021097915333013348,0.03969729459908995,22.166183832672907,16.565603015503875,0.0,0.3533221898045644,1.7846922874450684,41.841030998291615,4.489927500486374,worst_uncertainty_stratified_mhz
2635,270.0,4,27.88474410567827,-27.88474410567827,27.88474410567827,0.02485597003620489,0.00547315128869175,0.03032912132489664,21.59609528035896,17.856353598163277,0.0,0.011171078550059832,0.3776543140411377,42.79219408957666,3.0739298462867737,worst_uncertainty_stratified_mhz
2412,270.0,4,27.62678031893318,-27.62678031893318,27.62678031893318,0.006515508268052934,0.010089735687836872,0.016605243955889804,21.207607022602318,18.20914174150305,0.0,0.08771169143666313,0.8291187286376953,41.410671933693614,2.5210869908332825,worst_uncertainty_stratified_mhz
2559,270.0,4,27.379249087178515,-27.379249087178515,27.379249087178515,0.034036627562582536,0.03801306064189906,0.0720496882044816,21.352084424222376,16.87693886930958,0.0,0.5270829314885468,2.1541566848754883,39.49584630059217,3.7666500210762024,worst_uncertainty_stratified_mhz
3139,270.0,4,27.171520339216755,-27.171520339216755,27.171520339216755,0.015461220268768809,0.019095792599663822,0.03455701286843263,20.902484909541098,17.71613973924119,0.0,0.13662623902765514,1.1058592796325684,40.425858061394315,2.73156401515007,worst_uncertainty_stratified_mhz
2863,280.0,4,29.453457265741566,-29.453457265741566,29.453457265741566,0.006110056592648033,0.03486437971400856,0.04097443630665659,23.21705225728549,17.55784357138936,0.0,0.7912270981060763,2.868952989578247,41.98269732878058,4.431123644113541,worst_uncertainty_stratified_mhz
2051,280.0,4,29.06031212502449,-29.06031212502449,29.06031212502449,0.003376430701451423,0.01866349427234813,0.022039924973799554,23.10181662494288,16.8938601231997,0.0,0.2099030209141084,1.5882391929626465,44.1955880150949,4.85237056016922,worst_uncertainty_stratified_mhz
1761,280.0,4,28.957997878867033,-28.957997878867033,28.957997878867033,0.021876492176761995,0.0398156299278468,0.061692122104608796,22.76250726431569,17.365626381765072,0.0,0.9345053231470359,2.5836591720581055,41.072344710279204,4.3288151025772095,worst_uncertainty_stratified_mhz
2504,280.0,4,28.146417640250338,-28.146417640250338,28.146417640250338,0.008453947702534624,0.018953851512498333,0.027407799215032957,21.9139538635904,17.61854393934807,0.0,0.3022528923119614,1.4539453983306885,41.76945654422619,3.5638971626758575,worst_uncertainty_stratified_mhz
2721,280.0,4,26.27590417809413,-26.27590417809413,26.27590417809413,0.008640595129988517,0.059950477564636256,0.06859107269462478,20.77389115319236,15.381800168482982,0.0,0.8902214434383318,3.122293710708618,36.64504570879944,4.737294614315033,worst_uncertainty_stratified_mhz
2761,280.0,4,26.184994877034658,-26.184994877034658,26.184994877034658,0.027066190225073266,0.04259729792352896,0.06966348814860222,21.013136123286387,14.523490894591017,0.0,0.18057354476556142,1.4207544326782227,40.24437072436343,5.599132001399994,worst_uncertainty_stratified_mhz
1845,300.0,4,28.709777494319336,-28.709777494319336,28.709777494319336,0.024199180965495126,0.017536732369642812,0.04173591333513794,22.329354594771793,18.044346856501072,0.0,0.11262618826937043,0.9226822853088379,43.51077452769601,3.621732771396637,worst_uncertainty_stratified_mhz
1948,300.0,4,28.664273008648003,-28.664273008648003,28.664273008648003,0.023096270374780323,0.012588919648162451,0.03568519002294278,22.46100908119834,17.588388845936997,0.0,0.036024912899548234,0.6543803215026855,44.1955880150949,4.075585037469864,worst_uncertainty_stratified_mhz
3171,300.0,4,28.099138231995887,-28.099138231995887,28.099138231995887,0.002805350480970968,0.0030704873240451993,0.0058758378050161675,21.5252200112018,18.74195931740323,0.0,0.00655233252522347,0.24514126777648926,42.79219408957666,2.4216268360614777,worst_uncertainty_stratified_mhz
2116,300.0,4,27.65135032226691,-27.65135032226691,27.65135032226691,0.005878312192222509,0.020553999207201995,0.026432311399424504,21.940149355653457,16.16337743241186,0.0,0.29750920990737484,1.4948806762695312,41.79039961522263,4.943024516105652,worst_uncertainty_stratified_mhz
2130,300.0,4,27.062959306653475,-27.062959306653475,27.062959306653475,0.0017419636271831832,0.003976083300444497,0.00571804692762768,20.487667721358118,18.69068553092401,0.0,0.03428891308142479,0.5561457872390747,40.35061182931431,1.6632113754749298,worst_uncertainty_stratified_mhz
1861,300.0,4,25.57853436664564,-25.57853436664564,25.57853436664564,0.005468985265933156,0.01254749706096116,0.018016482326894314,19.556747083634423,17.064839112426757,0.0,0.09023725848768649,0.8806297779083252,38.05238987238515,2.416530668735504,worst_uncertainty_stratified_mhz
4484,120.0,5,117.91870084741703,-117.91870084741703,117.91870084741703,1.4779154669632046,5.136641101878852,6.6145565688420564,111.21031942138329,0.0,0.0,92.24151487071967,31.653949737548828,6.283659363778403,25.590885281562805,worst_uncertainty_stratified_mhz
4707,120.0,5,57.69232048675371,-57.69232048675371,57.69232048675371,2.3577098907440357,2.705891666689834,5.06360155743387,52.558947870943605,0.0,0.0,40.094672500742206,18.683552742004395,6.244997998398398,22.68861746788025,worst_uncertainty_stratified_mhz
4114,120.0,5,49.84882818998745,-49.84882818998745,49.84882818998745,2.540572059356799,3.383133071801168,5.923705131157967,43.88203090234582,0.0,0.0,31.270050831324397,17.35094451904297,7.873015622999868,32.44188451766968,worst_uncertainty_stratified_mhz
4485,150.0,5,27.471760868649394,-27.471760868649394,27.471760868649394,0.0014217730330296039,0.0090894031421342,0.010511176175163804,21.916738293000616,15.779784059080828,0.0,0.06569568394226621,0.9098911285400391,42.79219408957666,2.96835994720459,worst_uncertainty_stratified_mhz
4403,150.0,5,26.915784092695365,-26.915784092695365,26.915784092695365,0.0017977804852777302,0.019779894233372786,0.021577674718650516,21.770900987143744,14.589944689424437,0.0,0.05535439840247047,0.6388990879058838,42.79219408957666,3.495959848165512,worst_uncertainty_stratified_mhz
3985,150.0,5,22.11302438481915,-22.11302438481915,22.11302438481915,0.011265083893902954,0.015352051669215145,0.0266171355631181,17.556201421394174,12.865230012643734,0.0,0.0970946407304103,0.9349915981292725,33.983221963198254,2.8456296622753143,worst_uncertainty_stratified_mhz
4513,150.0,5,20.928753853294175,-20.928753853294175,20.928753853294175,0.05715600660381811,0.08397466682156972,0.14113067342538782,16.595660453590448,11.833849751811677,0.0,0.3901982797908339,1.9111804962158203,30.499743851383407,3.11610609292984,worst_uncertainty_stratified_mhz
3449,155.0,5,25.897575710736916,-25.897575710736916,25.897575710736916,0.0055675173234454685,0.022202087643759756,0.027769604967205225,22.691921635486022,9.0183844576509,0.0,0.3202517662195419,1.9511456489562988,42.79219408957666,6.595690965652466,worst_uncertainty_stratified_mhz
4649,155.0,5,25.6311501096529,-25.6311501096529,25.6311501096529,0.10590418829666685,0.3377698228098932,0.4436740111065601,21.192177295172794,11.354068293547654,0.0,0.19766310697948697,1.4288878440856934,40.56014053230092,5.19994455575943,worst_uncertainty_stratified_mhz
3400,155.0,5,24.19673894853861,-24.19673894853861,24.19673894853861,0.008856510075874171,0.050758421974893365,0.05961493205076754,20.869583591914385,9.299443159357956,0.0,0.09582089769564561,0.9152183532714844,40.632307035165994,6.076595187187195,worst_uncertainty_stratified_mhz
3511,155.0,5,23.1834662269721,-23.1834662269721,23.1834662269721,0.18841955996826143,0.09345798287741408,0.2818775428456755,19.61983897476845,9.345786289373853,0.0,0.061910334741067885,0.8413553237915039,38.27450195626326,5.800216495990753,worst_uncertainty_stratified_mhz
4546,155.0,5,22.506754667651062,-22.506754667651062,22.506754667651062,0.004509597027694791,0.008065555191133302,0.012575152218828094,19.490074841135232,8.561454314283596,0.0,0.034731278393618226,0.6361851692199707,38.27450195626326,6.133870899677277,worst_uncertainty_stratified_mhz
4049,155.0,5,22.23360037477153,-22.23360037477153,22.23360037477153,0.0024607797554314754,0.006089502410219874,0.00855028216565135,19.210369716866385,8.583472308817608,0.0,0.06416548119351262,0.7066731452941895,37.585735326051555,6.0513001680374146,worst_uncertainty_stratified_mhz
4606,155.0,5,21.599789716152657,-21.599789716152657,21.599789716152657,0.17394536495280447,0.14678912626853646,0.3207344912213409,18.15728378832289,8.851165853701884,0.0,0.2961650564422733,1.595634937286377,34.126602526474855,5.7013121247291565,worst_uncertainty_stratified_mhz
3847,155.0,5,21.30757729354211,-21.30757729354211,21.30757729354211,0.009388490291821821,0.15826618533655,0.16765467562837183,18.155822374493763,8.447289978335817,0.0,0.4225358786831599,1.861560344696045,33.60501264692516,5.898884475231171,worst_uncertainty_stratified_mhz
4216,170.0,5,27.639510596931334,-27.639510596931334,27.639510596931334,0.0009559920264893443,0.0026164831048476095,0.0035724751313369538,22.057849531685367,15.903122651925203,0.0,0.02577798362715722,0.5533685684204102,43.51077452769601,3.346110373735428,worst_uncertainty_stratified_mhz
4239,170.0,5,27.242360986279618,-27.242360986279618,27.242360986279618,0.0036546766856911405,0.012409703431874017,0.01606438011756516,22.17585557624633,14.38888576189744,0.0,0.058351486173015665,0.7466835975646973,43.48832458258193,4.213947027921677,worst_uncertainty_stratified_mhz
3556,170.0,5,27.01351299836263,-27.01351299836263,27.01351299836263,0.0005501845839504716,0.005261905320625733,0.005812089904576205,21.697758753521097,15.137580506588279,0.0,0.029235103508156612,0.5448532104492188,42.79219408957666,3.625903010368347,worst_uncertainty_stratified_mhz
4187,180.0,5,24.222565373590967,-24.222565373590967,24.222565373590967,0.0011897814542943042,0.006371302036248488,0.007561083490542793,19.247959932811845,14.132244725510905,0.0,0.07812195279801415,0.9885129928588867,37.351162967168776,3.366094708442688,worst_uncertainty_stratified_mhz
4272,180.0,5,23.254979206936262,-23.254979206936262,23.254979206936262,0.0019595077462271934,0.009179590984032433,0.011139098730259627,18.78113088018278,12.703163791668537,0.0,0.07393898247072173,0.8760905265808105,36.538293268843304,4.0946701765060425,worst_uncertainty_stratified_mhz
4370,180.0,5,21.736075586974216,-21.736075586974216,21.736075586974216,0.0013649839989653334,0.004039609407963641,0.005404593406928974,17.307938403927356,12.607956347596767,0.0,0.018665322719652266,0.45194363594055176,34.126602526474855,3.4334264397621155,worst_uncertainty_stratified_mhz
4730,180.0,5,20.311792485274847,-20.311792485274847,20.311792485274847,0.015104597958563504,0.01795768474009402,0.03306228269865752,16.45585110805954,10.865059275359352,0.0,0.12030664108718891,1.1710889339447021,31.5,4.312294512987137,worst_uncertainty_stratified_mhz
3961,200.0,5,28.06028415219701,-28.06028415219701,28.06028415219701,0.019332789598186056,0.026002371850689095,0.04533516144887515,22.79440065676412,14.863792619687825,0.0,0.123734248932859,1.145744800567627,44.1955880150949,4.826304733753204,worst_uncertainty_stratified_mhz
4604,200.0,5,27.81553199626983,-27.81553199626983,27.81553199626983,0.014004665447922657,0.007488884003254774,0.02149354945117743,22.496792331918567,15.094195111578015,0.0,0.06769186685158601,0.6626129150390625,44.1955880150949,4.555606186389923,worst_uncertainty_stratified_mhz
3954,200.0,5,27.649829207503785,-27.649829207503785,27.649829207503785,0.00047007705078551057,0.003735208685522363,0.004205285736307874,21.59482800009538,17.260400247025807,0.0,0.011503706161540173,0.3744544982910156,42.79219408957666,2.7769563496112823,worst_uncertainty_stratified_mhz
3287,200.0,5,27.63791312040425,-27.63791312040425,27.63791312040425,0.001862807654368705,0.00300134058213289,0.004864148236501595,21.56196149233886,17.323363446488745,0.0,0.007403353647941202,0.3169221878051758,42.79219408957666,2.7193352580070496,worst_uncertainty_stratified_mhz
4352,200.0,5,27.281633076947614,-27.281633076947614,27.281633076947614,0.009021075861462403,0.020957579924102777,0.029978655785565182,22.26285385855082,14.192817718022198,0.0,0.18336500429898805,1.366783618927002,42.79219408957666,5.022569000720978,worst_uncertainty_stratified_mhz
4254,200.0,5,27.094113817127976,-27.094113817127976,27.094113817127976,0.0019862567640204277,0.00647583844384569,0.008462095207866118,21.67909724211348,15.418423236342559,0.0,0.02606483927766501,0.5138707160949707,42.79219408957666,3.993680566549301,worst_uncertainty_stratified_mhz
3984,200.0,5,27.02620054973697,-27.02620054973697,27.02620054973697,0.004110138253505038,0.009273890425888156,0.013384028679393194,21.861118651156314,14.674018794519005,0.0,0.08257269470111339,0.7648978233337402,42.79219408957666,4.54925811290741,worst_uncertainty_stratified_mhz
3335,200.0,5,26.994100392142112,-26.994100392142112,26.994100392142112,0.0024225858667952104,0.007575303361887939,0.00999788922868315,21.952269922840834,14.332627728480542,0.0,0.08758762529066288,0.9371705055236816,42.79219408957666,4.800403296947479,worst_uncertainty_stratified_mhz
4717,230.0,5,29.018052264041174,-29.018052264041174,29.018052264041174,0.003916985913666143,0.018238353936213397,0.02215533984987954,22.775702632109688,17.67096014857767,0.0,0.2478601528075819,1.5449104309082031,43.51077452769601,3.520081549882889,worst_uncertainty_stratified_mhz
3236,230.0,5,28.517064369064315,-28.517064369064315,28.517064369064315,0.02371443978109421,0.07323879915970537,0.09695323894079957,23.53252266886247,13.892083250972094,0.0,0.4248743446035945,2.0197086334228516,44.1955880150949,6.4258798360824585,worst_uncertainty_stratified_mhz
3454,230.0,5,28.45429477216293,-28.45429477216293,28.45429477216293,0.0031900803505600112,0.0188853638115341,0.02207544416209411,22.59735200246221,16.598222907841755,0.0,0.17967643047058957,1.3245766162872314,43.51077452769601,4.157454669475555,worst_uncertainty_stratified_mhz
3878,230.0,5,28.4376055320418,-28.4376055320418,28.4376055320418,0.0024291734946175246,0.007366884957528972,0.009796058452146497,21.950829545809448,18.466646702380803,0.0,0.01842352032661765,0.3540375232696533,43.51077452769601,2.48530513048172,worst_uncertainty_stratified_mhz
3980,230.0,5,28.359584435027998,-28.359584435027998,28.359584435027998,0.04075061408676311,0.04230147602340645,0.08305209011016956,22.92689196908924,15.203158773745871,0.0,0.36528869116497376,1.6348819732666016,43.48832458258193,5.295210301876068,worst_uncertainty_stratified_mhz
3360,230.0,5,27.964510715523467,-27.964510715523467,27.964510715523467,0.0008941270853110719,0.0023455400992390724,0.003239667184550144,21.628406279906105,18.059234497296003,0.0,0.015660179636816984,0.43329811096191406,42.79219408957666,2.5785830318927765,worst_uncertainty_stratified_mhz
4002,230.0,5,27.95290932611462,-27.95290932611462,27.95290932611462,0.004056952027227613,0.015065519837614227,0.01912247186484184,22.092973639864844,16.613217529675815,0.0,0.16566915279288352,1.0624148845672607,42.79219408957666,3.885740339756012,worst_uncertainty_stratified_mhz
3348,230.0,5,27.872209169664867,-27.872209169664867,27.872209169664867,0.0009624290624360454,0.007880140592213973,0.008842569654650018,21.720633565781203,17.50435825814949,0.0,0.038759429012890756,0.5715541839599609,42.79219408957666,3.036748379468918,worst_uncertainty_stratified_mhz
3350,250.0,5,28.700081037553574,-28.700081037553574,28.700081037553574,0.002041972666875535,0.003066257841394403,0.005108230508269938,21.97653598698322,19.156360243005356,0.0,0.013850265512688642,0.41459691524505615,43.51077452769601,2.1458942741155624,worst_uncertainty_stratified_mhz
3380,250.0,5,27.5445540189544,-27.5445540189544,27.5445540189544,0.007424837497144686,0.026369357862338814,0.0337941953594835,22.035716264399905,15.59090993543007,0.0,0.12708913118689225,1.0250601768493652,42.79219408957666,4.890178680419922,worst_uncertainty_stratified_mhz
3785,250.0,5,27.526144013845204,-27.526144013845204,27.526144013845204,0.012617718925195054,0.018667513393697766,0.03128523231889282,21.99764176733404,15.63225736399878,0.0,0.2521069046533597,1.5351777076721191,41.955892017689244,4.841513752937317,worst_uncertainty_stratified_mhz
3555,250.0,5,27.46209029408455,-27.46209029408455,27.46209029408455,0.289062344480926,0.07113858140542052,0.3602009258863465,22.566439697358028,12.909818969396168,0.0,0.24481698728649448,1.8510513305664062,42.79219408957666,7.270747721195221,worst_uncertainty_stratified_mhz
3846,250.0,5,27.19518786299767,-27.19518786299767,27.19518786299767,0.011901387337042947,0.03946156778135818,0.05136295511840113,21.43723944791664,16.209332685100613,0.0,0.29916043943372017,1.716017484664917,40.56014053230092,4.103929281234741,worst_uncertainty_stratified_mhz
4062,250.0,5,26.892414261641175,-26.892414261641175,26.892414261641175,0.0006142531374920549,0.00340557950081053,0.0040198326383025845,20.56516622130123,18.021852446204424,0.0,0.0166407178059087,0.464743971824646,40.632307035165994,2.069963663816452,worst_uncertainty_stratified_mhz
4271,250.0,5,26.411269944808467,-26.411269944808467,26.411269944808467,0.001913350442675656,0.00605843017824529,0.007971780620920946,20.452581366996014,16.97601561145771,0.0,0.010694742279269143,0.32363271713256836,40.56014053230092,2.837548166513443,worst_uncertainty_stratified_mhz
4760,250.0,5,26.136491345937976,-26.136491345937976,26.136491345937976,0.03383109638389085,0.06016152976213047,0.09399262614602132,20.654763174179344,15.279787126662079,0.0,0.4921715197400367,2.0506813526153564,38.27450195626326,4.405604541301727,worst_uncertainty_stratified_mhz
4084,250.0,5,24.729095002620586,-24.729095002620586,24.729095002620586,0.004729062556063729,0.007504302543806085,0.012233365099869813,19.32148793099289,15.391259108565679,0.0,0.013122508128595278,0.34222888946533203,38.27450195626326,3.3959819972515106,worst_uncertainty_stratified_mhz
3804,250.0,5,24.060333087424958,-24.060333087424958,24.060333087424958,0.022491241697268405,0.024687847738762165,0.047179089436030566,19.220582143102313,13.6296824376886,0.0,0.1873790899321648,1.314918041229248,36.75148806511105,4.878432035446167,worst_uncertainty_stratified_mhz
3218,250.0,5,22.901718717144853,-22.901718717144853,22.901718717144853,0.01268223522298956,0.018309178104387692,0.030991413327377253,18.65726193216389,11.988416775463971,0.0,0.17504844685741716,1.1875576972961426,35.776869273316805,5.970317482948303,worst_uncertainty_stratified_mhz
4315,250.0,5,20.745612572489268,-20.745612572489268,20.745612572489268,0.008963430946279308,0.018260995563298504,0.027224426509577813,16.153636610783153,12.96847188245863,0.0,0.11739901331763658,1.0724751949310303,31.0,3.321864515542984,worst_uncertainty_stratified_mhz
3434,265.0,5,27.69156766944853,-27.69156766944853,27.69156766944853,0.020754194869773427,0.0782671091227275,0.09902130399250092,24.45241926498099,8.91479346260718,0.0,0.7794347133051218,3.150381088256836,44.1955880150949,11.063697457313538,worst_uncertainty_stratified_mhz
3843,265.0,5,27.610979265733185,-27.610979265733185,27.610979265733185,0.05205621787645854,0.12917351086042098,0.1812297287368795,25.203165575000835,6.287451031892331,0.0,1.843400183807475,3.9273366928100586,42.79219408957666,13.066999077796936,worst_uncertainty_stratified_mhz
3871,265.0,5,26.243116492461198,-26.243116492461198,26.243116492461198,0.0573378645966879,0.08345854174822515,0.14079640634491306,23.066928542070816,8.632013044800551,0.0,0.3832425538804358,1.8790473937988281,43.48832458258193,10.909050822257996,worst_uncertainty_stratified_mhz
4585,265.0,5,25.78158591917765,-25.78158591917765,25.78158591917765,0.044666632209799856,0.06532056783704011,0.10998720004683997,22.590497080902846,8.766330195826335,0.0,0.3020140764892716,1.7847719192504883,42.79219408957666,10.661863684654236,worst_uncertainty_stratified_mhz
4009,265.0,5,24.761612197867734,-24.761612197867734,24.761612197867734,0.07668041307847569,0.05235735298497555,0.12903776606345124,22.942876093934014,4.793824437262457,0.0,0.42594183753679715,2.2416744232177734,42.79219408957666,13.757462859153748,worst_uncertainty_stratified_mhz
3930,265.0,5,24.20134975361867,-24.20134975361867,24.20134975361867,0.04542430909826165,0.23246483791729558,0.2778891470155572,22.974984434303426,2.67125802215967,0.0,0.6925139733027095,2.5396509170532227,42.02529000494821,15.369802236557007,worst_uncertainty_stratified_mhz
4149,265.0,5,24.034855137780163,-24.034855137780163,24.034855137780163,0.07100145516006152,0.08703950104262811,0.15804095620268965,22.293672256689227,4.480574149765872,0.0,0.690143288971953,2.5747509002685547,40.632307035165994,13.900511384010315,worst_uncertainty_stratified_mhz
3448,265.0,5,23.574998969363435,-23.574998969363435,23.574998969363435,0.1359511666929494,0.3065551799856683,0.44250634667861766,21.75822648235549,3.869963592388861,0.0,1.2870007154764238,3.5912885665893555,37.351162967168776,14.339289784431458,worst_uncertainty_stratified_mhz
4132,265.0,5,23.506719854234518,-23.506719854234518,23.506719854234518,0.06474522832542444,0.1322454269285091,0.19699065525393356,20.446799017799176,8.139776822105576,0.0,0.34758343242877743,1.923929214477539,38.27450195626326,10.521661162376404,worst_uncertainty_stratified_mhz
4447,265.0,5,23.431276047985943,-23.431276047985943,23.431276047985943,0.7997804628118379,0.4293846935280826,1.2291651563399206,21.291724668623996,2.5691961209062883,0.0,0.4722232602701837,1.8493213653564453,39.78968145135118,15.383480191230774,worst_uncertainty_stratified_mhz
4777,265.0,5,22.643272446262312,-22.643272446262312,22.643272446262312,0.04553396252358799,0.1805273034226632,0.2260612659462512,20.47855545033476,5.476048672985164,0.0,1.2684484238527034,4.293611526489258,34.126602526474855,12.775871992111206,worst_uncertainty_stratified_mhz
4006,270.0,5,28.95930482911401,-28.95930482911401,28.95930482911401,0.04124982092601245,0.03145186694080453,0.07270168786681698,23.631182589730244,14.943166342399078,0.0,0.43534037203875187,2.196096420288086,44.1955880150949,6.516618967056274,worst_uncertainty_stratified_mhz
3760,270.0,5,28.884067921623124,-28.884067921623124,28.884067921623124,0.4273180935332353,0.03987211206146842,0.4671902055947037,23.451774214436266,14.126803975116239,0.0,0.3575769895731433,1.9928064346313477,44.1955880150949,7.214243710041046,worst_uncertainty_stratified_mhz
4293,270.0,5,27.77042767372277,-27.77042767372277,27.77042767372277,0.03846487115074885,0.03824498213603578,0.07670985328678462,22.45755110205578,14.897296489610278,0.0,0.27941705899206326,1.7903265953063965,42.56594149082104,5.976127326488495,worst_uncertainty_stratified_mhz
4141,270.0,5,27.412745452585252,-27.412745452585252,27.412745452585252,0.0038526033336448036,0.016833604679658304,0.020686208013303106,21.77188130912536,15.99814973629294,0.0,0.1527659906646477,1.2823386192321777,41.955892017689244,4.69199275970459,worst_uncertainty_stratified_mhz
4799,270.0,5,27.214239742207166,-27.214239742207166,27.214239742207166,0.010529780993488573,0.07359759943916314,0.08412738043265171,22.29633572682338,13.763380652925601,0.0,0.2027804148231347,1.3949165344238281,42.79219408957666,6.784493982791901,worst_uncertainty_stratified_mhz
4368,270.0,5,27.12794638014399,-27.12794638014399,27.12794638014399,0.014544676226978378,0.026996124872865214,0.041540801099843594,22.00413995503071,14.467328613105115,0.0,0.2054771869141767,1.6635980606079102,41.933727475625155,6.059908330440521,worst_uncertainty_stratified_mhz
3288,270.0,5,26.102458522510087,-26.102458522510087,26.102458522510087,0.01677980616770476,0.02484429641472691,0.04162410258243167,20.967777189713043,14.50546439094642,0.0,0.12422712028875083,1.1967463493347168,40.49035378951387,5.457810044288635,worst_uncertainty_stratified_mhz
3995,280.0,5,29.628826818098513,-29.628826818098513,29.628826818098513,0.004234984258324507,0.022064273002858105,0.026299257261182613,22.85968324911517,19.110351864983663,0.0,0.42294246003740454,1.8032264709472656,43.07025510720827,2.9985538721084595,worst_uncertainty_stratified_mhz
3690,280.0,5,29.04265969336623,-29.04265969336623,29.04265969336623,0.05456774799995697,0.04819616764460653,0.1027639156445635,23.698032576639555,14.884061816195082,0.0,0.7659103169003991,2.539886474609375,43.32435804486894,6.744149148464203,worst_uncertainty_stratified_mhz
3560,280.0,5,28.96660626870511,-28.96660626870511,28.96660626870511,0.009544957287078968,0.025503598872702357,0.03504855615978132,22.656974841870642,17.80264012326227,0.0,0.46316111959902173,2.2793221473693848,42.10830529717386,3.897032141685486,worst_uncertainty_stratified_mhz
3447,280.0,5,28.537967021813962,-28.537967021813962,28.537967021813962,0.009667609137658703,0.03387817451786585,0.043545783655524556,22.81019406594348,16.16651231314291,0.0,0.2991804965804441,1.5768389701843262,43.44518816854175,5.269932568073273,worst_uncertainty_stratified_mhz
3703,280.0,5,27.878366417132412,-27.878366417132412,27.878366417132412,0.005401021102662021,0.005173559693641619,0.010574580796303641,21.663474395248027,17.68913055726504,0.0,0.030202720294595586,0.4743492603302002,42.79219408957666,3.3110932409763336,worst_uncertainty_stratified_mhz
4545,280.0,5,27.663855726403717,-27.663855726403717,27.663855726403717,0.00814549082684364,0.0736760943932929,0.08182158522013654,22.453649219937,14.566241501635412,0.0,0.5915903776046285,2.4296340942382812,41.29448359042646,6.367045104503632,worst_uncertainty_stratified_mhz
4623,300.0,5,27.99458736965794,-27.99458736965794,27.99458736965794,0.02720580219578074,0.009094375207749165,0.03630017740352991,21.946756378590962,17.108919061079206,0.0,0.15097089971440525,1.2412831783294678,42.350287779423645,4.149551212787628,worst_uncertainty_stratified_mhz
4438,300.0,5,27.855594337571713,-27.855594337571713,27.855594337571713,0.045179289933092386,0.017834074789455916,0.0630133647225483,21.937389452560087,16.684298063874866,0.0,0.08028278615157713,0.9220192432403564,42.79219408957666,4.515500038862228,worst_uncertainty_stratified_mhz
4105,300.0,5,26.88503622629735,-26.88503622629735,26.88503622629735,0.014625410540075897,0.016536959851519317,0.031162370391595216,20.903442047158503,16.95420522665843,0.0,0.05484660660910379,0.6651911735534668,41.03199970754533,3.557014226913452,worst_uncertainty_stratified_mhz
4703,300.0,5,26.462722077752026,-26.462722077752026,26.462722077752026,0.05137918002746689,0.016182820946306322,0.06756200097377321,20.772900891866424,15.988932045810557,0.0,0.2075695765225305,1.4325833320617676,39.69807929862602,4.358460426330566,worst_uncertainty_stratified_mhz
3577,300.0,5,25.864865774856245,-25.864865774856245,25.864865774856245,0.005023384157748101,0.02126176519022684,0.02628514934797494,20.338548937091673,15.60872351123181,0.0,0.419813881155477,2.0157253742218018,37.82174473765059,4.38045871257782,worst_uncertainty_stratified_mhz
3705,300.0,5,25.426282147896767,-25.426282147896767,25.426282147896767,0.006716097727970529,0.022261008647542255,0.028977106375512783,19.662582850448665,16.299785893276237,0.0,0.1486592960154587,1.2061023712158203,37.82174473765059,3.2349057495594025,worst_uncertainty_stratified_mhz
5004,120.0,6,75.46102523893431,-75.46102523893431,75.46102523893431,2.256167715550072,4.753285947117627,7.009453662667699,68.38100506076552,0.0,0.0,56.446628556082885,23.02096176147461,0.8477912478906585,26.6170756816864,worst_uncertainty_stratified_mhz
4900,120.0,6,48.78526437849851,-48.78526437849851,48.78526437849851,2.1219761660697443,2.249538208119574,4.371514374189318,44.35720771472865,0.0,0.0,31.27044994257788,19.860087394714355,6.313428149587195,24.72485101222992,worst_uncertainty_stratified_mhz
4848,120.0,6,48.1343249869998,-48.1343249869998,48.1343249869998,0.5591654320006622,2.3525063084275892,2.9116717404282513,45.16345744931862,0.0,0.0,19.091807839055264,14.636008262634277,37.50729095789244,18.4532413482666,worst_uncertainty_stratified_mhz
5517,150.0,6,37.74560940272956,-37.74560940272956,37.74560940272956,0.1921105473748657,1.0725540875228132,1.2646646348976789,33.53862708819221,8.148871008974742,0.0,8.532177841604007,7.871766567230225,42.141131925946176,8.094716966152191,worst_uncertainty_stratified_mhz
6129,150.0,6,32.13053890034435,-32.13053890034435,32.13053890034435,0.09425730977853221,0.41070554452084723,0.5049628542993795,28.712173598281506,8.120950069499921,0.0,4.708195376869341,6.277047634124756,41.730908808699574,7.632756352424622,worst_uncertainty_stratified_mhz
5439,150.0,6,29.407005779021155,-29.407005779021155,29.407005779021155,0.5801410708363653,0.1492500173942962,0.7293910882306616,24.307537238014003,12.33340766511035,0.0,1.3147780914326859,3.4151721000671387,42.570346193095496,5.369685649871826,worst_uncertainty_stratified_mhz
5325,150.0,6,28.742801145341428,-28.742801145341428,28.742801145341428,0.39949371235484615,0.40437532106025936,0.8038690334151055,26.732013835496254,3.288018547770791,0.0,4.359491403507203,6.470542907714844,38.27450195626326,9.302589118480682,worst_uncertainty_stratified_mhz
5109,155.0,6,41.54515329512668,-41.54515329512668,41.54515329512668,0.5854581724669794,1.980653334019094,2.5661115064860733,37.58671302715359,3.677018400288646,0.0,17.524361490501512,10.892069339752197,29.23263373355196,9.931950867176056,worst_uncertainty_stratified_mhz
5114,155.0,6,38.28580760682111,-38.28580760682111,38.28580760682111,0.1260110339243865,0.6660080381358798,0.7920190720602663,35.146995718388325,6.4709667971699965,0.0,8.640354497479532,9.489223003387451,43.52405943843014,8.966713964939117,worst_uncertainty_stratified_mhz
6157,155.0,6,32.762426108303806,-32.762426108303806,32.762426108303806,0.44594031795417016,0.5241527403011397,0.9700930582553098,28.91059070190057,8.06667557434613,0.0,3.480262619569796,6.66506814956665,44.1955880150949,7.985264718532562,worst_uncertainty_stratified_mhz
4929,155.0,6,30.16536069901739,-30.16536069901739,30.16536069901739,0.1135683569309696,0.4397841912717438,0.5533525482027134,27.577930458260084,5.652802215512072,0.0,3.7763248553454183,4.877706527709961,42.72550467811937,8.73824006319046,worst_uncertainty_stratified_mhz
4970,155.0,6,29.01133696471321,-29.01133696471321,29.01133696471321,0.4139695886092523,0.48799212542391635,0.9019617140331686,26.056741340856274,5.727931527967512,0.0,2.7179278164481637,5.3347392082214355,41.342887840594784,8.612030446529388,worst_uncertainty_stratified_mhz
4925,155.0,6,28.859106451275373,-28.859106451275373,28.859106451275373,0.5360068062751773,1.5370723990283874,2.0730792053035647,26.696793074071877,0.0,0.0,19.831041092336648,13.731503963470459,0.0,12.476178169250488,worst_uncertainty_stratified_mhz
5770,155.0,6,28.68453290186505,-28.68453290186505,28.68453290186505,0.11851900038266587,0.27323035147742325,0.39174935186008913,25.659076306591608,7.394978564135946,0.0,2.0291702675100645,4.467617988586426,42.79219408957666,7.832934319972992,worst_uncertainty_stratified_mhz
5871,155.0,6,26.58126329216074,-26.58126329216074,26.58126329216074,0.22519120437622483,0.09191775292600363,0.31710895730222843,22.778723437325777,9.907536580992858,0.0,0.19755935806334435,1.6515536308288574,43.51077452769601,6.2450703382492065,worst_uncertainty_stratified_mhz
5464,170.0,6,24.396579785070113,-24.396579785070113,24.396579785070113,0.0024855819898351016,0.006340127697916362,0.008825709687751464,19.52940729694294,13.832236226067009,0.0,0.05717714229000759,0.6699583530426025,38.27450195626326,3.50322362780571,worst_uncertainty_stratified_mhz
6288,170.0,6,23.112311019305658,-23.112311019305658,23.112311019305658,0.002166150899581163,0.010257527260853112,0.012423678160434276,18.82649085291648,12.1623131281267,0.0,0.07947816491358761,0.9557321071624756,36.538293268843304,4.249118775129318,worst_uncertainty_stratified_mhz
5603,170.0,6,22.2587607714595,-22.2587607714595,22.2587607714595,0.0037014343212481743,0.01651555569278,0.020216990014028175,17.53094280201885,13.391704115014608,0.0,0.054543918771045696,0.826195240020752,34.126602526474855,2.847496271133423,worst_uncertainty_stratified_mhz
5820,180.0,6,25.305817423186397,-25.305817423186397,25.305817423186397,0.0018182552756289404,0.005527173727850941,0.007345429003479881,20.60768842035617,13.369700055392729,0.0,0.04086783758583579,0.5735006332397461,40.56014053230092,4.437743902206421,worst_uncertainty_stratified_mhz
6060,180.0,6,24.340542700803965,-24.340542700803965,24.340542700803965,0.006370692033137115,0.01805571909452351,0.024426411127660624,19.709161321090043,13.112332383227887,0.0,0.089483818796122,0.964853048324585,38.27450195626326,4.239818871021271,worst_uncertainty_stratified_mhz
4936,180.0,6,23.764165893088183,-23.764165893088183,23.764165893088183,0.018222989158126854,0.03727523144212848,0.05549822060025533,19.315306825898137,12.484650062203324,0.0,0.18201684531404894,1.515091896057129,36.75148806511105,4.494042932987213,worst_uncertainty_stratified_mhz
5225,180.0,6,23.460759251890718,-23.460759251890718,23.460759251890718,0.0005191910770723804,0.006735993310202445,0.0072551843872748255,18.685516190044716,13.577093480816824,0.0,0.049063680798538734,0.7346117496490479,36.538293268843304,3.4598723351955414,worst_uncertainty_stratified_mhz
6356,200.0,6,28.56794448847927,-28.56794448847927,28.56794448847927,0.0014541014458769104,0.004622193363098343,0.006076294808975253,22.425181293489498,17.490146065864188,0.0,0.03403301309964135,0.5867085456848145,44.1955880150949,3.0470914244651794,worst_uncertainty_stratified_mhz
5207,200.0,6,28.479133287356866,-28.479133287356866,28.479133287356866,0.0025586810126384057,0.002039805988528255,0.004598487001166661,22.210261744763297,17.87975157377834,0.0,0.004704685229153682,0.21552610397338867,44.1955880150949,2.69617360830307,worst_uncertainty_stratified_mhz
5894,200.0,6,27.95478002898941,-27.95478002898941,27.95478002898941,0.004592803561173053,0.013887983275892449,0.018480786837065503,22.671183285031088,15.003213109296818,0.0,0.06861804487865797,1.009542465209961,44.1955880150949,4.68057245016098,worst_uncertainty_stratified_mhz
5351,200.0,6,27.485439100997315,-27.485439100997315,27.485439100997315,0.001968444947979576,0.0023873088750012315,0.004355753822980807,21.543920985101387,16.943659731207692,0.0,0.00660420516748772,0.2824394702911377,42.79219408957666,2.9523642659187317,worst_uncertainty_stratified_mhz
5185,200.0,6,27.43630252935789,-27.43630252935789,27.43630252935789,0.0019389209826705639,0.0035227286183474693,0.005461649601018033,21.552125605577285,16.77321591280205,0.0,0.009847692640150285,0.2923617362976074,42.79219408957666,3.0667232275009155,worst_uncertainty_stratified_mhz
4937,200.0,6,27.246278029126046,-27.246278029126046,27.246278029126046,0.0019140436167456277,0.006426732908833183,0.00834077652557881,21.619260597507623,16.02521433915471,0.0,0.019895501571830287,0.4065361022949219,42.79219408957666,3.5793904960155487,worst_uncertainty_stratified_mhz
4836,200.0,6,27.18144594234729,-27.18144594234729,27.18144594234729,0.0026911565503515288,0.008304000507159955,0.010995157057511484,21.68799117831316,15.633213519750392,0.0,0.028024371104172552,0.5277395248413086,42.79219408957666,3.8626382648944855,worst_uncertainty_stratified_mhz
6155,200.0,6,26.38675910099347,-26.38675910099347,26.38675910099347,0.0006791631577869979,0.004890115195959884,0.005569278353746882,20.74079682282703,16.06630061452763,0.0,0.04606833785969311,0.7571499347686768,40.632307035165994,3.1219171583652496,worst_uncertainty_stratified_mhz
5857,230.0,6,30.356784222101478,-30.356784222101478,30.356784222101478,0.023583771100929376,0.06327754048448855,0.08686131158541793,24.615660768791177,16.0103683318118,0.0,1.2404817356681894,3.9581639766693115,42.79219408957666,5.499201089143753,worst_uncertainty_stratified_mhz
6364,230.0,6,28.48079144220447,-28.48079144220447,28.48079144220447,0.014000903826889684,0.00783956148733109,0.021840465314220774,22.244991445641272,17.68793323733896,0.0,0.08885950520330166,0.8014893531799316,43.51077452769601,3.2145799100399017,worst_uncertainty_stratified_mhz
5055,230.0,6,28.414519315605393,-28.414519315605393,28.414519315605393,0.006806824710847811,0.0474156335682196,0.05422245827906741,22.847187248385705,15.675223804606718,0.0,0.27837801989231536,1.6268439292907715,43.51077452769601,4.925226330757141,worst_uncertainty_stratified_mhz
5441,230.0,6,28.15452510003543,-28.15452510003543,28.15452510003543,0.013405156288468625,0.0282717826953001,0.04167693898376873,22.122226542848257,17.043824453704563,0.0,0.1333180327965584,1.1856229305267334,42.79219408957666,3.6103959381580353,worst_uncertainty_stratified_mhz
5229,230.0,6,27.770192769431308,-27.770192769431308,27.770192769431308,0.007936454808021806,0.00874291945541635,0.016679374263438157,21.927595384787477,16.59069710513123,0.0,0.08532955967230293,0.8923375606536865,42.79219408957666,3.8086977005004883,worst_uncertainty_stratified_mhz
6386,230.0,6,27.74122643439563,-27.74122643439563,27.74122643439563,0.020010213251629508,0.009399836520413008,0.029410049772042514,21.886488874337537,16.597641906314628,0.0,0.05986771875513952,0.8610482215881348,42.79219408957666,3.7869309782981873,worst_uncertainty_stratified_mhz
5726,230.0,6,27.636119765547157,-27.636119765547157,27.636119765547157,0.016893606398727088,0.03371915498866646,0.050612761387393554,21.956076265652218,16.035027423244784,0.0,0.08456220292717997,0.9508340358734131,42.79219408957666,4.233787089586258,worst_uncertainty_stratified_mhz
4808,230.0,6,27.282853775237676,-27.282853775237676,27.282853775237676,0.03941744611167439,0.02359114994916927,0.06300859606084366,22.011091165507803,14.831145085457091,0.0,0.13354141724352075,0.9629054069519043,42.79219408957666,5.11718487739563,worst_uncertainty_stratified_mhz
5938,250.0,6,29.242412464267655,-29.242412464267655,29.242412464267655,0.006739052113009663,0.006148910093068883,0.012887962206078546,22.376745047946415,19.525205402492617,0.0,0.02631544221628701,0.5052711963653564,44.1955880150949,2.1392563581466675,worst_uncertainty_stratified_mhz
5986,250.0,6,28.47170234062688,-28.47170234062688,28.47170234062688,0.002514037367576737,0.00292556447788649,0.005439601845463227,21.806275178592,19.017023633934382,0.0,0.001181694117163623,0.09941244125366211,43.51077452769601,2.1328690946102142,worst_uncertainty_stratified_mhz
5310,250.0,6,28.4420928040328,-28.4420928040328,28.4420928040328,0.016609044307912494,0.02216916037372761,0.0387782046816401,22.602262355464756,16.528423038393257,0.0,0.08392205465863967,0.841092586517334,44.1955880150949,4.497171342372894,worst_uncertainty_stratified_mhz
6197,250.0,6,28.116838762478636,-28.116838762478636,28.116838762478636,0.0005534665830512657,0.005608020055832704,0.00616148663888397,21.829844519254177,17.88857613986058,0.0,0.05730730703878262,0.752880334854126,42.79219408957666,3.017852693796158,worst_uncertainty_stratified_mhz
6306,250.0,6,27.914347556509497,-27.914347556509497,27.914347556509497,0.01044081502291217,0.02729061050217715,0.03773142552508932,21.85215482775008,17.159464596188663,0.0,0.0722697933453551,0.7675759792327881,42.79219408957666,3.603877156972885,worst_uncertainty_stratified_mhz
4812,250.0,6,27.52078407054823,-27.52078407054823,27.52078407054823,0.007032142612932755,0.012919758296201931,0.019951900909134686,21.86986102988258,16.045469688245493,0.0,0.07173923915308578,0.8040494918823242,42.79219408957666,4.447205364704132,worst_uncertainty_stratified_mhz
5097,250.0,6,27.025030039467715,-27.025030039467715,27.025030039467715,0.0027185166695416485,0.008449909455707156,0.011168426125248805,20.534673170929644,18.447140881569673,0.0,0.024218078119026876,0.4607696533203125,40.56014053230092,1.7147149294614792,worst_uncertainty_stratified_mhz
5039,250.0,6,26.82295702368979,-26.82295702368979,26.82295702368979,0.0049167352755669766,0.02518879692936977,0.03010553220493675,21.110983673973905,16.156019269658593,0.0,0.18427260023856373,1.2211151123046875,40.632307035165994,3.9366557896137238,worst_uncertainty_stratified_mhz
6120,250.0,6,25.6543957349665,-25.6543957349665,25.6543957349665,0.013224256484450364,0.016362027439544173,0.02958628392399454,19.7197541304124,16.74620009281426,0.0,0.201848892618556,1.4500751495361328,37.585735326051555,2.5593768656253815,worst_uncertainty_stratified_mhz
5839,250.0,6,25.332779170336934,-25.332779170336934,25.332779170336934,0.009904056778306471,0.044929441130085075,0.054833497908391544,19.683360263504056,15.886286515496861,0.0,0.20200169704913318,1.4804296493530273,37.48228748355682,3.2677352726459503,worst_uncertainty_stratified_mhz
5683,250.0,6,25.267048259244557,-25.267048259244557,25.267048259244557,0.015334610053728907,0.010371463040492752,0.02570607309422166,19.45566803842325,16.47748094809247,0.0,0.03658317319140281,0.5636677742004395,38.27450195626326,2.5769182443618774,worst_uncertainty_stratified_mhz
5268,250.0,6,25.055866153461544,-25.055866153461544,25.055866153461544,0.001937442564525582,0.018093776946149304,0.020031219510674887,19.666223319902198,15.287031556461717,0.0,0.08154304241601462,0.8948585987091064,38.27450195626326,3.727792888879776,worst_uncertainty_stratified_mhz
5479,265.0,6,28.192352164595018,-28.192352164595018,28.192352164595018,0.1431619682339159,0.2749174111218683,0.4180793793557842,26.053642852250473,4.8366074648447555,0.0,2.4944436574987634,4.326204299926758,42.79219408957666,14.194221138954163,worst_uncertainty_stratified_mhz
5214,265.0,6,27.661414006725263,-27.661414006725263,27.661414006725263,0.06969889435136645,0.15630260356189044,0.22600149791325688,24.656019619002823,7.868260744454688,0.0,1.4681202924944046,3.3997879028320312,42.976010750184805,11.878262042999268,worst_uncertainty_stratified_mhz
5069,265.0,6,25.939977867738413,-25.939977867738413,25.939977867738413,0.024040554433439467,0.15738646811224996,0.18142702254568943,22.65897899713235,8.821756888422472,0.0,0.25996556326816744,1.8665771484375,42.93144971929087,10.660509824752808,worst_uncertainty_stratified_mhz
5802,265.0,6,25.79737004698648,-25.79737004698648,25.79737004698648,0.048066564460366785,0.053784152981240264,0.10185071744160705,22.719854172044588,8.463374533713615,0.0,0.347409203977449,1.9526958465576172,42.79219408957666,10.927973866462708,worst_uncertainty_stratified_mhz
4999,265.0,6,25.55891200919268,-25.55891200919268,25.55891200919268,0.11874309422131939,0.2283953755226998,0.3471384697440192,23.697146267733206,4.282307094746898,0.0,0.815731952812925,3.0373239517211914,42.72550467811937,14.27292788028717,worst_uncertainty_stratified_mhz
6175,265.0,6,25.38630303274362,-25.38630303274362,25.38630303274362,0.10640742997544267,0.1814261175143618,0.2878335474898045,21.988141455285056,8.864365930197058,0.0,0.10642868021108143,0.9712314605712891,42.79219408957666,10.456281900405884,worst_uncertainty_stratified_mhz
5950,265.0,6,24.791396015791527,-24.791396015791527,24.791396015791527,0.05355622218050147,0.09741425572428566,0.15097047790478713,22.039901413717644,7.390534005016809,0.0,0.41110041064303005,1.9636859893798828,41.293916016769344,11.584173202514648,worst_uncertainty_stratified_mhz
5546,265.0,6,24.106316155980917,-24.106316155980917,24.106316155980917,0.27692485058450805,0.21524868162235827,0.4921735322068663,22.261322564442683,3.820717454620054,0.0,0.8097598620304183,2.540898323059082,40.36222708176545,14.4496990442276,worst_uncertainty_stratified_mhz
4972,265.0,6,23.99106853977018,-23.99106853977018,23.99106853977018,0.21199395562823384,0.129753260298919,0.34174721592715285,20.65428442678107,8.512058197237137,0.0,0.4270557074079875,2.17995548248291,38.27450195626326,10.329305410385132,worst_uncertainty_stratified_mhz
5630,265.0,6,23.787862138043305,-23.787862138043305,23.787862138043305,0.03488703884436726,0.06990039687233819,0.10478743571670546,21.88604799378137,5.0999316846797775,0.0,0.413399492789722,1.9660720825195312,40.97922491946377,13.338765144348145,worst_uncertainty_stratified_mhz
5070,265.0,6,23.74953741457034,-23.74953741457034,23.74953741457034,0.013487766587224387,0.08915425598540147,0.10264202257262586,20.595487570289006,8.668317835053902,0.0,0.49943103109170295,1.9176111221313477,38.27450195626326,10.097750067710876,worst_uncertainty_stratified_mhz
6370,270.0,6,29.52898418602556,-29.52898418602556,29.52898418602556,0.020825585091157426,0.04935193833587186,0.07017752342702929,23.472732957316342,16.990889049220748,0.0,0.5968627304321181,2.2821030616760254,43.46963739209242,4.919249713420868,worst_uncertainty_stratified_mhz
5025,270.0,6,28.818018041683302,-28.818018041683302,28.818018041683302,0.003465303101629971,0.00861628887549761,0.012081591977127581,22.422349555232948,18.197620753573872,0.0,0.036956818551892034,0.5751974582672119,44.1955880150949,3.3329834640026093,worst_uncertainty_stratified_mhz
5742,270.0,6,28.571718626056654,-28.571718626056654,28.571718626056654,0.022719746534454396,0.09061900864735774,0.11333875518181213,23.524666335000408,14.00028468474909,0.0,0.9347595159919138,3.104360580444336,42.07545305757265,7.190698862075806,worst_uncertainty_stratified_mhz
5625,270.0,6,28.06542434184289,-28.06542434184289,28.06542434184289,0.011705946505787638,0.01253965893845856,0.0242456054442462,22.300176165229097,16.330421755815784,0.0,0.23111311702279735,1.3459320068359375,42.79219408957666,4.740121066570282,worst_uncertainty_stratified_mhz
5649,270.0,6,26.96677047163524,-26.96677047163524,26.96677047163524,0.0034579147998338275,0.009980364909749897,0.013438279709583724,20.71505938728092,17.76119374706472,0.0,0.04912399885594354,0.69956374168396,40.632307035165994,2.535339891910553,worst_uncertainty_stratified_mhz
6074,270.0,6,26.84512080111142,-26.84512080111142,26.84512080111142,0.0016614374271576157,0.005362744039259961,0.0070241814664175764,20.756326489701404,17.345525778056274,0.0,0.015852325053798744,0.44894862174987793,41.03199970754533,2.9047795832157135,worst_uncertainty_stratified_mhz
6244,270.0,6,25.38170329943496,-25.38170329943496,25.38170329943496,0.0019519102036696804,0.00687888454558337,0.008830794749253051,19.519160870885795,16.668587601605843,0.0,0.04175095339259283,0.6803178787231445,38.27450195626326,2.592240661382675,worst_uncertainty_stratified_mhz
5578,280.0,6,28.337251037363856,-28.337251037363856,28.337251037363856,0.06452340709800597,0.018527534943506927,0.08305094204151289,21.96554959889374,17.852703864980988,0.0,0.3068344180710545,1.419675350189209,41.89775501145616,3.4444606602191925,worst_uncertainty_stratified_mhz
5126,280.0,6,28.279075582486204,-28.279075582486204,28.279075582486204,0.039731596194163166,0.05737514744747019,0.09710674364163335,23.2862582221538,13.92057772614975,0.0,0.4685192095507631,2.1239852905273438,43.51149273467873,7.27914559841156,worst_uncertainty_stratified_mhz
4908,280.0,6,28.232648228098913,-28.232648228098913,28.232648228098913,0.0029040168019961593,0.009407114799848394,0.012311131601844553,21.838943194414675,18.176278236745766,0.0,0.05714389723834401,0.771404504776001,42.79219408957666,3.034138858318329,worst_uncertainty_stratified_mhz
4857,280.0,6,27.97897197607611,-27.97897197607611,27.97897197607611,0.002535335381309405,0.011632546113478493,0.014167881494787898,21.930632588868736,17.18121234242279,0.0,0.1054027249046845,0.8582656383514404,42.79219408957666,3.912071019411087,worst_uncertainty_stratified_mhz
5913,280.0,6,27.897812943799206,-27.897812943799206,27.897812943799206,0.010995282717476894,0.033270900128399866,0.04426618284587676,21.686952614609098,17.484860519147258,0.0,0.44108454402942154,2.065298318862915,40.426437822296435,3.5407334864139557,worst_uncertainty_stratified_mhz
6108,280.0,6,27.871473131865894,-27.871473131865894,27.871473131865894,0.03264608689591414,0.05718864258341971,0.08983472947933385,22.536942457524223,14.905510306056861,0.0,0.46561532709999653,2.159956932067871,41.98269732878058,6.1435500383377075,worst_uncertainty_stratified_mhz
5840,300.0,6,28.916851878812146,-28.916851878812146,28.916851878812146,0.003514321064895706,0.016580379033319024,0.020094700098214728,22.81961844817029,17.30198506754698,0.0,0.15125137859812465,1.2276718616485596,44.10906227749577,4.534033805131912,worst_uncertainty_stratified_mhz
5086,300.0,6,28.291138046008385,-28.291138046008385,28.291138046008385,0.001778989225328453,0.0053027078675416,0.0070816970928700524,21.962228033768177,18.036243391173212,0.0,0.01496030536634052,0.383760929107666,43.51077452769601,3.3443785309791565,worst_uncertainty_stratified_mhz
5203,300.0,6,27.846519248356778,-27.846519248356778,27.846519248356778,0.012795811876243382,0.012183675933651857,0.02497948780989524,21.239980077495684,18.706609979272045,0.0,0.09665693293359379,0.8982421159744263,41.38840417314975,2.2695734798908234,worst_uncertainty_stratified_mhz
5856,300.0,6,27.829158702571863,-27.829158702571863,27.829158702571863,0.006209756645297905,0.011924482849862528,0.018134239495160433,21.712322261107982,17.38435258258735,0.0,0.04496447794684855,0.5425214767456055,42.79219408957666,3.7388269901275635,worst_uncertainty_stratified_mhz
5473,300.0,6,27.706958173757087,-27.706958173757087,27.706958173757087,0.008682330796907589,0.007330550152660379,0.016012880949567966,21.5894256473569,17.367642946357858,0.0,0.11265201472436104,0.8370792865753174,42.11646797868976,3.67304003238678,worst_uncertainty_stratified_mhz
6153,300.0,6,27.68632401752928,-27.68632401752928,27.68632401752928,0.005493834073824286,0.02334015424853418,0.028833988322358468,22.362377221462268,15.055842400026277,0.0,0.39208284912051283,2.201256275177002,41.73933246950651,6.122555375099182,worst_uncertainty_stratified_mhz
6409,120.0,7,42.654524227526295,-42.654524227526295,42.654524227526295,1.032364728524383,2.309720863517564,3.342085592041947,39.24855927742197,0.0,0.0,29.97942872648713,18.05413818359375,0.4841229182759271,21.428468942642212,worst_uncertainty_stratified_mhz
6850,120.0,7,41.15377453043833,-41.15377453043833,41.15377453043833,2.582125922087298,1.7419079033100484,4.324033825397347,36.78373810257416,0.0,0.0,25.12552906430068,17.032758712768555,6.283659363778403,27.240508794784546,worst_uncertainty_stratified_mhz
7712,120.0,7,38.909864335895456,-38.909864335895456,38.909864335895456,0.36734637596905584,2.017753391096342,2.3850997670653977,36.460581276021806,0.0,0.0,27.82893706718818,16.93256950378418,0.33071891388307384,20.547847032546997,worst_uncertainty_stratified_mhz
7361,150.0,7,74.31201133229767,-74.31201133229767,74.31201133229767,0.598432655126257,3.149800679470865,3.748233334597122,70.45866572570239,0.0,0.0,39.81509620653869,20.47736692428589,40.80977211404151,15.007573187351227,worst_uncertainty_stratified_mhz
7858,150.0,7,54.94563455722811,-54.94563455722811,54.94563455722811,1.0060722007845277,1.7785505322761157,2.7846227330606435,49.602452099524534,6.950058173346191,0.0,21.342325795605625,12.32466459274292,44.1955880150949,9.163358509540558,worst_uncertainty_stratified_mhz
7628,150.0,7,38.36908877189691,-38.36908877189691,38.36908877189691,1.2669838149972896,1.866607855515182,3.1335916705124713,35.16873338223712,0.0,0.0,17.360070655414567,14.89445161819458,20.722873835450525,15.601818859577179,worst_uncertainty_stratified_mhz
6504,150.0,7,37.50099549398601,-37.50099549398601,37.50099549398601,5.287157323039819,1.7030368499679471,6.990194173007765,30.45383524238683,0.0,0.0,22.794157736893666,15.319355010986328,0.0,20.952481150627136,worst_uncertainty_stratified_mhz
7822,155.0,7,71.18016777217807,-71.18016777217807,71.18016777217807,3.9902423707499435,3.2984763340317538,7.288718704781697,63.81420223075139,0.0,0.0,49.44443028547539,22.400182723999023,6.339361166552983,22.757156372070312,worst_uncertainty_stratified_mhz
6800,155.0,7,45.87404699487915,-45.87404699487915,45.87404699487915,0.7338194546731085,2.2023693740539403,2.936188828727049,42.880185686119546,0.0,0.0,31.846934708448316,18.705419540405273,3.361082414937188,24.462745666503906,worst_uncertainty_stratified_mhz
7960,155.0,7,38.438783776949926,-38.438783776949926,38.438783776949926,0.05342804256824826,0.9749892023393824,1.0284172449076305,35.07514910679343,6.414453593229305,0.0,10.518623321685482,10.838549613952637,38.27450195626326,8.993152856826782,worst_uncertainty_stratified_mhz
6556,155.0,7,38.37259796571029,-38.37259796571029,38.37259796571029,6.643032149258077,2.0622647684584776,8.705296917716554,29.60779125751065,0.0,0.0,20.394600546131187,15.780630111694336,2.6457513110645907,18.97182846069336,worst_uncertainty_stratified_mhz
6643,155.0,7,36.94141568083025,-36.94141568083025,36.94141568083025,0.22236590129624156,1.572929206398992,1.7952951076952335,35.08724552609898,0.0,0.0,16.63979169434856,16.059616088867188,20.83529157463365,17.321387767791748,worst_uncertainty_stratified_mhz
6661,155.0,7,36.56974833777099,-36.56974833777099,36.56974833777099,0.17782258921843486,1.190955984671736,1.3687785738901708,35.12001516677299,0.0,0.0,14.330756517538646,13.05769157409668,28.520825724372006,11.690499067306519,worst_uncertainty_stratified_mhz
7596,155.0,7,33.396771611516336,-33.396771611516336,33.396771611516336,0.06679567866008788,0.9993627317907758,1.0661584104508637,32.27318155284382,0.0,0.0,9.439667520369753,7.592266082763672,38.07476198218447,13.37417733669281,worst_uncertainty_stratified_mhz
6536,155.0,7,33.385946526938504,-33.385946526938504,33.385946526938504,0.5853016549948321,1.291946350980088,1.87724800597492,31.442748891868177,0.0,0.0,12.791666438855927,10.574370384216309,26.727794521808192,13.557862162590027,worst_uncertainty_stratified_mhz
6970,170.0,7,40.24178497297584,-40.24178497297584,40.24178497297584,1.5192315213558274,1.154534227162815,2.673765748518642,34.017556850854454,9.890203187328236,0.0,9.68276440736602,11.41056752204895,37.259017364927914,8.751462548971176,worst_uncertainty_stratified_mhz
7206,170.0,7,35.90032015962302,-35.90032015962302,35.90032015962302,0.3531380242438453,0.8965524740323831,1.2496904982762285,30.037649896770688,12.843923459188835,0.0,11.0763985003474,8.856306791305542,29.066196001541034,7.07469579577446,worst_uncertainty_stratified_mhz
7898,170.0,7,34.6638208444116,-34.6638208444116,34.6638208444116,0.13769067691799222,0.20570615442498602,0.34339683134297827,27.17959752745589,20.05462045685956,0.0,2.5600280358233563,5.043550968170166,44.1955880150949,3.2865369021892548,worst_uncertainty_stratified_mhz
6565,180.0,7,28.134382302817343,-28.134382302817343,28.134382302817343,0.006364947513284439,0.006838268158554557,0.013203215671838997,22.161428042254347,16.970486267038787,0.0,0.05687486196347091,0.6983318328857422,43.51077452769601,2.969053775072098,worst_uncertainty_stratified_mhz
6841,180.0,7,27.374183701751384,-27.374183701751384,27.374183701751384,0.0012658990649952254,0.005883238296179336,0.0071491373611745615,21.730162885242642,16.06312062107276,0.0,0.0380359151079368,0.592059850692749,42.79219408957666,3.2989696860313416,worst_uncertainty_stratified_mhz
7728,180.0,7,23.548100505749144,-23.548100505749144,23.548100505749144,0.000790129488430196,0.002490870435772407,0.003280999924202603,18.49716429384029,14.387702684694041,0.0,0.01807508014922732,0.41988515853881836,36.538293268843304,2.810446798801422,worst_uncertainty_stratified_mhz
6641,180.0,7,22.662838098436254,-22.662838098436254,22.662838098436254,0.0540939172942049,0.1316338077004339,0.1857277249946388,17.56875227201517,13.755669776452661,0.0,1.1795572352257642,3.5457563400268555,29.23263373355196,2.892382174730301,worst_uncertainty_stratified_mhz
6619,200.0,7,27.863002751036547,-27.863002751036547,27.863002751036547,0.007040602814875917,0.009303605704944696,0.016344208519820613,22.320901934144597,15.739227001883277,0.0,0.07735833906639922,0.9987626075744629,43.48832458258193,4.08367732167244,worst_uncertainty_stratified_mhz
7710,200.0,7,27.578991913855145,-27.578991913855145,27.578991913855145,0.01013652290408533,0.005162174388494054,0.015298697292579384,21.708076730824,16.69145827301337,0.0,0.030391966118371805,0.5631754398345947,42.79219408957666,3.203214794397354,worst_uncertainty_stratified_mhz
7314,200.0,7,27.227781731731387,-27.227781731731387,27.227781731731387,0.005437799470456158,0.013854015160706282,0.01929181463116244,21.690196935801854,15.733702184079755,0.0,0.030603015250583177,0.5269937515258789,42.79219408957666,3.80390265583992,worst_uncertainty_stratified_mhz
7517,200.0,7,27.06431142374722,-27.06431142374722,27.06431142374722,0.0005126738253042944,0.0038927627781226376,0.004405436603426932,21.164207951575946,16.817777843604254,0.0,0.011597663203371411,0.3714931011199951,41.933727475625155,2.841252386569977,worst_uncertainty_stratified_mhz
7906,200.0,7,24.903025679719388,-24.903025679719388,24.903025679719388,0.004038028708973673,0.006124534175074126,0.0101625628840478,19.62181671067894,15.01089829113038,0.0,0.05041730172303005,0.8682968616485596,38.27450195626326,3.2575719356536865,worst_uncertainty_stratified_mhz
7621,200.0,7,24.71774033317967,-24.71774033317967,24.71774033317967,0.0018019866967058649,0.003991135349643438,0.005793122046349303,19.27260863861383,15.519613066168342,0.0,0.006491226384908622,0.2577328681945801,38.27450195626326,2.6949476301670074,worst_uncertainty_stratified_mhz
7205,200.0,7,24.65466926022551,-24.65466926022551,24.65466926022551,0.0015814808940329851,0.0036888524834228316,0.005270333377455817,19.32395189476068,15.189368105662425,0.0,0.011789536814902135,0.3498227596282959,38.27450195626326,2.9607690572738647,worst_uncertainty_stratified_mhz
7903,200.0,7,24.402279620640947,-24.402279620640947,24.402279620640947,0.010846705886019803,0.024831168690456488,0.03567787457647629,20.193080063862574,11.861904291435938,0.0,0.2497473138803592,1.6121635437011719,38.27450195626326,5.716576635837555,worst_uncertainty_stratified_mhz
6815,230.0,7,28.88293767125369,-28.88293767125369,28.88293767125369,0.01617270103750418,0.0985377268624216,0.11471042789992578,23.452361925540483,15.026641552940442,0.0,1.6421104529058397,4.269716739654541,39.350786205614746,5.666037440299988,worst_uncertainty_stratified_mhz
7001,230.0,7,28.60288869210233,-28.60288869210233,28.60288869210233,0.0053948897236631805,0.017569454448894843,0.022964344172558025,22.16346683052074,18.23503812210574,0.0,0.14590052647032437,1.24293851852417,42.79219408957666,2.792648732662201,worst_uncertainty_stratified_mhz
7408,230.0,7,28.561361986562943,-28.561361986562943,28.561361986562943,0.023345891816161604,0.056067485418547176,0.07941337723470879,23.325952060114993,14.63272502167154,0.0,0.6533676648627953,2.5529747009277344,42.79219408957666,5.850074470043182,worst_uncertainty_stratified_mhz
6863,230.0,7,28.315928172949093,-28.315928172949093,28.315928172949093,0.011894747966598597,0.017107828866878366,0.029002576833476963,22.394946761589033,16.803128376288708,0.0,0.02895235655012751,0.5364007949829102,44.1955880150949,3.908384770154953,worst_uncertainty_stratified_mhz
7731,230.0,7,28.277913414066433,-28.277913414066433,28.277913414066433,0.010299139118806729,0.014897903135562716,0.025197042254369445,22.19305058037717,17.23625065813377,0.0,0.14312849095688307,1.307650089263916,42.79219408957666,3.505841851234436,worst_uncertainty_stratified_mhz
6690,230.0,7,27.26062666418464,-27.26062666418464,27.26062666418464,0.0027439409694968806,0.008836732164442642,0.011580673133939522,21.430820764989594,16.576053322372925,0.0,0.05538423417011984,0.817145586013794,41.933727475625155,3.5428545475006104,worst_uncertainty_stratified_mhz
7589,230.0,7,26.18731593835341,-26.18731593835341,26.18731593835341,0.013411367286802152,0.004023217668770319,0.01743458495557247,20.403313972995363,16.45887676860008,0.0,0.005199449680900692,0.23608851432800293,40.56014053230092,3.024371773004532,worst_uncertainty_stratified_mhz
7844,230.0,7,25.779536300065104,-25.779536300065104,25.779536300065104,0.04200583178707612,0.05549144685858624,0.09749727864566235,20.883374656378844,13.621740658989433,0.0,0.46272862629103884,2.5667901039123535,38.27450195626326,5.476079940795898,worst_uncertainty_stratified_mhz
7701,250.0,7,29.011357452700487,-29.011357452700487,29.011357452700487,0.007381503737935822,0.02678302485411028,0.034164528592046106,22.29381639658501,19.05713990990948,0.0,0.01710283528084844,0.35783910751342773,44.1955880150949,2.443977415561676,worst_uncertainty_stratified_mhz
7573,250.0,7,29.00369555526732,-29.00369555526732,29.00369555526732,0.05555846730743016,0.035998250789689566,0.09155671809711972,23.10166055797518,16.52800733157428,0.0,0.2421021432698316,1.523528814315796,44.1955880150949,4.7908967435359955,worst_uncertainty_stratified_mhz
7504,250.0,7,28.715475731862988,-28.715475731862988,28.715475731862988,0.0021969993205421313,0.014026590723942746,0.016223590044484877,21.967417708409467,19.13943053532873,0.0,0.0824204789897891,0.9778003692626953,42.79219408957666,2.1726999282836914,worst_uncertainty_stratified_mhz
6715,250.0,7,28.711972556224445,-28.711972556224445,28.711972556224445,0.01614712160034558,0.010284409556158558,0.026431531156504137,22.290513373368494,18.2421436501188,0.0,0.0156374232627563,0.35416388511657715,44.1955880150949,3.041868507862091,worst_uncertainty_stratified_mhz
7795,250.0,7,28.434609483296864,-28.434609483296864,28.434609483296864,0.06476059487727626,0.039987319754724096,0.10474791463200035,22.2589823054848,17.232900479008546,0.0,0.36497876615007385,1.7255535125732422,42.06245356609621,3.8368386030197144,worst_uncertainty_stratified_mhz
7133,250.0,7,28.33203929953413,-28.33203929953413,28.33203929953413,0.06792238380289227,0.0393402549742206,0.10726263877711287,21.846757034294804,18.161141688614883,0.0,0.06228363433526951,0.7767527103424072,42.79219408957666,2.885828912258148,worst_uncertainty_stratified_mhz
7515,250.0,7,28.204766701375572,-28.204766701375572,28.204766701375572,0.0028350350408192556,0.0033889614207542862,0.006223996461573542,21.54306573579938,18.983397160143046,0.0,0.00805136408386442,0.2778346538543701,42.79219408957666,1.9872804582118988,worst_uncertainty_stratified_mhz
7166,250.0,7,28.01197393118922,-28.01197393118922,28.01197393118922,0.00037028555164506414,0.006215436967978328,0.0065857225196233925,21.8492618091358,17.537450788670423,0.0,0.056431718769466066,0.7934660911560059,42.79219408957666,3.2959456145763397,worst_uncertainty_stratified_mhz
7814,250.0,7,27.843547704282756,-27.843547704282756,27.843547704282756,0.024135386211931693,0.05493523309790399,0.07907061930983568,22.598966016190285,14.640282021929854,0.0,0.9591068028079093,2.6797261238098145,40.59999230295494,5.9121235609054565,worst_uncertainty_stratified_mhz
6920,250.0,7,27.75215117961106,-27.75215117961106,27.75215117961106,0.022770917356724676,0.029060784987305476,0.05183170234403015,21.487061314922528,17.66110081008623,0.0,0.14759103274940344,1.3850245475769043,41.293916016769344,3.013343930244446,worst_uncertainty_stratified_mhz
7591,250.0,7,27.165589235338153,-27.165589235338153,27.165589235338153,0.013328003689369537,0.01610321296616603,0.029431216655535566,20.750247427114484,18.161204460811188,0.0,0.0622737281179544,0.8158068656921387,40.56014053230092,2.1155921667814255,worst_uncertainty_stratified_mhz
6684,250.0,7,27.015249871617648,-27.015249871617648,27.015249871617648,0.019737606397527228,0.11986704255652518,0.13960464895405242,21.92992891009868,14.002206056965457,0.0,1.2021209723363846,3.7801928520202637,37.67542302350433,6.09874552488327,worst_uncertainty_stratified_mhz
6876,265.0,7,28.105773892612998,-28.105773892612998,28.105773892612998,0.035148916515875775,0.1922879213147984,0.2274368378306742,25.36493361947205,7.09266246092446,0.0,2.4200425112937722,4.787204742431641,41.10257747392492,12.557067513465881,worst_uncertainty_stratified_mhz
7901,265.0,7,27.721131701317425,-27.721131701317425,27.721131701317425,0.03497807809746446,0.19828959637682664,0.2332676744742911,25.307240495784512,6.165218299254732,0.0,1.4435415848251978,3.5318098068237305,44.1955880150949,13.175725936889648,worst_uncertainty_stratified_mhz
7637,265.0,7,26.31342471175628,-26.31342471175628,26.31342471175628,0.02943340850833993,0.15746298338969564,0.18689639189803556,23.065810151393606,8.71470787218349,0.0,0.21079873661959425,1.514434814453125,44.1955880150949,10.858805298805237,worst_uncertainty_stratified_mhz
7426,265.0,7,24.90871215172639,-24.90871215172639,24.90871215172639,0.10831484535747767,0.5989357210424551,0.7072505663999328,21.723857059034007,7.0005649918380115,0.0,1.716496845884862,3.6077327728271484,36.40698765347114,11.950979828834534,worst_uncertainty_stratified_mhz
7872,265.0,7,24.267500965747487,-24.267500965747487,24.267500965747487,0.10570042537328117,0.2653181239695188,0.3710185493428,22.19183772591714,4.830942193925429,0.0,0.5687875517771772,2.685959815979004,40.56014053230092,13.647923946380615,worst_uncertainty_stratified_mhz
7604,265.0,7,23.134741941057843,-23.134741941057843,23.134741941057843,0.0772143264717821,0.10352681235992087,0.18074113883170295,20.082509890222223,8.170281729602978,0.0,0.24316960239821128,1.4041786193847656,38.27450195626326,10.366414070129395,worst_uncertainty_stratified_mhz
7452,265.0,7,23.06399489750345,-23.06399489750345,23.06399489750345,0.04747217357694202,0.20494333620301294,0.25241550977995497,21.041040390505504,5.017585819838739,0.0,0.5833364463219226,2.7899980545043945,38.12540983386277,13.27458918094635,worst_uncertainty_stratified_mhz
6856,265.0,7,22.635876727257337,-22.635876727257337,22.635876727257337,0.18457188279404288,0.2761608101736248,0.4607326929676677,19.958891011546555,6.259835729652332,0.0,1.4875809803810967,4.022261619567871,32.920358442763046,12.047010660171509,worst_uncertainty_stratified_mhz
6484,265.0,7,22.113235930654536,-22.113235930654536,22.113235930654536,0.027778175620855355,0.032464412764557464,0.06024258838541282,19.74147731384691,6.584731044644677,0.0,0.10117267055414914,1.0061073303222656,38.27450195626326,11.591434717178345,worst_uncertainty_stratified_mhz
6582,265.0,7,21.924181873706242,-21.924181873706242,21.924181873706242,0.25516647970860645,0.4255253355762826,0.6806918152848891,20.188040693501208,2.9524991819060875,0.0,1.7331075326841159,3.9356813430786133,32.97418497855557,14.909356951713562,worst_uncertainty_stratified_mhz
7058,265.0,7,21.693111504906334,-21.693111504906334,21.693111504906334,0.44783872632939176,0.27887041246914424,0.726709138798536,18.438772366313806,7.110414916446557,0.0,2.90746559038206,4.215826034545898,26.846787517317598,10.934582948684692,worst_uncertainty_stratified_mhz
6521,270.0,7,28.46741327398013,-28.46741327398013,28.46741327398013,0.024434775537355503,0.058016874123649025,0.08245164966100453,22.792408830053773,15.913309819656943,0.0,0.24170199645018542,1.6130890846252441,43.48832458258193,5.368484079837799,worst_uncertainty_stratified_mhz
6424,270.0,7,26.824786579046958,-26.824786579046958,26.824786579046958,0.015155389182813978,0.006317457005247997,0.021472846188061973,20.99260061998059,16.552102090415815,0.0,0.06867593586058174,0.8686244487762451,40.97922491946377,3.748572736978531,worst_uncertainty_stratified_mhz
6849,270.0,7,25.294261002155086,-25.294261002155086,25.294261002155086,0.011851369194740944,0.014729095962445076,0.02658046515718602,19.979483739523747,15.039500087037581,0.0,0.18276899815511793,1.318927526473999,38.27450195626326,4.3853499591350555,worst_uncertainty_stratified_mhz
7204,270.0,7,25.143807103622688,-25.143807103622688,25.143807103622688,0.03343815025307635,0.02142326907175093,0.054861419324827285,20.009245414434794,14.443436680157525,0.0,0.23487705043890728,1.2742347717285156,38.27450195626326,4.945836365222931,worst_uncertainty_stratified_mhz
6443,270.0,7,24.59782584408108,-24.59782584408108,24.59782584408108,0.000638404462580775,0.007493308065502634,0.00813171252808341,18.972437839007668,15.996065744575857,0.0,0.04299357764145384,0.6701805591583252,37.1887079635741,2.7819700241088867,worst_uncertainty_stratified_mhz
7307,270.0,7,22.48798361965973,-22.48798361965973,22.48798361965973,0.0013827975249142493,0.0031399875120927084,0.004522785037006958,17.143479529765393,15.226020818208145,0.0,0.00743612266730409,0.2888648509979248,33.983221963198254,1.9825457334518433,worst_uncertainty_stratified_mhz
6545,270.0,7,21.737617901992643,-21.737617901992643,21.737617901992643,0.003662000598017867,0.00920936053646173,0.012871361134479597,16.679180774662285,14.379992859357499,0.0,0.015161059124878307,0.4076809883117676,32.920358442763046,2.4492292404174805,worst_uncertainty_stratified_mhz
6687,280.0,7,29.687469716341276,-29.687469716341276,29.687469716341276,0.0939858619438766,0.05906276538499897,0.15304862732887559,23.010106819849327,18.48105224019423,0.0,0.6726984995476606,2.5859968662261963,42.088819774377136,3.665061891078949,worst_uncertainty_stratified_mhz
6467,280.0,7,29.598556471155167,-29.598556471155167,29.598556471155167,0.10866915187886905,0.031569005805320044,0.1402381576841891,23.780465323590235,16.1275458107151,0.0,0.607758291140442,2.1498260498046875,44.1955880150949,5.868282318115234,worst_uncertainty_stratified_mhz
6736,280.0,7,29.32303095360092,-29.32303095360092,29.32303095360092,0.001927420119397673,0.011913335197645187,0.01384075531704286,22.610826107470743,19.076193315673198,0.0,0.060385367592971306,0.9052934646606445,44.1955880150949,2.831506609916687,worst_uncertainty_stratified_mhz
7506,280.0,7,29.218170266093225,-29.218170266093225,29.218170266093225,0.005818772571708327,0.012707624639510539,0.018526397211218865,22.37944310439641,19.43591234109015,0.0,0.02835248315572514,0.5065932273864746,44.1955880150949,2.3875234723091125,worst_uncertainty_stratified_mhz
7941,280.0,7,28.254556780119056,-28.254556780119056,28.254556780119056,0.0014256709583913077,0.004398464856510128,0.005824135814901436,21.886845459612392,18.122785196016654,0.0,0.05519772512679477,0.8711013793945312,42.79219408957666,3.1056658923625946,worst_uncertainty_stratified_mhz
7448,280.0,7,27.95093049989636,-27.95093049989636,27.95093049989636,0.012223445068945444,0.020452327263826408,0.03267577233277185,22.28699525898975,16.026578676879318,0.0,0.19881147766932372,1.4508628845214844,42.72550467811937,5.076788663864136,worst_uncertainty_stratified_mhz
6485,300.0,7,29.064117453930972,-29.064117453930972,29.064117453930972,0.011326493142378763,0.013881354564399411,0.025207847706778176,23.04538130108217,17.054065798303412,0.0,0.23041729345842654,1.434340000152588,44.1955880150949,4.877185881137848,worst_uncertainty_stratified_mhz
6682,300.0,7,28.87867837182013,-28.87867837182013,28.87867837182013,0.016232109381017934,0.01115451746938076,0.027386626850398693,22.55404824419703,17.94471392736702,0.0,0.06494294876963735,0.7826225757598877,44.1955880150949,3.8394119143486023,worst_uncertainty_stratified_mhz
7599,300.0,7,28.472337747611483,-28.472337747611483,28.472337747611483,0.0036555361300537026,0.011996343260259525,0.015651879390313227,22.16836554508671,17.874631255663672,0.0,0.22025070760585574,1.430250644683838,42.46597903027787,3.6437712609767914,worst_uncertainty_stratified_mhz
7916,300.0,7,28.18376849655413,-28.18376849655413,28.18376849655413,0.002656329540990547,0.010276224799768778,0.012932554340759324,21.804488646927748,18.14241171438122,0.0,0.04330588112348721,0.7301714420318604,42.79219408957666,3.152429699897766,worst_uncertainty_stratified_mhz
7783,300.0,7,25.402830566099585,-25.402830566099585,25.402830566099585,0.01383348134924669,0.01915177764671531,0.032985258995962004,20.04127334453496,15.159618589486408,0.0,0.17308214366315777,1.4618804454803467,38.27450195626326,4.580742806196213,worst_uncertainty_stratified_mhz
7632,300.0,7,25.1162877461681,-25.1162877461681,25.1162877461681,0.028844960579493973,0.024312939735788547,0.053157900315282516,20.137629471600476,14.010798858561175,0.0,0.24705784849008694,1.5558652877807617,38.22527795844002,5.720895886421204,worst_uncertainty_stratified_mhz
9368,120.0,8,24.662862874450227,-24.662862874450227,24.662862874450227,0.016451024616710726,0.0449109084293235,0.061361933046034225,22.596030647198543,5.669016538795841,0.0,0.2996190329369455,1.8006291389465332,42.79219408957666,6.420213103294373,worst_uncertainty_stratified_mhz
8870,120.0,8,18.90720324384878,-18.90720324384878,18.90720324384878,0.0029098831275877987,0.006427830200407192,0.009337713327994991,16.117901787496123,7.909905421127974,0.0,0.04028628799966327,0.6552309989929199,31.5,4.3645546436309814,worst_uncertainty_stratified_mhz
8004,120.0,8,18.835974284770426,-18.835974284770426,18.835974284770426,0.00868955300877408,0.0289444902139075,0.03763404322268158,16.99776275141835,5.071712236696606,0.0,0.3758161781609033,2.2438931465148926,31.0,6.015321969985962,worst_uncertainty_stratified_mhz
9153,150.0,8,33.6029352235785,-33.6029352235785,33.6029352235785,1.0911736920324537,0.8354046283249096,1.9265783203573634,31.646411006328957,0.0,0.0,6.639101412283651,7.444272994995117,42.570346193095496,21.510838270187378,worst_uncertainty_stratified_mhz
8654,150.0,8,26.88138620605329,-26.88138620605329,26.88138620605329,0.004771429838366574,0.01679780504647872,0.021569234884845294,21.848462267972092,14.26846402752984,0.0,0.06541163088334656,0.7739071846008301,42.79219408957666,3.676297426223755,worst_uncertainty_stratified_mhz
8361,150.0,8,26.662120325947814,-26.662120325947814,26.662120325947814,0.012733500764662,0.03346367153768617,0.04619717230234817,21.94746845848568,13.282645120456705,0.0,0.1070562186137316,0.8886303901672363,42.79219408957666,4.188592493534088,worst_uncertainty_stratified_mhz
8888,150.0,8,26.011072336783,-26.011072336783,26.011072336783,0.004057007219489494,0.02684732109889723,0.030904328318386725,20.620209486401183,15.2739884024334,0.0,0.02401928096723438,0.5600733757019043,40.632307035165994,2.755211651325226,worst_uncertainty_stratified_mhz
9565,155.0,8,57.77354362593475,-57.77354362593475,57.77354362593475,0.48482371741224384,2.980760743057549,3.4655844604697927,54.2254380581182,0.0,0.0,42.331694681669994,21.77580213546753,2.011684617428885,19.710960566997528,worst_uncertainty_stratified_mhz
9511,155.0,8,50.44283127489862,-50.44283127489862,50.44283127489862,0.6773854557815518,2.705515098414443,3.3829005541959947,47.019606469304875,0.0,0.0,19.69243916602568,12.535640716552734,42.11869389000566,27.512081623077393,worst_uncertainty_stratified_mhz
8601,155.0,8,50.416948891039915,-50.416948891039915,50.416948891039915,0.7141793090007192,2.2360273384938223,2.9502066474945416,47.39853131854134,0.0,0.0,35.71932765924652,20.692066192626953,2.666341125962693,21.904720067977905,worst_uncertainty_stratified_mhz
8370,155.0,8,46.939773294190196,-46.939773294190196,46.939773294190196,0.19763466167939417,2.965676635294697,3.1633112969740913,43.731116650092716,0.0,0.0,32.83266457865733,20.77373504638672,1.0231690964840563,31.590779542922974,worst_uncertainty_stratified_mhz
8354,155.0,8,44.48434199308704,-44.48434199308704,44.48434199308704,0.5953234833096728,2.0468306525014706,2.6421541358111433,41.79875304122082,0.0,0.0,16.783925383178428,12.751352310180664,37.27830300590412,23.580271005630493,worst_uncertainty_stratified_mhz
8696,155.0,8,38.97229549978232,-38.97229549978232,38.97229549978232,0.9304010346441925,1.7092147406639722,2.639615775308165,36.266351916648034,0.0,0.0,27.733443477011804,17.06581687927246,0.0,19.849348783493042,worst_uncertainty_stratified_mhz
8496,155.0,8,38.006982114661135,-38.006982114661135,38.006982114661135,0.40016154356836475,1.3298577343021305,1.7300192778704953,36.23548395983323,0.0,0.0,11.962850494262057,10.320806503295898,38.22446042784646,20.846365928649902,worst_uncertainty_stratified_mhz
8073,155.0,8,37.57810142498519,-37.57810142498519,37.57810142498519,0.6390594465225131,1.6016617466727725,2.2407211931952857,35.26726202862388,0.0,0.0,20.08768610159312,15.798932075500488,14.560219778561036,15.979904770851135,worst_uncertainty_stratified_mhz
9380,170.0,8,74.5899187972854,-74.5899187972854,74.5899187972854,4.232780878791108,3.7918312775867227,8.024612156377831,66.48869280574732,0.0,0.0,36.609777828688586,19.997021675109863,39.760808279007605,19.74382770061493,worst_uncertainty_stratified_mhz
9546,170.0,8,56.664903396540446,-56.664903396540446,56.664903396540446,0.660309228388751,2.412578774606351,3.072888002995102,53.49465547816595,0.0,0.0,26.790759695901322,16.441590785980225,36.966200778549045,13.290837109088898,worst_uncertainty_stratified_mhz
8726,170.0,8,52.65993355356753,-52.65993355356753,52.65993355356753,5.032207006746244,3.241640693042337,8.27384769978858,44.3189817297104,0.0,0.0,35.52682789441377,17.58430767059326,0.0,22.20593237876892,worst_uncertainty_stratified_mhz
8619,180.0,8,33.262244566447805,-33.262244566447805,33.262244566447805,0.19954675472587638,0.8269706824013154,1.026517437127192,28.30268949566239,10.997534802147436,0.0,7.024711654516093,8.483422756195068,34.07253292609752,7.897505819797516,worst_uncertainty_stratified_mhz
9155,180.0,8,30.938681255897375,-30.938681255897375,30.938681255897375,0.04250939395817443,0.38057148391069845,0.4230808778688729,26.706546927147976,10.670350614781855,0.0,5.209415531499641,6.681816577911377,36.31244621338529,7.666236221790314,worst_uncertainty_stratified_mhz
8893,180.0,8,29.268901895564802,-29.268901895564802,29.268901895564802,0.8800827531992722,0.30100812293685203,1.1810908761361243,24.2671346636729,10.726464840041574,0.0,3.7720406960994204,6.040447235107422,34.949740700039534,7.310898721218109,worst_uncertainty_stratified_mhz
8712,180.0,8,28.487644185249795,-28.487644185249795,28.487644185249795,0.1652708421590312,0.2979663551875779,0.4632371973466091,22.506134996464613,15.39901251894372,0.0,4.67874989817409,5.826092720031738,29.82867747654931,4.2044044733047485,worst_uncertainty_stratified_mhz
9328,200.0,8,28.199028598330866,-28.199028598330866,28.199028598330866,0.0019646944837969694,0.007623923640384028,0.009588618124180997,22.530282509293354,16.126979135665188,0.0,0.05358141728087773,0.7578141689300537,44.1955880150949,3.9327245354652405,worst_uncertainty_stratified_mhz
9496,200.0,8,28.11080126232996,-28.11080126232996,28.11080126232996,0.002308844999423885,0.007308315355862508,0.009617160355286394,22.454162028168682,16.100856727878703,0.0,0.03368146761982871,0.6453731060028076,44.1955880150949,3.9140437841415405,worst_uncertainty_stratified_mhz
8360,200.0,8,27.918551946690513,-27.918551946690513,27.918551946690513,0.010136858556408628,0.0333228102252042,0.04345966878161282,23.001047577955045,13.860945325279616,0.0,0.2504012735783725,1.3057045936584473,44.1955880150949,5.507668435573578,worst_uncertainty_stratified_mhz
8024,200.0,8,27.259865396901844,-27.259865396901844,27.259865396901844,0.004023372062635446,0.0035145633225989116,0.007537935385234357,21.56079980540941,16.237923946857563,0.0,0.012709724350937535,0.3039860725402832,42.79219408957666,3.414516031742096,worst_uncertainty_stratified_mhz
9326,200.0,8,27.22727562024728,-27.22727562024728,27.22727562024728,0.0013463060628402228,0.005733133190021729,0.007079439252861952,21.845401128747614,15.31903080908977,0.0,0.047119001523674875,0.8043701648712158,42.79219408957666,4.131731957197189,worst_uncertainty_stratified_mhz
8961,200.0,8,27.015832965408794,-27.015832965408794,27.015832965408794,0.0025222897015815446,0.01806849112197904,0.020590780823560584,21.84612719478927,14.673395790440287,0.0,0.05959087807405794,0.7808785438537598,42.79219408957666,4.545359909534454,worst_uncertainty_stratified_mhz
8869,200.0,8,26.60730951004921,-26.60730951004921,26.60730951004921,0.002610789912684151,0.009781595949158674,0.012392385861842825,20.739066480797636,16.67055612116732,0.0,0.053182252231362526,0.7394614219665527,40.632307035165994,2.7251461148262024,worst_uncertainty_stratified_mhz
9437,200.0,8,26.312966049029114,-26.312966049029114,26.312966049029114,0.004433113470451128,0.0036665250027698064,0.008099638473220934,20.562470640875944,16.36847910819121,0.0,0.023043518379352257,0.5187137126922607,40.56014053230092,2.826183944940567,worst_uncertainty_stratified_mhz
9310,230.0,8,29.919420081656813,-29.919420081656813,29.919420081656813,0.07761787960232937,0.046100425240338826,0.12371830484266819,23.826722249207457,16.908706120806016,0.0,0.8786491729345931,3.2847113609313965,42.61143479161433,4.601016014814377,worst_uncertainty_stratified_mhz
8895,230.0,8,29.095318769809296,-29.095318769809296,29.095318769809296,0.007374611872747093,0.013143653004293815,0.020518264877040907,22.660079544268285,18.2608875305456,0.0,0.08140789885767585,0.9617552757263184,44.1955880150949,3.0469535887241364,worst_uncertainty_stratified_mhz
9335,230.0,8,28.24038110512347,-28.24038110512347,28.24038110512347,0.0062349770180831834,0.00863519153203794,0.014870168550121124,22.19480406029849,17.17919712623234,0.0,0.0647398536251691,0.7493538856506348,43.51077452769601,3.5362733900547028,worst_uncertainty_stratified_mhz
8011,230.0,8,27.937586185517166,-27.937586185517166,27.937586185517166,0.019847402831048144,0.051975343927538255,0.0718227467585864,22.601145069447746,14.967950656743515,0.0,0.300308644776603,1.809478759765625,42.79219408957666,5.302793443202972,worst_uncertainty_stratified_mhz
8215,230.0,8,27.922549064165068,-27.922549064165068,27.922549064165068,0.006823424274049472,0.021381158313083168,0.02820458258713264,22.97650812577616,13.995805032656081,0.0,0.22225073360041492,1.3129267692565918,44.1955880150949,6.105214536190033,worst_uncertainty_stratified_mhz
8266,230.0,8,27.608201953051818,-27.608201953051818,27.608201953051818,0.0021172632112658875,0.005611286694256763,0.007728549905522651,21.63062950612062,17.026358135938445,0.0,0.019939408468214737,0.4291861057281494,42.79219408957666,3.324535310268402,worst_uncertainty_stratified_mhz
8161,230.0,8,27.12164492278854,-27.12164492278854,27.12164492278854,0.009323454606383617,0.01333342086548522,0.022656875471868836,21.67292691833764,15.44762488282531,0.0,0.12150493200516621,1.169116497039795,41.933727475625155,4.493709087371826,worst_uncertainty_stratified_mhz
8442,230.0,8,25.4779333936212,-25.4779333936212,25.4779333936212,0.036670972921079965,0.07693116380494107,0.11360213672602104,20.871436504701574,12.75132440773261,0.0,0.5372975565992419,2.3937759399414062,38.27450195626326,6.122420787811279,worst_uncertainty_stratified_mhz
8437,250.0,8,29.240608874056374,-29.240608874056374,29.240608874056374,0.010264845689349279,0.0941513246629943,0.10441617035234359,22.714810179778134,18.155930877047854,0.0,0.8431593734912184,3.110994577407837,40.632307035165994,3.4361705780029297,worst_uncertainty_stratified_mhz
9219,250.0,8,28.491186354179476,-28.491186354179476,28.491186354179476,0.01733941846878957,0.024742630565477566,0.042082049034267134,22.950876728458663,15.612941346181628,0.0,0.5205835452883747,2.068392276763916,42.79219408957666,5.352784276008606,worst_uncertainty_stratified_mhz
9554,250.0,8,28.457928143859064,-28.457928143859064,28.457928143859064,0.010771316293898115,0.07069785575033731,0.08146917204423543,23.296071169646098,14.40671209613985,0.0,0.9472143565450573,3.0398812294006348,41.657832396801446,6.396464288234711,worst_uncertainty_stratified_mhz
8075,250.0,8,28.196399997784845,-28.196399997784845,28.196399997784845,0.0031761639872003398,0.0071138120200076255,0.010289976007207966,21.495693673955806,19.09075282691018,0.0,0.004202852273859747,0.19078755378723145,42.79219408957666,1.8730633854866028,worst_uncertainty_stratified_mhz
9120,250.0,8,28.096314274143644,-28.096314274143644,28.096314274143644,0.00846128739480208,0.024448994563486853,0.032910281958288934,22.438053660195816,16.00113476289284,0.0,0.2295315980506123,1.6248500347137451,42.79219408957666,4.799937814474106,worst_uncertainty_stratified_mhz
8543,250.0,8,28.083331390312708,-28.083331390312708,28.083331390312708,0.014842427589097354,0.015115251017136748,0.029957678606234103,21.955614376153655,17.365966635960962,0.0,0.07606257406437233,0.8276538848876953,42.93144971929087,3.5050869286060333,worst_uncertainty_stratified_mhz
9550,250.0,8,27.959668667371165,-27.959668667371165,27.959668667371165,0.0023111721562864775,0.0065146054960942374,0.008825777652380715,21.726388213895138,17.73695337607329,0.0,0.0411223391682114,0.7266576290130615,42.64387412044079,3.068617343902588,worst_uncertainty_stratified_mhz
8087,250.0,8,26.54256602602547,-26.54256602602547,26.54256602602547,0.017322848889966467,0.010630576682445297,0.027953425572411764,20.68034413331912,16.61836996320792,0.0,0.05528206399941027,0.689983606338501,40.56014053230092,3.295050799846649,worst_uncertainty_stratified_mhz
8045,250.0,8,26.47434250484285,-26.47434250484285,26.47434250484285,0.0034389355653715353,0.005383869364901395,0.00882280493027293,20.454460459465018,17.151506835290423,0.0,0.007502999201661531,0.2616078853607178,40.632307035165994,2.696137100458145,worst_uncertainty_stratified_mhz
9578,250.0,8,26.39142929844017,-26.39142929844017,26.39142929844017,0.0058724657613643885,0.02615035377806089,0.032022819539425276,20.8257152568302,15.779604328978198,0.0,0.030844390389287213,0.4871642589569092,41.10257747392492,4.054258167743683,worst_uncertainty_stratified_mhz
8690,250.0,8,26.2344193354154,-26.2344193354154,26.2344193354154,0.01777651115580816,0.02134476419617625,0.03912127535198441,20.749123411048632,15.459715801214358,0.0,0.3651061500753974,1.890221118927002,38.877813403019466,4.282460957765579,worst_uncertainty_stratified_mhz
8761,250.0,8,25.387697981424374,-25.387697981424374,25.387697981424374,0.06369277417537889,0.09336068194791235,0.15705345612329125,20.434312342315685,13.626911106920318,0.0,0.3683177633387196,1.8574872016906738,38.27450195626326,5.6374728083610535,worst_uncertainty_stratified_mhz
8807,265.0,8,27.75040497550421,-27.75040497550421,27.75040497550421,0.6312570380606396,0.6536231801967314,1.284880218257371,23.791535511442085,7.501589287281687,0.0,5.567157528561438,6.433135032653809,30.01562093310748,12.179106712341309,worst_uncertainty_stratified_mhz
8915,265.0,8,27.238907701827216,-27.238907701827216,27.238907701827216,0.3984110348744467,0.31724624982378147,0.7156572846982281,24.382304193752425,6.0404580046908105,0.0,1.9968574642531252,4.649982452392578,40.12091100660602,13.18885052204132,worst_uncertainty_stratified_mhz
8562,265.0,8,27.231335748665103,-27.231335748665103,27.231335748665103,0.19923533754340558,0.2505304933138096,0.4497658308572152,24.354311886431773,6.880640255123218,0.0,0.9130506433191385,2.686934471130371,44.1955880150949,12.550432682037354,worst_uncertainty_stratified_mhz
9070,265.0,8,27.023304056202974,-27.023304056202974,27.023304056202974,0.03511181700314741,0.2219323410155165,0.2570441580186639,24.22959943881908,7.193506982715703,0.0,0.862964641476708,2.5376815795898438,44.1955880150949,12.266388654708862,worst_uncertainty_stratified_mhz
8876,265.0,8,25.235181988476697,-25.235181988476697,25.235181988476697,0.009004808306867952,0.03694130466368761,0.045946112970555564,22.191594727840506,8.536344035106245,0.0,0.18032577371990044,1.2303438186645508,42.79219408957666,10.701016783714294,worst_uncertainty_stratified_mhz
8978,265.0,8,25.21900179786558,-25.21900179786558,25.21900179786558,0.05633470568180362,0.14866693654897084,0.20500164223077447,22.781720171047255,6.330278132178842,0.0,0.7052849478493499,2.858954429626465,41.293916016769344,12.585126399993896,worst_uncertainty_stratified_mhz
8685,265.0,8,24.672740654569914,-24.672740654569914,24.672740654569914,0.22193862183642674,0.23429483773479345,0.4562334595712202,21.957970819752056,6.378253076798154,0.0,1.6896658029146323,3.998316764831543,36.538293268843304,12.428115725517273,worst_uncertainty_stratified_mhz
8838,265.0,8,24.041124392015067,-24.041124392015067,24.041124392015067,0.13827849570009906,0.9055127001076761,1.0437911958077752,20.127184910822415,8.127045082235531,0.0,1.2096251102925066,3.708517074584961,34.126602526474855,10.706018686294556,worst_uncertainty_stratified_mhz
8332,265.0,8,23.750999820879482,-23.750999820879482,23.750999820879482,0.20795854580447992,0.44217001962751307,0.650128565431993,20.176122901888327,8.219350123082217,0.0,4.080609048930214,5.344240188598633,26.846787517317598,10.526407599449158,worst_uncertainty_stratified_mhz
9047,265.0,8,23.4060223537935,-23.4060223537935,23.4060223537935,0.07342151156690659,0.1320525743219522,0.2054740858888588,20.71130720087249,7.054894369574015,0.0,0.8506283614932357,2.969869613647461,36.75148806511105,11.512550234794617,worst_uncertainty_stratified_mhz
9347,265.0,8,23.30034782243047,-23.30034782243047,23.30034782243047,0.25813133078184863,0.30111305224435425,0.5592443830262028,20.76602193953822,5.542681982149103,0.0,3.2668349631231735,5.268601417541504,29.729772535288593,12.857814908027649,worst_uncertainty_stratified_mhz
8214,270.0,8,28.853435972583526,-28.853435972583526,28.853435972583526,0.007289490632211018,0.004075795307312381,0.0113652859395234,22.469278664600836,18.163277359071373,0.0,0.04500402999344999,0.652961254119873,44.1955880150949,3.3899370431900024,worst_uncertainty_stratified_mhz
9541,270.0,8,28.555144706173294,-28.555144706173294,28.555144706173294,0.012460141421085702,0.016443331044447333,0.028903472465533035,22.907891484738638,15.995317736715554,0.0,0.18209030365298062,1.256014347076416,44.1955880150949,5.337062895298004,worst_uncertainty_stratified_mhz
9208,270.0,8,28.32470984709992,-28.32470984709992,28.32470984709992,0.0011275289542232896,0.003733366057701191,0.004860895011924481,21.56687094153978,19.25893843418732,0.0,0.008771631298111648,0.32400453090667725,42.79219408957666,1.895958200097084,worst_uncertainty_stratified_mhz
8626,270.0,8,27.892572473167984,-27.892572473167984,27.892572473167984,0.005553631629268224,0.019625790995624826,0.02517942262489305,21.66668458329013,17.672723452008537,0.0,0.039841631651277076,0.6098117828369141,42.64387412044079,3.2710635364055634,worst_uncertainty_stratified_mhz
8169,270.0,8,27.837261565849904,-27.837261565849904,27.837261565849904,0.016056450658413456,0.02722366040091787,0.04328011105933133,21.722837443197434,17.24312705040679,0.0,0.28163871546350006,1.4939932823181152,41.38840417314975,3.6803270280361176,worst_uncertainty_stratified_mhz
8052,270.0,8,26.86488215888488,-26.86488215888488,26.86488215888488,0.006678382425354151,0.01098330255848177,0.01766168498383592,20.613077518496862,17.75905108935026,0.0,0.03314021838796677,0.5997340679168701,40.56014053230092,2.463380515575409,worst_uncertainty_stratified_mhz
8490,270.0,8,26.287074894060723,-26.287074894060723,26.287074894060723,0.017604438124754675,0.06334270294446748,0.08094714106922216,20.464135592305944,16.244339041291873,0.0,0.7070547261261728,2.9758684635162354,36.538293268843304,3.7223897874355316,worst_uncertainty_stratified_mhz
8890,280.0,8,28.3804621154624,-28.3804621154624,28.3804621154624,0.0005559158308535922,0.002683955416953962,0.003239871247807554,21.586695916407486,19.361049732214703,0.0,0.011154200941971615,0.3588893413543701,42.79219408957666,1.8647862821817398,worst_uncertainty_stratified_mhz
8965,280.0,8,28.058306159112565,-28.058306159112565,28.058306159112565,0.009774218345803035,0.010288603456575717,0.020062821802378752,21.74002327904285,17.948550708692245,0.0,0.04199413777319361,0.6038641929626465,42.79219408957666,3.157096117734909,worst_uncertainty_stratified_mhz
8962,280.0,8,27.019257729902613,-27.019257729902613,27.019257729902613,0.014979118159642577,0.011324473432514224,0.0263035915921568,20.927275439754847,17.264963280437183,0.0,0.08504822587591931,0.8218798637390137,40.86257456401884,3.177970588207245,worst_uncertainty_stratified_mhz
8413,280.0,8,26.855167017688608,-26.855167017688608,26.855167017688608,0.009725703619870801,0.008926448369838452,0.01865215198970925,20.703639431229107,17.470286987410795,0.0,0.042856536714083404,0.761425256729126,40.56014053230092,2.8319880962371826,worst_uncertainty_stratified_mhz
9414,280.0,8,26.69729704634338,-26.69729704634338,26.69729704634338,0.0009193593985587174,0.005597077850874564,0.006516437249433281,20.450719681123708,17.801653095158702,0.0,0.007869100094665349,0.25339412689208984,40.632307035165994,2.338766187429428,worst_uncertainty_stratified_mhz
9020,280.0,8,25.84338982928665,-25.84338982928665,25.84338982928665,0.00297074462549516,0.012688925963905726,0.015659670589400886,20.317563513726352,15.650754715137309,0.0,0.29045262081505907,1.7797198295593262,38.27450195626326,4.158140987157822,worst_uncertainty_stratified_mhz
9386,300.0,8,30.12725346197033,-30.12725346197033,30.12725346197033,0.009987605739308222,0.02329431767690784,0.03328192341621607,23.158388106035034,19.695517407334446,0.0,0.22922302953311657,1.6627421379089355,44.1955880150949,2.839536428451538,worst_uncertainty_stratified_mhz
8930,300.0,8,29.02638147161594,-29.02638147161594,29.02638147161594,0.004559892376299212,0.00879486036237416,0.013354752738673372,22.721190170438916,17.921095605354864,0.0,0.09496057500847055,1.0568711757659912,44.1955880150949,3.960255056619644,worst_uncertainty_stratified_mhz
9087,300.0,8,27.81129834501853,-27.81129834501853,27.81129834501853,0.006423087795318243,0.006528948120586482,0.012952035915904724,21.69587480767634,17.399182025630633,0.0,0.03584958791547521,0.5278563499450684,42.79219408957666,3.7102789282798767,worst_uncertainty_stratified_mhz
8656,300.0,8,27.48480346476465,-27.48480346476465,27.48480346476465,0.0011236567925872593,0.006394964352984536,0.007518621145571796,21.165671163679214,17.979212251116152,0.0,0.04561839266876344,0.6408267021179199,41.59927883990298,2.8267800509929657,worst_uncertainty_stratified_mhz
9255,300.0,8,25.90792090397913,-25.90792090397913,25.90792090397913,0.0066131948469496235,0.017008039788894598,0.023621234635844222,20.191993038340964,16.17361414792961,0.0,0.22400184681516944,1.66148042678833,38.27450195626326,3.7512930929660797,worst_uncertainty_stratified_mhz
9014,300.0,8,25.646883016502642,-25.646883016502642,25.646883016502642,0.02911702931577736,0.03580896850527696,0.06492599782105432,20.046305564130048,15.737137007356,0.0,0.2032101836851865,1.4116888046264648,38.27450195626326,4.075328350067139,worst_uncertainty_stratified_mhz
10286,120.0,9,23.227109159563643,-23.227109159563643,23.227109159563643,0.00419877092850116,0.014583722354785637,0.018782493283286798,22.028533673727477,3.339291551596856,0.0,0.10291945517205647,1.0590343475341797,42.79219408957666,7.2641085386276245,worst_uncertainty_stratified_mhz
11058,120.0,9,18.087924117466184,-18.087924117466184,18.087924117466184,0.00043907177588447464,0.005556803138610777,0.005995874914495252,15.084162561518516,8.515536686242852,0.0,0.06701852532420105,0.8016543388366699,29.23263373355196,3.7350205183029175,worst_uncertainty_stratified_mhz
9697,120.0,9,18.082184066722387,-18.082184066722387,18.082184066722387,0.0037768266776247814,0.012158595665385769,0.015935422343010548,15.863785045940567,6.249474358065107,0.0,0.09905463598067499,1.029716968536377,30.499743851383407,5.19438761472702,worst_uncertainty_stratified_mhz
10471,150.0,9,43.557635668179714,-43.557635668179714,43.557635668179714,0.20048631883451376,1.9960646372659503,2.196550956100464,41.29713238797886,0.0,0.0,30.68220434848989,16.021689414978027,5.208166663999915,21.65344274044037,worst_uncertainty_stratified_mhz
10285,150.0,9,39.854405061811875,-39.854405061811875,39.854405061811875,0.16116815183194724,1.28685923205536,1.4480273838873072,38.35032187032682,0.0,0.0,17.586579319025404,12.718035697937012,28.809449404665823,18.702948689460754,worst_uncertainty_stratified_mhz
9644,150.0,9,37.83638333254276,-37.83638333254276,37.83638333254276,2.4661023197477148,1.60646405513045,4.072566374878165,33.708774073881656,0.0,0.0,23.599051926336514,13.974446296691895,6.244997998398398,22.06409442424774,worst_uncertainty_stratified_mhz
10154,150.0,9,31.341179014443195,-31.341179014443195,31.341179014443195,0.15745377838576197,0.48021511497837666,0.6376688933641386,30.657453158473064,0.0,0.0,6.289726289115777,7.840007781982422,40.89544595673215,13.613211393356323,worst_uncertainty_stratified_mhz
10332,155.0,9,56.917287030834814,-56.917287030834814,56.917287030834814,1.889158093283534,3.53402503493679,5.423183128220324,51.389758533292316,0.0,0.0,41.52857574377343,17.710680961608887,2.011684617428885,15.43975293636322,worst_uncertainty_stratified_mhz
10527,155.0,9,47.50359289802259,-47.50359289802259,47.50359289802259,1.9664118153974302,2.814501905623923,4.780913721021353,42.675451204231976,0.0,0.0,28.45986770695231,19.1929988861084,9.238168108450939,28.239509105682373,worst_uncertainty_stratified_mhz
10558,155.0,9,45.922211817864856,-45.922211817864856,45.922211817864856,6.000252037987566,1.5765501792749645,7.5768022172625304,38.29768969748085,0.0,0.0,20.35866058451279,15.373485565185547,20.504572660750576,23.638235569000244,worst_uncertainty_stratified_mhz
10479,155.0,9,35.35522795263441,-35.35522795263441,35.35522795263441,0.404967152945579,1.2444431323451515,1.6494102852907304,33.63372978133603,0.0,0.0,12.975154837549724,11.485329627990723,29.83182025958188,12.492058038711548,worst_uncertainty_stratified_mhz
11015,155.0,9,34.76379236534216,-34.76379236534216,34.76379236534216,0.5026765815223425,0.943207526053115,1.4458841075754574,33.25201840402607,0.0,0.0,12.079550905098003,10.968441009521484,31.376493988334644,13.187025904655457,worst_uncertainty_stratified_mhz
11017,155.0,9,34.19595020549693,-34.19595020549693,34.19595020549693,0.19309252108578154,0.5435567764146109,0.7366492975003924,33.403659914641906,0.0,0.0,7.524280303783016,8.966565132141113,42.79219408957666,12.324735760688782,worst_uncertainty_stratified_mhz
11105,155.0,9,32.94529853408176,-32.94529853408176,32.94529853408176,0.0859649125870547,0.7238385846262576,0.8098034972133124,32.101381946382034,0.0,0.0,6.330083684868768,9.196736335754395,42.345860187272145,18.43841850757599,worst_uncertainty_stratified_mhz
10137,155.0,9,31.40885789463804,-31.40885789463804,31.40885789463804,0.2601020239640878,1.743162919203305,2.003264943167393,29.33747707403716,0.0,0.0,20.508835710712432,15.288870811462402,2.368411915187052,16.62119162082672,worst_uncertainty_stratified_mhz
9962,170.0,9,50.659206385380564,-50.659206385380564,50.659206385380564,0.6234894813488641,2.3381811680478073,2.9616706493966714,47.63783264456111,0.0,0.0,35.38958196886698,18.212841987609863,6.283659363778403,24.910411715507507,worst_uncertainty_stratified_mhz
10140,170.0,9,45.66833533609358,-45.66833533609358,45.66833533609358,0.7771152353920927,2.3093987506972846,3.0865139860893773,42.538655539158036,0.0,0.0,33.56003238742778,15.669370651245117,2.2878756522153907,33.5514497756958,worst_uncertainty_stratified_mhz
9619,170.0,9,43.530735168347285,-43.530735168347285,43.530735168347285,1.4243784762839375,1.830922893264312,3.2553013695482496,40.222673225892486,0.0,0.0,31.58214229905002,15.917472839355469,1.3635890143294642,26.62878179550171,worst_uncertainty_stratified_mhz
11102,180.0,9,47.432297941648145,-47.432297941648145,47.432297941648145,1.040717566644813,3.043026641253103,4.083744207897916,43.284832493926125,0.0,0.0,29.94770732305318,18.371389389038086,8.302860952707807,21.470273733139038,worst_uncertainty_stratified_mhz
10279,180.0,9,36.53176226455936,-36.53176226455936,36.53176226455936,1.083911685327266,2.1047207189721737,3.1886324042994394,33.27792217028873,0.0,0.0,25.944586709950045,12.624154090881348,2.042516829796024,19.528306007385254,worst_uncertainty_stratified_mhz
10455,180.0,9,35.758868117234954,-35.758868117234954,35.758868117234954,0.32521711457653163,1.0346517570553073,1.359868871631839,31.77811145607601,7.1992073283150635,0.0,15.990202092251616,10.740527153015137,20.83529157463365,9.881792604923248,worst_uncertainty_stratified_mhz
10528,180.0,9,34.7332307213137,-34.7332307213137,34.7332307213137,0.531088255892023,1.1959860484033893,1.7270743042954124,32.965037243774624,0.0,0.0,23.36226736212342,15.76406478881836,3.441474974484051,29.38685631752014,worst_uncertainty_stratified_mhz
11042,200.0,9,28.311091705633288,-28.311091705633288,28.311091705633288,0.009105687841261298,0.024583361410541113,0.03368904925180241,22.379362631902296,16.81875522496566,0.0,0.025076128818041887,0.5129849910736084,44.1955880150949,3.4497786462306976,worst_uncertainty_stratified_mhz
10864,200.0,9,28.171479618156354,-28.171479618156354,28.171479618156354,0.002256463737822715,0.00570796372825449,0.007964427466077204,21.96604076896442,17.676707066214526,0.0,0.013212749104422272,0.4173314571380615,43.48832458258193,2.704132854938507,worst_uncertainty_stratified_mhz
10206,200.0,9,28.00397207521703,-28.00397207521703,28.00397207521703,0.00417619620302252,0.014447948659423601,0.01862414486244612,21.997555094298384,17.039084174392375,0.0,0.09122405121140886,1.02046799659729,42.79219408957666,3.1313865780830383,worst_uncertainty_stratified_mhz
10130,200.0,9,27.950899529278665,-27.950899529278665,27.950899529278665,0.0026517065295504176,0.025551489028620766,0.028203195558171183,22.39590511556872,15.763361506229705,0.0,0.02490260906649766,0.5464169979095459,44.1955880150949,4.103241741657257,worst_uncertainty_stratified_mhz
11108,200.0,9,27.72667764579142,-27.72667764579142,27.72667764579142,0.0011771852505476522,0.005951548717127332,0.007128733967674984,21.92674068098847,16.495649914657296,0.0,0.0703681053850147,0.920551061630249,42.79219408957666,3.430670380592346,worst_uncertainty_stratified_mhz
9812,200.0,9,27.69993080862185,-27.69993080862185,27.69993080862185,0.008844686182718877,0.05671034472091622,0.0655550309036351,21.89023560161767,16.221779531752127,0.0,0.9353138387087006,3.0177652835845947,38.89207824223334,3.634827584028244,worst_uncertainty_stratified_mhz
10703,200.0,9,27.679413462580406,-27.679413462580406,27.679413462580406,0.010711485572419568,0.007752301529687043,0.01846378710210661,21.594169515293228,17.30385763651359,0.0,0.01322571166242792,0.3696935176849365,42.79219408957666,2.756549209356308,worst_uncertainty_stratified_mhz
10873,200.0,9,27.48513542239938,-27.48513542239938,27.48513542239938,0.022107231655410526,0.020387484477930817,0.04249471613334134,21.721117781616122,16.245279729431118,0.0,0.2517299908099835,1.5503714084625244,41.38840417314975,3.515954703092575,worst_uncertainty_stratified_mhz
10712,230.0,9,29.416971331975983,-29.416971331975983,29.416971331975983,0.01213816273565483,0.08013074756331832,0.09226891029897316,23.27428532669247,17.15509334860019,0.0,0.5897162255152857,2.57694411277771,42.79219408957666,4.161371171474457,worst_uncertainty_stratified_mhz
10083,230.0,9,28.698523317675054,-28.698523317675054,28.698523317675054,0.03148723421131065,0.05145898700256909,0.08294622121387973,23.15568698243286,15.491340973209306,0.0,0.6239338192515866,2.2713122367858887,42.79219408957666,5.207533657550812,worst_uncertainty_stratified_mhz
9723,230.0,9,28.630467187040022,-28.630467187040022,28.630467187040022,0.016029612042725128,0.009213591231152536,0.025243203273877662,22.739688126679567,16.705945176818112,0.0,0.09399737631137839,1.0957934856414795,44.1955880150949,4.153199195861816,worst_uncertainty_stratified_mhz
10870,230.0,9,28.493517179238616,-28.493517179238616,28.493517179238616,0.01656914022732457,0.02767936547574444,0.04424850570306901,22.739933240316898,16.210521027221535,0.0,0.4135825706124905,1.8605072498321533,42.79219408957666,4.509455919265747,worst_uncertainty_stratified_mhz
9664,230.0,9,28.22015963389034,-28.22015963389034,28.22015963389034,0.01706116540078366,0.13356411159142134,0.15062527699220501,23.619274677665,12.632740033232677,0.0,0.7082251156144821,2.3113245964050293,43.51077452769601,7.305048704147339,worst_uncertainty_stratified_mhz
10094,230.0,9,27.856132909036297,-27.856132909036297,27.856132909036297,0.009519587371027113,0.02124144853435774,0.030761035905384856,22.50417944134089,15.13122038984436,0.0,0.26847396569013426,1.6792168617248535,42.79219408957666,5.127040147781372,worst_uncertainty_stratified_mhz
10996,230.0,9,27.579062544226115,-27.579062544226115,27.579062544226115,0.00693275761925431,0.017315068396221395,0.024247826015475704,21.815787176183672,16.350233419221457,0.0,0.06658001649105127,0.7729096412658691,42.72550467811937,3.922435015439987,worst_uncertainty_stratified_mhz
9669,230.0,9,27.396756523787413,-27.396756523787413,27.396756523787413,0.002049592826291828,0.015087913009382687,0.017137505835674516,21.936968791667393,15.509462499585865,0.0,0.06893003736063008,0.9438834190368652,42.79219408957666,4.577675938606262,worst_uncertainty_stratified_mhz
11002,250.0,9,29.694959026283858,-29.694959026283858,29.694959026283858,0.001705570431252419,0.023907761209648132,0.02561333164090055,22.663171144198294,19.911779621567856,0.0,0.09309174675063736,0.944570779800415,44.1955880150949,2.05867438018322,worst_uncertainty_stratified_mhz
10994,250.0,9,28.91763308181043,-28.91763308181043,28.91763308181043,0.033615402422381674,0.04092377097545849,0.07453917339784016,23.23459227679508,15.935984517752638,0.0,0.42512881818389303,2.108152389526367,43.51077452769601,5.2740315198898315,worst_uncertainty_stratified_mhz
10433,250.0,9,28.9095232746214,-28.9095232746214,28.9095232746214,0.015426124322816712,0.03163370262706432,0.04705982694988103,23.00821076224274,16.658876795186863,0.0,0.19134727379929473,1.4381389617919922,44.1955880150949,4.624843120574951,worst_uncertainty_stratified_mhz
10657,250.0,9,28.321367567812633,-28.321367567812633,28.321367567812633,0.00830613478623741,0.024029566778905647,0.03233570156514306,22.931861846556682,15.251772315452907,0.0,0.18161346278852974,1.3049087524414062,44.1955880150949,5.592753469944,worst_uncertainty_stratified_mhz
10267,250.0,9,27.872154099612075,-27.872154099612075,27.872154099612075,0.024224162638475714,0.014812590360968426,0.03903675299944414,21.3923119196436,18.338516731715846,0.0,0.04647207518734486,0.7579522132873535,41.933727475625155,2.414087027311325,worst_uncertainty_stratified_mhz
10778,250.0,9,27.75655642787992,-27.75655642787992,27.75655642787992,0.04915779863341616,0.10146559244512167,0.15062339107853784,21.9966481484124,15.862288862929043,0.0,1.1922971779419944,3.484931468963623,38.12377047197719,4.748833030462265,worst_uncertainty_stratified_mhz
10865,250.0,9,26.91429461175176,-26.91429461175176,26.91429461175176,0.01182303990421904,0.007992138828056097,0.01981517873227514,20.728319756216223,17.55714128115357,0.0,0.0473651894007423,0.7296020984649658,40.632307035165994,2.5712795555591583,worst_uncertainty_stratified_mhz
10009,250.0,9,25.909573657154496,-25.909573657154496,25.909573657154496,0.034415236997091675,0.018799706805227058,0.05321494380231873,20.061158523299063,16.45466160779558,0.0,0.19354048069142138,1.4607341289520264,38.27450195626326,3.0492729544639587,worst_uncertainty_stratified_mhz
10637,250.0,9,25.52886823199169,-25.52886823199169,25.52886823199169,0.003675350067632834,0.02249417654038349,0.026169526608016323,20.147692576506337,15.199599105582202,0.0,0.33567205182800475,1.9419829845428467,37.682058064813816,4.121129244565964,worst_uncertainty_stratified_mhz
10230,250.0,9,25.240038400775564,-25.240038400775564,25.240038400775564,0.093000527119728,0.012883808449909493,0.1058843355696375,19.808087464182687,15.137190029273825,0.0,0.2020021361499289,1.2253308296203613,37.986839826445156,4.005748867988586,worst_uncertainty_stratified_mhz
9708,250.0,9,25.129899471514204,-25.129899471514204,25.129899471514204,0.004398326782927026,0.02061342912020329,0.025011755903130317,19.432398001600223,16.12852759220528,0.0,0.09927538805106906,1.080509901046753,37.585735326051555,2.8638367652893066,worst_uncertainty_stratified_mhz
10989,250.0,9,24.88091609825917,-24.88091609825917,24.88091609825917,0.05155510428759457,0.038315917659804306,0.08987102194739888,19.85493188244812,14.027892569715311,0.0,0.2719569433583615,1.8147869110107422,37.351162967168776,4.947620391845703,worst_uncertainty_stratified_mhz
9877,265.0,9,33.120379674376686,-33.120379674376686,33.120379674376686,0.1853942842436224,0.4367352174031739,0.6221295016467963,30.05323944459233,6.852988653734866,0.0,6.286372334919392,6.537735939025879,40.995998280319995,13.49015462398529,worst_uncertainty_stratified_mhz
9876,265.0,9,29.927580172960482,-29.927580172960482,29.927580172960482,0.0789253579790714,0.20011941894853233,0.2790447769276037,26.45640409163795,9.027789319401515,0.0,2.2248143458702856,4.26759147644043,44.1955880150949,11.507322907447815,worst_uncertainty_stratified_mhz
10738,265.0,9,28.529068386567573,-28.529068386567573,28.529068386567573,0.1933943053011438,0.7798447318652559,0.9732390371663997,24.714798642318183,8.019716640353035,0.0,2.661378020784454,5.832339286804199,38.27450195626326,11.949741005897522,worst_uncertainty_stratified_mhz
10161,265.0,9,27.98889388439951,-27.98889388439951,27.98889388439951,0.056346836917679104,0.3461951371066689,0.402541974024348,23.997260485872822,10.113325101412414,0.0,4.051770902475482,5.764376640319824,34.126602526474855,10.181050300598145,worst_uncertainty_stratified_mhz
10879,265.0,9,27.981991397583183,-27.981991397583183,27.981991397583183,0.061800616590378964,0.16937723869801963,0.2311778552883986,24.787562148515203,8.394907595593935,0.0,1.33599978624801,3.392350196838379,43.51077452769601,11.542969465255737,worst_uncertainty_stratified_mhz
11181,265.0,9,27.92797544104554,-27.92797544104554,27.92797544104554,0.10134985150308752,0.30002911117240666,0.40137896267549417,24.612041168628604,8.260426599461493,0.0,1.1865298508255222,3.3402481079101562,43.51077452769601,11.634618401527405,worst_uncertainty_stratified_mhz
10237,265.0,9,27.15699646254238,-27.15699646254238,27.15699646254238,0.027370989388320822,0.13116523581300493,0.15853622520132576,25.278710414303273,4.847070446232425,0.0,1.712922552949621,4.54416561126709,42.587410111440214,14.057758212089539,worst_uncertainty_stratified_mhz
11124,265.0,9,26.56409473240488,-26.56409473240488,26.56409473240488,0.08034843849390028,0.11297920296109035,0.19332764145499062,24.275597059314563,5.937422037218044,0.0,0.8067813041780028,2.7420434951782227,44.1955880150949,13.1530179977417,worst_uncertainty_stratified_mhz
11038,265.0,9,25.76726124222974,-25.76726124222974,25.76726124222974,0.13298364299676066,0.19260155735002565,0.3255852003467863,23.168270478873275,6.406986020248003,0.0,2.448188982938845,4.6886749267578125,36.75148806511105,12.634414792060852,worst_uncertainty_stratified_mhz
9822,265.0,9,25.15354775514976,-25.15354775514976,25.15354775514976,0.35677018423002615,0.12565185598616077,0.48242204021618695,22.89903963610548,5.0244931296107,0.0,0.5431450831613347,2.0556421279907227,42.65614697789757,13.634230136871338,worst_uncertainty_stratified_mhz
10478,265.0,9,25.138179106527264,-25.138179106527264,25.138179106527264,0.07308839850107349,0.11101628467395912,0.1841046831750326,22.79067244997206,6.146478737806927,0.0,0.38121347433656183,2.026723861694336,42.79219408957666,12.720532178878784,worst_uncertainty_stratified_mhz
9982,270.0,9,28.253321475892058,-28.253321475892058,28.253321475892058,0.0027891108346283166,0.002568483023014027,0.005357593857642343,21.73236379704046,18.567402140332703,0.0,0.03077983475640167,0.6109738349914551,42.79219408957666,2.5786107778549194,worst_uncertainty_stratified_mhz
11024,270.0,9,28.238737405577247,-28.238737405577247,28.238737405577247,0.015952928728535553,0.05170824486291341,0.06766117359144896,22.74764026612069,15.422409894691757,0.0,0.3424324983584448,2.134492874145508,42.67592266137898,5.716296374797821,worst_uncertainty_stratified_mhz
10301,270.0,9,28.00505876599004,-28.00505876599004,28.00505876599004,0.008259773000912825,0.018519176103093615,0.02677894910400644,21.66921006106372,17.936642363895345,0.0,0.14726837425288064,1.2245173454284668,41.81936602819321,3.070543259382248,worst_uncertainty_stratified_mhz
10128,270.0,9,26.616921301558424,-26.616921301558424,26.616921301558424,0.009190251751827224,0.01650669783648735,0.025696949588314574,21.808996850055202,13.63134549908375,0.0,0.08879520233852745,0.7827911376953125,42.657612157738036,6.618025004863739,worst_uncertainty_stratified_mhz
10859,270.0,9,25.726480692110343,-25.726480692110343,25.726480692110343,0.09157599254375404,0.05566207703057719,0.14723806957433122,19.932266289727828,15.99805715525034,0.0,0.4737322995805604,2.3490662574768066,36.568001722817726,3.610654443502426,worst_uncertainty_stratified_mhz
10205,270.0,9,25.335220010849188,-25.335220010849188,25.335220010849188,0.0020680655749397247,0.013751217580367065,0.015819283155306788,19.52719850499252,16.48608852606561,0.0,0.059793584752735995,0.6603078842163086,38.27450195626326,2.76975017786026,worst_uncertainty_stratified_mhz
10570,270.0,9,25.27427418166918,-25.27427418166918,25.27427418166918,0.0023066341056163626,0.00814246443093926,0.010449098536555623,19.477864935408473,16.48467906486375,0.0,0.031655069222949805,0.6179177761077881,38.27450195626326,2.7250572443008423,worst_uncertainty_stratified_mhz
10321,280.0,9,29.22633025573142,-29.22633025573142,29.22633025573142,0.004202856568742436,0.005588458638796459,0.009791315207538894,22.380577603582132,19.48407241179287,0.0,0.024014799113905916,0.5175375938415527,44.1955880150949,2.342875510454178,worst_uncertainty_stratified_mhz
9944,280.0,9,29.172462822937277,-29.172462822937277,29.172462822937277,0.0013746994857935502,0.002461516317367379,0.003836215803160929,22.265290503894363,19.690326687319224,0.0,0.00958674540849791,0.31581950187683105,44.1955880150949,2.088250920176506,worst_uncertainty_stratified_mhz
10824,280.0,9,27.91688725795835,-27.91688725795835,27.91688725795835,0.013541096980889943,0.035959397210801144,0.049500494191691086,22.178356310788764,16.1906614327862,0.0,0.1903486653382025,1.183821201324463,42.79219408957666,4.891369640827179,worst_uncertainty_stratified_mhz
10165,280.0,9,27.396556432755823,-27.396556432755823,27.396556432755823,0.029051066422884877,0.06664876400483108,0.09569983042771596,22.551030747977304,13.51900313238251,0.0,0.27762390399463754,1.7546195983886719,42.79219408957666,7.247693181037903,worst_uncertainty_stratified_mhz
9895,280.0,9,27.211012443096283,-27.211012443096283,27.211012443096283,0.02544828845989563,0.014540920269486224,0.03998920872938186,21.130857462950797,17.16591250951389,0.0,0.19276071748251056,1.4497556686401367,40.426437822296435,3.4197396636009216,worst_uncertainty_stratified_mhz
9887,280.0,9,25.389214476201396,-25.389214476201396,25.389214476201396,0.0006267202146169809,0.005388601858531475,0.006015322073148456,19.442766486441617,16.919264500286562,0.0,0.030892114297535578,0.5492467880249023,38.27450195626326,2.3509986102581024,worst_uncertainty_stratified_mhz
9991,300.0,9,30.016483415602856,-30.016483415602856,30.016483415602856,0.008897377347142422,0.02076014020596677,0.02965751755310919,23.239984474018993,19.14009176180022,0.0,0.4080676224031654,2.4140143394470215,43.24981936378463,3.340362697839737,worst_uncertainty_stratified_mhz
10172,300.0,9,29.31900654057155,-29.31900654057155,29.31900654057155,0.001634949723929395,0.002612650810675519,0.004247600534604914,22.2682107910428,20.09590884013427,0.0,0.009046446485921456,0.32274067401885986,44.1955880150949,1.8319030553102493,worst_uncertainty_stratified_mhz
10375,300.0,9,29.13247524864584,-29.13247524864584,29.13247524864584,0.002559664603955972,0.003288601166229348,0.00584826577018532,22.285176763812046,19.509571541086963,0.0,0.014985619576363796,0.34479427337646484,44.1955880150949,2.3361466825008392,worst_uncertainty_stratified_mhz
10885,300.0,9,28.52999945149763,-28.52999945149763,28.52999945149763,0.008477685698818039,0.031009496269483485,0.039487181968301525,22.35041846649549,17.43684653007202,0.0,0.3810596744203272,1.747189998626709,42.191527585523616,4.14880046248436,worst_uncertainty_stratified_mhz
10247,300.0,9,28.33099464603051,-28.33099464603051,28.33099464603051,0.007426604854913781,0.015004510145758711,0.02243111500067249,22.509209547962524,16.499544373927606,0.0,0.24099259960973995,1.7442398071289062,42.79219408957666,5.006536483764648,worst_uncertainty_stratified_mhz
10760,300.0,9,28.202703762838468,-28.202703762838468,28.202703762838468,0.029420954047087108,0.02769078952891637,0.057111743576003474,22.32639142235981,16.5146953618442,0.0,0.5890593645319164,1.9635586738586426,41.51110544179714,4.912676990032196,worst_uncertainty_stratified_mhz
11791,120.0,10,22.317027518556117,-22.317027518556117,22.317027518556117,0.0007642619497900876,0.011898594340655436,0.012662856290445524,19.827925886795395,7.028194979540451,0.0,0.13436449339582168,1.1126208305358887,38.27450195626326,5.530263185501099,worst_uncertainty_stratified_mhz
12486,120.0,10,22.062845481022528,-22.062845481022528,22.062845481022528,0.0009522433684429256,0.003562770958605934,0.00451501432704886,18.549031026088592,9.995877811203052,0.0,0.028819971920540866,0.5021288394927979,36.538293268843304,3.950874924659729,worst_uncertainty_stratified_mhz
12202,120.0,10,18.830530040759243,-18.830530040759243,18.830530040759243,0.0012664789665133515,0.003944952170804338,0.00521143113731769,16.07833554515946,7.820837452001045,0.0,0.029085896111610055,0.5984992980957031,31.5,4.400068283081055,worst_uncertainty_stratified_mhz
12773,150.0,10,26.95904242722507,-26.95904242722507,26.95904242722507,0.8135874222813482,1.0662632963127994,1.8798507185941475,25.039017728648457,0.0,0.0,14.798956731146461,14.196462631225586,6.283659363778403,23.939258813858032,worst_uncertainty_stratified_mhz
12253,150.0,10,26.301712111917688,-26.301712111917688,26.301712111917688,0.019123899970249054,0.03370591560136594,0.052829815571614994,23.064947772055888,9.045511053014797,0.0,0.21459887101478614,1.5051097869873047,44.1955880150949,6.431981444358826,worst_uncertainty_stratified_mhz
11403,150.0,10,25.217052546394747,-25.217052546394747,25.217052546394747,0.03141107454506159,0.11753015900319953,0.1489412335482611,23.22434410403688,5.153368839722002,0.0,1.744392644490457,4.68540096282959,38.27450195626326,8.236571967601776,worst_uncertainty_stratified_mhz
11341,150.0,10,22.75476957760852,-22.75476957760852,22.75476957760852,0.0110927445645076,0.034636244396539576,0.04572898896104718,20.288152118526405,6.865172108829163,0.0,0.2561271802812506,1.7895479202270508,38.27450195626326,6.998611509799957,worst_uncertainty_stratified_mhz
11607,155.0,10,26.506459392772985,-26.506459392772985,26.506459392772985,0.17651295564636105,0.4544004941802136,0.6309134498265747,25.841108993847335,0.0,0.0,4.117396967507318,5.940133094787598,37.50729095789244,14.730812788009644,worst_uncertainty_stratified_mhz
11309,155.0,10,26.01861814895885,-26.01861814895885,26.01861814895885,0.00831608559504645,0.02834917479229752,0.03666526038734397,22.970199895216737,8.557203957526788,0.0,0.2112671147048104,1.322277545928955,44.1955880150949,6.867810010910034,worst_uncertainty_stratified_mhz
12298,155.0,10,25.71553545090835,-25.71553545090835,25.71553545090835,0.024232801610142903,0.027643221530956743,0.051876023141099646,22.809783871688097,8.112552315470742,0.0,0.16698311212648775,1.0900135040283203,44.1955880150949,7.05407989025116,worst_uncertainty_stratified_mhz
12726,155.0,10,25.423007129749006,-25.423007129749006,25.423007129749006,0.015982735142403042,0.007077633929028991,0.02306036907143203,21.843324283415917,10.133971434063392,0.0,0.052165507289085866,0.790123462677002,42.79219408957666,5.866896331310272,worst_uncertainty_stratified_mhz
12076,155.0,10,24.399003359414774,-24.399003359414774,24.399003359414774,0.010372092946029051,0.015909341792845425,0.026281434738874475,20.98070196239436,9.651916005271246,0.0,0.10724576141418751,1.1867718696594238,40.56014053230092,5.911536276340485,worst_uncertainty_stratified_mhz
12104,155.0,10,23.544718963342422,-23.544718963342422,23.544718963342422,0.014143791098817061,0.02414706615072834,0.0382908572495454,19.978060707401337,10.022066041655119,0.0,0.20352258937712975,1.2745742797851562,38.27450195626326,5.463192343711853,worst_uncertainty_stratified_mhz
12468,155.0,10,23.243220325074574,-23.243220325074574,23.243220325074574,0.0333826976951364,0.040367939241339724,0.07375063693647613,20.591971967125144,7.300697733404012,0.0,0.3963949830578457,2.116652011871338,38.27450195626326,7.073029637336731,worst_uncertainty_stratified_mhz
11224,155.0,10,23.099599766701015,-23.099599766701015,23.099599766701015,0.004516250376218724,0.023196282800293396,0.027712533176512122,19.958394957293503,8.851147961542198,0.0,0.1443978491722504,1.353492259979248,38.27450195626326,6.09341299533844,worst_uncertainty_stratified_mhz
11689,170.0,10,43.94001310275993,-43.94001310275993,43.94001310275993,0.4716228329905397,2.4894409515857445,2.961063784576284,40.913890919417476,0.0,0.0,19.788249860398864,14.361151695251465,27.890130422785763,17.093867421150208,worst_uncertainty_stratified_mhz
12035,170.0,10,28.111547191324142,-28.111547191324142,28.111547191324142,0.24744627398750915,0.21876146501118618,0.46620773899869533,25.335526391623358,6.45548468285694,0.0,3.2774499320769337,5.84165096282959,38.27450195626326,8.981196403503418,worst_uncertainty_stratified_mhz
12762,170.0,10,27.638879210910282,-27.638879210910282,27.638879210910282,0.23250112229888187,0.26842279907889405,0.5009239213777759,25.438979275536123,4.736317916769452,0.0,2.610213921952802,5.097390174865723,40.56014053230092,9.788111627101898,worst_uncertainty_stratified_mhz
12243,180.0,10,41.038724270346684,-41.038724270346684,41.038724270346684,0.21731280929026564,1.1247008702900632,1.3420136795803288,34.812250064034075,13.568482579452274,0.0,18.32033378988558,12.14854097366333,20.83529157463365,7.897583961486816,worst_uncertainty_stratified_mhz
11455,180.0,10,39.716239860293776,-39.716239860293776,39.716239860293776,0.31099935236424336,1.488472626822693,1.7994719791869365,37.84141551900093,0.0,0.0,17.890401034675044,15.413830280303955,24.488198688347822,14.033085644245148,worst_uncertainty_stratified_mhz
12565,180.0,10,36.2748175955376,-36.2748175955376,36.2748175955376,1.2477375838025935,0.40526838990018565,1.6530059737027791,27.9520416949736,18.77802298403616,0.0,3.27112114247376,5.166253089904785,44.1955880150949,4.63931143283844,worst_uncertainty_stratified_mhz
12328,180.0,10,34.855088533737344,-34.855088533737344,34.855088533737344,0.3604152569874781,0.7478754022915844,1.1082906592790627,33.70400082648791,0.0,0.0,8.296316931224268,9.58374309539795,41.23162469512935,16.825534224510193,worst_uncertainty_stratified_mhz
11499,200.0,10,29.99129451460751,-29.99129451460751,29.99129451460751,0.05665738555230727,0.11238370824900476,0.16904109380131202,24.068406292835974,16.23275227195974,0.0,1.7624064564874544,4.051859140396118,40.56014053230092,4.58512806892395,worst_uncertainty_stratified_mhz
12029,200.0,10,29.270427333301136,-29.270427333301136,29.270427333301136,0.03865927646424248,0.0608283021103596,0.09948757857460208,23.432516322682385,16.256382853222465,0.0,0.6968959624643674,2.679046630859375,42.79219408957666,4.286366105079651,worst_uncertainty_stratified_mhz
11444,200.0,10,28.968432545282464,-28.968432545282464,28.968432545282464,0.06171834978166654,0.03952814969985861,0.10124649948152514,23.008768836402577,16.61210965046403,0.0,0.4747659555088992,2.2758116722106934,42.79219408957666,3.8991107046604156,worst_uncertainty_stratified_mhz
12494,200.0,10,28.491270117848263,-28.491270117848263,28.491270117848263,0.008444437494002198,0.03368847183205845,0.04213290932606065,22.487534046920405,16.899133957836167,0.0,0.4239640379362575,2.1934125423431396,41.933727475625155,3.4703522622585297,worst_uncertainty_stratified_mhz
11506,200.0,10,28.30855282528032,-28.30855282528032,28.30855282528032,0.06633486445677363,0.020651152386268745,0.08698601684304237,22.31224299551185,16.792090923999986,0.0,0.19833591597162492,1.4356200695037842,42.79219408957666,3.469317525625229,worst_uncertainty_stratified_mhz
12061,200.0,10,28.24648667822319,-28.24648667822319,28.24648667822319,0.014854393987065334,0.023254770338980237,0.03810916432604557,22.105294920119345,17.35714997469502,0.0,0.11328136570271852,1.1918330192565918,42.79219408957666,2.996543288230896,worst_uncertainty_stratified_mhz
12124,200.0,10,27.890520994037967,-27.890520994037967,27.890520994037967,0.01774051893511637,0.08499671281188344,0.10273723174699981,23.212508591033277,12.980232446580034,0.0,0.622684529795972,2.387454032897949,42.79219408957666,6.127757966518402,worst_uncertainty_stratified_mhz
11279,200.0,10,27.650038278222482,-27.650038278222482,27.650038278222482,0.05192789044766771,0.12420286058548861,0.17613075103315634,22.627980426860944,13.6851475496166,0.0,1.5461694467559255,3.9383440017700195,38.22527795844002,5.538710355758667,worst_uncertainty_stratified_mhz
12508,230.0,10,28.45109491126054,-28.45109491126054,28.45109491126054,0.00437616363684933,0.006754028617696294,0.011130192254545625,22.213991358219516,17.73895746117696,0.0,0.04779981010787182,0.8440585136413574,43.48832458258193,3.1524474024772644,worst_uncertainty_stratified_mhz
11846,230.0,10,27.742597904160252,-27.742597904160252,27.742597904160252,0.002167189730745659,0.0025129284844302153,0.004680118215175874,21.52001080238868,17.74620596101732,0.0,0.00543724755243602,0.2369530200958252,42.79219408957666,2.737149953842163,worst_uncertainty_stratified_mhz
11522,230.0,10,27.56684949179983,-27.56684949179983,27.56684949179983,0.026421102189775402,0.02329022190763092,0.04971132409740632,21.906453169379482,15.982414634024769,0.0,0.08175580448324737,0.8070237636566162,42.84237096613585,4.244831025600433,worst_uncertainty_stratified_mhz
12743,230.0,10,27.195987923091966,-27.195987923091966,27.195987923091966,0.022164367061457465,0.06838192498026621,0.09054629204172368,22.440745380705508,13.251572865105246,0.0,0.4687029529362654,2.01035737991333,41.933727475625155,6.4233404994010925,worst_uncertainty_stratified_mhz
11456,230.0,10,27.079379275099278,-27.079379275099278,27.079379275099278,0.03920474905333118,0.018037515772111355,0.057242264825442535,22.026474213002736,14.229323708204989,0.0,0.11664616540678807,1.0274620056152344,42.79219408957666,5.544579803943634,worst_uncertainty_stratified_mhz
12388,230.0,10,26.569377831508127,-26.569377831508127,26.569377831508127,0.0035479871738559516,0.0031018877409055455,0.0066498749147614975,20.67929147166213,16.786195848430168,0.0,0.009455606002865657,0.30767202377319336,41.03199970754533,2.9402718245983124,worst_uncertainty_stratified_mhz
12315,230.0,10,26.411010940068753,-26.411010940068753,26.411010940068753,0.001324553673489814,0.0025292248570783415,0.003853778530568156,20.50047685357056,16.842200407472035,0.0,0.017644460497492354,0.40552425384521484,40.56014053230092,2.7882159650325775,worst_uncertainty_stratified_mhz
11734,230.0,10,26.386735860882183,-26.386735860882183,26.386735860882183,0.015736322781303356,0.02941162878911062,0.04514795157041397,21.01266019252408,15.160362747977453,0.0,0.15903481448854873,1.1471102237701416,40.56014053230092,4.372571140527725,worst_uncertainty_stratified_mhz
12485,250.0,10,28.95076559487076,-28.95076559487076,28.95076559487076,0.008710498134112185,0.026809856794944922,0.035520354929057106,22.581262409504788,18.00670603650462,0.0,0.18591117356478915,1.1753740310668945,43.6153284408131,3.407336801290512,worst_uncertainty_stratified_mhz
12587,250.0,10,28.54769784253623,-28.54769784253623,28.54769784253623,0.0037162777926338483,0.014023551973823439,0.01773982976645729,22.068197082513674,18.376382240921338,0.0,0.11400708595074605,1.1161859035491943,42.79219408957666,2.8112008571624756,worst_uncertainty_stratified_mhz
12473,250.0,10,28.069409513502283,-28.069409513502283,28.069409513502283,0.0031283801130255764,0.004300666103805133,0.0074290462168307096,21.509783312026794,18.699285632481025,0.0,0.004226032596434948,0.21892046928405762,42.79219408957666,2.182299494743347,worst_uncertainty_stratified_mhz
12156,250.0,10,28.031878987878372,-28.031878987878372,28.031878987878372,0.012486768481151834,0.05816227736516643,0.07064904584631826,22.70011188885462,14.970774231088509,0.0,0.23732238313189313,1.4372544288635254,43.48832458258193,5.705202162265778,worst_uncertainty_stratified_mhz
12405,250.0,10,27.947133600483312,-27.947133600483312,27.947133600483312,0.008508596165454232,0.007714998222876475,0.01622359438833071,21.73029707496773,17.671568213454503,0.0,0.03785038551844977,0.5926992893218994,42.79219408957666,3.1250168681144714,worst_uncertainty_stratified_mhz
11615,250.0,10,27.898072290439256,-27.898072290439256,27.898072290439256,0.003660142701960925,0.005273450500034946,0.008933593201995872,21.630591255626495,17.84397039101807,0.0,0.02369022524246045,0.42160797119140625,42.79219408957666,2.924429565668106,worst_uncertainty_stratified_mhz
11249,250.0,10,27.876148633355324,-27.876148633355324,27.876148633355324,0.008965436479336371,0.014773754109229572,0.023739190588565943,22.273591808961765,15.873233373507032,0.0,0.19836468681137376,1.358260154724121,42.79219408957666,4.802277326583862,worst_uncertainty_stratified_mhz
11704,250.0,10,27.862907303120245,-27.862907303120245,27.862907303120245,0.016946466541872356,0.02523944553200594,0.0421859120738783,21.651213301583642,17.489417998192565,0.0,0.3932044435778286,2.0901596546173096,40.425858061394315,3.2515913546085358,worst_uncertainty_stratified_mhz
12203,250.0,10,27.82654124025973,-27.82654124025973,27.82654124025973,0.014364605998944653,0.022228388973114372,0.03659299497205903,22.369639703447174,15.420816683968352,0.0,0.2288731552657417,1.6700983047485352,42.61143479161433,5.194947183132172,worst_uncertainty_stratified_mhz
11424,250.0,10,27.7686606452899,-27.7686606452899,27.7686606452899,0.012080702115169898,0.024882308618108646,0.036963010733278547,21.785882902223303,16.94709238217738,0.0,0.04555615925382028,0.6884593963623047,42.79219408957666,3.7230141162872314,worst_uncertainty_stratified_mhz
11726,250.0,10,27.677877854808045,-27.677877854808045,27.677877854808045,0.026510687653086604,0.027063806803761196,0.053574494456847796,21.673625408748727,16.97309130232189,0.0,0.021653968589912864,0.5117487907409668,42.79219408957666,3.6438425183296204,worst_uncertainty_stratified_mhz
12222,250.0,10,27.550823609224565,-27.550823609224565,27.550823609224565,0.0198084218502145,0.022372345122923864,0.04218076697313836,21.397296162011717,17.34615911208351,0.0,0.2645510239834685,1.633183240890503,40.632307035165994,3.199381411075592,worst_uncertainty_stratified_mhz
12022,265.0,10,28.433852319607645,-28.433852319607645,28.433852319607645,0.5609937796723529,0.6931703932769223,1.2541641729492752,23.85180462541028,9.337711668677143,0.0,6.797355165066847,6.829098701477051,27.279800219209818,10.920660018920898,worst_uncertainty_stratified_mhz
12090,265.0,10,28.42510651190562,-28.42510651190562,28.42510651190562,0.3463693493962378,0.36152940233634207,0.7078987517325799,24.89268510087724,7.996363290953652,0.0,1.519162957669721,3.954850196838379,42.79219408957666,11.945328950881958,worst_uncertainty_stratified_mhz
12103,265.0,10,28.152305753871772,-28.152305753871772,28.152305753871772,0.29957949812697754,0.3623514874979353,0.6619309856249128,26.34527676003114,3.180114366682706,0.0,3.8599154957198465,6.0382890701293945,38.93243345849319,15.32119905948639,worst_uncertainty_stratified_mhz
12368,265.0,10,27.8073943841462,-27.8073943841462,27.8073943841462,0.41647057081397865,0.5333757219224827,0.9498462927364614,23.727836529316836,8.860929270276277,0.0,1.5987783454913824,4.396049499511719,39.86206686813919,11.135893821716309,worst_uncertainty_stratified_mhz
12472,265.0,10,27.786133445208232,-27.786133445208232,27.786133445208232,0.19482797862222434,0.3286870080328662,0.5235149866550906,24.125352790729874,8.897745442753012,0.0,1.048079083496475,3.3623533248901367,42.79219408957666,11.101364850997925,worst_uncertainty_stratified_mhz
12312,265.0,10,27.589117937842623,-27.589117937842623,27.589117937842623,0.4551863961662104,0.2055924050548258,0.6607788012210363,24.620203251280167,6.5156828590417675,0.0,2.0329663787472185,4.542166709899902,40.632307035165994,12.89314615726471,worst_uncertainty_stratified_mhz
12534,265.0,10,27.117182668551948,-27.117182668551948,27.117182668551948,0.7624841036940301,0.45785369710944185,1.220337800803472,23.651967165421514,6.266258011915336,0.0,7.221663195736355,6.81767463684082,26.042933302529498,12.997922778129578,worst_uncertainty_stratified_mhz
11557,265.0,10,27.093891239301353,-27.093891239301353,27.093891239301353,0.10259451616620698,0.21999134509002313,0.3225858612562301,25.2683019581056,4.213888557263768,0.0,2.6669763748015924,4.898533821105957,40.30411734550206,14.507349610328674,worst_uncertainty_stratified_mhz
12341,265.0,10,26.868330174648897,-26.868330174648897,26.868330174648897,0.524376161983681,0.4475834800551806,0.9719596420388616,23.80331372506807,5.884544196715995,0.0,3.1435990383060783,4.884770393371582,36.4346589801524,13.244799256324768,worst_uncertainty_stratified_mhz
11525,265.0,10,26.8378109424954,-26.8378109424954,26.8378109424954,0.559364707636462,0.29989031811639905,0.8592550257528611,22.802865035738566,9.038592323322032,0.0,0.27365759750546204,1.5700902938842773,43.48832458258193,10.734189987182617,worst_uncertainty_stratified_mhz
12085,265.0,10,26.48606664044243,-26.48606664044243,26.48606664044243,0.030512441334902284,0.3589889536655407,0.38950139500044295,24.704404121563744,3.8905714903460775,0.0,3.19699183082831,5.37010383605957,37.6447207454113,14.674562335014343,worst_uncertainty_stratified_mhz
11625,270.0,10,29.001754716769206,-29.001754716769206,29.001754716769206,0.004191313193748333,0.010858192004391412,0.015049505198139745,22.324186983592668,18.96290576190794,0.0,0.07457015204901651,1.010909080505371,43.48832458258193,2.6770822405815125,worst_uncertainty_stratified_mhz
12264,270.0,10,28.49600754287927,-28.49600754287927,28.49600754287927,0.01482627355525141,0.013171139044405061,0.02799741259965647,22.044408856144514,18.3096411892421,0.0,0.033619372356294974,0.5332543849945068,43.48832458258193,3.0104021430015564,worst_uncertainty_stratified_mhz
11213,270.0,10,28.287937066755173,-28.287937066755173,28.287937066755173,0.016094727436031627,0.023116930937902597,0.03921165837393423,22.625369825005382,16.00607999579383,0.0,0.19362241828167726,1.3751702308654785,43.48832458258193,5.182236671447754,worst_uncertainty_stratified_mhz
11415,270.0,10,28.215348166217787,-28.215348166217787,28.215348166217787,0.005785620758297186,0.005011941716898997,0.010797562475196185,21.59054540291239,18.864921855445896,0.0,0.010197288101476687,0.368502140045166,42.79219408957666,2.2375617623329163,worst_uncertainty_stratified_mhz
12131,270.0,10,27.662863318992592,-27.662863318992592,27.662863318992592,0.012179115915884565,0.029763847834429254,0.04194296375031382,21.45275723224487,17.487665766560845,0.0,0.39579204802755896,2.0017828941345215,40.1121474743001,3.312545657157898,worst_uncertainty_stratified_mhz
11775,270.0,10,27.089611387392317,-27.089611387392317,27.089611387392317,0.016508344776913857,0.013577460417077278,0.030085805193991136,21.052775030952922,17.081407602169193,0.0,0.14419497490251754,1.1848530769348145,40.632307035165994,3.3595053255558014,worst_uncertainty_stratified_mhz
11389,270.0,10,26.715157472090272,-26.715157472090272,26.715157472090272,0.015277843682578361,0.038842418589232375,0.054120262271810736,21.666001344297438,14.210406351354425,0.0,0.2721780050732576,1.8252019882202148,40.962444690228146,6.096516966819763,worst_uncertainty_stratified_mhz
11536,280.0,10,29.404910960431,-29.404910960431,29.404910960431,0.0033717555366938926,0.01883445363674814,0.022206209173442033,23.03053160936409,18.06643208753366,0.0,0.20383347374199356,1.457808256149292,44.1955880150949,3.9025706350803375,worst_uncertainty_stratified_mhz
12644,280.0,10,29.244525757227077,-29.244525757227077,29.244525757227077,0.002494522418987986,0.0032133490758491294,0.0057078714948371155,22.220397834412253,20.018064916003517,0.0,0.007528596266355825,0.23015046119689941,44.1955880150949,1.7931121736764908,worst_uncertainty_stratified_mhz
12270,280.0,10,28.207590635523616,-28.207590635523616,28.207590635523616,0.016597102788540045,0.023120334655743882,0.03971743744428392,22.042727958451522,17.415114496160808,0.0,0.20759693860732042,1.398817777633667,42.271444262054736,3.8153201937675476,worst_uncertainty_stratified_mhz
12348,280.0,10,28.10640735932854,-28.10640735932854,28.10640735932854,0.002490718580287135,0.006312396354478942,0.008803114934766078,21.698358638084354,18.240696578626036,0.0,0.029838683559390233,0.5448458194732666,42.79219408957666,2.8786333799362183,worst_uncertainty_stratified_mhz
11535,280.0,10,25.345199595531135,-25.345199595531135,25.345199595531135,0.006102917421085127,0.008975284699667952,0.01507820212075308,19.32192051244858,17.132175947290943,0.0,0.009657303443844079,0.3500244617462158,38.27450195626326,2.0577333867549896,worst_uncertainty_stratified_mhz
11445,280.0,10,25.176706787800573,-25.176706787800573,25.176706787800573,0.003891685168768136,0.009590468376636522,0.013482153545404657,19.45699719837697,16.255833521506375,0.0,0.03951200260160359,0.5604684352874756,38.27450195626326,2.978242188692093,worst_uncertainty_stratified_mhz
11868,300.0,10,28.758277019809857,-28.758277019809857,28.758277019809857,0.005972588307684102,0.005377411991347725,0.011350000299031826,22.422960442905275,18.02590065212383,0.0,0.047952317103294284,0.6423709392547607,44.1076453123492,3.6738315522670746,worst_uncertainty_stratified_mhz
12019,300.0,10,28.505528364536058,-28.505528364536058,28.505528364536058,0.008398384967774309,0.006688732068103252,0.015087117035877562,21.919272936406895,18.748614069959494,0.0,0.009879417241172028,0.3304624557495117,43.48832458258193,2.7147126495838165,worst_uncertainty_stratified_mhz
12210,300.0,10,28.46742300631758,-28.46742300631758,28.46742300631758,0.008252933581240738,0.005405737691423236,0.013658671272663975,21.992761183860726,18.428416481513196,0.0,0.01807161080859032,0.46105456352233887,43.48832458258193,3.0393877029418945,worst_uncertainty_stratified_mhz
12331,300.0,10,28.298462765345523,-28.298462765345523,28.298462765345523,0.0038041885760329657,0.0023811711176407245,0.00618535969367369,21.63031868162158,18.994642519499617,0.0,0.016016900123656086,0.43640947341918945,42.79219408957666,2.287106692790985,worst_uncertainty_stratified_mhz
12569,300.0,10,28.119358587915045,-28.119358587915045,28.119358587915045,0.0018396717539000886,0.011829024922464156,0.013668696676364245,21.850835598396344,17.78985398674831,0.0,0.15764321205977794,1.266948938369751,42.11943583430338,3.4944334626197815,worst_uncertainty_stratified_mhz
11813,300.0,10,27.437181000952577,-27.437181000952577,27.437181000952577,0.0039179673163368635,0.014297468913435418,0.018215436229772283,21.970694491553598,15.528113879421136,0.0,0.08688291772779166,0.9754290580749512,42.79219408957666,5.486455917358398,worst_uncertainty_stratified_mhz
